2025-08-28 08:08:45.263 [background-preinit] INFO  o.h.validator.internal.util.Version - HV000001: Hibernate Validator 8.0.2.Final
2025-08-28 08:08:45.418 [restartedMain] INFO  c.dailybrief.DailybriefApplication - Starting DailybriefApplication using Java 21.0.6 with PID 4412 (C:\Xandão\SpringBoot\dailybrief\target\classes started by plata in C:\Xandão\SpringBoot\dailybrief)
2025-08-28 08:08:45.419 [restartedMain] DEBUG c.dailybrief.DailybriefApplication - Running with Spring Boot v3.4.5, Spring v6.2.6
2025-08-28 08:08:45.420 [restartedMain] INFO  c.dailybrief.DailybriefApplication - The following 1 profile is active: "dev"
2025-08-28 08:08:45.421 [restartedMain] DEBUG o.s.boot.SpringApplication - Loading source class com.dailybrief.DailybriefApplication
2025-08-28 08:08:45.546 [restartedMain] DEBUG o.s.b.d.restart.ChangeableUrls - Matching URLs for reloading : [file:/C:/Xandão/SpringBoot/dailybrief/target/classes/]
2025-08-28 08:08:45.546 [restartedMain] DEBUG o.s.b.d.settings.DevToolsSettings - Included patterns for restart : []
2025-08-28 08:08:45.546 [restartedMain] DEBUG o.s.b.d.settings.DevToolsSettings - Excluded patterns for restart : [/spring-boot-starter-[\w-]+/, /spring-boot/(bin|build|out)/, /spring-boot-starter/(bin|build|out)/, /spring-boot-devtools/(bin|build|out)/, /spring-boot-actuator/(bin|build|out)/, /spring-boot-autoconfigure/(bin|build|out)/]
2025-08-28 08:08:45.546 [restartedMain] INFO  o.s.b.d.e.DevToolsPropertyDefaultsPostProcessor - Devtools property defaults active! Set 'spring.devtools.add-properties' to 'false' to disable
2025-08-28 08:08:45.546 [restartedMain] INFO  o.s.b.d.e.DevToolsPropertyDefaultsPostProcessor - For additional web related logging consider setting the 'logging.level.web' property to 'DEBUG'
2025-08-28 08:08:45.547 [restartedMain] DEBUG o.s.b.w.s.c.AnnotationConfigServletWebServerApplicationContext - Refreshing org.springframework.boot.web.servlet.context.AnnotationConfigServletWebServerApplicationContext@a3f2afd
2025-08-28 08:08:45.594 [restartedMain] DEBUG o.s.b.f.s.DefaultListableBeanFactory - Creating shared instance of singleton bean 'org.springframework.context.annotation.internalConfigurationAnnotationProcessor'
2025-08-28 08:08:45.634 [restartedMain] DEBUG o.s.b.f.s.DefaultListableBeanFactory - Creating shared instance of singleton bean 'org.springframework.boot.autoconfigure.internalCachingMetadataReaderFactory'
2025-08-28 08:08:45.783 [restartedMain] DEBUG o.s.c.a.ClassPathBeanDefinitionScanner - Identified candidate component class: file [C:\Xandão\SpringBoot\dailybrief\target\classes\com\dailybrief\config\ApplicationConfig.class]
2025-08-28 08:08:45.803 [restartedMain] DEBUG o.s.c.a.ClassPathBeanDefinitionScanner - Identified candidate component class: file [C:\Xandão\SpringBoot\dailybrief\target\classes\com\dailybrief\config\JwtAuthenticationFilter.class]
2025-08-28 08:08:45.821 [restartedMain] DEBUG o.s.c.a.ClassPathBeanDefinitionScanner - Identified candidate component class: file [C:\Xandão\SpringBoot\dailybrief\target\classes\com\dailybrief\config\JwtTokenProvider.class]
2025-08-28 08:08:45.844 [restartedMain] DEBUG o.s.c.a.ClassPathBeanDefinitionScanner - Identified candidate component class: file [C:\Xandão\SpringBoot\dailybrief\target\classes\com\dailybrief\config\LocaleConfig.class]
2025-08-28 08:08:45.890 [restartedMain] DEBUG o.s.c.a.ClassPathBeanDefinitionScanner - Identified candidate component class: file [C:\Xandão\SpringBoot\dailybrief\target\classes\com\dailybrief\config\SecurityConfig.class]
2025-08-28 08:08:45.910 [restartedMain] DEBUG o.s.c.a.ClassPathBeanDefinitionScanner - Identified candidate component class: file [C:\Xandão\SpringBoot\dailybrief\target\classes\com\dailybrief\config\SwaggerConfig.class]
2025-08-28 08:08:46.010 [restartedMain] DEBUG o.s.c.a.ClassPathBeanDefinitionScanner - Identified candidate component class: file [C:\Xandão\SpringBoot\dailybrief\target\classes\com\dailybrief\controller\AdminController.class]
2025-08-28 08:08:46.026 [restartedMain] DEBUG o.s.c.a.ClassPathBeanDefinitionScanner - Identified candidate component class: file [C:\Xandão\SpringBoot\dailybrief\target\classes\com\dailybrief\controller\AuthController.class]
2025-08-28 08:08:46.047 [restartedMain] DEBUG o.s.c.a.ClassPathBeanDefinitionScanner - Identified candidate component class: file [C:\Xandão\SpringBoot\dailybrief\target\classes\com\dailybrief\controller\AutomationController.class]
2025-08-28 08:08:46.064 [restartedMain] DEBUG o.s.c.a.ClassPathBeanDefinitionScanner - Identified candidate component class: file [C:\Xandão\SpringBoot\dailybrief\target\classes\com\dailybrief\controller\DashboardController.class]
2025-08-28 08:08:46.081 [restartedMain] DEBUG o.s.c.a.ClassPathBeanDefinitionScanner - Identified candidate component class: file [C:\Xandão\SpringBoot\dailybrief\target\classes\com\dailybrief\controller\LogController.class]
2025-08-28 08:08:46.102 [restartedMain] DEBUG o.s.c.a.ClassPathBeanDefinitionScanner - Identified candidate component class: file [C:\Xandão\SpringBoot\dailybrief\target\classes\com\dailybrief\controller\MaterialProcessController.class]
2025-08-28 08:08:46.125 [restartedMain] DEBUG o.s.c.a.ClassPathBeanDefinitionScanner - Identified candidate component class: file [C:\Xandão\SpringBoot\dailybrief\target\classes\com\dailybrief\controller\PostController.class]
2025-08-28 08:08:46.631 [restartedMain] DEBUG o.s.c.a.ClassPathBeanDefinitionScanner - Identified candidate component class: file [C:\Xandão\SpringBoot\dailybrief\target\classes\com\dailybrief\exception\GlobalExceptionHandler.class]
2025-08-28 08:08:46.670 [restartedMain] DEBUG o.s.c.a.ClassPathBeanDefinitionScanner - Identified candidate component class: file [C:\Xandão\SpringBoot\dailybrief\target\classes\com\dailybrief\mapper\AutomationMapperImpl.class]
2025-08-28 08:08:46.717 [restartedMain] DEBUG o.s.c.a.ClassPathBeanDefinitionScanner - Identified candidate component class: file [C:\Xandão\SpringBoot\dailybrief\target\classes\com\dailybrief\mapper\LogMapperImpl.class]
2025-08-28 08:08:46.749 [restartedMain] DEBUG o.s.c.a.ClassPathBeanDefinitionScanner - Identified candidate component class: file [C:\Xandão\SpringBoot\dailybrief\target\classes\com\dailybrief\mapper\MaterialProcessMapperImpl.class]
2025-08-28 08:08:46.769 [restartedMain] DEBUG o.s.c.a.ClassPathBeanDefinitionScanner - Identified candidate component class: file [C:\Xandão\SpringBoot\dailybrief\target\classes\com\dailybrief\mapper\PostMapper.class]
2025-08-28 08:08:46.801 [restartedMain] DEBUG o.s.c.a.ClassPathBeanDefinitionScanner - Identified candidate component class: file [C:\Xandão\SpringBoot\dailybrief\target\classes\com\dailybrief\mapper\TrendingTopicSuggestionMapperImpl.class]
2025-08-28 08:08:46.944 [restartedMain] DEBUG o.s.c.a.ClassPathBeanDefinitionScanner - Ignored because not a concrete top-level class: file [C:\Xandão\SpringBoot\dailybrief\target\classes\com\dailybrief\repository\MaterialProcessRepository.class]
2025-08-28 08:08:46.965 [restartedMain] DEBUG o.s.c.a.ClassPathBeanDefinitionScanner - Ignored because not a concrete top-level class: file [C:\Xandão\SpringBoot\dailybrief\target\classes\com\dailybrief\repository\PostRepository.class]
2025-08-28 08:08:46.978 [restartedMain] DEBUG o.s.c.a.ClassPathBeanDefinitionScanner - Ignored because not a concrete top-level class: file [C:\Xandão\SpringBoot\dailybrief\target\classes\com\dailybrief\repository\TrendingTopicSuggestionRepository.class]
2025-08-28 08:08:47.045 [restartedMain] DEBUG o.s.c.a.ClassPathBeanDefinitionScanner - Identified candidate component class: file [C:\Xandão\SpringBoot\dailybrief\target\classes\com\dailybrief\service\impl\AnalyticsServiceImpl.class]
2025-08-28 08:08:47.059 [restartedMain] DEBUG o.s.c.a.ClassPathBeanDefinitionScanner - Identified candidate component class: file [C:\Xandão\SpringBoot\dailybrief\target\classes\com\dailybrief\service\impl\AuthServiceImpl.class]
2025-08-28 08:08:47.086 [restartedMain] DEBUG o.s.c.a.ClassPathBeanDefinitionScanner - Identified candidate component class: file [C:\Xandão\SpringBoot\dailybrief\target\classes\com\dailybrief\service\impl\AutomationServiceImpl.class]
2025-08-28 08:08:47.105 [restartedMain] DEBUG o.s.c.a.ClassPathBeanDefinitionScanner - Identified candidate component class: file [C:\Xandão\SpringBoot\dailybrief\target\classes\com\dailybrief\service\impl\DashboardServiceImpl.class]
2025-08-28 08:08:47.123 [restartedMain] DEBUG o.s.c.a.ClassPathBeanDefinitionScanner - Identified candidate component class: file [C:\Xandão\SpringBoot\dailybrief\target\classes\com\dailybrief\service\impl\LogServiceImpl.class]
2025-08-28 08:08:47.186 [restartedMain] DEBUG o.s.c.a.ClassPathBeanDefinitionScanner - Identified candidate component class: file [C:\Xandão\SpringBoot\dailybrief\target\classes\com\dailybrief\service\impl\MaterialProcessServiceImpl.class]
2025-08-28 08:08:47.213 [restartedMain] DEBUG o.s.c.a.ClassPathBeanDefinitionScanner - Identified candidate component class: file [C:\Xandão\SpringBoot\dailybrief\target\classes\com\dailybrief\service\impl\PostServiceImpl.class]
2025-08-28 08:08:47.231 [restartedMain] DEBUG o.s.c.a.ClassPathBeanDefinitionScanner - Identified candidate component class: file [C:\Xandão\SpringBoot\dailybrief\target\classes\com\dailybrief\service\impl\UserServiceImpl.class]
2025-08-28 08:08:48.364 [restartedMain] INFO  o.s.d.r.c.RepositoryConfigurationDelegate - Bootstrapping Spring Data JPA repositories in DEFAULT mode.
2025-08-28 08:08:48.381 [restartedMain] DEBUG o.s.b.f.s.DefaultListableBeanFactory - Creating shared instance of singleton bean 'org.springframework.boot.autoconfigure.AutoConfigurationPackages'
2025-08-28 08:08:48.389 [restartedMain] DEBUG o.s.b.a.AutoConfigurationPackages - @EnableAutoConfiguration was declared on a class in the package 'com.dailybrief'. Automatic @Repository and @Entity scanning is enabled.
2025-08-28 08:08:48.390 [restartedMain] DEBUG o.s.d.r.c.RepositoryConfigurationDelegate - Scanning for JPA repositories in packages com.dailybrief.
2025-08-28 08:08:48.409 [restartedMain] DEBUG o.s.d.r.c.RepositoryComponentProvider - Identified candidate component class: file [C:\Xandão\SpringBoot\dailybrief\target\classes\com\dailybrief\repository\AutomationRepository.class]
2025-08-28 08:08:48.410 [restartedMain] DEBUG o.s.d.r.c.RepositoryComponentProvider - Identified candidate component class: file [C:\Xandão\SpringBoot\dailybrief\target\classes\com\dailybrief\repository\LogRepository.class]
2025-08-28 08:08:48.410 [restartedMain] DEBUG o.s.d.r.c.RepositoryComponentProvider - Identified candidate component class: file [C:\Xandão\SpringBoot\dailybrief\target\classes\com\dailybrief\repository\MaterialProcessRepository.class]
2025-08-28 08:08:48.410 [restartedMain] DEBUG o.s.d.r.c.RepositoryComponentProvider - Identified candidate component class: file [C:\Xandão\SpringBoot\dailybrief\target\classes\com\dailybrief\repository\PostRepository.class]
2025-08-28 08:08:48.410 [restartedMain] DEBUG o.s.d.r.c.RepositoryComponentProvider - Identified candidate component class: file [C:\Xandão\SpringBoot\dailybrief\target\classes\com\dailybrief\repository\TrendingTopicSuggestionRepository.class]
2025-08-28 08:08:48.410 [restartedMain] DEBUG o.s.d.r.c.RepositoryComponentProvider - Identified candidate component class: file [C:\Xandão\SpringBoot\dailybrief\target\classes\com\dailybrief\repository\UserRepository.class]
2025-08-28 08:08:48.602 [restartedMain] DEBUG o.s.c.a.ClassPathScanningCandidateComponentProvider - Identified candidate component class: file [C:\Xandão\SpringBoot\dailybrief\target\classes\com\dailybrief\mapper\AutomationMapperImpl.class]
2025-08-28 08:08:48.602 [restartedMain] DEBUG o.s.c.a.ClassPathScanningCandidateComponentProvider - Identified candidate component class: file [C:\Xandão\SpringBoot\dailybrief\target\classes\com\dailybrief\mapper\LogMapperImpl.class]
2025-08-28 08:08:48.602 [restartedMain] DEBUG o.s.c.a.ClassPathScanningCandidateComponentProvider - Identified candidate component class: file [C:\Xandão\SpringBoot\dailybrief\target\classes\com\dailybrief\mapper\MaterialProcessMapperImpl.class]
2025-08-28 08:08:48.602 [restartedMain] DEBUG o.s.c.a.ClassPathScanningCandidateComponentProvider - Identified candidate component class: file [C:\Xandão\SpringBoot\dailybrief\target\classes\com\dailybrief\mapper\TrendingTopicSuggestionMapperImpl.class]
2025-08-28 08:08:48.603 [restartedMain] DEBUG o.s.c.a.ClassPathScanningCandidateComponentProvider - Identified candidate component class: file [C:\Xandão\SpringBoot\dailybrief\target\classes\com\dailybrief\service\impl\AnalyticsServiceImpl.class]
2025-08-28 08:08:48.603 [restartedMain] DEBUG o.s.c.a.ClassPathScanningCandidateComponentProvider - Identified candidate component class: file [C:\Xandão\SpringBoot\dailybrief\target\classes\com\dailybrief\service\impl\AuthServiceImpl.class]
2025-08-28 08:08:48.603 [restartedMain] DEBUG o.s.c.a.ClassPathScanningCandidateComponentProvider - Identified candidate component class: file [C:\Xandão\SpringBoot\dailybrief\target\classes\com\dailybrief\service\impl\AutomationServiceImpl.class]
2025-08-28 08:08:48.603 [restartedMain] DEBUG o.s.c.a.ClassPathScanningCandidateComponentProvider - Identified candidate component class: file [C:\Xandão\SpringBoot\dailybrief\target\classes\com\dailybrief\service\impl\DashboardServiceImpl.class]
2025-08-28 08:08:48.603 [restartedMain] DEBUG o.s.c.a.ClassPathScanningCandidateComponentProvider - Identified candidate component class: file [C:\Xandão\SpringBoot\dailybrief\target\classes\com\dailybrief\service\impl\LogServiceImpl.class]
2025-08-28 08:08:48.603 [restartedMain] DEBUG o.s.c.a.ClassPathScanningCandidateComponentProvider - Identified candidate component class: file [C:\Xandão\SpringBoot\dailybrief\target\classes\com\dailybrief\service\impl\MaterialProcessServiceImpl.class]
2025-08-28 08:08:48.603 [restartedMain] DEBUG o.s.c.a.ClassPathScanningCandidateComponentProvider - Identified candidate component class: file [C:\Xandão\SpringBoot\dailybrief\target\classes\com\dailybrief\service\impl\PostServiceImpl.class]
2025-08-28 08:08:48.603 [restartedMain] DEBUG o.s.c.a.ClassPathScanningCandidateComponentProvider - Identified candidate component class: file [C:\Xandão\SpringBoot\dailybrief\target\classes\com\dailybrief\service\impl\UserServiceImpl.class]
2025-08-28 08:08:48.648 [restartedMain] INFO  o.s.d.r.c.RepositoryConfigurationDelegate - Finished Spring Data repository scanning in 254 ms. Found 6 JPA repository interfaces.
2025-08-28 08:08:48.918 [restartedMain] DEBUG o.s.b.f.s.DefaultListableBeanFactory - Creating shared instance of singleton bean 'springSecurityHandlerMappingIntrospectorBeanDefinitionRegistryPostProcessor'
2025-08-28 08:08:49.027 [restartedMain] DEBUG o.s.b.f.s.DefaultListableBeanFactory - Creating shared instance of singleton bean 'propertySourcesPlaceholderConfigurer'
2025-08-28 08:08:49.033 [restartedMain] DEBUG o.s.b.f.s.DefaultListableBeanFactory - Creating shared instance of singleton bean 'emBeanDefinitionRegistrarPostProcessor'
2025-08-28 08:08:49.034 [restartedMain] DEBUG o.s.b.f.s.DefaultListableBeanFactory - Creating shared instance of singleton bean 'org.springframework.boot.sql.init.dependency.DatabaseInitializationDependencyConfigurer$DependsOnDatabaseInitializationPostProcessor'
2025-08-28 08:08:49.034 [restartedMain] DEBUG o.s.b.f.s.DefaultListableBeanFactory - Creating shared instance of singleton bean 'org.springframework.boot.devtools.autoconfigure.DevToolsDataSourceAutoConfiguration$DatabaseShutdownExecutorEntityManagerFactoryDependsOnPostProcessor'
2025-08-28 08:08:49.088 [restartedMain] DEBUG o.s.b.f.s.DefaultListableBeanFactory - Creating shared instance of singleton bean 'org.springframework.context.event.internalEventListenerProcessor'
2025-08-28 08:08:49.090 [restartedMain] DEBUG o.s.b.f.s.DefaultListableBeanFactory - Creating shared instance of singleton bean 'conversionServicePostProcessor'
2025-08-28 08:08:49.107 [restartedMain] DEBUG o.s.b.f.s.DefaultListableBeanFactory - Creating shared instance of singleton bean 'preserveErrorControllerTargetClassPostProcessor'
2025-08-28 08:08:49.109 [restartedMain] DEBUG o.s.b.f.s.DefaultListableBeanFactory - Creating shared instance of singleton bean 'org.springframework.context.event.internalEventListenerFactory'
2025-08-28 08:08:49.109 [restartedMain] DEBUG o.s.b.f.s.DefaultListableBeanFactory - Creating shared instance of singleton bean 'org.springframework.transaction.config.internalTransactionalEventListenerFactory'
2025-08-28 08:08:49.118 [restartedMain] DEBUG o.s.b.f.s.DefaultListableBeanFactory - Creating shared instance of singleton bean 'org.springframework.context.annotation.internalAutowiredAnnotationProcessor'
2025-08-28 08:08:49.119 [restartedMain] DEBUG o.s.b.f.s.DefaultListableBeanFactory - Creating shared instance of singleton bean 'org.springframework.context.annotation.internalCommonAnnotationProcessor'
2025-08-28 08:08:49.125 [restartedMain] DEBUG o.s.b.f.s.DefaultListableBeanFactory - Creating shared instance of singleton bean 'org.springframework.context.annotation.internalPersistenceAnnotationProcessor'
2025-08-28 08:08:49.126 [restartedMain] DEBUG o.s.b.f.s.DefaultListableBeanFactory - Creating shared instance of singleton bean 'org.springframework.boot.context.properties.ConfigurationPropertiesBindingPostProcessor'
2025-08-28 08:08:49.126 [restartedMain] DEBUG o.s.b.f.s.DefaultListableBeanFactory - Creating shared instance of singleton bean 'org.springframework.boot.context.internalConfigurationPropertiesBinder'
2025-08-28 08:08:49.130 [restartedMain] DEBUG o.s.b.f.s.DefaultListableBeanFactory - Creating shared instance of singleton bean 'jdbcConnectionDetailsHikariBeanPostProcessor'
2025-08-28 08:08:49.137 [restartedMain] DEBUG o.s.b.f.s.DefaultListableBeanFactory - Creating shared instance of singleton bean 'methodValidationPostProcessor'
2025-08-28 08:08:49.140 [restartedMain] DEBUG o.s.b.f.s.DefaultListableBeanFactory - Autowiring by type from bean name 'methodValidationPostProcessor' via factory method to bean named 'environment'
2025-08-28 08:08:49.169 [restartedMain] DEBUG o.s.b.f.s.DefaultListableBeanFactory - Creating shared instance of singleton bean 'org.springframework.boot.context.properties.EnableConfigurationPropertiesRegistrar.methodValidationExcludeFilter'
2025-08-28 08:08:49.198 [restartedMain] DEBUG o.s.b.f.s.DefaultListableBeanFactory - Creating shared instance of singleton bean 'org.springframework.aop.config.internalAutoProxyCreator'
2025-08-28 08:08:49.225 [restartedMain] DEBUG o.s.b.f.s.DefaultListableBeanFactory - Creating shared instance of singleton bean 'persistenceExceptionTranslationPostProcessor'
2025-08-28 08:08:49.226 [restartedMain] DEBUG o.s.b.f.s.DefaultListableBeanFactory - Autowiring by type from bean name 'persistenceExceptionTranslationPostProcessor' via factory method to bean named 'environment'
2025-08-28 08:08:49.230 [restartedMain] DEBUG o.s.b.f.s.DefaultListableBeanFactory - Creating shared instance of singleton bean 'webServerFactoryCustomizerBeanPostProcessor'
2025-08-28 08:08:49.233 [restartedMain] DEBUG o.s.b.f.s.DefaultListableBeanFactory - Creating shared instance of singleton bean 'errorPageRegistrarBeanPostProcessor'
2025-08-28 08:08:49.234 [restartedMain] DEBUG o.s.b.f.s.DefaultListableBeanFactory - Creating shared instance of singleton bean 'projectingArgumentResolverBeanPostProcessor'
2025-08-28 08:08:49.237 [restartedMain] DEBUG o.s.b.f.s.DefaultListableBeanFactory - Creating shared instance of singleton bean 'org.springframework.transaction.config.internalTransactionAdvisor'
2025-08-28 08:08:49.237 [restartedMain] DEBUG o.s.b.f.s.DefaultListableBeanFactory - Creating shared instance of singleton bean 'org.springframework.transaction.annotation.ProxyTransactionManagementConfiguration'
2025-08-28 08:08:49.256 [restartedMain] DEBUG o.s.b.f.s.DefaultListableBeanFactory - Creating shared instance of singleton bean 'transactionAttributeSource'
2025-08-28 08:08:49.264 [restartedMain] DEBUG o.s.b.f.s.DefaultListableBeanFactory - Creating shared instance of singleton bean 'transactionInterceptor'
2025-08-28 08:08:49.265 [restartedMain] DEBUG o.s.b.f.s.DefaultListableBeanFactory - Autowiring by type from bean name 'transactionInterceptor' via factory method to bean named 'transactionAttributeSource'
2025-08-28 08:08:49.276 [restartedMain] DEBUG o.s.b.f.s.DefaultListableBeanFactory - Autowiring by type from bean name 'org.springframework.transaction.config.internalTransactionAdvisor' via factory method to bean named 'transactionAttributeSource'
2025-08-28 08:08:49.276 [restartedMain] DEBUG o.s.b.f.s.DefaultListableBeanFactory - Autowiring by type from bean name 'org.springframework.transaction.config.internalTransactionAdvisor' via factory method to bean named 'transactionInterceptor'
2025-08-28 08:08:49.313 [restartedMain] DEBUG o.s.u.c.s.UiApplicationContextUtils - Unable to locate ThemeSource with name 'themeSource': using default [org.springframework.ui.context.support.ResourceBundleThemeSource@43d69de7]
2025-08-28 08:08:49.314 [restartedMain] DEBUG o.s.b.f.s.DefaultListableBeanFactory - Creating shared instance of singleton bean 'tomcatServletWebServerFactory'
2025-08-28 08:08:49.315 [restartedMain] DEBUG o.s.b.f.s.DefaultListableBeanFactory - Creating shared instance of singleton bean 'org.springframework.boot.autoconfigure.web.servlet.ServletWebServerFactoryConfiguration$EmbeddedTomcat'
2025-08-28 08:08:49.349 [restartedMain] DEBUG o.s.b.f.s.DefaultListableBeanFactory - Creating shared instance of singleton bean 'websocketServletWebServerCustomizer'
2025-08-28 08:08:49.350 [restartedMain] DEBUG o.s.b.f.s.DefaultListableBeanFactory - Creating shared instance of singleton bean 'org.springframework.boot.autoconfigure.websocket.servlet.WebSocketServletAutoConfiguration$TomcatWebSocketConfiguration'
2025-08-28 08:08:49.353 [restartedMain] DEBUG o.s.b.f.s.DefaultListableBeanFactory - Creating shared instance of singleton bean 'servletWebServerFactoryCustomizer'
2025-08-28 08:08:49.353 [restartedMain] DEBUG o.s.b.f.s.DefaultListableBeanFactory - Creating shared instance of singleton bean 'org.springframework.boot.autoconfigure.web.servlet.ServletWebServerFactoryAutoConfiguration'
2025-08-28 08:08:49.356 [restartedMain] DEBUG o.s.b.f.s.DefaultListableBeanFactory - Creating shared instance of singleton bean 'server-org.springframework.boot.autoconfigure.web.ServerProperties'
2025-08-28 08:08:49.370 [restartedMain] DEBUG o.s.b.f.s.DefaultListableBeanFactory - Creating shared instance of singleton bean 'org.springframework.boot.context.properties.BoundConfigurationProperties'
2025-08-28 08:08:49.385 [restartedMain] DEBUG o.s.b.f.s.DefaultListableBeanFactory - Creating shared instance of singleton bean 'stringOrNumberMigrationVersionConverter'
2025-08-28 08:08:49.385 [restartedMain] DEBUG o.s.b.f.s.DefaultListableBeanFactory - Creating shared instance of singleton bean 'org.springframework.boot.autoconfigure.flyway.FlywayAutoConfiguration'
2025-08-28 08:08:49.455 [restartedMain] DEBUG o.s.b.f.s.DefaultListableBeanFactory - Autowiring by type from bean name 'servletWebServerFactoryCustomizer' via factory method to bean named 'server-org.springframework.boot.autoconfigure.web.ServerProperties'
2025-08-28 08:08:49.461 [restartedMain] DEBUG o.s.b.f.s.DefaultListableBeanFactory - Creating shared instance of singleton bean 'sslBundleRegistry'
2025-08-28 08:08:49.461 [restartedMain] DEBUG o.s.b.f.s.DefaultListableBeanFactory - Creating shared instance of singleton bean 'org.springframework.boot.autoconfigure.ssl.SslAutoConfiguration'
2025-08-28 08:08:49.462 [restartedMain] DEBUG o.s.b.f.s.DefaultListableBeanFactory - Creating shared instance of singleton bean 'spring.ssl-org.springframework.boot.autoconfigure.ssl.SslProperties'
2025-08-28 08:08:49.465 [restartedMain] DEBUG o.s.b.f.s.DefaultListableBeanFactory - Autowiring by type from bean name 'org.springframework.boot.autoconfigure.ssl.SslAutoConfiguration' via constructor to bean named 'org.springframework.boot.web.servlet.context.AnnotationConfigServletWebServerApplicationContext@a3f2afd'
2025-08-28 08:08:49.465 [restartedMain] DEBUG o.s.b.f.s.DefaultListableBeanFactory - Autowiring by type from bean name 'org.springframework.boot.autoconfigure.ssl.SslAutoConfiguration' via constructor to bean named 'spring.ssl-org.springframework.boot.autoconfigure.ssl.SslProperties'
2025-08-28 08:08:49.472 [restartedMain] DEBUG o.s.b.f.s.DefaultListableBeanFactory - Creating shared instance of singleton bean 'sslPropertiesSslBundleRegistrar'
2025-08-28 08:08:49.472 [restartedMain] DEBUG o.s.b.f.s.DefaultListableBeanFactory - Creating shared instance of singleton bean 'fileWatcher'
2025-08-28 08:08:49.476 [restartedMain] DEBUG o.s.b.f.s.DefaultListableBeanFactory - Autowiring by type from bean name 'sslPropertiesSslBundleRegistrar' via factory method to bean named 'fileWatcher'
2025-08-28 08:08:49.488 [restartedMain] DEBUG o.s.b.f.s.DefaultListableBeanFactory - Creating shared instance of singleton bean 'tomcatServletWebServerFactoryCustomizer'
2025-08-28 08:08:49.489 [restartedMain] DEBUG o.s.b.f.s.DefaultListableBeanFactory - Autowiring by type from bean name 'tomcatServletWebServerFactoryCustomizer' via factory method to bean named 'server-org.springframework.boot.autoconfigure.web.ServerProperties'
2025-08-28 08:08:49.493 [restartedMain] DEBUG o.s.b.f.s.DefaultListableBeanFactory - Creating shared instance of singleton bean 'nettyWebServerFactoryCustomizer'
2025-08-28 08:08:49.493 [restartedMain] DEBUG o.s.b.f.s.DefaultListableBeanFactory - Creating shared instance of singleton bean 'org.springframework.boot.autoconfigure.web.embedded.EmbeddedWebServerFactoryCustomizerAutoConfiguration$NettyWebServerFactoryCustomizerConfiguration'
2025-08-28 08:08:49.494 [restartedMain] DEBUG o.s.b.f.s.DefaultListableBeanFactory - Autowiring by type from bean name 'nettyWebServerFactoryCustomizer' via factory method to bean named 'environment'
2025-08-28 08:08:49.495 [restartedMain] DEBUG o.s.b.f.s.DefaultListableBeanFactory - Autowiring by type from bean name 'nettyWebServerFactoryCustomizer' via factory method to bean named 'server-org.springframework.boot.autoconfigure.web.ServerProperties'
2025-08-28 08:08:49.504 [restartedMain] DEBUG o.s.b.f.s.DefaultListableBeanFactory - Creating shared instance of singleton bean 'tomcatWebServerFactoryCustomizer'
2025-08-28 08:08:49.504 [restartedMain] DEBUG o.s.b.f.s.DefaultListableBeanFactory - Creating shared instance of singleton bean 'org.springframework.boot.autoconfigure.web.embedded.EmbeddedWebServerFactoryCustomizerAutoConfiguration$TomcatWebServerFactoryCustomizerConfiguration'
2025-08-28 08:08:49.506 [restartedMain] DEBUG o.s.b.f.s.DefaultListableBeanFactory - Autowiring by type from bean name 'tomcatWebServerFactoryCustomizer' via factory method to bean named 'environment'
2025-08-28 08:08:49.507 [restartedMain] DEBUG o.s.b.f.s.DefaultListableBeanFactory - Autowiring by type from bean name 'tomcatWebServerFactoryCustomizer' via factory method to bean named 'server-org.springframework.boot.autoconfigure.web.ServerProperties'
2025-08-28 08:08:49.513 [restartedMain] DEBUG o.s.b.f.s.DefaultListableBeanFactory - Creating shared instance of singleton bean 'localeCharsetMappingsCustomizer'
2025-08-28 08:08:49.513 [restartedMain] DEBUG o.s.b.f.s.DefaultListableBeanFactory - Creating shared instance of singleton bean 'org.springframework.boot.autoconfigure.web.servlet.HttpEncodingAutoConfiguration'
2025-08-28 08:08:49.515 [restartedMain] DEBUG o.s.b.f.s.DefaultListableBeanFactory - Autowiring by type from bean name 'org.springframework.boot.autoconfigure.web.servlet.HttpEncodingAutoConfiguration' via constructor to bean named 'server-org.springframework.boot.autoconfigure.web.ServerProperties'
2025-08-28 08:08:49.604 [restartedMain] DEBUG o.s.b.f.s.DefaultListableBeanFactory - Creating shared instance of singleton bean 'errorPageCustomizer'
2025-08-28 08:08:49.604 [restartedMain] DEBUG o.s.b.f.s.DefaultListableBeanFactory - Creating shared instance of singleton bean 'org.springframework.boot.autoconfigure.web.servlet.error.ErrorMvcAutoConfiguration'
2025-08-28 08:08:49.606 [restartedMain] DEBUG o.s.b.f.s.DefaultListableBeanFactory - Autowiring by type from bean name 'org.springframework.boot.autoconfigure.web.servlet.error.ErrorMvcAutoConfiguration' via constructor to bean named 'server-org.springframework.boot.autoconfigure.web.ServerProperties'
2025-08-28 08:08:49.607 [restartedMain] DEBUG o.s.b.f.s.DefaultListableBeanFactory - Creating shared instance of singleton bean 'dispatcherServletRegistration'
2025-08-28 08:08:49.608 [restartedMain] DEBUG o.s.b.f.s.DefaultListableBeanFactory - Creating shared instance of singleton bean 'org.springframework.boot.autoconfigure.web.servlet.DispatcherServletAutoConfiguration$DispatcherServletRegistrationConfiguration'
2025-08-28 08:08:49.610 [restartedMain] DEBUG o.s.b.f.s.DefaultListableBeanFactory - Creating shared instance of singleton bean 'dispatcherServlet'
2025-08-28 08:08:49.610 [restartedMain] DEBUG o.s.b.f.s.DefaultListableBeanFactory - Creating shared instance of singleton bean 'org.springframework.boot.autoconfigure.web.servlet.DispatcherServletAutoConfiguration$DispatcherServletConfiguration'
2025-08-28 08:08:49.612 [restartedMain] DEBUG o.s.b.f.s.DefaultListableBeanFactory - Creating shared instance of singleton bean 'spring.mvc-org.springframework.boot.autoconfigure.web.servlet.WebMvcProperties'
2025-08-28 08:08:49.617 [restartedMain] DEBUG o.s.b.f.s.DefaultListableBeanFactory - Autowiring by type from bean name 'dispatcherServlet' via factory method to bean named 'spring.mvc-org.springframework.boot.autoconfigure.web.servlet.WebMvcProperties'
2025-08-28 08:08:49.642 [restartedMain] DEBUG o.s.b.f.s.DefaultListableBeanFactory - Autowiring by type from bean name 'dispatcherServletRegistration' via factory method to bean named 'dispatcherServlet'
2025-08-28 08:08:49.642 [restartedMain] DEBUG o.s.b.f.s.DefaultListableBeanFactory - Autowiring by type from bean name 'dispatcherServletRegistration' via factory method to bean named 'spring.mvc-org.springframework.boot.autoconfigure.web.servlet.WebMvcProperties'
2025-08-28 08:08:49.650 [restartedMain] DEBUG o.s.b.f.s.DefaultListableBeanFactory - Creating shared instance of singleton bean 'multipartConfigElement'
2025-08-28 08:08:49.650 [restartedMain] DEBUG o.s.b.f.s.DefaultListableBeanFactory - Creating shared instance of singleton bean 'org.springframework.boot.autoconfigure.web.servlet.MultipartAutoConfiguration'
2025-08-28 08:08:49.651 [restartedMain] DEBUG o.s.b.f.s.DefaultListableBeanFactory - Creating shared instance of singleton bean 'spring.servlet.multipart-org.springframework.boot.autoconfigure.web.servlet.MultipartProperties'
2025-08-28 08:08:49.656 [restartedMain] DEBUG o.s.b.f.s.DefaultListableBeanFactory - Autowiring by type from bean name 'org.springframework.boot.autoconfigure.web.servlet.MultipartAutoConfiguration' via constructor to bean named 'spring.servlet.multipart-org.springframework.boot.autoconfigure.web.servlet.MultipartProperties'
2025-08-28 08:08:49.663 [restartedMain] DEBUG o.s.b.f.s.DefaultListableBeanFactory - Autowiring by type from bean name 'errorPageCustomizer' via factory method to bean named 'dispatcherServletRegistration'
2025-08-28 08:08:49.811 [restartedMain] DEBUG o.s.b.w.e.t.TomcatServletWebServerFactory - Code archive: C:\Users\plata\.m2\repository\org\springframework\boot\spring-boot\3.4.5\spring-boot-3.4.5.jar
2025-08-28 08:08:49.811 [restartedMain] DEBUG o.s.b.w.e.t.TomcatServletWebServerFactory - Code archive: C:\Users\plata\.m2\repository\org\springframework\boot\spring-boot\3.4.5\spring-boot-3.4.5.jar
2025-08-28 08:08:49.811 [restartedMain] DEBUG o.s.b.w.e.t.TomcatServletWebServerFactory - None of the document roots [src/main/webapp, public, static] point to a directory and will be ignored.
2025-08-28 08:08:49.896 [restartedMain] INFO  o.s.b.w.e.tomcat.TomcatWebServer - Tomcat initialized with port 8080 (http)
2025-08-28 08:08:49.923 [restartedMain] INFO  o.a.coyote.http11.Http11NioProtocol - Initializing ProtocolHandler ["http-nio-8080"]
2025-08-28 08:08:49.927 [restartedMain] INFO  o.a.catalina.core.StandardService - Starting service [Tomcat]
2025-08-28 08:08:49.928 [restartedMain] INFO  o.a.catalina.core.StandardEngine - Starting Servlet engine: [Apache Tomcat/10.1.40]
2025-08-28 08:08:50.012 [restartedMain] INFO  o.a.c.c.C.[Tomcat].[localhost].[/] - Initializing Spring embedded WebApplicationContext
2025-08-28 08:08:50.012 [restartedMain] DEBUG o.s.b.w.s.c.ServletWebServerApplicationContext - Published root WebApplicationContext as ServletContext attribute with name [org.springframework.web.context.WebApplicationContext.ROOT]
2025-08-28 08:08:50.012 [restartedMain] INFO  o.s.b.w.s.c.ServletWebServerApplicationContext - Root WebApplicationContext: initialization completed in 4465 ms
2025-08-28 08:08:50.015 [restartedMain] DEBUG o.s.b.f.s.DefaultListableBeanFactory - Creating shared instance of singleton bean 'securityFilterChainRegistration'
2025-08-28 08:08:50.015 [restartedMain] DEBUG o.s.b.f.s.DefaultListableBeanFactory - Creating shared instance of singleton bean 'org.springframework.boot.autoconfigure.security.servlet.SecurityFilterAutoConfiguration'
2025-08-28 08:08:50.016 [restartedMain] DEBUG o.s.b.f.s.DefaultListableBeanFactory - Creating shared instance of singleton bean 'spring.security-org.springframework.boot.autoconfigure.security.SecurityProperties'
2025-08-28 08:08:50.018 [restartedMain] DEBUG o.s.b.f.s.DefaultListableBeanFactory - Autowiring by type from bean name 'securityFilterChainRegistration' via factory method to bean named 'spring.security-org.springframework.boot.autoconfigure.security.SecurityProperties'
2025-08-28 08:08:50.026 [restartedMain] DEBUG o.s.b.f.s.DefaultListableBeanFactory - Creating shared instance of singleton bean 'jwtAuthenticationFilter'
2025-08-28 08:08:50.031 [restartedMain] DEBUG o.s.b.f.s.DefaultListableBeanFactory - Creating shared instance of singleton bean 'jwtTokenProvider'
2025-08-28 08:08:50.036 [restartedMain] DEBUG o.s.c.e.PropertySourcesPropertyResolver - Found key 'jwt.secret' in PropertySource 'environmentProperties' with value of type String
2025-08-28 08:08:50.040 [restartedMain] DEBUG o.s.c.e.PropertySourcesPropertyResolver - Found key 'jwt.secret' in PropertySource 'environmentProperties' with value of type String
2025-08-28 08:08:50.045 [restartedMain] DEBUG o.s.b.f.s.DefaultListableBeanFactory - Creating shared instance of singleton bean 'requestContextFilter'
2025-08-28 08:08:50.047 [restartedMain] DEBUG o.s.b.f.s.DefaultListableBeanFactory - Creating shared instance of singleton bean 'formContentFilter'
2025-08-28 08:08:50.047 [restartedMain] DEBUG o.s.b.f.s.DefaultListableBeanFactory - Creating shared instance of singleton bean 'org.springframework.boot.autoconfigure.web.servlet.WebMvcAutoConfiguration'
2025-08-28 08:08:50.053 [restartedMain] DEBUG o.s.b.f.s.DefaultListableBeanFactory - Creating shared instance of singleton bean 'characterEncodingFilter'
2025-08-28 08:08:50.065 [restartedMain] DEBUG o.s.b.w.s.ServletContextInitializerBeans - Mapping filters: springSecurityFilterChain urls=[/*] order=-100, characterEncodingFilter urls=[/*] order=-2147483648, formContentFilter urls=[/*] order=-9900, requestContextFilter urls=[/*] order=-105, jwtAuthenticationFilter urls=[/*] order=2147483647
2025-08-28 08:08:50.065 [restartedMain] DEBUG o.s.b.w.s.ServletContextInitializerBeans - Mapping servlets: dispatcherServlet urls=[/]
2025-08-28 08:08:50.105 [restartedMain] DEBUG o.s.b.w.s.f.OrderedRequestContextFilter - Filter 'requestContextFilter' configured for use
2025-08-28 08:08:50.108 [restartedMain] DEBUG c.d.config.JwtAuthenticationFilter - Filter 'jwtAuthenticationFilter' configured for use
2025-08-28 08:08:50.108 [restartedMain] DEBUG o.s.b.w.s.f.OrderedCharacterEncodingFilter - Filter 'characterEncodingFilter' configured for use
2025-08-28 08:08:50.109 [restartedMain] DEBUG o.s.b.w.s.DelegatingFilterProxyRegistrationBean$1 - Filter 'springSecurityFilterChain' configured for use
2025-08-28 08:08:50.109 [restartedMain] DEBUG o.s.b.w.s.f.OrderedFormContentFilter - Filter 'formContentFilter' configured for use
2025-08-28 08:08:50.121 [restartedMain] DEBUG o.s.b.f.s.DefaultListableBeanFactory - Creating shared instance of singleton bean 'flyway'
2025-08-28 08:08:50.122 [restartedMain] DEBUG o.s.b.f.s.DefaultListableBeanFactory - Creating shared instance of singleton bean 'org.springframework.boot.autoconfigure.flyway.FlywayAutoConfiguration$FlywayConfiguration'
2025-08-28 08:08:50.123 [restartedMain] DEBUG o.s.b.f.s.DefaultListableBeanFactory - Creating shared instance of singleton bean 'spring.flyway-org.springframework.boot.autoconfigure.flyway.FlywayProperties'
2025-08-28 08:08:50.137 [restartedMain] DEBUG o.s.b.f.s.DefaultListableBeanFactory - Autowiring by type from bean name 'org.springframework.boot.autoconfigure.flyway.FlywayAutoConfiguration$FlywayConfiguration' via constructor to bean named 'spring.flyway-org.springframework.boot.autoconfigure.flyway.FlywayProperties'
2025-08-28 08:08:50.141 [restartedMain] DEBUG o.s.b.f.s.DefaultListableBeanFactory - Creating shared instance of singleton bean 'flywayConnectionDetails'
2025-08-28 08:08:50.144 [restartedMain] DEBUG o.s.b.f.s.DefaultListableBeanFactory - Creating shared instance of singleton bean 'resourceProviderCustomizer'
2025-08-28 08:08:50.145 [restartedMain] DEBUG o.s.b.f.s.DefaultListableBeanFactory - Autowiring by type from bean name 'flyway' via factory method to bean named 'flywayConnectionDetails'
2025-08-28 08:08:50.145 [restartedMain] DEBUG o.s.b.f.s.DefaultListableBeanFactory - Autowiring by type from bean name 'flyway' via factory method to bean named 'org.springframework.boot.web.servlet.context.AnnotationConfigServletWebServerApplicationContext@a3f2afd'
2025-08-28 08:08:50.145 [restartedMain] DEBUG o.s.b.f.s.DefaultListableBeanFactory - Autowiring by type from bean name 'flyway' via factory method to bean named 'resourceProviderCustomizer'
2025-08-28 08:08:50.167 [restartedMain] DEBUG o.s.b.f.s.DefaultListableBeanFactory - Creating shared instance of singleton bean 'dataSource'
2025-08-28 08:08:50.167 [restartedMain] DEBUG o.s.b.f.s.DefaultListableBeanFactory - Creating shared instance of singleton bean 'org.springframework.boot.autoconfigure.jdbc.DataSourceConfiguration$Hikari'
2025-08-28 08:08:50.169 [restartedMain] DEBUG o.s.b.f.s.DefaultListableBeanFactory - Creating shared instance of singleton bean 'spring.datasource-org.springframework.boot.autoconfigure.jdbc.DataSourceProperties'
2025-08-28 08:08:50.184 [restartedMain] DEBUG o.s.b.f.s.DefaultListableBeanFactory - Creating shared instance of singleton bean 'jdbcConnectionDetails'
2025-08-28 08:08:50.184 [restartedMain] DEBUG o.s.b.f.s.DefaultListableBeanFactory - Creating shared instance of singleton bean 'org.springframework.boot.autoconfigure.jdbc.DataSourceAutoConfiguration$PooledDataSourceConfiguration'
2025-08-28 08:08:50.186 [restartedMain] DEBUG o.s.b.f.s.DefaultListableBeanFactory - Autowiring by type from bean name 'jdbcConnectionDetails' via factory method to bean named 'spring.datasource-org.springframework.boot.autoconfigure.jdbc.DataSourceProperties'
2025-08-28 08:08:50.188 [restartedMain] DEBUG o.s.b.f.s.DefaultListableBeanFactory - Autowiring by type from bean name 'dataSource' via factory method to bean named 'spring.datasource-org.springframework.boot.autoconfigure.jdbc.DataSourceProperties'
2025-08-28 08:08:50.188 [restartedMain] DEBUG o.s.b.f.s.DefaultListableBeanFactory - Autowiring by type from bean name 'dataSource' via factory method to bean named 'jdbcConnectionDetails'
2025-08-28 08:08:50.188 [restartedMain] DEBUG o.s.b.f.s.DefaultListableBeanFactory - Autowiring by type from bean name 'dataSource' via factory method to bean named 'environment'
2025-08-28 08:08:50.233 [restartedMain] DEBUG o.s.b.f.s.DefaultListableBeanFactory - Creating shared instance of singleton bean 'postgresqlFlywayConfigurationCustomizer'
2025-08-28 08:08:50.414 [restartedMain] DEBUG o.s.b.f.s.DefaultListableBeanFactory - Creating shared instance of singleton bean 'flywayInitializer'
2025-08-28 08:08:50.416 [restartedMain] DEBUG o.s.b.f.s.DefaultListableBeanFactory - Autowiring by type from bean name 'flywayInitializer' via factory method to bean named 'flyway'
2025-08-28 08:08:50.440 [restartedMain] INFO  com.zaxxer.hikari.HikariDataSource - HikariPool-1 - Starting...
2025-08-28 08:08:50.693 [restartedMain] INFO  com.zaxxer.hikari.pool.HikariPool - HikariPool-1 - Added connection org.postgresql.jdbc.PgConnection@6984890a
2025-08-28 08:08:50.695 [restartedMain] INFO  com.zaxxer.hikari.HikariDataSource - HikariPool-1 - Start completed.
2025-08-28 08:08:50.735 [restartedMain] INFO  org.flywaydb.core.FlywayExecutor - Database: jdbc:postgresql://localhost:5432/dailydb (PostgreSQL 17.5)
2025-08-28 08:08:50.847 [restartedMain] INFO  o.f.core.internal.command.DbValidate - Successfully validated 2 migrations (execution time 00:00.071s)
2025-08-28 08:08:50.911 [restartedMain] INFO  o.f.core.internal.command.DbMigrate - Current version of schema "public": 2
2025-08-28 08:08:50.914 [restartedMain] INFO  o.f.core.internal.command.DbMigrate - Schema "public" is up to date. No migration necessary.
2025-08-28 08:08:50.929 [restartedMain] DEBUG o.s.b.f.s.DefaultListableBeanFactory - Creating shared instance of singleton bean 'dataSourceScriptDatabaseInitializer'
2025-08-28 08:08:50.929 [restartedMain] DEBUG o.s.b.f.s.DefaultListableBeanFactory - Creating shared instance of singleton bean 'org.springframework.boot.autoconfigure.sql.init.DataSourceInitializationConfiguration'
2025-08-28 08:08:50.931 [restartedMain] DEBUG o.s.b.f.s.DefaultListableBeanFactory - Creating shared instance of singleton bean 'spring.sql.init-org.springframework.boot.autoconfigure.sql.init.SqlInitializationProperties'
2025-08-28 08:08:50.933 [restartedMain] DEBUG o.s.b.f.s.DefaultListableBeanFactory - Autowiring by type from bean name 'dataSourceScriptDatabaseInitializer' via factory method to bean named 'dataSource'
2025-08-28 08:08:50.934 [restartedMain] DEBUG o.s.b.f.s.DefaultListableBeanFactory - Autowiring by type from bean name 'dataSourceScriptDatabaseInitializer' via factory method to bean named 'spring.sql.init-org.springframework.boot.autoconfigure.sql.init.SqlInitializationProperties'
2025-08-28 08:08:50.943 [restartedMain] DEBUG o.s.b.f.s.DefaultListableBeanFactory - Creating shared instance of singleton bean 'inMemoryDatabaseShutdownExecutor'
2025-08-28 08:08:50.943 [restartedMain] DEBUG o.s.b.f.s.DefaultListableBeanFactory - Creating shared instance of singleton bean 'org.springframework.boot.devtools.autoconfigure.DevToolsDataSourceAutoConfiguration'
2025-08-28 08:08:50.944 [restartedMain] DEBUG o.s.b.f.s.DefaultListableBeanFactory - Autowiring by type from bean name 'inMemoryDatabaseShutdownExecutor' via factory method to bean named 'dataSource'
2025-08-28 08:08:50.945 [restartedMain] DEBUG o.s.b.f.s.DefaultListableBeanFactory - Autowiring by type from bean name 'inMemoryDatabaseShutdownExecutor' via factory method to bean named 'spring.datasource-org.springframework.boot.autoconfigure.jdbc.DataSourceProperties'
2025-08-28 08:08:50.947 [restartedMain] DEBUG o.s.b.f.s.DefaultListableBeanFactory - Creating shared instance of singleton bean 'entityManagerFactory'
2025-08-28 08:08:50.947 [restartedMain] DEBUG o.s.b.f.s.DefaultListableBeanFactory - Creating shared instance of singleton bean 'org.springframework.boot.autoconfigure.orm.jpa.HibernateJpaConfiguration'
2025-08-28 08:08:50.948 [restartedMain] DEBUG o.s.b.f.s.DefaultListableBeanFactory - Creating shared instance of singleton bean 'spring.jpa-org.springframework.boot.autoconfigure.orm.jpa.JpaProperties'
2025-08-28 08:08:50.954 [restartedMain] DEBUG o.s.b.f.s.DefaultListableBeanFactory - Creating shared instance of singleton bean 'spring.jpa.hibernate-org.springframework.boot.autoconfigure.orm.jpa.HibernateProperties'
2025-08-28 08:08:50.955 [restartedMain] DEBUG o.s.b.f.s.DefaultListableBeanFactory - Autowiring by type from bean name 'org.springframework.boot.autoconfigure.orm.jpa.HibernateJpaConfiguration' via constructor to bean named 'dataSource'
2025-08-28 08:08:50.955 [restartedMain] DEBUG o.s.b.f.s.DefaultListableBeanFactory - Autowiring by type from bean name 'org.springframework.boot.autoconfigure.orm.jpa.HibernateJpaConfiguration' via constructor to bean named 'spring.jpa-org.springframework.boot.autoconfigure.orm.jpa.JpaProperties'
2025-08-28 08:08:50.955 [restartedMain] DEBUG o.s.b.f.s.DefaultListableBeanFactory - Autowiring by type from bean name 'org.springframework.boot.autoconfigure.orm.jpa.HibernateJpaConfiguration' via constructor to bean named 'org.springframework.beans.factory.support.DefaultListableBeanFactory@5a88e5d1'
2025-08-28 08:08:50.955 [restartedMain] DEBUG o.s.b.f.s.DefaultListableBeanFactory - Autowiring by type from bean name 'org.springframework.boot.autoconfigure.orm.jpa.HibernateJpaConfiguration' via constructor to bean named 'spring.jpa.hibernate-org.springframework.boot.autoconfigure.orm.jpa.HibernateProperties'
2025-08-28 08:08:50.965 [restartedMain] DEBUG o.s.b.f.s.DefaultListableBeanFactory - Creating shared instance of singleton bean 'hikariPoolDataSourceMetadataProvider'
2025-08-28 08:08:50.965 [restartedMain] DEBUG o.s.b.f.s.DefaultListableBeanFactory - Creating shared instance of singleton bean 'org.springframework.boot.autoconfigure.jdbc.metadata.DataSourcePoolMetadataProvidersConfiguration$HikariPoolDataSourceMetadataProviderConfiguration'
2025-08-28 08:08:50.996 [restartedMain] DEBUG o.s.b.f.s.DefaultListableBeanFactory - Creating shared instance of singleton bean 'entityManagerFactoryBuilder'
2025-08-28 08:08:50.997 [restartedMain] DEBUG o.s.b.f.s.DefaultListableBeanFactory - Creating shared instance of singleton bean 'jpaVendorAdapter'
2025-08-28 08:08:51.041 [restartedMain] DEBUG o.s.b.f.s.DefaultListableBeanFactory - Autowiring by type from bean name 'entityManagerFactoryBuilder' via factory method to bean named 'jpaVendorAdapter'
2025-08-28 08:08:51.047 [restartedMain] DEBUG o.s.b.f.s.DefaultListableBeanFactory - Creating shared instance of singleton bean 'persistenceManagedTypes'
2025-08-28 08:08:51.049 [restartedMain] DEBUG o.s.b.f.s.DefaultListableBeanFactory - Autowiring by type from bean name 'persistenceManagedTypes' via factory method to bean named 'org.springframework.beans.factory.support.DefaultListableBeanFactory@5a88e5d1'
2025-08-28 08:08:51.049 [restartedMain] DEBUG o.s.b.f.s.DefaultListableBeanFactory - Autowiring by type from bean name 'persistenceManagedTypes' via factory method to bean named 'org.springframework.boot.web.servlet.context.AnnotationConfigServletWebServerApplicationContext@a3f2afd'
2025-08-28 08:08:51.074 [restartedMain] DEBUG o.s.b.f.s.DefaultListableBeanFactory - Autowiring by type from bean name 'entityManagerFactory' via factory method to bean named 'entityManagerFactoryBuilder'
2025-08-28 08:08:51.074 [restartedMain] DEBUG o.s.b.f.s.DefaultListableBeanFactory - Autowiring by type from bean name 'entityManagerFactory' via factory method to bean named 'persistenceManagedTypes'
2025-08-28 08:08:51.113 [restartedMain] DEBUG o.s.o.j.LocalContainerEntityManagerFactoryBean - Building JPA container EntityManagerFactory for persistence unit 'default'
2025-08-28 08:08:51.158 [restartedMain] INFO  o.h.jpa.internal.util.LogHelper - HHH000204: Processing PersistenceUnitInfo [name: default]
2025-08-28 08:08:51.313 [restartedMain] INFO  org.hibernate.Version - HHH000412: Hibernate ORM core version 6.6.13.Final
2025-08-28 08:08:51.414 [restartedMain] INFO  o.h.c.i.RegionFactoryInitiator - HHH000026: Second-level cache disabled
2025-08-28 08:08:51.771 [restartedMain] WARN  org.hibernate.orm.deprecation - HHH90000025: PostgreSQLDialect does not need to be specified explicitly using 'hibernate.dialect' (remove the property setting and it will be selected by default)
2025-08-28 08:08:51.799 [restartedMain] INFO  o.hibernate.orm.connections.pooling - HHH10001005: Database info:
	Database JDBC URL [Connecting through datasource 'HikariDataSource (HikariPool-1)']
	Database driver: undefined/unknown
	Database version: 17.5
	Autocommit mode: undefined/unknown
	Isolation level: undefined/unknown
	Minimum pool size: undefined/unknown
	Maximum pool size: undefined/unknown
2025-08-28 08:08:52.195 [restartedMain] INFO  o.s.o.j.p.SpringPersistenceUnitInfo - No LoadTimeWeaver setup: ignoring JPA class transformer
2025-08-28 08:08:53.866 [restartedMain] INFO  o.h.e.t.j.p.i.JtaPlatformInitiator - HHH000489: No JTA platform available (set 'hibernate.transaction.jta.platform' to enable JTA platform integration)
2025-08-28 08:08:54.547 [restartedMain] INFO  o.s.o.j.LocalContainerEntityManagerFactoryBean - Initialized JPA EntityManagerFactory for persistence unit 'default'
2025-08-28 08:08:54.555 [restartedMain] DEBUG o.s.b.f.s.DefaultListableBeanFactory - Creating shared instance of singleton bean 'dailybriefApplication'
2025-08-28 08:08:54.556 [restartedMain] DEBUG o.s.b.f.s.DefaultListableBeanFactory - Creating shared instance of singleton bean 'applicationConfig'
2025-08-28 08:08:54.558 [restartedMain] DEBUG o.s.c.e.PropertySourcesPropertyResolver - Found key 'python.api.url' in PropertySource 'environmentProperties' with value of type String
2025-08-28 08:08:54.559 [restartedMain] DEBUG o.s.b.f.s.DefaultListableBeanFactory - Creating shared instance of singleton bean 'localeConfig'
2025-08-28 08:08:54.560 [restartedMain] DEBUG o.s.b.f.s.DefaultListableBeanFactory - Creating shared instance of singleton bean 'securityConfig'
2025-08-28 08:08:54.562 [restartedMain] DEBUG o.s.b.f.s.DefaultListableBeanFactory - Creating shared instance of singleton bean 'swaggerConfig'
2025-08-28 08:08:54.563 [restartedMain] DEBUG o.s.b.f.s.DefaultListableBeanFactory - Creating shared instance of singleton bean 'adminController'
2025-08-28 08:08:54.585 [restartedMain] DEBUG o.s.b.f.s.DefaultListableBeanFactory - Creating shared instance of singleton bean 'logServiceImpl'
2025-08-28 08:08:54.587 [restartedMain] DEBUG o.s.b.f.s.DefaultListableBeanFactory - Creating shared instance of singleton bean 'logRepository'
2025-08-28 08:08:54.605 [restartedMain] DEBUG o.s.b.f.s.DefaultListableBeanFactory - Creating shared instance of singleton bean 'jpa.named-queries#2'
2025-08-28 08:08:54.609 [restartedMain] DEBUG o.s.b.f.s.DefaultListableBeanFactory - Creating shared instance of singleton bean 'jpa.LogRepository.fragments#0'
2025-08-28 08:08:54.617 [restartedMain] DEBUG o.s.b.f.s.DefaultListableBeanFactory - Creating shared instance of singleton bean 'jpaSharedEM_entityManagerFactory'
2025-08-28 08:08:54.660 [restartedMain] DEBUG o.s.b.f.s.DefaultListableBeanFactory - Creating shared instance of singleton bean 'jpaMappingContext'
2025-08-28 08:08:54.660 [restartedMain] DEBUG o.s.d.j.r.c.JpaMetamodelMappingContextFactoryBean - Initializing JpaMetamodelMappingContext…
2025-08-28 08:08:54.684 [restartedMain] DEBUG o.s.d.j.r.c.JpaMetamodelMappingContextFactoryBean - Finished initializing JpaMetamodelMappingContext
2025-08-28 08:08:54.747 [restartedMain] DEBUG o.s.o.j.SharedEntityManagerCreator$SharedEntityManagerInvocationHandler - Creating new EntityManager for shared EntityManager invocation
2025-08-28 08:08:54.819 [restartedMain] DEBUG o.s.o.j.SharedEntityManagerCreator$SharedEntityManagerInvocationHandler - Creating new EntityManager for shared EntityManager invocation
2025-08-28 08:08:54.895 [restartedMain] DEBUG o.s.beans.CachedIntrospectionResults - Not strongly caching class [com.dailybrief.model.Log] because it is not cache-safe
2025-08-28 08:08:54.967 [restartedMain] DEBUG o.s.d.r.c.s.RepositoryFactorySupport - Initializing repository instance for com.dailybrief.repository.LogRepository…
2025-08-28 08:08:55.006 [restartedMain] DEBUG o.s.o.j.SharedEntityManagerCreator$SharedEntityManagerInvocationHandler - Creating new EntityManager for shared EntityManager invocation
2025-08-28 08:08:55.126 [restartedMain] DEBUG o.s.d.j.repository.query.NamedQuery - Looking up named query 'Log.findAllByOrderByTimestampDesc'
2025-08-28 08:08:55.130 [restartedMain] DEBUG o.s.d.j.repository.query.NamedQuery - Did not find named query Log.findAllByOrderByTimestampDesc
2025-08-28 08:08:55.137 [restartedMain] DEBUG o.s.o.j.SharedEntityManagerCreator$SharedEntityManagerInvocationHandler - Creating new EntityManager for shared EntityManager invocation
2025-08-28 08:08:55.208 [restartedMain] DEBUG o.s.d.j.repository.query.NamedQuery - Looking up named query 'Log.findByCreatedBy'
2025-08-28 08:08:55.209 [restartedMain] DEBUG o.s.d.j.repository.query.NamedQuery - Did not find named query Log.findByCreatedBy
2025-08-28 08:08:55.210 [restartedMain] DEBUG o.s.o.j.SharedEntityManagerCreator$SharedEntityManagerInvocationHandler - Creating new EntityManager for shared EntityManager invocation
2025-08-28 08:08:55.253 [restartedMain] DEBUG o.s.d.j.repository.query.NamedQuery - Looking up named query 'Log.findByTimestampAfter'
2025-08-28 08:08:55.253 [restartedMain] DEBUG o.s.d.j.repository.query.NamedQuery - Did not find named query Log.findByTimestampAfter
2025-08-28 08:08:55.254 [restartedMain] DEBUG o.s.o.j.SharedEntityManagerCreator$SharedEntityManagerInvocationHandler - Creating new EntityManager for shared EntityManager invocation
2025-08-28 08:08:55.259 [restartedMain] DEBUG o.s.d.r.c.s.RepositoryFactorySupport - Finished creation of repository instance for com.dailybrief.repository.LogRepository.
2025-08-28 08:08:55.267 [restartedMain] DEBUG o.s.b.f.s.DefaultListableBeanFactory - Creating shared instance of singleton bean 'logMapperImpl'
2025-08-28 08:08:55.269 [restartedMain] DEBUG o.s.b.f.s.DefaultListableBeanFactory - Creating shared instance of singleton bean 'analyticsServiceImpl'
2025-08-28 08:08:55.272 [restartedMain] DEBUG o.s.b.f.s.DefaultListableBeanFactory - Creating shared instance of singleton bean 'userServiceImpl'
2025-08-28 08:08:55.272 [restartedMain] DEBUG o.s.b.f.s.DefaultListableBeanFactory - Creating shared instance of singleton bean 'userRepository'
2025-08-28 08:08:55.279 [restartedMain] DEBUG o.s.b.f.s.DefaultListableBeanFactory - Creating shared instance of singleton bean 'jpa.named-queries#1'
2025-08-28 08:08:55.283 [restartedMain] DEBUG o.s.b.f.s.DefaultListableBeanFactory - Creating shared instance of singleton bean 'jpa.UserRepository.fragments#0'
2025-08-28 08:08:55.284 [restartedMain] DEBUG o.s.o.j.SharedEntityManagerCreator$SharedEntityManagerInvocationHandler - Creating new EntityManager for shared EntityManager invocation
2025-08-28 08:08:55.286 [restartedMain] DEBUG o.s.beans.CachedIntrospectionResults - Not strongly caching class [com.dailybrief.model.User] because it is not cache-safe
2025-08-28 08:08:55.292 [restartedMain] DEBUG o.s.d.r.c.s.RepositoryFactorySupport - Initializing repository instance for com.dailybrief.repository.UserRepository…
2025-08-28 08:08:55.293 [restartedMain] DEBUG o.s.o.j.SharedEntityManagerCreator$SharedEntityManagerInvocationHandler - Creating new EntityManager for shared EntityManager invocation
2025-08-28 08:08:55.301 [restartedMain] DEBUG o.s.d.j.repository.query.NamedQuery - Looking up named query 'User.findByEmail'
2025-08-28 08:08:55.302 [restartedMain] DEBUG o.s.d.j.repository.query.NamedQuery - Did not find named query User.findByEmail
2025-08-28 08:08:55.302 [restartedMain] DEBUG o.s.o.j.SharedEntityManagerCreator$SharedEntityManagerInvocationHandler - Creating new EntityManager for shared EntityManager invocation
2025-08-28 08:08:55.309 [restartedMain] DEBUG o.s.d.r.c.s.RepositoryFactorySupport - Finished creation of repository instance for com.dailybrief.repository.UserRepository.
2025-08-28 08:08:55.311 [restartedMain] DEBUG o.s.b.f.s.DefaultListableBeanFactory - Creating shared instance of singleton bean 'passwordEncoder'
2025-08-28 08:08:55.316 [restartedMain] DEBUG o.s.b.f.s.DefaultListableBeanFactory - Creating shared instance of singleton bean 'postServiceImpl'
2025-08-28 08:08:55.318 [restartedMain] DEBUG o.s.b.f.s.DefaultListableBeanFactory - Creating shared instance of singleton bean 'postRepository'
2025-08-28 08:08:55.320 [restartedMain] DEBUG o.s.b.f.s.DefaultListableBeanFactory - Creating shared instance of singleton bean 'jpa.named-queries#0'
2025-08-28 08:08:55.323 [restartedMain] DEBUG o.s.b.f.s.DefaultListableBeanFactory - Creating shared instance of singleton bean 'jpa.PostRepository.fragments#0'
2025-08-28 08:08:55.325 [restartedMain] DEBUG o.s.o.j.SharedEntityManagerCreator$SharedEntityManagerInvocationHandler - Creating new EntityManager for shared EntityManager invocation
2025-08-28 08:08:55.327 [restartedMain] DEBUG o.s.beans.CachedIntrospectionResults - Not strongly caching class [com.dailybrief.model.Post] because it is not cache-safe
2025-08-28 08:08:55.355 [restartedMain] DEBUG o.s.d.r.c.s.RepositoryFactorySupport - Initializing repository instance for com.dailybrief.repository.PostRepository…
2025-08-28 08:08:55.356 [restartedMain] DEBUG o.s.o.j.SharedEntityManagerCreator$SharedEntityManagerInvocationHandler - Creating new EntityManager for shared EntityManager invocation
2025-08-28 08:08:55.369 [restartedMain] DEBUG o.s.d.j.repository.query.NamedQuery - Looking up named query 'Post.findAllByOrderByPublishedAtDesc'
2025-08-28 08:08:55.370 [restartedMain] DEBUG o.s.d.j.repository.query.NamedQuery - Did not find named query Post.findAllByOrderByPublishedAtDesc
2025-08-28 08:08:55.370 [restartedMain] DEBUG o.s.o.j.SharedEntityManagerCreator$SharedEntityManagerInvocationHandler - Creating new EntityManager for shared EntityManager invocation
2025-08-28 08:08:55.380 [restartedMain] DEBUG o.s.d.j.repository.query.NamedQuery - Did not find named query Post.findAllPostsWithTitlesAndExcerpts.count
2025-08-28 08:08:55.381 [restartedMain] DEBUG o.s.o.j.SharedEntityManagerCreator$SharedEntityManagerInvocationHandler - Creating new EntityManager for shared EntityManager invocation
2025-08-28 08:08:55.404 [restartedMain] INFO  o.s.d.j.r.query.QueryEnhancerFactory - Hibernate is in classpath; If applicable, HQL parser will be used.
2025-08-28 08:08:56.413 [restartedMain] DEBUG o.s.d.j.repository.query.NamedQuery - Looking up named query 'Post.findByIdAndStatus'
2025-08-28 08:08:56.413 [restartedMain] DEBUG o.s.d.j.repository.query.NamedQuery - Did not find named query Post.findByIdAndStatus
2025-08-28 08:08:56.414 [restartedMain] DEBUG o.s.o.j.SharedEntityManagerCreator$SharedEntityManagerInvocationHandler - Creating new EntityManager for shared EntityManager invocation
2025-08-28 08:08:56.418 [restartedMain] DEBUG o.s.d.j.repository.query.NamedQuery - Did not find named query Post.findAllPostsWithAllDetails.count
2025-08-28 08:08:56.418 [restartedMain] DEBUG o.s.o.j.SharedEntityManagerCreator$SharedEntityManagerInvocationHandler - Creating new EntityManager for shared EntityManager invocation
2025-08-28 08:08:56.422 [restartedMain] DEBUG o.s.d.j.repository.query.NamedQuery - Did not find named query Post.findByStatus.count
2025-08-28 08:08:56.422 [restartedMain] DEBUG o.s.o.j.SharedEntityManagerCreator$SharedEntityManagerInvocationHandler - Creating new EntityManager for shared EntityManager invocation
2025-08-28 08:08:56.484 [restartedMain] DEBUG o.s.d.j.repository.query.NamedQuery - Looking up named query 'Post.countByStatus'
2025-08-28 08:08:56.485 [restartedMain] DEBUG o.s.d.j.repository.query.NamedQuery - Did not find named query Post.countByStatus
2025-08-28 08:08:56.485 [restartedMain] DEBUG o.s.o.j.SharedEntityManagerCreator$SharedEntityManagerInvocationHandler - Creating new EntityManager for shared EntityManager invocation
2025-08-28 08:08:56.499 [restartedMain] DEBUG o.s.d.r.c.s.RepositoryFactorySupport - Finished creation of repository instance for com.dailybrief.repository.PostRepository.
2025-08-28 08:08:56.500 [restartedMain] DEBUG o.s.b.f.s.DefaultListableBeanFactory - Creating shared instance of singleton bean 'postMapper'
2025-08-28 08:08:56.503 [restartedMain] DEBUG o.s.b.f.s.DefaultListableBeanFactory - Autowiring by type from bean name 'postServiceImpl' via constructor to bean named 'postRepository'
2025-08-28 08:08:56.503 [restartedMain] DEBUG o.s.b.f.s.DefaultListableBeanFactory - Autowiring by type from bean name 'postServiceImpl' via constructor to bean named 'postMapper'
2025-08-28 08:08:56.561 [restartedMain] DEBUG o.s.b.f.s.DefaultListableBeanFactory - Creating shared instance of singleton bean 'authController'
2025-08-28 08:08:56.565 [restartedMain] DEBUG o.s.b.f.s.DefaultListableBeanFactory - Creating shared instance of singleton bean 'authServiceImpl'
2025-08-28 08:08:56.568 [restartedMain] DEBUG o.s.b.f.s.DefaultListableBeanFactory - Creating shared instance of singleton bean 'automationController'
2025-08-28 08:08:56.578 [restartedMain] DEBUG o.s.b.f.s.DefaultListableBeanFactory - Creating shared instance of singleton bean 'automationServiceImpl'
2025-08-28 08:08:56.581 [restartedMain] DEBUG o.s.b.f.s.DefaultListableBeanFactory - Creating shared instance of singleton bean 'automationRepository'
2025-08-28 08:08:56.583 [restartedMain] DEBUG o.s.b.f.s.DefaultListableBeanFactory - Creating shared instance of singleton bean 'jpa.named-queries#3'
2025-08-28 08:08:56.584 [restartedMain] DEBUG o.s.b.f.s.DefaultListableBeanFactory - Creating shared instance of singleton bean 'jpa.AutomationRepository.fragments#0'
2025-08-28 08:08:56.585 [restartedMain] DEBUG o.s.o.j.SharedEntityManagerCreator$SharedEntityManagerInvocationHandler - Creating new EntityManager for shared EntityManager invocation
2025-08-28 08:08:56.586 [restartedMain] DEBUG o.s.beans.CachedIntrospectionResults - Not strongly caching class [com.dailybrief.model.Automation] because it is not cache-safe
2025-08-28 08:08:56.592 [restartedMain] DEBUG o.s.d.r.c.s.RepositoryFactorySupport - Initializing repository instance for com.dailybrief.repository.AutomationRepository…
2025-08-28 08:08:56.593 [restartedMain] DEBUG o.s.o.j.SharedEntityManagerCreator$SharedEntityManagerInvocationHandler - Creating new EntityManager for shared EntityManager invocation
2025-08-28 08:08:56.601 [restartedMain] DEBUG o.s.d.r.c.s.RepositoryFactorySupport - Finished creation of repository instance for com.dailybrief.repository.AutomationRepository.
2025-08-28 08:08:56.603 [restartedMain] DEBUG o.s.b.f.s.DefaultListableBeanFactory - Creating shared instance of singleton bean 'automationMapperImpl'
2025-08-28 08:08:56.605 [restartedMain] DEBUG o.s.b.f.s.DefaultListableBeanFactory - Creating shared instance of singleton bean 'trendingTopicSuggestionRepository'
2025-08-28 08:08:56.609 [restartedMain] DEBUG o.s.b.f.s.DefaultListableBeanFactory - Creating shared instance of singleton bean 'jpa.named-queries#4'
2025-08-28 08:08:56.610 [restartedMain] DEBUG o.s.b.f.s.DefaultListableBeanFactory - Creating shared instance of singleton bean 'jpa.TrendingTopicSuggestionRepository.fragments#0'
2025-08-28 08:08:56.614 [restartedMain] DEBUG o.s.o.j.SharedEntityManagerCreator$SharedEntityManagerInvocationHandler - Creating new EntityManager for shared EntityManager invocation
2025-08-28 08:08:56.615 [restartedMain] DEBUG o.s.beans.CachedIntrospectionResults - Not strongly caching class [com.dailybrief.model.TrendingTopicSuggestion] because it is not cache-safe
2025-08-28 08:08:56.619 [restartedMain] DEBUG o.s.d.r.c.s.RepositoryFactorySupport - Initializing repository instance for com.dailybrief.repository.TrendingTopicSuggestionRepository…
2025-08-28 08:08:56.620 [restartedMain] DEBUG o.s.o.j.SharedEntityManagerCreator$SharedEntityManagerInvocationHandler - Creating new EntityManager for shared EntityManager invocation
2025-08-28 08:08:56.622 [restartedMain] DEBUG o.s.d.j.repository.query.NamedQuery - Looking up named query 'TrendingTopicSuggestion.findByStatus'
2025-08-28 08:08:56.623 [restartedMain] DEBUG o.s.d.j.repository.query.NamedQuery - Did not find named query TrendingTopicSuggestion.findByStatus
2025-08-28 08:08:56.624 [restartedMain] DEBUG o.s.o.j.SharedEntityManagerCreator$SharedEntityManagerInvocationHandler - Creating new EntityManager for shared EntityManager invocation
2025-08-28 08:08:56.626 [restartedMain] DEBUG o.s.d.j.repository.query.NamedQuery - Looking up named query 'TrendingTopicSuggestion.findByTopicName'
2025-08-28 08:08:56.626 [restartedMain] DEBUG o.s.d.j.repository.query.NamedQuery - Did not find named query TrendingTopicSuggestion.findByTopicName
2025-08-28 08:08:56.626 [restartedMain] DEBUG o.s.o.j.SharedEntityManagerCreator$SharedEntityManagerInvocationHandler - Creating new EntityManager for shared EntityManager invocation
2025-08-28 08:08:56.633 [restartedMain] DEBUG o.s.d.r.c.s.RepositoryFactorySupport - Finished creation of repository instance for com.dailybrief.repository.TrendingTopicSuggestionRepository.
2025-08-28 08:08:56.635 [restartedMain] DEBUG o.s.b.f.s.DefaultListableBeanFactory - Creating shared instance of singleton bean 'trendingTopicSuggestionMapperImpl'
2025-08-28 08:08:56.637 [restartedMain] DEBUG o.s.b.f.s.DefaultListableBeanFactory - Autowiring by type from bean name 'automationServiceImpl' via constructor to bean named 'automationRepository'
2025-08-28 08:08:56.637 [restartedMain] DEBUG o.s.b.f.s.DefaultListableBeanFactory - Autowiring by type from bean name 'automationServiceImpl' via constructor to bean named 'automationMapperImpl'
2025-08-28 08:08:56.637 [restartedMain] DEBUG o.s.b.f.s.DefaultListableBeanFactory - Autowiring by type from bean name 'automationServiceImpl' via constructor to bean named 'trendingTopicSuggestionRepository'
2025-08-28 08:08:56.637 [restartedMain] DEBUG o.s.b.f.s.DefaultListableBeanFactory - Autowiring by type from bean name 'automationServiceImpl' via constructor to bean named 'trendingTopicSuggestionMapperImpl'
2025-08-28 08:08:56.669 [restartedMain] DEBUG o.s.b.f.s.DefaultListableBeanFactory - Creating shared instance of singleton bean 'materialProcessServiceImpl'
2025-08-28 08:08:56.676 [restartedMain] DEBUG o.s.b.f.s.DefaultListableBeanFactory - Creating shared instance of singleton bean 'materialProcessRepository'
2025-08-28 08:08:56.678 [restartedMain] DEBUG o.s.b.f.s.DefaultListableBeanFactory - Creating shared instance of singleton bean 'jpa.named-queries#5'
2025-08-28 08:08:56.680 [restartedMain] DEBUG o.s.b.f.s.DefaultListableBeanFactory - Creating shared instance of singleton bean 'jpa.MaterialProcessRepository.fragments#0'
2025-08-28 08:08:56.681 [restartedMain] DEBUG o.s.o.j.SharedEntityManagerCreator$SharedEntityManagerInvocationHandler - Creating new EntityManager for shared EntityManager invocation
2025-08-28 08:08:56.683 [restartedMain] DEBUG o.s.beans.CachedIntrospectionResults - Not strongly caching class [com.dailybrief.model.MaterialProcess] because it is not cache-safe
2025-08-28 08:08:56.691 [restartedMain] DEBUG o.s.d.r.c.s.RepositoryFactorySupport - Initializing repository instance for com.dailybrief.repository.MaterialProcessRepository…
2025-08-28 08:08:56.692 [restartedMain] DEBUG o.s.o.j.SharedEntityManagerCreator$SharedEntityManagerInvocationHandler - Creating new EntityManager for shared EntityManager invocation
2025-08-28 08:08:56.694 [restartedMain] DEBUG o.s.d.j.repository.query.NamedQuery - Looking up named query 'MaterialProcess.findByTaskId'
2025-08-28 08:08:56.695 [restartedMain] DEBUG o.s.d.j.repository.query.NamedQuery - Did not find named query MaterialProcess.findByTaskId
2025-08-28 08:08:56.695 [restartedMain] DEBUG o.s.o.j.SharedEntityManagerCreator$SharedEntityManagerInvocationHandler - Creating new EntityManager for shared EntityManager invocation
2025-08-28 08:08:56.697 [restartedMain] DEBUG o.s.d.j.repository.query.NamedQuery - Looking up named query 'MaterialProcess.findByUserId'
2025-08-28 08:08:56.698 [restartedMain] DEBUG o.s.d.j.repository.query.NamedQuery - Did not find named query MaterialProcess.findByUserId
2025-08-28 08:08:56.698 [restartedMain] DEBUG o.s.o.j.SharedEntityManagerCreator$SharedEntityManagerInvocationHandler - Creating new EntityManager for shared EntityManager invocation
2025-08-28 08:08:56.699 [restartedMain] DEBUG o.s.d.j.repository.query.NamedQuery - Looking up named query 'MaterialProcess.findByUserIdAndTaskId'
2025-08-28 08:08:56.700 [restartedMain] DEBUG o.s.d.j.repository.query.NamedQuery - Did not find named query MaterialProcess.findByUserIdAndTaskId
2025-08-28 08:08:56.700 [restartedMain] DEBUG o.s.o.j.SharedEntityManagerCreator$SharedEntityManagerInvocationHandler - Creating new EntityManager for shared EntityManager invocation
2025-08-28 08:08:56.701 [restartedMain] DEBUG o.s.d.j.repository.query.NamedQuery - Looking up named query 'MaterialProcess.findByStatus'
2025-08-28 08:08:56.701 [restartedMain] DEBUG o.s.d.j.repository.query.NamedQuery - Did not find named query MaterialProcess.findByStatus
2025-08-28 08:08:56.701 [restartedMain] DEBUG o.s.o.j.SharedEntityManagerCreator$SharedEntityManagerInvocationHandler - Creating new EntityManager for shared EntityManager invocation
2025-08-28 08:08:56.708 [restartedMain] DEBUG o.s.d.r.c.s.RepositoryFactorySupport - Finished creation of repository instance for com.dailybrief.repository.MaterialProcessRepository.
2025-08-28 08:08:56.710 [restartedMain] DEBUG o.s.b.f.s.DefaultListableBeanFactory - Creating shared instance of singleton bean 'materialProcessMapperImpl'
2025-08-28 08:08:56.716 [restartedMain] DEBUG o.s.b.f.s.DefaultListableBeanFactory - Creating shared instance of singleton bean 'jacksonObjectMapper'
2025-08-28 08:08:56.716 [restartedMain] DEBUG o.s.b.f.s.DefaultListableBeanFactory - Creating shared instance of singleton bean 'org.springframework.boot.autoconfigure.jackson.JacksonAutoConfiguration$JacksonObjectMapperConfiguration'
2025-08-28 08:08:56.718 [restartedMain] DEBUG o.s.b.f.s.DefaultListableBeanFactory - Creating shared instance of singleton bean 'org.springframework.boot.autoconfigure.jackson.JacksonAutoConfiguration$JacksonObjectMapperBuilderConfiguration'
2025-08-28 08:08:56.720 [restartedMain] DEBUG o.s.b.f.s.DefaultListableBeanFactory - Creating shared instance of singleton bean 'standardJacksonObjectMapperBuilderCustomizer'
2025-08-28 08:08:56.720 [restartedMain] DEBUG o.s.b.f.s.DefaultListableBeanFactory - Creating shared instance of singleton bean 'org.springframework.boot.autoconfigure.jackson.JacksonAutoConfiguration$Jackson2ObjectMapperBuilderCustomizerConfiguration'
2025-08-28 08:08:56.722 [restartedMain] DEBUG o.s.b.f.s.DefaultListableBeanFactory - Creating shared instance of singleton bean 'spring.jackson-org.springframework.boot.autoconfigure.jackson.JacksonProperties'
2025-08-28 08:08:56.727 [restartedMain] DEBUG o.s.b.f.s.DefaultListableBeanFactory - Autowiring by type from bean name 'standardJacksonObjectMapperBuilderCustomizer' via factory method to bean named 'spring.jackson-org.springframework.boot.autoconfigure.jackson.JacksonProperties'
2025-08-28 08:08:56.729 [restartedMain] DEBUG o.s.b.f.s.DefaultListableBeanFactory - Creating shared instance of singleton bean 'parameterNamesModule'
2025-08-28 08:08:56.729 [restartedMain] DEBUG o.s.b.f.s.DefaultListableBeanFactory - Creating shared instance of singleton bean 'org.springframework.boot.autoconfigure.jackson.JacksonAutoConfiguration$ParameterNamesModuleConfiguration'
2025-08-28 08:08:56.736 [restartedMain] DEBUG o.s.b.f.s.DefaultListableBeanFactory - Creating shared instance of singleton bean 'jsonMixinModule'
2025-08-28 08:08:56.736 [restartedMain] DEBUG o.s.b.f.s.DefaultListableBeanFactory - Creating shared instance of singleton bean 'org.springframework.boot.autoconfigure.jackson.JacksonAutoConfiguration$JacksonMixinConfiguration'
2025-08-28 08:08:56.737 [restartedMain] DEBUG o.s.b.f.s.DefaultListableBeanFactory - Creating shared instance of singleton bean 'jsonMixinModuleEntries'
2025-08-28 08:08:56.738 [restartedMain] DEBUG o.s.b.f.s.DefaultListableBeanFactory - Autowiring by type from bean name 'jsonMixinModuleEntries' via factory method to bean named 'org.springframework.boot.web.servlet.context.AnnotationConfigServletWebServerApplicationContext@a3f2afd'
2025-08-28 08:08:56.750 [restartedMain] DEBUG o.s.b.f.s.DefaultListableBeanFactory - Autowiring by type from bean name 'jsonMixinModule' via factory method to bean named 'org.springframework.boot.web.servlet.context.AnnotationConfigServletWebServerApplicationContext@a3f2afd'
2025-08-28 08:08:56.751 [restartedMain] DEBUG o.s.b.f.s.DefaultListableBeanFactory - Autowiring by type from bean name 'jsonMixinModule' via factory method to bean named 'jsonMixinModuleEntries'
2025-08-28 08:08:56.754 [restartedMain] DEBUG o.s.b.f.s.DefaultListableBeanFactory - Creating shared instance of singleton bean 'jsonComponentModule'
2025-08-28 08:08:56.755 [restartedMain] DEBUG o.s.b.f.s.DefaultListableBeanFactory - Creating shared instance of singleton bean 'org.springframework.boot.autoconfigure.jackson.JacksonAutoConfiguration'
2025-08-28 08:08:56.762 [restartedMain] DEBUG o.s.b.f.s.DefaultListableBeanFactory - Creating shared instance of singleton bean 'jacksonGeoModule'
2025-08-28 08:08:56.762 [restartedMain] DEBUG o.s.b.f.s.DefaultListableBeanFactory - Creating shared instance of singleton bean 'org.springframework.data.web.config.SpringDataJacksonConfiguration'
2025-08-28 08:08:56.764 [restartedMain] DEBUG o.s.b.f.s.DefaultListableBeanFactory - Creating shared instance of singleton bean 'springDataWebSettings'
2025-08-28 08:08:56.765 [restartedMain] DEBUG o.s.b.f.s.DefaultListableBeanFactory - Creating shared instance of singleton bean 'org.springframework.boot.autoconfigure.data.web.SpringDataWebAutoConfiguration'
2025-08-28 08:08:56.765 [restartedMain] DEBUG o.s.b.f.s.DefaultListableBeanFactory - Creating shared instance of singleton bean 'spring.data.web-org.springframework.boot.autoconfigure.data.web.SpringDataWebProperties'
2025-08-28 08:08:56.766 [restartedMain] DEBUG o.s.b.f.s.DefaultListableBeanFactory - Autowiring by type from bean name 'org.springframework.boot.autoconfigure.data.web.SpringDataWebAutoConfiguration' via constructor to bean named 'spring.data.web-org.springframework.boot.autoconfigure.data.web.SpringDataWebProperties'
2025-08-28 08:08:56.775 [restartedMain] DEBUG o.s.b.f.s.DefaultListableBeanFactory - Creating shared instance of singleton bean 'pageModule'
2025-08-28 08:08:56.779 [restartedMain] DEBUG o.s.b.f.s.DefaultListableBeanFactory - Autowiring by type from bean name 'jacksonObjectMapperBuilder' via factory method to bean named 'org.springframework.boot.web.servlet.context.AnnotationConfigServletWebServerApplicationContext@a3f2afd'
2025-08-28 08:08:56.779 [restartedMain] DEBUG o.s.b.f.s.DefaultListableBeanFactory - Autowiring by type from bean name 'jacksonObjectMapperBuilder' via factory method to bean named 'standardJacksonObjectMapperBuilderCustomizer'
2025-08-28 08:08:56.787 [restartedMain] DEBUG o.s.b.f.s.DefaultListableBeanFactory - Autowiring by type from bean name 'jacksonObjectMapper' via factory method to bean named 'jacksonObjectMapperBuilder'
2025-08-28 08:08:56.802 [restartedMain] DEBUG o.s.b.f.s.DefaultListableBeanFactory - Creating shared instance of singleton bean 'org.springframework.boot.autoconfigure.web.reactive.function.client.WebClientAutoConfiguration'
2025-08-28 08:08:56.808 [restartedMain] DEBUG o.s.b.f.s.DefaultListableBeanFactory - Creating shared instance of singleton bean 'webClientHttpConnectorCustomizer'
2025-08-28 08:08:56.808 [restartedMain] DEBUG o.s.b.f.s.DefaultListableBeanFactory - Creating shared instance of singleton bean 'org.springframework.boot.autoconfigure.web.reactive.function.client.ClientHttpConnectorAutoConfiguration'
2025-08-28 08:08:56.810 [restartedMain] DEBUG o.s.b.f.s.DefaultListableBeanFactory - Creating shared instance of singleton bean 'webClientHttpConnector'
2025-08-28 08:08:56.814 [restartedMain] DEBUG o.s.b.f.s.DefaultListableBeanFactory - Creating shared instance of singleton bean 'reactorClientHttpConnectorFactory'
2025-08-28 08:08:56.815 [restartedMain] DEBUG o.s.b.f.s.DefaultListableBeanFactory - Creating shared instance of singleton bean 'org.springframework.boot.autoconfigure.web.reactive.function.client.ClientHttpConnectorFactoryConfiguration$ReactorNetty'
2025-08-28 08:08:56.816 [restartedMain] DEBUG o.s.b.f.s.DefaultListableBeanFactory - Creating shared instance of singleton bean 'reactorResourceFactory'
2025-08-28 08:08:56.816 [restartedMain] DEBUG o.s.b.f.s.DefaultListableBeanFactory - Creating shared instance of singleton bean 'org.springframework.boot.autoconfigure.reactor.netty.ReactorNettyConfigurations$ReactorResourceFactoryConfiguration'
2025-08-28 08:08:56.818 [restartedMain] DEBUG o.s.b.f.s.DefaultListableBeanFactory - Creating shared instance of singleton bean 'spring.reactor.netty-org.springframework.boot.autoconfigure.reactor.netty.ReactorNettyProperties'
2025-08-28 08:08:56.825 [restartedMain] DEBUG o.s.b.f.s.DefaultListableBeanFactory - Autowiring by type from bean name 'reactorResourceFactory' via factory method to bean named 'spring.reactor.netty-org.springframework.boot.autoconfigure.reactor.netty.ReactorNettyProperties'
2025-08-28 08:08:56.831 [restartedMain] DEBUG o.s.b.f.s.DefaultListableBeanFactory - Autowiring by type from bean name 'reactorClientHttpConnectorFactory' via factory method to bean named 'reactorResourceFactory'
2025-08-28 08:08:56.833 [restartedMain] DEBUG o.s.b.f.s.DefaultListableBeanFactory - Autowiring by type from bean name 'webClientHttpConnector' via factory method to bean named 'reactorClientHttpConnectorFactory'
2025-08-28 08:08:56.907 [restartedMain] DEBUG o.s.b.f.s.DefaultListableBeanFactory - Autowiring by type from bean name 'webClientHttpConnectorCustomizer' via factory method to bean named 'webClientHttpConnector'
2025-08-28 08:08:56.909 [restartedMain] DEBUG o.s.b.f.s.DefaultListableBeanFactory - Creating shared instance of singleton bean 'exchangeStrategiesCustomizer'
2025-08-28 08:08:56.909 [restartedMain] DEBUG o.s.b.f.s.DefaultListableBeanFactory - Creating shared instance of singleton bean 'org.springframework.boot.autoconfigure.web.reactive.function.client.WebClientAutoConfiguration$WebClientCodecsConfiguration'
2025-08-28 08:08:56.910 [restartedMain] DEBUG o.s.b.f.s.DefaultListableBeanFactory - Creating shared instance of singleton bean 'defaultCodecCustomizer'
2025-08-28 08:08:56.910 [restartedMain] DEBUG o.s.b.f.s.DefaultListableBeanFactory - Creating shared instance of singleton bean 'org.springframework.boot.autoconfigure.http.codec.CodecsAutoConfiguration$DefaultCodecsConfiguration'
2025-08-28 08:08:56.911 [restartedMain] DEBUG o.s.b.f.s.DefaultListableBeanFactory - Creating shared instance of singleton bean 'spring.codec-org.springframework.boot.autoconfigure.codec.CodecProperties'
2025-08-28 08:08:56.914 [restartedMain] DEBUG o.s.b.f.s.DefaultListableBeanFactory - Autowiring by type from bean name 'defaultCodecCustomizer' via factory method to bean named 'spring.codec-org.springframework.boot.autoconfigure.codec.CodecProperties'
2025-08-28 08:08:56.915 [restartedMain] DEBUG o.s.b.f.s.DefaultListableBeanFactory - Creating shared instance of singleton bean 'jacksonCodecCustomizer'
2025-08-28 08:08:56.915 [restartedMain] DEBUG o.s.b.f.s.DefaultListableBeanFactory - Creating shared instance of singleton bean 'org.springframework.boot.autoconfigure.http.codec.CodecsAutoConfiguration$JacksonCodecConfiguration'
2025-08-28 08:08:56.918 [restartedMain] DEBUG o.s.b.f.s.DefaultListableBeanFactory - Autowiring by type from bean name 'jacksonCodecCustomizer' via factory method to bean named 'jacksonObjectMapper'
2025-08-28 08:08:56.938 [restartedMain] DEBUG o.s.b.f.s.DefaultListableBeanFactory - Autowiring by type from bean name 'materialProcessServiceImpl' via constructor to bean named 'materialProcessRepository'
2025-08-28 08:08:56.938 [restartedMain] DEBUG o.s.b.f.s.DefaultListableBeanFactory - Autowiring by type from bean name 'materialProcessServiceImpl' via constructor to bean named 'materialProcessMapperImpl'
2025-08-28 08:08:56.938 [restartedMain] DEBUG o.s.b.f.s.DefaultListableBeanFactory - Autowiring by type from bean name 'materialProcessServiceImpl' via constructor to bean named 'webClientBuilder'
2025-08-28 08:08:56.938 [restartedMain] DEBUG o.s.b.f.s.DefaultListableBeanFactory - Autowiring by type from bean name 'materialProcessServiceImpl' via constructor to bean named 'applicationConfig'
2025-08-28 08:08:57.061 [restartedMain] DEBUG o.s.b.f.s.DefaultListableBeanFactory - Autowiring by type from bean name 'automationController' via constructor to bean named 'automationServiceImpl'
2025-08-28 08:08:57.061 [restartedMain] DEBUG o.s.b.f.s.DefaultListableBeanFactory - Autowiring by type from bean name 'automationController' via constructor to bean named 'materialProcessServiceImpl'
2025-08-28 08:08:57.062 [restartedMain] DEBUG o.s.b.f.s.DefaultListableBeanFactory - Creating shared instance of singleton bean 'dashboardController'
2025-08-28 08:08:57.064 [restartedMain] DEBUG o.s.b.f.s.DefaultListableBeanFactory - Creating shared instance of singleton bean 'dashboardServiceImpl'
2025-08-28 08:08:57.068 [restartedMain] DEBUG o.s.b.f.s.DefaultListableBeanFactory - Creating shared instance of singleton bean 'logController'
2025-08-28 08:08:57.069 [restartedMain] DEBUG o.s.b.f.s.DefaultListableBeanFactory - Creating shared instance of singleton bean 'materialProcessController'
2025-08-28 08:08:57.071 [restartedMain] DEBUG o.s.b.f.s.DefaultListableBeanFactory - Autowiring by type from bean name 'materialProcessController' via constructor to bean named 'materialProcessServiceImpl'
2025-08-28 08:08:57.071 [restartedMain] DEBUG o.s.b.f.s.DefaultListableBeanFactory - Creating shared instance of singleton bean 'postController'
2025-08-28 08:08:57.075 [restartedMain] DEBUG o.s.b.f.s.DefaultListableBeanFactory - Autowiring by type from bean name 'postController' via constructor to bean named 'postServiceImpl'
2025-08-28 08:08:57.076 [restartedMain] DEBUG o.s.b.f.s.DefaultListableBeanFactory - Creating shared instance of singleton bean 'globalExceptionHandler'
2025-08-28 08:08:57.082 [restartedMain] DEBUG o.s.b.f.s.DefaultListableBeanFactory - Creating shared instance of singleton bean 'localeResolver'
2025-08-28 08:08:57.083 [restartedMain] INFO  com.dailybrief.config.LocaleConfig - LocaleResolver configurado com idiomas suportados: [pt, en, es] e padrão: pt
2025-08-28 08:08:57.084 [restartedMain] DEBUG o.s.b.f.s.DefaultListableBeanFactory - Creating shared instance of singleton bean 'org.springframework.security.config.annotation.configuration.ObjectPostProcessorConfiguration'
2025-08-28 08:08:57.084 [restartedMain] DEBUG o.s.b.f.s.DefaultListableBeanFactory - Creating shared instance of singleton bean 'objectPostProcessor'
2025-08-28 08:08:57.085 [restartedMain] DEBUG o.s.b.f.s.DefaultListableBeanFactory - Autowiring by type from bean name 'objectPostProcessor' via factory method to bean named 'org.springframework.beans.factory.support.DefaultListableBeanFactory@5a88e5d1'
2025-08-28 08:08:57.087 [restartedMain] DEBUG o.s.b.f.s.DefaultListableBeanFactory - Creating shared instance of singleton bean 'org.springframework.security.config.annotation.authentication.configuration.AuthenticationConfiguration'
2025-08-28 08:08:57.089 [restartedMain] DEBUG o.s.b.f.s.DefaultListableBeanFactory - Creating shared instance of singleton bean 'enableGlobalAuthenticationAutowiredConfigurer'
2025-08-28 08:08:57.089 [restartedMain] DEBUG o.s.b.f.s.DefaultListableBeanFactory - Autowiring by type from bean name 'enableGlobalAuthenticationAutowiredConfigurer' via factory method to bean named 'org.springframework.boot.web.servlet.context.AnnotationConfigServletWebServerApplicationContext@a3f2afd'
2025-08-28 08:08:57.092 [restartedMain] DEBUG o.s.b.f.s.DefaultListableBeanFactory - Creating shared instance of singleton bean 'initializeUserDetailsBeanManagerConfigurer'
2025-08-28 08:08:57.093 [restartedMain] DEBUG o.s.b.f.s.DefaultListableBeanFactory - Autowiring by type from bean name 'initializeUserDetailsBeanManagerConfigurer' via factory method to bean named 'org.springframework.boot.web.servlet.context.AnnotationConfigServletWebServerApplicationContext@a3f2afd'
2025-08-28 08:08:57.095 [restartedMain] DEBUG o.s.b.f.s.DefaultListableBeanFactory - Creating shared instance of singleton bean 'initializeAuthenticationProviderBeanManagerConfigurer'
2025-08-28 08:08:57.095 [restartedMain] DEBUG o.s.b.f.s.DefaultListableBeanFactory - Autowiring by type from bean name 'initializeAuthenticationProviderBeanManagerConfigurer' via factory method to bean named 'org.springframework.boot.web.servlet.context.AnnotationConfigServletWebServerApplicationContext@a3f2afd'
2025-08-28 08:08:57.100 [restartedMain] DEBUG o.s.b.f.s.DefaultListableBeanFactory - Creating shared instance of singleton bean 'authenticationManagerBuilder'
2025-08-28 08:08:57.100 [restartedMain] DEBUG o.s.b.f.s.DefaultListableBeanFactory - Autowiring by type from bean name 'authenticationManagerBuilder' via factory method to bean named 'objectPostProcessor'
2025-08-28 08:08:57.100 [restartedMain] DEBUG o.s.b.f.s.DefaultListableBeanFactory - Autowiring by type from bean name 'authenticationManagerBuilder' via factory method to bean named 'org.springframework.boot.web.servlet.context.AnnotationConfigServletWebServerApplicationContext@a3f2afd'
2025-08-28 08:08:57.102 [restartedMain] DEBUG o.s.b.f.s.DefaultListableBeanFactory - Creating shared instance of singleton bean 'authenticationEventPublisher'
2025-08-28 08:08:57.102 [restartedMain] DEBUG o.s.b.f.s.DefaultListableBeanFactory - Creating shared instance of singleton bean 'org.springframework.boot.autoconfigure.security.servlet.SecurityAutoConfiguration'
2025-08-28 08:08:57.103 [restartedMain] DEBUG o.s.b.f.s.DefaultListableBeanFactory - Autowiring by type from bean name 'authenticationEventPublisher' via factory method to bean named 'org.springframework.boot.web.servlet.context.AnnotationConfigServletWebServerApplicationContext@a3f2afd'
2025-08-28 08:08:57.136 [restartedMain] DEBUG o.s.b.f.s.DefaultListableBeanFactory - Creating shared instance of singleton bean 'org.springframework.security.config.annotation.web.configuration.WebSecurityConfiguration'
2025-08-28 08:08:57.140 [restartedMain] DEBUG o.s.b.f.s.DefaultListableBeanFactory - Creating shared instance of singleton bean 'org.springframework.security.config.annotation.web.configuration.HttpSecurityConfiguration'
2025-08-28 08:08:57.168 [restartedMain] DEBUG o.s.b.f.s.DefaultListableBeanFactory - Creating shared instance of singleton bean 'mvcContentNegotiationManager'
2025-08-28 08:08:57.168 [restartedMain] DEBUG o.s.b.f.s.DefaultListableBeanFactory - Creating shared instance of singleton bean 'org.springframework.boot.autoconfigure.web.servlet.WebMvcAutoConfiguration$EnableWebMvcConfiguration'
2025-08-28 08:08:57.170 [restartedMain] DEBUG o.s.b.f.s.DefaultListableBeanFactory - Creating shared instance of singleton bean 'spring.web-org.springframework.boot.autoconfigure.web.WebProperties'
2025-08-28 08:08:57.186 [restartedMain] DEBUG o.s.b.f.s.DefaultListableBeanFactory - Autowiring by type from bean name 'org.springframework.boot.autoconfigure.web.servlet.WebMvcAutoConfiguration$EnableWebMvcConfiguration' via constructor to bean named 'spring.mvc-org.springframework.boot.autoconfigure.web.servlet.WebMvcProperties'
2025-08-28 08:08:57.187 [restartedMain] DEBUG o.s.b.f.s.DefaultListableBeanFactory - Autowiring by type from bean name 'org.springframework.boot.autoconfigure.web.servlet.WebMvcAutoConfiguration$EnableWebMvcConfiguration' via constructor to bean named 'spring.web-org.springframework.boot.autoconfigure.web.WebProperties'
2025-08-28 08:08:57.187 [restartedMain] DEBUG o.s.b.f.s.DefaultListableBeanFactory - Autowiring by type from bean name 'org.springframework.boot.autoconfigure.web.servlet.WebMvcAutoConfiguration$EnableWebMvcConfiguration' via constructor to bean named 'org.springframework.beans.factory.support.DefaultListableBeanFactory@5a88e5d1'
2025-08-28 08:08:57.195 [restartedMain] DEBUG o.s.b.f.s.DefaultListableBeanFactory - Creating shared instance of singleton bean 'org.springframework.security.config.annotation.web.configuration.WebMvcSecurityConfiguration'
2025-08-28 08:08:57.198 [restartedMain] DEBUG o.s.b.f.s.DefaultListableBeanFactory - Creating shared instance of singleton bean 'org.springframework.boot.autoconfigure.web.servlet.WebMvcAutoConfiguration$WebMvcAutoConfigurationAdapter'
2025-08-28 08:08:57.199 [restartedMain] DEBUG o.s.b.f.s.DefaultListableBeanFactory - Autowiring by type from bean name 'org.springframework.boot.autoconfigure.web.servlet.WebMvcAutoConfiguration$WebMvcAutoConfigurationAdapter' via constructor to bean named 'spring.web-org.springframework.boot.autoconfigure.web.WebProperties'
2025-08-28 08:08:57.199 [restartedMain] DEBUG o.s.b.f.s.DefaultListableBeanFactory - Autowiring by type from bean name 'org.springframework.boot.autoconfigure.web.servlet.WebMvcAutoConfiguration$WebMvcAutoConfigurationAdapter' via constructor to bean named 'spring.mvc-org.springframework.boot.autoconfigure.web.servlet.WebMvcProperties'
2025-08-28 08:08:57.200 [restartedMain] DEBUG o.s.b.f.s.DefaultListableBeanFactory - Autowiring by type from bean name 'org.springframework.boot.autoconfigure.web.servlet.WebMvcAutoConfiguration$WebMvcAutoConfigurationAdapter' via constructor to bean named 'org.springframework.beans.factory.support.DefaultListableBeanFactory@5a88e5d1'
2025-08-28 08:08:57.202 [restartedMain] DEBUG o.s.b.f.s.DefaultListableBeanFactory - Creating shared instance of singleton bean 'resourceHandlerRegistrationCustomizer'
2025-08-28 08:08:57.203 [restartedMain] DEBUG o.s.b.f.s.DefaultListableBeanFactory - Creating shared instance of singleton bean 'org.springframework.boot.autoconfigure.web.servlet.WebMvcAutoConfiguration$ResourceChainCustomizerConfiguration'
2025-08-28 08:08:57.204 [restartedMain] DEBUG o.s.b.f.s.DefaultListableBeanFactory - Autowiring by type from bean name 'resourceHandlerRegistrationCustomizer' via factory method to bean named 'spring.web-org.springframework.boot.autoconfigure.web.WebProperties'
2025-08-28 08:08:57.206 [restartedMain] DEBUG o.s.b.f.s.DefaultListableBeanFactory - Creating shared instance of singleton bean 'swaggerWebMvcConfigurer'
2025-08-28 08:08:57.207 [restartedMain] DEBUG o.s.b.f.s.DefaultListableBeanFactory - Creating shared instance of singleton bean 'org.springdoc.webmvc.ui.SwaggerConfig'
2025-08-28 08:08:57.210 [restartedMain] DEBUG o.s.b.f.s.DefaultListableBeanFactory - Creating shared instance of singleton bean 'org.springdoc.core.properties.SwaggerUiConfigProperties'
2025-08-28 08:08:57.231 [restartedMain] DEBUG o.s.b.f.s.DefaultListableBeanFactory - Creating shared instance of singleton bean 'indexPageTransformer'
2025-08-28 08:08:57.232 [restartedMain] DEBUG o.s.b.f.s.DefaultListableBeanFactory - Creating shared instance of singleton bean 'org.springdoc.core.properties.SwaggerUiOAuthProperties'
2025-08-28 08:08:57.237 [restartedMain] DEBUG o.s.b.f.s.DefaultListableBeanFactory - Creating shared instance of singleton bean 'swaggerWelcome'
2025-08-28 08:08:57.238 [restartedMain] DEBUG o.s.b.f.s.DefaultListableBeanFactory - Creating shared instance of singleton bean 'org.springdoc.core.properties.SpringDocConfigProperties'
2025-08-28 08:08:57.248 [restartedMain] DEBUG o.s.b.f.s.DefaultListableBeanFactory - Creating shared instance of singleton bean 'springWebProvider'
2025-08-28 08:08:57.249 [restartedMain] DEBUG o.s.b.f.s.DefaultListableBeanFactory - Creating shared instance of singleton bean 'org.springdoc.webmvc.core.configuration.SpringDocWebMvcConfiguration'
2025-08-28 08:08:57.264 [restartedMain] DEBUG o.s.b.f.s.DefaultListableBeanFactory - Autowiring by type from bean name 'swaggerWelcome' via factory method to bean named 'org.springdoc.core.properties.SwaggerUiConfigProperties'
2025-08-28 08:08:57.264 [restartedMain] DEBUG o.s.b.f.s.DefaultListableBeanFactory - Autowiring by type from bean name 'swaggerWelcome' via factory method to bean named 'org.springdoc.core.properties.SpringDocConfigProperties'
2025-08-28 08:08:57.264 [restartedMain] DEBUG o.s.b.f.s.DefaultListableBeanFactory - Autowiring by type from bean name 'swaggerWelcome' via factory method to bean named 'springWebProvider'
2025-08-28 08:08:57.272 [restartedMain] DEBUG o.s.b.f.s.DefaultListableBeanFactory - Creating shared instance of singleton bean 'springdocObjectMapperProvider'
2025-08-28 08:08:57.272 [restartedMain] DEBUG o.s.b.f.s.DefaultListableBeanFactory - Creating shared instance of singleton bean 'org.springdoc.core.configuration.SpringDocConfiguration'
2025-08-28 08:08:57.280 [restartedMain] DEBUG o.s.b.f.s.DefaultListableBeanFactory - Autowiring by type from bean name 'springdocObjectMapperProvider' via factory method to bean named 'org.springdoc.core.properties.SpringDocConfigProperties'
2025-08-28 08:08:57.322 [restartedMain] DEBUG o.s.b.f.s.DefaultListableBeanFactory - Autowiring by type from bean name 'indexPageTransformer' via factory method to bean named 'org.springdoc.core.properties.SwaggerUiConfigProperties'
2025-08-28 08:08:57.323 [restartedMain] DEBUG o.s.b.f.s.DefaultListableBeanFactory - Autowiring by type from bean name 'indexPageTransformer' via factory method to bean named 'org.springdoc.core.properties.SwaggerUiOAuthProperties'
2025-08-28 08:08:57.323 [restartedMain] DEBUG o.s.b.f.s.DefaultListableBeanFactory - Autowiring by type from bean name 'indexPageTransformer' via factory method to bean named 'swaggerWelcome'
2025-08-28 08:08:57.323 [restartedMain] DEBUG o.s.b.f.s.DefaultListableBeanFactory - Autowiring by type from bean name 'indexPageTransformer' via factory method to bean named 'springdocObjectMapperProvider'
2025-08-28 08:08:57.331 [restartedMain] DEBUG o.s.b.f.s.DefaultListableBeanFactory - Creating shared instance of singleton bean 'swaggerResourceResolver'
2025-08-28 08:08:57.331 [restartedMain] DEBUG o.s.b.f.s.DefaultListableBeanFactory - Autowiring by type from bean name 'swaggerResourceResolver' via factory method to bean named 'org.springdoc.core.properties.SwaggerUiConfigProperties'
2025-08-28 08:08:57.334 [restartedMain] DEBUG o.s.b.f.s.DefaultListableBeanFactory - Autowiring by type from bean name 'swaggerWebMvcConfigurer' via factory method to bean named 'org.springdoc.core.properties.SwaggerUiConfigProperties'
2025-08-28 08:08:57.334 [restartedMain] DEBUG o.s.b.f.s.DefaultListableBeanFactory - Autowiring by type from bean name 'swaggerWebMvcConfigurer' via factory method to bean named 'indexPageTransformer'
2025-08-28 08:08:57.334 [restartedMain] DEBUG o.s.b.f.s.DefaultListableBeanFactory - Autowiring by type from bean name 'swaggerWebMvcConfigurer' via factory method to bean named 'swaggerResourceResolver'
2025-08-28 08:08:57.339 [restartedMain] DEBUG o.s.b.f.s.DefaultListableBeanFactory - Creating shared instance of singleton bean 'openEntityManagerInViewInterceptorConfigurer'
2025-08-28 08:08:57.339 [restartedMain] DEBUG o.s.b.f.s.DefaultListableBeanFactory - Creating shared instance of singleton bean 'org.springframework.boot.autoconfigure.orm.jpa.JpaBaseConfiguration$JpaWebConfiguration'
2025-08-28 08:08:57.340 [restartedMain] DEBUG o.s.b.f.s.DefaultListableBeanFactory - Autowiring by type from bean name 'org.springframework.boot.autoconfigure.orm.jpa.JpaBaseConfiguration$JpaWebConfiguration' via constructor to bean named 'spring.jpa-org.springframework.boot.autoconfigure.orm.jpa.JpaProperties'
2025-08-28 08:08:57.342 [restartedMain] DEBUG o.s.b.f.s.DefaultListableBeanFactory - Creating shared instance of singleton bean 'openEntityManagerInViewInterceptor'
2025-08-28 08:08:57.343 [restartedMain] WARN  o.s.b.a.o.j.JpaBaseConfiguration$JpaWebConfiguration - spring.jpa.open-in-view is enabled by default. Therefore, database queries may be performed during view rendering. Explicitly configure spring.jpa.open-in-view to disable this warning
2025-08-28 08:08:57.346 [restartedMain] DEBUG o.s.b.f.s.DefaultListableBeanFactory - Autowiring by type from bean name 'openEntityManagerInViewInterceptorConfigurer' via factory method to bean named 'openEntityManagerInViewInterceptor'
2025-08-28 08:08:57.348 [restartedMain] DEBUG o.s.b.f.s.DefaultListableBeanFactory - Creating shared instance of singleton bean 'org.springframework.data.web.config.SpringDataWebConfiguration'
2025-08-28 08:08:57.348 [restartedMain] DEBUG o.s.b.f.s.DefaultListableBeanFactory - Autowiring by type from bean name 'org.springframework.data.web.config.SpringDataWebConfiguration' via constructor to bean named 'org.springframework.boot.web.servlet.context.AnnotationConfigServletWebServerApplicationContext@a3f2afd'
2025-08-28 08:08:57.369 [restartedMain] DEBUG o.s.s.c.a.a.c.AuthenticationConfiguration$DefaultPasswordEncoderAuthenticationManagerBuilder - No authenticationProviders and no parentAuthenticationManager defined. Returning null.
2025-08-28 08:08:57.376 [restartedMain] DEBUG o.s.aop.framework.ProxyFactoryBean - Advice has changed; re-caching singleton instance
2025-08-28 08:08:57.515 [restartedMain] DEBUG o.s.b.f.s.DefaultListableBeanFactory - Creating shared instance of singleton bean 'filterChainDecoratorPostProcessor'
2025-08-28 08:08:57.532 [restartedMain] DEBUG o.s.b.f.s.DefaultListableBeanFactory - Creating shared instance of singleton bean 'mvcHandlerMappingIntrospectorRequestTransformer'
2025-08-28 08:08:57.532 [restartedMain] DEBUG o.s.b.f.s.DefaultListableBeanFactory - Creating shared instance of singleton bean 'mvcHandlerMappingIntrospector'
2025-08-28 08:08:57.539 [restartedMain] DEBUG o.s.b.f.s.DefaultListableBeanFactory - Creating shared instance of singleton bean 'welcomePageHandlerMapping'
2025-08-28 08:08:57.539 [restartedMain] DEBUG o.s.b.f.s.DefaultListableBeanFactory - Creating shared instance of singleton bean 'mvcConversionService'
2025-08-28 08:08:57.554 [restartedMain] DEBUG o.s.b.f.s.DefaultListableBeanFactory - Creating shared instance of singleton bean 'mvcResourceUrlProvider'
2025-08-28 08:08:57.560 [restartedMain] DEBUG o.s.b.f.s.DefaultListableBeanFactory - Autowiring by type from bean name 'welcomePageHandlerMapping' via factory method to bean named 'org.springframework.boot.web.servlet.context.AnnotationConfigServletWebServerApplicationContext@a3f2afd'
2025-08-28 08:08:57.562 [restartedMain] DEBUG o.s.b.f.s.DefaultListableBeanFactory - Autowiring by type from bean name 'welcomePageHandlerMapping' via factory method to bean named 'mvcConversionService'
2025-08-28 08:08:57.562 [restartedMain] DEBUG o.s.b.f.s.DefaultListableBeanFactory - Autowiring by type from bean name 'welcomePageHandlerMapping' via factory method to bean named 'mvcResourceUrlProvider'
2025-08-28 08:08:57.597 [restartedMain] DEBUG o.s.b.f.s.DefaultListableBeanFactory - Creating shared instance of singleton bean 'welcomePageNotAcceptableHandlerMapping'
2025-08-28 08:08:57.598 [restartedMain] DEBUG o.s.b.f.s.DefaultListableBeanFactory - Autowiring by type from bean name 'welcomePageNotAcceptableHandlerMapping' via factory method to bean named 'org.springframework.boot.web.servlet.context.AnnotationConfigServletWebServerApplicationContext@a3f2afd'
2025-08-28 08:08:57.598 [restartedMain] DEBUG o.s.b.f.s.DefaultListableBeanFactory - Autowiring by type from bean name 'welcomePageNotAcceptableHandlerMapping' via factory method to bean named 'mvcConversionService'
2025-08-28 08:08:57.598 [restartedMain] DEBUG o.s.b.f.s.DefaultListableBeanFactory - Autowiring by type from bean name 'welcomePageNotAcceptableHandlerMapping' via factory method to bean named 'mvcResourceUrlProvider'
2025-08-28 08:08:57.617 [restartedMain] DEBUG o.s.b.f.s.DefaultListableBeanFactory - Creating shared instance of singleton bean 'requestMappingHandlerMapping'
2025-08-28 08:08:57.618 [restartedMain] DEBUG o.s.b.f.s.DefaultListableBeanFactory - Autowiring by type from bean name 'requestMappingHandlerMapping' via factory method to bean named 'mvcContentNegotiationManager'
2025-08-28 08:08:57.618 [restartedMain] DEBUG o.s.b.f.s.DefaultListableBeanFactory - Autowiring by type from bean name 'requestMappingHandlerMapping' via factory method to bean named 'mvcConversionService'
2025-08-28 08:08:57.618 [restartedMain] DEBUG o.s.b.f.s.DefaultListableBeanFactory - Autowiring by type from bean name 'requestMappingHandlerMapping' via factory method to bean named 'mvcResourceUrlProvider'
2025-08-28 08:08:57.779 [restartedMain] DEBUG o.s.c.e.PropertySourcesPropertyResolver - Found key 'springdoc.api-docs.path' in PropertySource 'environmentProperties' with value of type String
2025-08-28 08:08:57.781 [restartedMain] DEBUG o.s.c.e.PropertySourcesPropertyResolver - Found key 'springdoc.api-docs.path' in PropertySource 'environmentProperties' with value of type String
2025-08-28 08:08:57.782 [restartedMain] DEBUG o.s.c.e.PropertySourcesPropertyResolver - Found key 'springdoc.api-docs.path' in PropertySource 'environmentProperties' with value of type String
2025-08-28 08:08:57.783 [restartedMain] DEBUG o.s.c.e.PropertySourcesPropertyResolver - Found key 'springdoc.api-docs.path' in PropertySource 'environmentProperties' with value of type String
2025-08-28 08:08:57.787 [restartedMain] DEBUG o.s.c.e.PropertySourcesPropertyResolver - Found key 'springdoc.swagger-ui.path' in PropertySource 'environmentProperties' with value of type String
2025-08-28 08:08:57.787 [restartedMain] DEBUG o.s.c.e.PropertySourcesPropertyResolver - Found key 'springdoc.swagger-ui.path' in PropertySource 'environmentProperties' with value of type String
2025-08-28 08:08:57.789 [restartedMain] DEBUG o.s.c.e.PropertySourcesPropertyResolver - Found key 'springdoc.api-docs.path' in PropertySource 'environmentProperties' with value of type String
2025-08-28 08:08:57.793 [restartedMain] DEBUG o.s.w.s.m.m.a.RequestMappingHandlerMapping - 45 mappings in 'requestMappingHandlerMapping'
2025-08-28 08:08:57.796 [restartedMain] DEBUG o.s.b.f.s.DefaultListableBeanFactory - Creating shared instance of singleton bean 'viewControllerHandlerMapping'
2025-08-28 08:08:57.797 [restartedMain] DEBUG o.s.b.f.s.DefaultListableBeanFactory - Autowiring by type from bean name 'viewControllerHandlerMapping' via factory method to bean named 'mvcConversionService'
2025-08-28 08:08:57.797 [restartedMain] DEBUG o.s.b.f.s.DefaultListableBeanFactory - Autowiring by type from bean name 'viewControllerHandlerMapping' via factory method to bean named 'mvcResourceUrlProvider'
2025-08-28 08:08:57.798 [restartedMain] DEBUG o.s.b.f.s.DefaultListableBeanFactory - Creating shared instance of singleton bean 'beanNameHandlerMapping'
2025-08-28 08:08:57.798 [restartedMain] DEBUG o.s.b.f.s.DefaultListableBeanFactory - Autowiring by type from bean name 'beanNameHandlerMapping' via factory method to bean named 'mvcConversionService'
2025-08-28 08:08:57.798 [restartedMain] DEBUG o.s.b.f.s.DefaultListableBeanFactory - Autowiring by type from bean name 'beanNameHandlerMapping' via factory method to bean named 'mvcResourceUrlProvider'
2025-08-28 08:08:57.803 [restartedMain] DEBUG o.s.b.f.s.DefaultListableBeanFactory - Creating shared instance of singleton bean 'routerFunctionMapping'
2025-08-28 08:08:57.804 [restartedMain] DEBUG o.s.b.f.s.DefaultListableBeanFactory - Autowiring by type from bean name 'routerFunctionMapping' via factory method to bean named 'mvcConversionService'
2025-08-28 08:08:57.804 [restartedMain] DEBUG o.s.b.f.s.DefaultListableBeanFactory - Autowiring by type from bean name 'routerFunctionMapping' via factory method to bean named 'mvcResourceUrlProvider'
2025-08-28 08:08:57.808 [restartedMain] DEBUG o.s.b.f.s.DefaultListableBeanFactory - Creating shared instance of singleton bean 'messageConverters'
2025-08-28 08:08:57.808 [restartedMain] DEBUG o.s.b.f.s.DefaultListableBeanFactory - Creating shared instance of singleton bean 'org.springframework.boot.autoconfigure.http.HttpMessageConvertersAutoConfiguration'
2025-08-28 08:08:57.813 [restartedMain] DEBUG o.s.b.f.s.DefaultListableBeanFactory - Creating shared instance of singleton bean 'stringHttpMessageConverter'
2025-08-28 08:08:57.813 [restartedMain] DEBUG o.s.b.f.s.DefaultListableBeanFactory - Creating shared instance of singleton bean 'org.springframework.boot.autoconfigure.http.HttpMessageConvertersAutoConfiguration$StringHttpMessageConverterConfiguration'
2025-08-28 08:08:57.814 [restartedMain] DEBUG o.s.b.f.s.DefaultListableBeanFactory - Autowiring by type from bean name 'stringHttpMessageConverter' via factory method to bean named 'environment'
2025-08-28 08:08:57.821 [restartedMain] DEBUG o.s.b.f.s.DefaultListableBeanFactory - Creating shared instance of singleton bean 'mappingJackson2HttpMessageConverter'
2025-08-28 08:08:57.821 [restartedMain] DEBUG o.s.b.f.s.DefaultListableBeanFactory - Creating shared instance of singleton bean 'org.springframework.boot.autoconfigure.http.JacksonHttpMessageConvertersConfiguration$MappingJackson2HttpMessageConverterConfiguration'
2025-08-28 08:08:57.822 [restartedMain] DEBUG o.s.b.f.s.DefaultListableBeanFactory - Autowiring by type from bean name 'mappingJackson2HttpMessageConverter' via factory method to bean named 'jacksonObjectMapper'
2025-08-28 08:08:57.841 [restartedMain] DEBUG o.s.b.f.s.DefaultListableBeanFactory - Creating shared instance of singleton bean 'resourceHandlerMapping'
2025-08-28 08:08:57.842 [restartedMain] DEBUG o.s.b.f.s.DefaultListableBeanFactory - Autowiring by type from bean name 'resourceHandlerMapping' via factory method to bean named 'mvcContentNegotiationManager'
2025-08-28 08:08:57.842 [restartedMain] DEBUG o.s.b.f.s.DefaultListableBeanFactory - Autowiring by type from bean name 'resourceHandlerMapping' via factory method to bean named 'mvcConversionService'
2025-08-28 08:08:57.842 [restartedMain] DEBUG o.s.b.f.s.DefaultListableBeanFactory - Autowiring by type from bean name 'resourceHandlerMapping' via factory method to bean named 'mvcResourceUrlProvider'
2025-08-28 08:08:57.873 [restartedMain] DEBUG o.s.w.s.h.SimpleUrlHandlerMapping - Patterns [/webjars/**, /**, /swagger-ui*/*swagger-initializer.js, /swagger-ui*/**] in 'resourceHandlerMapping'
2025-08-28 08:08:57.876 [restartedMain] DEBUG o.s.b.f.s.DefaultListableBeanFactory - Creating shared instance of singleton bean 'defaultServletHandlerMapping'
2025-08-28 08:08:57.883 [restartedMain] DEBUG o.s.b.f.s.DefaultListableBeanFactory - Creating shared instance of singleton bean 'securityFilterChain'
2025-08-28 08:08:57.884 [restartedMain] DEBUG o.s.b.f.s.DefaultListableBeanFactory - Autowiring by type from bean name 'securityFilterChain' via factory method to bean named 'org.springframework.security.config.annotation.web.configuration.HttpSecurityConfiguration.httpSecurity'
2025-08-28 08:08:57.899 [restartedMain] DEBUG o.s.b.f.s.DefaultListableBeanFactory - Creating shared instance of singleton bean 'webAuthorizationManagerPostProcessor'
2025-08-28 08:08:57.958 [restartedMain] DEBUG o.s.b.f.s.DefaultListableBeanFactory - Creating shared instance of singleton bean 'authenticationManagerPostProcessor'
2025-08-28 08:08:57.996 [restartedMain] DEBUG o.s.s.web.DefaultSecurityFilterChain - Will secure any request with filters: DisableEncodeUrlFilter, WebAsyncManagerIntegrationFilter, SecurityContextHolderFilter, HeaderWriterFilter, CorsFilter, LogoutFilter, JwtAuthenticationFilter, RequestCacheAwareFilter, SecurityContextHolderAwareRequestFilter, AnonymousAuthenticationFilter, SessionManagementFilter, ExceptionTranslationFilter, AuthorizationFilter
2025-08-28 08:08:58.001 [restartedMain] DEBUG o.s.b.f.s.DefaultListableBeanFactory - Creating shared instance of singleton bean 'delegatingApplicationListener'
2025-08-28 08:08:58.002 [restartedMain] DEBUG o.s.b.f.s.DefaultListableBeanFactory - Creating shared instance of singleton bean 'springSecurityFilterChain'
2025-08-28 08:08:58.022 [restartedMain] DEBUG o.s.b.f.s.DefaultListableBeanFactory - Creating shared instance of singleton bean 'webSecurityExpressionHandler'
2025-08-28 08:08:58.026 [restartedMain] DEBUG o.s.b.f.s.DefaultListableBeanFactory - Creating shared instance of singleton bean 'privilegeEvaluator'
2025-08-28 08:08:58.027 [restartedMain] DEBUG o.s.b.f.s.DefaultListableBeanFactory - Creating shared instance of singleton bean 'requestDataValueProcessor'
2025-08-28 08:08:58.029 [restartedMain] DEBUG o.s.b.f.s.DefaultListableBeanFactory - Creating shared instance of singleton bean 'org.springframework.security.config.annotation.web.configuration.SecurityReactorContextConfiguration'
2025-08-28 08:08:58.031 [restartedMain] DEBUG o.s.b.f.s.DefaultListableBeanFactory - Creating shared instance of singleton bean 'securityReactorContextSubscriberRegistrar'
2025-08-28 08:08:58.044 [restartedMain] DEBUG o.s.b.f.s.DefaultListableBeanFactory - Creating shared instance of singleton bean 'org.springframework.security.config.annotation.web.configuration.ObservationConfiguration'
2025-08-28 08:08:58.045 [restartedMain] DEBUG o.s.b.f.s.DefaultListableBeanFactory - Creating shared instance of singleton bean 'authenticationManager'
2025-08-28 08:08:58.045 [restartedMain] DEBUG o.s.b.f.s.DefaultListableBeanFactory - Autowiring by type from bean name 'authenticationManager' via factory method to bean named 'org.springframework.security.config.annotation.authentication.configuration.AuthenticationConfiguration'
2025-08-28 08:08:58.047 [restartedMain] DEBUG o.s.b.f.s.DefaultListableBeanFactory - Creating shared instance of singleton bean 'customOpenAPI'
2025-08-28 08:08:58.052 [restartedMain] DEBUG o.s.b.f.s.DefaultListableBeanFactory - Creating shared instance of singleton bean 'org.springframework.boot.autoconfigure.context.PropertyPlaceholderAutoConfiguration'
2025-08-28 08:08:58.053 [restartedMain] DEBUG o.s.b.f.s.DefaultListableBeanFactory - Creating shared instance of singleton bean 'org.springframework.boot.autoconfigure.websocket.servlet.WebSocketServletAutoConfiguration'
2025-08-28 08:08:58.053 [restartedMain] DEBUG o.s.b.f.s.DefaultListableBeanFactory - Creating shared instance of singleton bean 'org.springframework.boot.autoconfigure.web.servlet.DispatcherServletAutoConfiguration'
2025-08-28 08:08:58.054 [restartedMain] DEBUG o.s.b.f.s.DefaultListableBeanFactory - Creating shared instance of singleton bean 'org.springframework.boot.autoconfigure.http.codec.CodecsAutoConfiguration'
2025-08-28 08:08:58.054 [restartedMain] DEBUG o.s.b.f.s.DefaultListableBeanFactory - Creating shared instance of singleton bean 'org.springframework.boot.autoconfigure.validation.ValidationAutoConfiguration'
2025-08-28 08:08:58.055 [restartedMain] DEBUG o.s.b.f.s.DefaultListableBeanFactory - Creating shared instance of singleton bean 'defaultValidator'
2025-08-28 08:08:58.055 [restartedMain] DEBUG o.s.b.f.s.DefaultListableBeanFactory - Autowiring by type from bean name 'defaultValidator' via factory method to bean named 'org.springframework.boot.web.servlet.context.AnnotationConfigServletWebServerApplicationContext@a3f2afd'
2025-08-28 08:08:58.111 [restartedMain] DEBUG o.s.b.f.s.DefaultListableBeanFactory - Creating shared instance of singleton bean 'org.springframework.boot.autoconfigure.task.TaskExecutorConfigurations$ThreadPoolTaskExecutorBuilderConfiguration'
2025-08-28 08:08:58.113 [restartedMain] DEBUG o.s.b.f.s.DefaultListableBeanFactory - Creating shared instance of singleton bean 'threadPoolTaskExecutorBuilder'
2025-08-28 08:08:58.116 [restartedMain] DEBUG o.s.b.f.s.DefaultListableBeanFactory - Creating shared instance of singleton bean 'spring.task.execution-org.springframework.boot.autoconfigure.task.TaskExecutionProperties'
2025-08-28 08:08:58.121 [restartedMain] DEBUG o.s.b.f.s.DefaultListableBeanFactory - Autowiring by type from bean name 'threadPoolTaskExecutorBuilder' via factory method to bean named 'spring.task.execution-org.springframework.boot.autoconfigure.task.TaskExecutionProperties'
2025-08-28 08:08:58.128 [restartedMain] DEBUG o.s.b.f.s.DefaultListableBeanFactory - Creating shared instance of singleton bean 'org.springframework.boot.autoconfigure.task.TaskExecutorConfigurations$SimpleAsyncTaskExecutorBuilderConfiguration'
2025-08-28 08:08:58.130 [restartedMain] DEBUG o.s.b.f.s.DefaultListableBeanFactory - Autowiring by type from bean name 'org.springframework.boot.autoconfigure.task.TaskExecutorConfigurations$SimpleAsyncTaskExecutorBuilderConfiguration' via constructor to bean named 'spring.task.execution-org.springframework.boot.autoconfigure.task.TaskExecutionProperties'
2025-08-28 08:08:58.131 [restartedMain] DEBUG o.s.b.f.s.DefaultListableBeanFactory - Creating shared instance of singleton bean 'simpleAsyncTaskExecutorBuilder'
2025-08-28 08:08:58.136 [restartedMain] DEBUG o.s.b.f.s.DefaultListableBeanFactory - Creating shared instance of singleton bean 'org.springframework.boot.autoconfigure.task.TaskExecutorConfigurations$TaskExecutorConfiguration'
2025-08-28 08:08:58.137 [restartedMain] DEBUG o.s.b.f.s.DefaultListableBeanFactory - Creating shared instance of singleton bean 'org.springframework.boot.autoconfigure.task.TaskExecutionAutoConfiguration'
2025-08-28 08:08:58.138 [restartedMain] DEBUG o.s.b.f.s.DefaultListableBeanFactory - Creating shared instance of singleton bean 'org.springframework.boot.autoconfigure.web.servlet.error.ErrorMvcAutoConfiguration$WhitelabelErrorViewConfiguration'
2025-08-28 08:08:58.140 [restartedMain] DEBUG o.s.b.f.s.DefaultListableBeanFactory - Creating shared instance of singleton bean 'error'
2025-08-28 08:08:58.142 [restartedMain] DEBUG o.s.b.f.s.DefaultListableBeanFactory - Creating shared instance of singleton bean 'beanNameViewResolver'
2025-08-28 08:08:58.143 [restartedMain] DEBUG o.s.b.f.s.DefaultListableBeanFactory - Creating shared instance of singleton bean 'org.springframework.boot.autoconfigure.web.servlet.error.ErrorMvcAutoConfiguration$DefaultErrorViewResolverConfiguration'
2025-08-28 08:08:58.144 [restartedMain] DEBUG o.s.b.f.s.DefaultListableBeanFactory - Autowiring by type from bean name 'org.springframework.boot.autoconfigure.web.servlet.error.ErrorMvcAutoConfiguration$DefaultErrorViewResolverConfiguration' via constructor to bean named 'org.springframework.boot.web.servlet.context.AnnotationConfigServletWebServerApplicationContext@a3f2afd'
2025-08-28 08:08:58.144 [restartedMain] DEBUG o.s.b.f.s.DefaultListableBeanFactory - Autowiring by type from bean name 'org.springframework.boot.autoconfigure.web.servlet.error.ErrorMvcAutoConfiguration$DefaultErrorViewResolverConfiguration' via constructor to bean named 'spring.web-org.springframework.boot.autoconfigure.web.WebProperties'
2025-08-28 08:08:58.145 [restartedMain] DEBUG o.s.b.f.s.DefaultListableBeanFactory - Creating shared instance of singleton bean 'conventionErrorViewResolver'
2025-08-28 08:08:58.147 [restartedMain] DEBUG o.s.b.f.s.DefaultListableBeanFactory - Creating shared instance of singleton bean 'errorAttributes'
2025-08-28 08:08:58.149 [restartedMain] DEBUG o.s.b.f.s.DefaultListableBeanFactory - Creating shared instance of singleton bean 'basicErrorController'
2025-08-28 08:08:58.150 [restartedMain] DEBUG o.s.b.f.s.DefaultListableBeanFactory - Autowiring by type from bean name 'basicErrorController' via factory method to bean named 'errorAttributes'
2025-08-28 08:08:58.154 [restartedMain] DEBUG o.s.b.f.s.DefaultListableBeanFactory - Creating shared instance of singleton bean 'themeResolver'
2025-08-28 08:08:58.157 [restartedMain] DEBUG o.s.b.f.s.DefaultListableBeanFactory - Creating shared instance of singleton bean 'flashMapManager'
2025-08-28 08:08:58.162 [restartedMain] DEBUG o.s.b.f.s.DefaultListableBeanFactory - Creating shared instance of singleton bean 'viewNameTranslator'
2025-08-28 08:08:58.164 [restartedMain] DEBUG o.s.b.f.s.DefaultListableBeanFactory - Creating shared instance of singleton bean 'mvcValidator'
2025-08-28 08:08:58.167 [restartedMain] DEBUG o.s.b.f.s.DefaultListableBeanFactory - Creating shared instance of singleton bean 'mvcPatternParser'
2025-08-28 08:08:58.169 [restartedMain] DEBUG o.s.b.f.s.DefaultListableBeanFactory - Creating shared instance of singleton bean 'mvcUrlPathHelper'
2025-08-28 08:08:58.170 [restartedMain] DEBUG o.s.b.f.s.DefaultListableBeanFactory - Creating shared instance of singleton bean 'mvcPathMatcher'
2025-08-28 08:08:58.171 [restartedMain] DEBUG o.s.b.f.s.DefaultListableBeanFactory - Creating shared instance of singleton bean 'requestMappingHandlerAdapter'
2025-08-28 08:08:58.173 [restartedMain] DEBUG o.s.b.f.s.DefaultListableBeanFactory - Autowiring by type from bean name 'requestMappingHandlerAdapter' via factory method to bean named 'mvcContentNegotiationManager'
2025-08-28 08:08:58.173 [restartedMain] DEBUG o.s.b.f.s.DefaultListableBeanFactory - Autowiring by type from bean name 'requestMappingHandlerAdapter' via factory method to bean named 'mvcConversionService'
2025-08-28 08:08:58.173 [restartedMain] DEBUG o.s.b.f.s.DefaultListableBeanFactory - Autowiring by type from bean name 'requestMappingHandlerAdapter' via factory method to bean named 'mvcValidator'
2025-08-28 08:08:58.197 [restartedMain] DEBUG o.s.b.f.s.DefaultListableBeanFactory - Creating shared instance of singleton bean 'sortResolver'
2025-08-28 08:08:58.200 [restartedMain] DEBUG o.s.b.f.s.DefaultListableBeanFactory - Creating shared instance of singleton bean 'sortCustomizer'
2025-08-28 08:08:58.204 [restartedMain] DEBUG o.s.b.f.s.DefaultListableBeanFactory - Creating shared instance of singleton bean 'pageableResolver'
2025-08-28 08:08:58.208 [restartedMain] DEBUG o.s.b.f.s.DefaultListableBeanFactory - Creating shared instance of singleton bean 'pageableCustomizer'
2025-08-28 08:08:58.216 [restartedMain] DEBUG o.s.b.f.s.DefaultListableBeanFactory - Creating shared instance of singleton bean 'applicationTaskExecutor'
2025-08-28 08:08:58.216 [restartedMain] DEBUG o.s.b.f.s.DefaultListableBeanFactory - Autowiring by type from bean name 'applicationTaskExecutor' via factory method to bean named 'threadPoolTaskExecutorBuilder'
2025-08-28 08:08:58.222 [restartedMain] DEBUG o.s.s.c.ThreadPoolTaskExecutor - Initializing ExecutorService 'applicationTaskExecutor'
2025-08-28 08:08:58.237 [restartedMain] DEBUG o.s.b.f.s.DefaultListableBeanFactory - Creating shared instance of singleton bean 'org.springdoc.core.configuration.SpringDocConfiguration$OpenApiResourceAdvice'
2025-08-28 08:08:58.242 [restartedMain] DEBUG o.s.b.f.s.DefaultListableBeanFactory - Autowiring by type from bean name 'org.springdoc.core.configuration.SpringDocConfiguration$OpenApiResourceAdvice' via constructor to bean named 'org.springdoc.core.configuration.SpringDocConfiguration'
2025-08-28 08:08:58.251 [restartedMain] DEBUG o.s.w.s.m.m.a.RequestMappingHandlerAdapter - ControllerAdvice beans: 0 @ModelAttribute, 0 @InitBinder, 1 RequestBodyAdvice, 1 ResponseBodyAdvice
2025-08-28 08:08:58.309 [restartedMain] DEBUG o.s.b.f.s.DefaultListableBeanFactory - Creating shared instance of singleton bean 'mvcViewResolver'
2025-08-28 08:08:58.310 [restartedMain] DEBUG o.s.b.f.s.DefaultListableBeanFactory - Autowiring by type from bean name 'mvcViewResolver' via factory method to bean named 'mvcContentNegotiationManager'
2025-08-28 08:08:58.314 [restartedMain] DEBUG o.s.b.f.s.DefaultListableBeanFactory - Creating shared instance of singleton bean 'defaultViewResolver'
2025-08-28 08:08:58.325 [restartedMain] DEBUG o.s.b.f.s.DefaultListableBeanFactory - Creating shared instance of singleton bean 'viewResolver'
2025-08-28 08:08:58.326 [restartedMain] DEBUG o.s.b.f.s.DefaultListableBeanFactory - Autowiring by type from bean name 'viewResolver' via factory method to bean named 'org.springframework.beans.factory.support.DefaultListableBeanFactory@5a88e5d1'
2025-08-28 08:08:58.329 [restartedMain] DEBUG o.s.b.f.s.DefaultListableBeanFactory - Creating shared instance of singleton bean 'viewResolver'
2025-08-28 08:08:58.345 [restartedMain] DEBUG o.s.b.f.s.DefaultListableBeanFactory - Creating shared instance of singleton bean 'handlerFunctionAdapter'
2025-08-28 08:08:58.348 [restartedMain] DEBUG o.s.b.f.s.DefaultListableBeanFactory - Creating shared instance of singleton bean 'mvcUriComponentsContributor'
2025-08-28 08:08:58.349 [restartedMain] DEBUG o.s.b.f.s.DefaultListableBeanFactory - Autowiring by type from bean name 'mvcUriComponentsContributor' via factory method to bean named 'mvcConversionService'
2025-08-28 08:08:58.350 [restartedMain] DEBUG o.s.b.f.s.DefaultListableBeanFactory - Autowiring by type from bean name 'mvcUriComponentsContributor' via factory method to bean named 'requestMappingHandlerAdapter'
2025-08-28 08:08:58.351 [restartedMain] DEBUG o.s.b.f.s.DefaultListableBeanFactory - Creating shared instance of singleton bean 'httpRequestHandlerAdapter'
2025-08-28 08:08:58.351 [restartedMain] DEBUG o.s.b.f.s.DefaultListableBeanFactory - Creating shared instance of singleton bean 'simpleControllerHandlerAdapter'
2025-08-28 08:08:58.352 [restartedMain] DEBUG o.s.b.f.s.DefaultListableBeanFactory - Creating shared instance of singleton bean 'handlerExceptionResolver'
2025-08-28 08:08:58.353 [restartedMain] DEBUG o.s.b.f.s.DefaultListableBeanFactory - Autowiring by type from bean name 'handlerExceptionResolver' via factory method to bean named 'mvcContentNegotiationManager'
2025-08-28 08:08:58.366 [restartedMain] DEBUG o.s.w.s.m.m.a.ExceptionHandlerExceptionResolver - ControllerAdvice beans: 2 @ExceptionHandler, 1 ResponseBodyAdvice
2025-08-28 08:08:58.369 [restartedMain] DEBUG o.s.b.f.s.DefaultListableBeanFactory - Creating shared instance of singleton bean 'org.springdoc.core.configuration.SpringDocConfiguration$QuerydslProvider'
2025-08-28 08:08:58.370 [restartedMain] DEBUG o.s.b.f.s.DefaultListableBeanFactory - Creating shared instance of singleton bean 'queryDslQuerydslPredicateOperationCustomizer'
2025-08-28 08:08:58.371 [restartedMain] DEBUG o.s.b.f.s.DefaultListableBeanFactory - Autowiring by type from bean name 'queryDslQuerydslPredicateOperationCustomizer' via factory method to bean named 'org.springdoc.core.properties.SpringDocConfigProperties'
2025-08-28 08:08:58.372 [restartedMain] DEBUG o.s.b.f.s.DefaultListableBeanFactory - Creating shared instance of singleton bean 'org.springdoc.core.configuration.SpringDocConfiguration$SpringDocWebFluxSupportConfiguration'
2025-08-28 08:08:58.372 [restartedMain] DEBUG o.s.b.f.s.DefaultListableBeanFactory - Creating shared instance of singleton bean 'webFluxSupportConverter'
2025-08-28 08:08:58.372 [restartedMain] DEBUG o.s.b.f.s.DefaultListableBeanFactory - Autowiring by type from bean name 'webFluxSupportConverter' via factory method to bean named 'springdocObjectMapperProvider'
2025-08-28 08:08:58.376 [restartedMain] DEBUG o.s.b.f.s.DefaultListableBeanFactory - Creating shared instance of singleton bean 'org.springdoc.core.configuration.SpringDocConfiguration$SpringDocSpringDataWebPropertiesProvider'
2025-08-28 08:08:58.376 [restartedMain] DEBUG o.s.b.f.s.DefaultListableBeanFactory - Creating shared instance of singleton bean 'springDataWebPropertiesProvider'
2025-08-28 08:08:58.378 [restartedMain] DEBUG o.s.b.f.s.DefaultListableBeanFactory - Creating shared instance of singleton bean 'org.springdoc.core.configuration.SpringDocConfiguration$WebConversionServiceConfiguration'
2025-08-28 08:08:58.378 [restartedMain] DEBUG o.s.b.f.s.DefaultListableBeanFactory - Creating shared instance of singleton bean 'webConversionServiceProvider'
2025-08-28 08:08:58.380 [restartedMain] DEBUG o.s.b.f.s.DefaultListableBeanFactory - Creating shared instance of singleton bean 'localSpringDocParameterNameDiscoverer'
2025-08-28 08:08:58.381 [restartedMain] DEBUG o.s.b.f.s.DefaultListableBeanFactory - Creating shared instance of singleton bean 'additionalModelsConverter'
2025-08-28 08:08:58.382 [restartedMain] DEBUG o.s.b.f.s.DefaultListableBeanFactory - Autowiring by type from bean name 'additionalModelsConverter' via factory method to bean named 'springdocObjectMapperProvider'
2025-08-28 08:08:58.383 [restartedMain] DEBUG o.s.b.f.s.DefaultListableBeanFactory - Creating shared instance of singleton bean 'fileSupportConverter'
2025-08-28 08:08:58.383 [restartedMain] DEBUG o.s.b.f.s.DefaultListableBeanFactory - Autowiring by type from bean name 'fileSupportConverter' via factory method to bean named 'springdocObjectMapperProvider'
2025-08-28 08:08:58.385 [restartedMain] DEBUG o.s.b.f.s.DefaultListableBeanFactory - Creating shared instance of singleton bean 'responseSupportConverter'
2025-08-28 08:08:58.385 [restartedMain] DEBUG o.s.b.f.s.DefaultListableBeanFactory - Autowiring by type from bean name 'responseSupportConverter' via factory method to bean named 'springdocObjectMapperProvider'
2025-08-28 08:08:58.386 [restartedMain] DEBUG o.s.b.f.s.DefaultListableBeanFactory - Creating shared instance of singleton bean 'schemaPropertyDeprecatingConverter'
2025-08-28 08:08:58.387 [restartedMain] DEBUG o.s.b.f.s.DefaultListableBeanFactory - Creating shared instance of singleton bean 'polymorphicModelConverter'
2025-08-28 08:08:58.387 [restartedMain] DEBUG o.s.b.f.s.DefaultListableBeanFactory - Autowiring by type from bean name 'polymorphicModelConverter' via factory method to bean named 'springdocObjectMapperProvider'
2025-08-28 08:08:58.389 [restartedMain] DEBUG o.s.b.f.s.DefaultListableBeanFactory - Creating shared instance of singleton bean 'openAPIBuilder'
2025-08-28 08:08:58.393 [restartedMain] DEBUG o.s.b.f.s.DefaultListableBeanFactory - Creating shared instance of singleton bean 'securityParser'
2025-08-28 08:08:58.393 [restartedMain] DEBUG o.s.b.f.s.DefaultListableBeanFactory - Creating shared instance of singleton bean 'propertyResolverUtils'
2025-08-28 08:08:58.394 [restartedMain] DEBUG o.s.b.f.s.DefaultListableBeanFactory - Autowiring by type from bean name 'propertyResolverUtils' via factory method to bean named 'org.springframework.beans.factory.support.DefaultListableBeanFactory@5a88e5d1'
2025-08-28 08:08:58.395 [restartedMain] DEBUG o.s.b.f.s.DefaultListableBeanFactory - Autowiring by type from bean name 'propertyResolverUtils' via factory method to bean named 'messageSource'
2025-08-28 08:08:58.395 [restartedMain] DEBUG o.s.b.f.s.DefaultListableBeanFactory - Autowiring by type from bean name 'propertyResolverUtils' via factory method to bean named 'org.springdoc.core.properties.SpringDocConfigProperties'
2025-08-28 08:08:58.396 [restartedMain] DEBUG o.s.b.f.s.DefaultListableBeanFactory - Autowiring by type from bean name 'securityParser' via factory method to bean named 'propertyResolverUtils'
2025-08-28 08:08:58.402 [restartedMain] DEBUG o.s.b.f.s.DefaultListableBeanFactory - Autowiring by type from bean name 'openAPIBuilder' via factory method to bean named 'securityParser'
2025-08-28 08:08:58.402 [restartedMain] DEBUG o.s.b.f.s.DefaultListableBeanFactory - Autowiring by type from bean name 'openAPIBuilder' via factory method to bean named 'org.springdoc.core.properties.SpringDocConfigProperties'
2025-08-28 08:08:58.402 [restartedMain] DEBUG o.s.b.f.s.DefaultListableBeanFactory - Autowiring by type from bean name 'openAPIBuilder' via factory method to bean named 'propertyResolverUtils'
2025-08-28 08:08:58.410 [restartedMain] DEBUG o.s.b.f.s.DefaultListableBeanFactory - Creating shared instance of singleton bean 'modelConverterRegistrar'
2025-08-28 08:08:58.411 [restartedMain] DEBUG o.s.b.f.s.DefaultListableBeanFactory - Creating shared instance of singleton bean 'oas31ModelConverter'
2025-08-28 08:08:58.412 [restartedMain] DEBUG o.s.b.f.s.DefaultListableBeanFactory - Autowiring by type from bean name 'oas31ModelConverter' via factory method to bean named 'org.springdoc.core.properties.SpringDocConfigProperties'
2025-08-28 08:08:58.412 [restartedMain] DEBUG o.s.b.f.s.DefaultListableBeanFactory - Creating shared instance of singleton bean 'pageableOpenAPIConverter'
2025-08-28 08:08:58.413 [restartedMain] DEBUG o.s.b.f.s.DefaultListableBeanFactory - Creating shared instance of singleton bean 'org.springdoc.core.configuration.SpringDocPageableConfiguration'
2025-08-28 08:08:58.413 [restartedMain] DEBUG o.s.b.f.s.DefaultListableBeanFactory - Autowiring by type from bean name 'pageableOpenAPIConverter' via factory method to bean named 'springdocObjectMapperProvider'
2025-08-28 08:08:58.417 [restartedMain] DEBUG o.s.b.f.s.DefaultListableBeanFactory - Creating shared instance of singleton bean 'pageOpenAPIConverter'
2025-08-28 08:08:58.419 [restartedMain] DEBUG o.s.b.f.s.DefaultListableBeanFactory - Autowiring by type from bean name 'pageOpenAPIConverter' via factory method to bean named 'springdocObjectMapperProvider'
2025-08-28 08:08:58.421 [restartedMain] DEBUG o.s.b.f.s.DefaultListableBeanFactory - Creating shared instance of singleton bean 'sortOpenAPIConverter'
2025-08-28 08:08:58.421 [restartedMain] DEBUG o.s.b.f.s.DefaultListableBeanFactory - Creating shared instance of singleton bean 'org.springdoc.core.configuration.SpringDocSortConfiguration'
2025-08-28 08:08:58.422 [restartedMain] DEBUG o.s.b.f.s.DefaultListableBeanFactory - Autowiring by type from bean name 'sortOpenAPIConverter' via factory method to bean named 'springdocObjectMapperProvider'
2025-08-28 08:08:58.427 [restartedMain] DEBUG o.s.b.f.s.DefaultListableBeanFactory - Autowiring by type from bean name 'modelConverterRegistrar' via factory method to bean named 'org.springdoc.core.properties.SpringDocConfigProperties'
2025-08-28 08:08:58.448 [restartedMain] DEBUG o.s.b.f.s.DefaultListableBeanFactory - Creating shared instance of singleton bean 'operationBuilder'
2025-08-28 08:08:58.448 [restartedMain] DEBUG o.s.b.f.s.DefaultListableBeanFactory - Creating shared instance of singleton bean 'parameterBuilder'
2025-08-28 08:08:58.449 [restartedMain] DEBUG o.s.b.f.s.DefaultListableBeanFactory - Creating shared instance of singleton bean 'parameterObjectNamingStrategyCustomizer'
2025-08-28 08:08:58.450 [restartedMain] DEBUG o.s.b.f.s.DefaultListableBeanFactory - Creating shared instance of singleton bean 'dataRestDelegatingMethodParameterCustomizer'
2025-08-28 08:08:58.456 [restartedMain] DEBUG o.s.b.f.s.DefaultListableBeanFactory - Autowiring by type from bean name 'parameterBuilder' via factory method to bean named 'propertyResolverUtils'
2025-08-28 08:08:58.456 [restartedMain] DEBUG o.s.b.f.s.DefaultListableBeanFactory - Autowiring by type from bean name 'parameterBuilder' via factory method to bean named 'springdocObjectMapperProvider'
2025-08-28 08:08:58.462 [restartedMain] DEBUG o.s.b.f.s.DefaultListableBeanFactory - Creating shared instance of singleton bean 'requestBodyBuilder'
2025-08-28 08:08:58.462 [restartedMain] DEBUG o.s.b.f.s.DefaultListableBeanFactory - Autowiring by type from bean name 'requestBodyBuilder' via factory method to bean named 'parameterBuilder'
2025-08-28 08:08:58.462 [restartedMain] DEBUG o.s.b.f.s.DefaultListableBeanFactory - Autowiring by type from bean name 'requestBodyBuilder' via factory method to bean named 'propertyResolverUtils'
2025-08-28 08:08:58.464 [restartedMain] DEBUG o.s.b.f.s.DefaultListableBeanFactory - Autowiring by type from bean name 'operationBuilder' via factory method to bean named 'parameterBuilder'
2025-08-28 08:08:58.464 [restartedMain] DEBUG o.s.b.f.s.DefaultListableBeanFactory - Autowiring by type from bean name 'operationBuilder' via factory method to bean named 'requestBodyBuilder'
2025-08-28 08:08:58.464 [restartedMain] DEBUG o.s.b.f.s.DefaultListableBeanFactory - Autowiring by type from bean name 'operationBuilder' via factory method to bean named 'securityParser'
2025-08-28 08:08:58.465 [restartedMain] DEBUG o.s.b.f.s.DefaultListableBeanFactory - Autowiring by type from bean name 'operationBuilder' via factory method to bean named 'propertyResolverUtils'
2025-08-28 08:08:58.467 [restartedMain] DEBUG o.s.b.f.s.DefaultListableBeanFactory - Creating shared instance of singleton bean 'springDocProviders'
2025-08-28 08:08:58.470 [restartedMain] DEBUG o.s.b.f.s.DefaultListableBeanFactory - Creating shared instance of singleton bean 'routerFunctionProvider'
2025-08-28 08:08:58.470 [restartedMain] DEBUG o.s.b.f.s.DefaultListableBeanFactory - Creating shared instance of singleton bean 'org.springdoc.webmvc.core.configuration.SpringDocWebMvcConfiguration$SpringDocWebMvcRouterConfiguration'
2025-08-28 08:08:58.473 [restartedMain] DEBUG o.s.b.f.s.DefaultListableBeanFactory - Autowiring by type from bean name 'springDocProviders' via factory method to bean named 'springdocObjectMapperProvider'
2025-08-28 08:08:58.479 [restartedMain] DEBUG o.s.b.f.s.DefaultListableBeanFactory - Creating shared instance of singleton bean 'springDocCustomizers'
2025-08-28 08:08:58.481 [restartedMain] DEBUG o.s.b.f.s.DefaultListableBeanFactory - Creating shared instance of singleton bean 'globalOpenApiCustomizer'
2025-08-28 08:08:58.490 [restartedMain] DEBUG o.s.b.f.s.DefaultListableBeanFactory - Creating shared instance of singleton bean 'org.springdoc.core.configuration.SpringDocSecurityConfiguration$SpringSecurityLoginEndpointConfiguration'
2025-08-28 08:08:58.492 [restartedMain] DEBUG o.s.b.f.s.DefaultListableBeanFactory - Creating shared instance of singleton bean 'org.springdoc.core.configuration.SpringDocSecurityConfiguration'
2025-08-28 08:08:58.502 [restartedMain] DEBUG o.s.b.f.s.DefaultListableBeanFactory - Autowiring by type from bean name 'org.springdoc.core.configuration.SpringDocSecurityConfiguration$SpringSecurityLoginEndpointConfiguration' via constructor to bean named 'org.springdoc.core.configuration.SpringDocSecurityConfiguration'
2025-08-28 08:08:58.503 [restartedMain] DEBUG o.s.b.f.s.DefaultListableBeanFactory - Creating shared instance of singleton bean 'openApiResource'
2025-08-28 08:08:58.503 [restartedMain] DEBUG o.s.b.f.s.DefaultListableBeanFactory - Creating shared instance of singleton bean 'requestBuilder'
2025-08-28 08:08:58.505 [restartedMain] DEBUG o.s.b.f.s.DefaultListableBeanFactory - Autowiring by type from bean name 'requestBuilder' via factory method to bean named 'parameterBuilder'
2025-08-28 08:08:58.505 [restartedMain] DEBUG o.s.b.f.s.DefaultListableBeanFactory - Autowiring by type from bean name 'requestBuilder' via factory method to bean named 'requestBodyBuilder'
2025-08-28 08:08:58.505 [restartedMain] DEBUG o.s.b.f.s.DefaultListableBeanFactory - Autowiring by type from bean name 'requestBuilder' via factory method to bean named 'localSpringDocParameterNameDiscoverer'
2025-08-28 08:08:58.510 [restartedMain] DEBUG o.s.b.f.s.DefaultListableBeanFactory - Creating shared instance of singleton bean 'responseBuilder'
2025-08-28 08:08:58.511 [restartedMain] DEBUG o.s.b.f.s.DefaultListableBeanFactory - Autowiring by type from bean name 'responseBuilder' via factory method to bean named 'operationBuilder'
2025-08-28 08:08:58.511 [restartedMain] DEBUG o.s.b.f.s.DefaultListableBeanFactory - Autowiring by type from bean name 'responseBuilder' via factory method to bean named 'org.springdoc.core.properties.SpringDocConfigProperties'
2025-08-28 08:08:58.511 [restartedMain] DEBUG o.s.b.f.s.DefaultListableBeanFactory - Autowiring by type from bean name 'responseBuilder' via factory method to bean named 'propertyResolverUtils'
2025-08-28 08:08:58.522 [restartedMain] DEBUG o.s.b.f.s.DefaultListableBeanFactory - Autowiring by type from bean name 'openApiResource' via factory method to bean named 'requestBuilder'
2025-08-28 08:08:58.522 [restartedMain] DEBUG o.s.b.f.s.DefaultListableBeanFactory - Autowiring by type from bean name 'openApiResource' via factory method to bean named 'responseBuilder'
2025-08-28 08:08:58.522 [restartedMain] DEBUG o.s.b.f.s.DefaultListableBeanFactory - Autowiring by type from bean name 'openApiResource' via factory method to bean named 'operationBuilder'
2025-08-28 08:08:58.522 [restartedMain] DEBUG o.s.b.f.s.DefaultListableBeanFactory - Autowiring by type from bean name 'openApiResource' via factory method to bean named 'org.springdoc.core.properties.SpringDocConfigProperties'
2025-08-28 08:08:58.522 [restartedMain] DEBUG o.s.b.f.s.DefaultListableBeanFactory - Autowiring by type from bean name 'openApiResource' via factory method to bean named 'springDocProviders'
2025-08-28 08:08:58.523 [restartedMain] DEBUG o.s.b.f.s.DefaultListableBeanFactory - Autowiring by type from bean name 'openApiResource' via factory method to bean named 'springDocCustomizers'
2025-08-28 08:08:58.528 [restartedMain] DEBUG o.s.b.f.s.DefaultListableBeanFactory - Creating shared instance of singleton bean 'swaggerConfigResource'
2025-08-28 08:08:58.529 [restartedMain] DEBUG o.s.b.f.s.DefaultListableBeanFactory - Autowiring by type from bean name 'swaggerConfigResource' via factory method to bean named 'swaggerWelcome'
2025-08-28 08:08:58.529 [restartedMain] DEBUG o.s.b.f.s.DefaultListableBeanFactory - Creating shared instance of singleton bean 'org.springframework.boot.autoconfigure.aop.AopAutoConfiguration$AspectJAutoProxyingConfiguration$CglibAutoProxyConfiguration'
2025-08-28 08:08:58.530 [restartedMain] DEBUG o.s.b.f.s.DefaultListableBeanFactory - Creating shared instance of singleton bean 'org.springframework.boot.autoconfigure.aop.AopAutoConfiguration$AspectJAutoProxyingConfiguration'
2025-08-28 08:08:58.531 [restartedMain] DEBUG o.s.b.f.s.DefaultListableBeanFactory - Creating shared instance of singleton bean 'org.springframework.boot.autoconfigure.aop.AopAutoConfiguration'
2025-08-28 08:08:58.531 [restartedMain] DEBUG o.s.b.f.s.DefaultListableBeanFactory - Creating shared instance of singleton bean 'org.springframework.boot.autoconfigure.availability.ApplicationAvailabilityAutoConfiguration'
2025-08-28 08:08:58.531 [restartedMain] DEBUG o.s.b.f.s.DefaultListableBeanFactory - Creating shared instance of singleton bean 'applicationAvailability'
2025-08-28 08:08:58.535 [restartedMain] DEBUG o.s.b.f.s.DefaultListableBeanFactory - Creating shared instance of singleton bean 'org.springframework.boot.autoconfigure.transaction.jta.JtaAutoConfiguration'
2025-08-28 08:08:58.536 [restartedMain] DEBUG o.s.b.f.s.DefaultListableBeanFactory - Creating shared instance of singleton bean 'org.springframework.boot.autoconfigure.jdbc.DataSourceJmxConfiguration$Hikari'
2025-08-28 08:08:58.537 [restartedMain] DEBUG o.s.b.f.s.DefaultListableBeanFactory - Autowiring by type from bean name 'org.springframework.boot.autoconfigure.jdbc.DataSourceJmxConfiguration$Hikari' via constructor to bean named 'dataSource'
2025-08-28 08:08:58.538 [restartedMain] DEBUG o.s.b.f.s.DefaultListableBeanFactory - Creating shared instance of singleton bean 'org.springframework.boot.autoconfigure.jdbc.DataSourceJmxConfiguration'
2025-08-28 08:08:58.538 [restartedMain] DEBUG o.s.b.f.s.DefaultListableBeanFactory - Creating shared instance of singleton bean 'org.springframework.boot.autoconfigure.jdbc.metadata.DataSourcePoolMetadataProvidersConfiguration'
2025-08-28 08:08:58.539 [restartedMain] DEBUG o.s.b.f.s.DefaultListableBeanFactory - Creating shared instance of singleton bean 'org.springframework.boot.autoconfigure.jdbc.DataSourceAutoConfiguration'
2025-08-28 08:08:58.539 [restartedMain] DEBUG o.s.b.f.s.DefaultListableBeanFactory - Creating shared instance of singleton bean 'org.springframework.boot.autoconfigure.transaction.TransactionManagerCustomizationAutoConfiguration'
2025-08-28 08:08:58.540 [restartedMain] DEBUG o.s.b.f.s.DefaultListableBeanFactory - Creating shared instance of singleton bean 'platformTransactionManagerCustomizers'
2025-08-28 08:08:58.542 [restartedMain] DEBUG o.s.b.f.s.DefaultListableBeanFactory - Creating shared instance of singleton bean 'transactionExecutionListeners'
2025-08-28 08:08:58.544 [restartedMain] DEBUG o.s.b.f.s.DefaultListableBeanFactory - Creating shared instance of singleton bean 'spring.transaction-org.springframework.boot.autoconfigure.transaction.TransactionProperties'
2025-08-28 08:08:58.547 [restartedMain] DEBUG o.s.b.f.s.DefaultListableBeanFactory - Creating shared instance of singleton bean 'org.springframework.boot.autoconfigure.orm.jpa.JpaBaseConfiguration$PersistenceManagedTypesConfiguration'
2025-08-28 08:08:58.547 [restartedMain] DEBUG o.s.b.f.s.DefaultListableBeanFactory - Creating shared instance of singleton bean 'transactionManager'
2025-08-28 08:08:58.562 [restartedMain] DEBUG o.s.b.f.s.DefaultListableBeanFactory - Creating shared instance of singleton bean 'org.springframework.boot.autoconfigure.orm.jpa.HibernateJpaAutoConfiguration'
2025-08-28 08:08:58.563 [restartedMain] DEBUG o.s.b.f.s.DefaultListableBeanFactory - Creating shared instance of singleton bean 'org.springframework.boot.autoconfigure.context.ConfigurationPropertiesAutoConfiguration'
2025-08-28 08:08:58.564 [restartedMain] DEBUG o.s.b.f.s.DefaultListableBeanFactory - Creating shared instance of singleton bean 'org.springframework.boot.autoconfigure.context.LifecycleAutoConfiguration'
2025-08-28 08:08:58.564 [restartedMain] DEBUG o.s.b.f.s.DefaultListableBeanFactory - Creating shared instance of singleton bean 'lifecycleProcessor'
2025-08-28 08:08:58.565 [restartedMain] DEBUG o.s.b.f.s.DefaultListableBeanFactory - Creating shared instance of singleton bean 'spring.lifecycle-org.springframework.boot.autoconfigure.context.LifecycleProperties'
2025-08-28 08:08:58.567 [restartedMain] DEBUG o.s.b.f.s.DefaultListableBeanFactory - Autowiring by type from bean name 'lifecycleProcessor' via factory method to bean named 'spring.lifecycle-org.springframework.boot.autoconfigure.context.LifecycleProperties'
2025-08-28 08:08:58.570 [restartedMain] DEBUG o.s.b.f.s.DefaultListableBeanFactory - Creating shared instance of singleton bean 'org.springframework.boot.autoconfigure.dao.PersistenceExceptionTranslationAutoConfiguration'
2025-08-28 08:08:58.571 [restartedMain] DEBUG o.s.b.f.s.DefaultListableBeanFactory - Creating shared instance of singleton bean 'org.springframework.boot.autoconfigure.data.jpa.JpaRepositoriesAutoConfiguration'
2025-08-28 08:08:58.572 [restartedMain] DEBUG o.s.b.f.s.DefaultListableBeanFactory - Creating shared instance of singleton bean 'org.springframework.data.jpa.util.JpaMetamodelCacheCleanup'
2025-08-28 08:08:58.572 [restartedMain] DEBUG o.s.b.f.s.DefaultListableBeanFactory - Creating shared instance of singleton bean 'org.springframework.data.jpa.repository.support.JpaEvaluationContextExtension'
2025-08-28 08:08:58.575 [restartedMain] DEBUG o.s.b.f.s.DefaultListableBeanFactory - Creating shared instance of singleton bean 'data-jpa.repository-aot-processor#0'
2025-08-28 08:08:58.583 [restartedMain] DEBUG o.s.b.f.s.DefaultListableBeanFactory - Creating shared instance of singleton bean 'org.springframework.boot.autoconfigure.http.JacksonHttpMessageConvertersConfiguration'
2025-08-28 08:08:58.584 [restartedMain] DEBUG o.s.b.f.s.DefaultListableBeanFactory - Creating shared instance of singleton bean 'org.springframework.data.web.config.ProjectingArgumentResolverRegistrar'
2025-08-28 08:08:58.584 [restartedMain] DEBUG o.s.b.f.s.DefaultListableBeanFactory - Creating shared instance of singleton bean 'offsetResolver'
2025-08-28 08:08:58.588 [restartedMain] DEBUG o.s.b.f.s.DefaultListableBeanFactory - Creating shared instance of singleton bean 'org.springframework.boot.autoconfigure.jdbc.JdbcTemplateConfiguration'
2025-08-28 08:08:58.588 [restartedMain] DEBUG o.s.b.f.s.DefaultListableBeanFactory - Creating shared instance of singleton bean 'jdbcTemplate'
2025-08-28 08:08:58.589 [restartedMain] DEBUG o.s.b.f.s.DefaultListableBeanFactory - Creating shared instance of singleton bean 'spring.jdbc-org.springframework.boot.autoconfigure.jdbc.JdbcProperties'
2025-08-28 08:08:58.591 [restartedMain] DEBUG o.s.b.f.s.DefaultListableBeanFactory - Autowiring by type from bean name 'jdbcTemplate' via factory method to bean named 'dataSource'
2025-08-28 08:08:58.591 [restartedMain] DEBUG o.s.b.f.s.DefaultListableBeanFactory - Autowiring by type from bean name 'jdbcTemplate' via factory method to bean named 'spring.jdbc-org.springframework.boot.autoconfigure.jdbc.JdbcProperties'
2025-08-28 08:08:58.602 [restartedMain] DEBUG o.s.b.f.s.DefaultListableBeanFactory - Creating shared instance of singleton bean 'org.springframework.boot.autoconfigure.jdbc.NamedParameterJdbcTemplateConfiguration'
2025-08-28 08:08:58.603 [restartedMain] DEBUG o.s.b.f.s.DefaultListableBeanFactory - Creating shared instance of singleton bean 'namedParameterJdbcTemplate'
2025-08-28 08:08:58.603 [restartedMain] DEBUG o.s.b.f.s.DefaultListableBeanFactory - Autowiring by type from bean name 'namedParameterJdbcTemplate' via factory method to bean named 'jdbcTemplate'
2025-08-28 08:08:58.609 [restartedMain] DEBUG o.s.b.f.s.DefaultListableBeanFactory - Creating shared instance of singleton bean 'org.springframework.boot.autoconfigure.jdbc.JdbcTemplateAutoConfiguration'
2025-08-28 08:08:58.610 [restartedMain] DEBUG o.s.b.f.s.DefaultListableBeanFactory - Creating shared instance of singleton bean 'flywayDefaultDdlModeProvider'
2025-08-28 08:08:58.611 [restartedMain] DEBUG o.s.b.f.s.DefaultListableBeanFactory - Creating shared instance of singleton bean 'org.springframework.boot.autoconfigure.http.client.HttpClientAutoConfiguration'
2025-08-28 08:08:58.612 [restartedMain] DEBUG o.s.b.f.s.DefaultListableBeanFactory - Creating shared instance of singleton bean 'clientHttpRequestFactoryBuilder'
2025-08-28 08:08:58.612 [restartedMain] DEBUG o.s.b.f.s.DefaultListableBeanFactory - Creating shared instance of singleton bean 'spring.http.client-org.springframework.boot.autoconfigure.http.client.HttpClientProperties'
2025-08-28 08:08:58.615 [restartedMain] DEBUG o.s.b.f.s.DefaultListableBeanFactory - Autowiring by type from bean name 'clientHttpRequestFactoryBuilder' via factory method to bean named 'spring.http.client-org.springframework.boot.autoconfigure.http.client.HttpClientProperties'
2025-08-28 08:08:58.627 [restartedMain] DEBUG o.s.b.f.s.DefaultListableBeanFactory - Creating shared instance of singleton bean 'clientHttpRequestFactorySettings'
2025-08-28 08:08:58.627 [restartedMain] DEBUG o.s.b.f.s.DefaultListableBeanFactory - Autowiring by type from bean name 'clientHttpRequestFactorySettings' via factory method to bean named 'spring.http.client-org.springframework.boot.autoconfigure.http.client.HttpClientProperties'
2025-08-28 08:08:58.631 [restartedMain] DEBUG o.s.b.f.s.DefaultListableBeanFactory - Creating shared instance of singleton bean 'org.springframework.boot.autoconfigure.info.ProjectInfoAutoConfiguration'
2025-08-28 08:08:58.635 [restartedMain] DEBUG o.s.b.f.s.DefaultListableBeanFactory - Creating shared instance of singleton bean 'spring.info-org.springframework.boot.autoconfigure.info.ProjectInfoProperties'
2025-08-28 08:08:58.636 [restartedMain] DEBUG o.s.b.f.s.DefaultListableBeanFactory - Autowiring by type from bean name 'org.springframework.boot.autoconfigure.info.ProjectInfoAutoConfiguration' via constructor to bean named 'spring.info-org.springframework.boot.autoconfigure.info.ProjectInfoProperties'
2025-08-28 08:08:58.637 [restartedMain] DEBUG o.s.b.f.s.DefaultListableBeanFactory - Creating shared instance of singleton bean 'org.springframework.boot.autoconfigure.jdbc.JdbcClientAutoConfiguration'
2025-08-28 08:08:58.637 [restartedMain] DEBUG o.s.b.f.s.DefaultListableBeanFactory - Creating shared instance of singleton bean 'jdbcClient'
2025-08-28 08:08:58.638 [restartedMain] DEBUG o.s.b.f.s.DefaultListableBeanFactory - Autowiring by type from bean name 'jdbcClient' via factory method to bean named 'namedParameterJdbcTemplate'
2025-08-28 08:08:58.641 [restartedMain] DEBUG o.s.b.f.s.DefaultListableBeanFactory - Creating shared instance of singleton bean 'org.springframework.boot.autoconfigure.netty.NettyAutoConfiguration'
2025-08-28 08:08:58.642 [restartedMain] DEBUG o.s.b.f.s.DefaultListableBeanFactory - Creating shared instance of singleton bean 'spring.netty-org.springframework.boot.autoconfigure.netty.NettyProperties'
2025-08-28 08:08:58.643 [restartedMain] DEBUG o.s.b.f.s.DefaultListableBeanFactory - Autowiring by type from bean name 'org.springframework.boot.autoconfigure.netty.NettyAutoConfiguration' via constructor to bean named 'spring.netty-org.springframework.boot.autoconfigure.netty.NettyProperties'
2025-08-28 08:08:58.643 [restartedMain] DEBUG o.s.b.f.s.DefaultListableBeanFactory - Creating shared instance of singleton bean 'org.springframework.boot.autoconfigure.reactor.ReactorAutoConfiguration'
2025-08-28 08:08:58.645 [restartedMain] DEBUG o.s.b.f.s.DefaultListableBeanFactory - Creating shared instance of singleton bean 'spring.reactor-org.springframework.boot.autoconfigure.reactor.ReactorProperties'
2025-08-28 08:08:58.646 [restartedMain] DEBUG o.s.b.f.s.DefaultListableBeanFactory - Autowiring by type from bean name 'org.springframework.boot.autoconfigure.reactor.ReactorAutoConfiguration' via constructor to bean named 'spring.reactor-org.springframework.boot.autoconfigure.reactor.ReactorProperties'
2025-08-28 08:08:58.646 [restartedMain] DEBUG o.s.b.f.s.DefaultListableBeanFactory - Creating shared instance of singleton bean 'org.springframework.boot.autoconfigure.security.oauth2.resource.servlet.OAuth2ResourceServerJwtConfiguration$JwtDecoderConfiguration'
2025-08-28 08:08:58.653 [restartedMain] DEBUG o.s.b.f.s.DefaultListableBeanFactory - Creating shared instance of singleton bean 'spring.security.oauth2.resourceserver-org.springframework.boot.autoconfigure.security.oauth2.resource.OAuth2ResourceServerProperties'
2025-08-28 08:08:58.655 [restartedMain] DEBUG o.s.b.f.s.DefaultListableBeanFactory - Autowiring by type from bean name 'org.springframework.boot.autoconfigure.security.oauth2.resource.servlet.OAuth2ResourceServerJwtConfiguration$JwtDecoderConfiguration' via constructor to bean named 'spring.security.oauth2.resourceserver-org.springframework.boot.autoconfigure.security.oauth2.resource.OAuth2ResourceServerProperties'
2025-08-28 08:08:58.656 [restartedMain] DEBUG o.s.b.f.s.DefaultListableBeanFactory - Creating shared instance of singleton bean 'org.springframework.boot.autoconfigure.security.oauth2.resource.servlet.Oauth2ResourceServerConfiguration$JwtConfiguration'
2025-08-28 08:08:58.657 [restartedMain] DEBUG o.s.b.f.s.DefaultListableBeanFactory - Creating shared instance of singleton bean 'org.springframework.boot.autoconfigure.security.oauth2.resource.servlet.OAuth2ResourceServerOpaqueTokenConfiguration$OpaqueTokenIntrospectionClientConfiguration'
2025-08-28 08:08:58.660 [restartedMain] DEBUG o.s.b.f.s.DefaultListableBeanFactory - Creating shared instance of singleton bean 'org.springframework.boot.autoconfigure.security.oauth2.resource.servlet.Oauth2ResourceServerConfiguration$OpaqueTokenConfiguration'
2025-08-28 08:08:58.661 [restartedMain] DEBUG o.s.b.f.s.DefaultListableBeanFactory - Creating shared instance of singleton bean 'org.springframework.boot.autoconfigure.security.oauth2.resource.servlet.OAuth2ResourceServerAutoConfiguration'
2025-08-28 08:08:58.661 [restartedMain] DEBUG o.s.b.f.s.DefaultListableBeanFactory - Creating shared instance of singleton bean 'org.springframework.boot.autoconfigure.security.reactive.ReactiveSecurityAutoConfiguration'
2025-08-28 08:08:58.661 [restartedMain] DEBUG o.s.b.f.s.DefaultListableBeanFactory - Creating shared instance of singleton bean 'org.springframework.boot.autoconfigure.security.servlet.SpringBootWebSecurityConfiguration'
2025-08-28 08:08:58.662 [restartedMain] DEBUG o.s.b.f.s.DefaultListableBeanFactory - Creating shared instance of singleton bean 'org.springframework.boot.autoconfigure.sql.init.SqlInitializationAutoConfiguration'
2025-08-28 08:08:58.662 [restartedMain] DEBUG o.s.b.f.s.DefaultListableBeanFactory - Creating shared instance of singleton bean 'org.springframework.boot.autoconfigure.task.TaskSchedulingConfigurations$ThreadPoolTaskSchedulerBuilderConfiguration'
2025-08-28 08:08:58.662 [restartedMain] DEBUG o.s.b.f.s.DefaultListableBeanFactory - Creating shared instance of singleton bean 'threadPoolTaskSchedulerBuilder'
2025-08-28 08:08:58.664 [restartedMain] DEBUG o.s.b.f.s.DefaultListableBeanFactory - Creating shared instance of singleton bean 'spring.task.scheduling-org.springframework.boot.autoconfigure.task.TaskSchedulingProperties'
2025-08-28 08:08:58.666 [restartedMain] DEBUG o.s.b.f.s.DefaultListableBeanFactory - Autowiring by type from bean name 'threadPoolTaskSchedulerBuilder' via factory method to bean named 'spring.task.scheduling-org.springframework.boot.autoconfigure.task.TaskSchedulingProperties'
2025-08-28 08:08:58.676 [restartedMain] DEBUG o.s.b.f.s.DefaultListableBeanFactory - Creating shared instance of singleton bean 'org.springframework.boot.autoconfigure.task.TaskSchedulingConfigurations$SimpleAsyncTaskSchedulerBuilderConfiguration'
2025-08-28 08:08:58.677 [restartedMain] DEBUG o.s.b.f.s.DefaultListableBeanFactory - Autowiring by type from bean name 'org.springframework.boot.autoconfigure.task.TaskSchedulingConfigurations$SimpleAsyncTaskSchedulerBuilderConfiguration' via constructor to bean named 'spring.task.scheduling-org.springframework.boot.autoconfigure.task.TaskSchedulingProperties'
2025-08-28 08:08:58.678 [restartedMain] DEBUG o.s.b.f.s.DefaultListableBeanFactory - Creating shared instance of singleton bean 'simpleAsyncTaskSchedulerBuilder'
2025-08-28 08:08:58.682 [restartedMain] DEBUG o.s.b.f.s.DefaultListableBeanFactory - Creating shared instance of singleton bean 'org.springframework.boot.autoconfigure.task.TaskSchedulingAutoConfiguration'
2025-08-28 08:08:58.685 [restartedMain] DEBUG o.s.b.f.s.DefaultListableBeanFactory - Creating shared instance of singleton bean 'org.springframework.boot.autoconfigure.jdbc.DataSourceTransactionManagerAutoConfiguration$JdbcTransactionManagerConfiguration'
2025-08-28 08:08:58.687 [restartedMain] DEBUG o.s.b.f.s.DefaultListableBeanFactory - Creating shared instance of singleton bean 'org.springframework.boot.autoconfigure.jdbc.DataSourceTransactionManagerAutoConfiguration'
2025-08-28 08:08:58.687 [restartedMain] DEBUG o.s.b.f.s.DefaultListableBeanFactory - Creating shared instance of singleton bean 'org.springframework.boot.autoconfigure.transaction.TransactionAutoConfiguration$EnableTransactionManagementConfiguration$CglibAutoProxyConfiguration'
2025-08-28 08:08:58.688 [restartedMain] DEBUG o.s.b.f.s.DefaultListableBeanFactory - Creating shared instance of singleton bean 'org.springframework.boot.autoconfigure.transaction.TransactionAutoConfiguration$EnableTransactionManagementConfiguration'
2025-08-28 08:08:58.689 [restartedMain] DEBUG o.s.b.f.s.DefaultListableBeanFactory - Creating shared instance of singleton bean 'org.springframework.boot.autoconfigure.transaction.TransactionAutoConfiguration$TransactionTemplateConfiguration'
2025-08-28 08:08:58.689 [restartedMain] DEBUG o.s.b.f.s.DefaultListableBeanFactory - Creating shared instance of singleton bean 'transactionTemplate'
2025-08-28 08:08:58.689 [restartedMain] DEBUG o.s.b.f.s.DefaultListableBeanFactory - Autowiring by type from bean name 'transactionTemplate' via factory method to bean named 'transactionManager'
2025-08-28 08:08:58.692 [restartedMain] DEBUG o.s.b.f.s.DefaultListableBeanFactory - Creating shared instance of singleton bean 'org.springframework.boot.autoconfigure.transaction.TransactionAutoConfiguration'
2025-08-28 08:08:58.693 [restartedMain] DEBUG o.s.b.f.s.DefaultListableBeanFactory - Creating shared instance of singleton bean 'org.springframework.boot.autoconfigure.web.client.RestClientAutoConfiguration'
2025-08-28 08:08:58.694 [restartedMain] DEBUG o.s.b.f.s.DefaultListableBeanFactory - Creating shared instance of singleton bean 'httpMessageConvertersRestClientCustomizer'
2025-08-28 08:08:58.695 [restartedMain] DEBUG o.s.b.f.s.DefaultListableBeanFactory - Creating shared instance of singleton bean 'restClientSsl'
2025-08-28 08:08:58.696 [restartedMain] DEBUG o.s.b.f.s.DefaultListableBeanFactory - Autowiring by type from bean name 'restClientSsl' via factory method to bean named 'sslBundleRegistry'
2025-08-28 08:08:58.697 [restartedMain] DEBUG o.s.b.f.s.DefaultListableBeanFactory - Creating shared instance of singleton bean 'restClientBuilderConfigurer'
2025-08-28 08:08:58.699 [restartedMain] DEBUG o.s.b.f.s.DefaultListableBeanFactory - Creating shared instance of singleton bean 'org.springframework.boot.autoconfigure.web.client.RestTemplateAutoConfiguration'
2025-08-28 08:08:58.700 [restartedMain] DEBUG o.s.b.f.s.DefaultListableBeanFactory - Creating shared instance of singleton bean 'org.springframework.boot.autoconfigure.web.embedded.EmbeddedWebServerFactoryCustomizerAutoConfiguration'
2025-08-28 08:08:58.700 [restartedMain] DEBUG o.s.b.f.s.DefaultListableBeanFactory - Creating shared instance of singleton bean 'webClientSsl'
2025-08-28 08:08:58.701 [restartedMain] DEBUG o.s.b.f.s.DefaultListableBeanFactory - Autowiring by type from bean name 'webClientSsl' via factory method to bean named 'reactorClientHttpConnectorFactory'
2025-08-28 08:08:58.701 [restartedMain] DEBUG o.s.b.f.s.DefaultListableBeanFactory - Autowiring by type from bean name 'webClientSsl' via factory method to bean named 'sslBundleRegistry'
2025-08-28 08:08:58.702 [restartedMain] DEBUG o.s.b.f.s.DefaultListableBeanFactory - Creating shared instance of singleton bean 'multipartResolver'
2025-08-28 08:08:58.704 [restartedMain] DEBUG o.s.b.f.s.DefaultListableBeanFactory - Creating shared instance of singleton bean 'org.springframework.boot.devtools.autoconfigure.LocalDevToolsAutoConfiguration$RestartConfiguration'
2025-08-28 08:08:58.705 [restartedMain] DEBUG o.s.b.f.s.DefaultListableBeanFactory - Creating shared instance of singleton bean 'spring.devtools-org.springframework.boot.devtools.autoconfigure.DevToolsProperties'
2025-08-28 08:08:58.709 [restartedMain] DEBUG o.s.b.f.s.DefaultListableBeanFactory - Autowiring by type from bean name 'org.springframework.boot.devtools.autoconfigure.LocalDevToolsAutoConfiguration$RestartConfiguration' via constructor to bean named 'spring.devtools-org.springframework.boot.devtools.autoconfigure.DevToolsProperties'
2025-08-28 08:08:58.710 [restartedMain] DEBUG o.s.b.f.s.DefaultListableBeanFactory - Creating shared instance of singleton bean 'restartingClassPathChangedEventListener'
2025-08-28 08:08:58.710 [restartedMain] DEBUG o.s.b.f.s.DefaultListableBeanFactory - Creating shared instance of singleton bean 'fileSystemWatcherFactory'
2025-08-28 08:08:58.711 [restartedMain] DEBUG o.s.b.f.s.DefaultListableBeanFactory - Autowiring by type from bean name 'restartingClassPathChangedEventListener' via factory method to bean named 'fileSystemWatcherFactory'
2025-08-28 08:08:58.714 [restartedMain] DEBUG o.s.b.f.s.DefaultListableBeanFactory - Creating shared instance of singleton bean 'classPathFileSystemWatcher'
2025-08-28 08:08:58.716 [restartedMain] DEBUG o.s.b.f.s.DefaultListableBeanFactory - Creating shared instance of singleton bean 'classPathRestartStrategy'
2025-08-28 08:08:58.719 [restartedMain] DEBUG o.s.b.f.s.DefaultListableBeanFactory - Autowiring by type from bean name 'classPathFileSystemWatcher' via factory method to bean named 'fileSystemWatcherFactory'
2025-08-28 08:08:58.719 [restartedMain] DEBUG o.s.b.f.s.DefaultListableBeanFactory - Autowiring by type from bean name 'classPathFileSystemWatcher' via factory method to bean named 'classPathRestartStrategy'
2025-08-28 08:08:58.756 [restartedMain] DEBUG o.s.b.f.s.DefaultListableBeanFactory - Creating shared instance of singleton bean 'conditionEvaluationDeltaLoggingListener'
2025-08-28 08:08:58.757 [restartedMain] DEBUG o.s.b.f.s.DefaultListableBeanFactory - Creating shared instance of singleton bean 'org.springframework.boot.devtools.autoconfigure.LocalDevToolsAutoConfiguration$LiveReloadConfiguration'
2025-08-28 08:08:58.758 [restartedMain] DEBUG o.s.b.f.s.DefaultListableBeanFactory - Creating shared instance of singleton bean 'optionalLiveReloadServer'
2025-08-28 08:08:58.759 [restartedMain] DEBUG o.s.b.f.s.DefaultListableBeanFactory - Autowiring by type from bean name 'liveReloadServer' via factory method to bean named 'spring.devtools-org.springframework.boot.devtools.autoconfigure.DevToolsProperties'
2025-08-28 08:08:58.761 [restartedMain] DEBUG o.s.b.f.s.DefaultListableBeanFactory - Autowiring by type from bean name 'optionalLiveReloadServer' via factory method to bean named 'liveReloadServer'
2025-08-28 08:08:58.762 [restartedMain] DEBUG o.s.b.d.livereload.LiveReloadServer - Starting live reload server on port 35729
2025-08-28 08:08:58.765 [restartedMain] INFO  o.s.b.d.a.OptionalLiveReloadServer - LiveReload server is running on port 35729
2025-08-28 08:08:58.765 [restartedMain] DEBUG o.s.b.f.s.DefaultListableBeanFactory - Creating shared instance of singleton bean 'liveReloadServerEventListener'
2025-08-28 08:08:58.766 [restartedMain] DEBUG o.s.b.f.s.DefaultListableBeanFactory - Autowiring by type from bean name 'liveReloadServerEventListener' via factory method to bean named 'optionalLiveReloadServer'
2025-08-28 08:08:58.767 [restartedMain] DEBUG o.s.b.f.s.DefaultListableBeanFactory - Creating shared instance of singleton bean 'org.springframework.boot.devtools.autoconfigure.LocalDevToolsAutoConfiguration'
2025-08-28 08:08:58.790 [restartedMain] DEBUG o.s.c.s.DefaultLifecycleProcessor - Starting beans in phase -2147483647
2025-08-28 08:08:58.790 [restartedMain] DEBUG o.s.c.s.DefaultLifecycleProcessor - Successfully started bean 'springBootLoggingLifecycle'
2025-08-28 08:08:58.790 [restartedMain] DEBUG o.s.c.s.DefaultLifecycleProcessor - Starting beans in phase 0
2025-08-28 08:08:58.811 [restartedMain] DEBUG o.s.c.s.DefaultLifecycleProcessor - Successfully started bean 'reactorResourceFactory'
2025-08-28 08:08:58.811 [restartedMain] DEBUG o.s.c.s.DefaultLifecycleProcessor - Starting beans in phase 1
2025-08-28 08:08:59.168 [restartedMain] DEBUG o.s.c.s.DefaultLifecycleProcessor - Successfully started bean 'webClientHttpConnector'
2025-08-28 08:08:59.168 [restartedMain] DEBUG o.s.c.s.DefaultLifecycleProcessor - Starting beans in phase 1073741823
2025-08-28 08:08:59.168 [restartedMain] DEBUG o.s.c.s.DefaultLifecycleProcessor - Starting beans in phase 2147481599
2025-08-28 08:08:59.169 [restartedMain] INFO  o.a.coyote.http11.Http11NioProtocol - Starting ProtocolHandler ["http-nio-8080"]
2025-08-28 08:08:59.192 [restartedMain] INFO  o.s.b.w.e.tomcat.TomcatWebServer - Tomcat started on port 8080 (http) with context path '/'
2025-08-28 08:08:59.194 [restartedMain] DEBUG o.s.c.s.DefaultLifecycleProcessor - Successfully started bean 'webServerStartStop'
2025-08-28 08:08:59.196 [restartedMain] DEBUG o.s.c.s.DefaultLifecycleProcessor - Starting beans in phase 2147482623
2025-08-28 08:08:59.197 [restartedMain] DEBUG o.s.c.s.DefaultLifecycleProcessor - Successfully started bean 'webServerGracefulShutdown'
2025-08-28 08:08:59.229 [restartedMain] DEBUG o.s.b.a.l.ConditionEvaluationReportLogger - 


============================
CONDITIONS EVALUATION REPORT
============================


Positive matches:
-----------------

   AopAutoConfiguration matched:
      - @ConditionalOnProperty (spring.aop.auto=true) matched (OnPropertyCondition)

   AopAutoConfiguration.AspectJAutoProxyingConfiguration matched:
      - @ConditionalOnClass found required class 'org.aspectj.weaver.Advice' (OnClassCondition)

   AopAutoConfiguration.AspectJAutoProxyingConfiguration.CglibAutoProxyConfiguration matched:
      - @ConditionalOnProperty (spring.aop.proxy-target-class=true) matched (OnPropertyCondition)

   ApplicationAvailabilityAutoConfiguration#applicationAvailability matched:
      - @ConditionalOnMissingBean (types: org.springframework.boot.availability.ApplicationAvailability; SearchStrategy: all) did not find any beans (OnBeanCondition)

   ClientHttpConnectorAutoConfiguration matched:
      - @ConditionalOnClass found required class 'org.springframework.web.reactive.function.client.WebClient' (OnClassCondition)

   ClientHttpConnectorAutoConfiguration#webClientHttpConnector matched:
      - @ConditionalOnMissingBean (types: org.springframework.http.client.reactive.ClientHttpConnector; SearchStrategy: all) did not find any beans (OnBeanCondition)

   ClientHttpConnectorAutoConfiguration#webClientHttpConnectorCustomizer matched:
      - @ConditionalOnBean (types: org.springframework.http.client.reactive.ClientHttpConnector; SearchStrategy: all) found bean 'webClientHttpConnector' (OnBeanCondition)

   ClientHttpConnectorFactoryConfiguration.ReactorNetty matched:
      - @ConditionalOnClass found required class 'reactor.netty.http.client.HttpClient' (OnClassCondition)
      - @ConditionalOnMissingBean (types: org.springframework.boot.autoconfigure.web.reactive.function.client.ClientHttpConnectorFactory; SearchStrategy: all) did not find any beans (OnBeanCondition)

   CodecsAutoConfiguration matched:
      - @ConditionalOnClass found required classes 'org.springframework.http.codec.CodecConfigurer', 'org.springframework.web.reactive.function.client.WebClient' (OnClassCondition)

   CodecsAutoConfiguration.JacksonCodecConfiguration matched:
      - @ConditionalOnClass found required class 'com.fasterxml.jackson.databind.ObjectMapper' (OnClassCondition)

   CodecsAutoConfiguration.JacksonCodecConfiguration#jacksonCodecCustomizer matched:
      - @ConditionalOnBean (types: com.fasterxml.jackson.databind.ObjectMapper; SearchStrategy: all) found bean 'jacksonObjectMapper' (OnBeanCondition)

   DataSourceAutoConfiguration matched:
      - @ConditionalOnClass found required classes 'javax.sql.DataSource', 'org.springframework.jdbc.datasource.embedded.EmbeddedDatabaseType' (OnClassCondition)
      - @ConditionalOnMissingBean (types: io.r2dbc.spi.ConnectionFactory; SearchStrategy: all) did not find any beans (OnBeanCondition)

   DataSourceAutoConfiguration.PooledDataSourceConfiguration matched:
      - AnyNestedCondition 1 matched 1 did not; NestedCondition on DataSourceAutoConfiguration.PooledDataSourceCondition.PooledDataSourceAvailable PooledDataSource found supported DataSource; NestedCondition on DataSourceAutoConfiguration.PooledDataSourceCondition.ExplicitType @ConditionalOnProperty (spring.datasource.type) did not find property 'type' (DataSourceAutoConfiguration.PooledDataSourceCondition)
      - @ConditionalOnMissingBean (types: javax.sql.DataSource,javax.sql.XADataSource; SearchStrategy: all) did not find any beans (OnBeanCondition)

   DataSourceAutoConfiguration.PooledDataSourceConfiguration#jdbcConnectionDetails matched:
      - @ConditionalOnMissingBean (types: org.springframework.boot.autoconfigure.jdbc.JdbcConnectionDetails; SearchStrategy: all) did not find any beans (OnBeanCondition)

   DataSourceConfiguration.Hikari matched:
      - @ConditionalOnClass found required class 'com.zaxxer.hikari.HikariDataSource' (OnClassCondition)
      - @ConditionalOnProperty (spring.datasource.type=com.zaxxer.hikari.HikariDataSource) matched (OnPropertyCondition)
      - @ConditionalOnMissingBean (types: javax.sql.DataSource; SearchStrategy: all) did not find any beans (OnBeanCondition)

   DataSourceInitializationConfiguration matched:
      - @ConditionalOnClass found required class 'org.springframework.jdbc.datasource.init.DatabasePopulator' (OnClassCondition)
      - @ConditionalOnSingleCandidate (types: javax.sql.DataSource; SearchStrategy: all) found a single bean 'dataSource'; @ConditionalOnMissingBean (types: org.springframework.boot.autoconfigure.sql.init.SqlDataSourceScriptDatabaseInitializer,org.springframework.boot.autoconfigure.sql.init.SqlR2dbcScriptDatabaseInitializer; SearchStrategy: all) did not find any beans (OnBeanCondition)

   DataSourceJmxConfiguration matched:
      - @ConditionalOnProperty (spring.jmx.enabled=true) matched (OnPropertyCondition)

   DataSourceJmxConfiguration.Hikari matched:
      - @ConditionalOnClass found required class 'com.zaxxer.hikari.HikariDataSource' (OnClassCondition)
      - @ConditionalOnSingleCandidate (types: javax.sql.DataSource; SearchStrategy: all) found a single bean 'dataSource' (OnBeanCondition)

   DataSourcePoolMetadataProvidersConfiguration.HikariPoolDataSourceMetadataProviderConfiguration matched:
      - @ConditionalOnClass found required class 'com.zaxxer.hikari.HikariDataSource' (OnClassCondition)

   DataSourceTransactionManagerAutoConfiguration matched:
      - @ConditionalOnClass found required classes 'javax.sql.DataSource', 'org.springframework.jdbc.core.JdbcTemplate', 'org.springframework.transaction.TransactionManager' (OnClassCondition)

   DataSourceTransactionManagerAutoConfiguration.JdbcTransactionManagerConfiguration matched:
      - @ConditionalOnSingleCandidate (types: javax.sql.DataSource; SearchStrategy: all) found a single bean 'dataSource' (OnBeanCondition)

   DevToolsDataSourceAutoConfiguration matched:
      - @ConditionalOnClass found required class 'javax.sql.DataSource' (OnClassCondition)
      - Devtools devtools enabled. (OnEnabledDevToolsCondition)
      - DevTools DataSource Condition found auto-configured DataSource (DevToolsDataSourceAutoConfiguration.DevToolsDataSourceCondition)

   DevToolsDataSourceAutoConfiguration.DatabaseShutdownExecutorEntityManagerFactoryDependsOnPostProcessor matched:
      - @ConditionalOnClass found required class 'org.springframework.orm.jpa.LocalContainerEntityManagerFactoryBean' (OnClassCondition)
      - @ConditionalOnBean (types: org.springframework.orm.jpa.AbstractEntityManagerFactoryBean; SearchStrategy: all) found bean '&entityManagerFactory' (OnBeanCondition)

   DispatcherServletAutoConfiguration matched:
      - @ConditionalOnClass found required class 'org.springframework.web.servlet.DispatcherServlet' (OnClassCondition)
      - found 'session' scope (OnWebApplicationCondition)

   DispatcherServletAutoConfiguration.DispatcherServletConfiguration matched:
      - @ConditionalOnClass found required class 'jakarta.servlet.ServletRegistration' (OnClassCondition)
      - Default DispatcherServlet did not find dispatcher servlet beans (DispatcherServletAutoConfiguration.DefaultDispatcherServletCondition)

   DispatcherServletAutoConfiguration.DispatcherServletRegistrationConfiguration matched:
      - @ConditionalOnClass found required class 'jakarta.servlet.ServletRegistration' (OnClassCondition)
      - DispatcherServlet Registration did not find servlet registration bean (DispatcherServletAutoConfiguration.DispatcherServletRegistrationCondition)

   DispatcherServletAutoConfiguration.DispatcherServletRegistrationConfiguration#dispatcherServletRegistration matched:
      - @ConditionalOnBean (names: dispatcherServlet types: org.springframework.web.servlet.DispatcherServlet; SearchStrategy: all) found bean 'dispatcherServlet' (OnBeanCondition)

   EmbeddedWebServerFactoryCustomizerAutoConfiguration matched:
      - @ConditionalOnWebApplication (required) found 'session' scope (OnWebApplicationCondition)
      - @ConditionalOnWarDeployment the application is not deployed as a WAR file. (OnWarDeploymentCondition)

   EmbeddedWebServerFactoryCustomizerAutoConfiguration.NettyWebServerFactoryCustomizerConfiguration matched:
      - @ConditionalOnClass found required class 'reactor.netty.http.server.HttpServer' (OnClassCondition)

   EmbeddedWebServerFactoryCustomizerAutoConfiguration.TomcatWebServerFactoryCustomizerConfiguration matched:
      - @ConditionalOnClass found required classes 'org.apache.catalina.startup.Tomcat', 'org.apache.coyote.UpgradeProtocol' (OnClassCondition)

   ErrorMvcAutoConfiguration matched:
      - @ConditionalOnClass found required classes 'jakarta.servlet.Servlet', 'org.springframework.web.servlet.DispatcherServlet' (OnClassCondition)
      - found 'session' scope (OnWebApplicationCondition)

   ErrorMvcAutoConfiguration#basicErrorController matched:
      - @ConditionalOnMissingBean (types: org.springframework.boot.web.servlet.error.ErrorController; SearchStrategy: current) did not find any beans (OnBeanCondition)

   ErrorMvcAutoConfiguration#errorAttributes matched:
      - @ConditionalOnMissingBean (types: org.springframework.boot.web.servlet.error.ErrorAttributes; SearchStrategy: current) did not find any beans (OnBeanCondition)

   ErrorMvcAutoConfiguration.DefaultErrorViewResolverConfiguration#conventionErrorViewResolver matched:
      - @ConditionalOnBean (types: org.springframework.web.servlet.DispatcherServlet; SearchStrategy: all) found bean 'dispatcherServlet'; @ConditionalOnMissingBean (types: org.springframework.boot.autoconfigure.web.servlet.error.ErrorViewResolver; SearchStrategy: all) did not find any beans (OnBeanCondition)

   ErrorMvcAutoConfiguration.WhitelabelErrorViewConfiguration matched:
      - @ConditionalOnProperty (server.error.whitelabel.enabled) matched (OnPropertyCondition)
      - ErrorTemplate Missing did not find error template view (ErrorMvcAutoConfiguration.ErrorTemplateMissingCondition)

   ErrorMvcAutoConfiguration.WhitelabelErrorViewConfiguration#beanNameViewResolver matched:
      - @ConditionalOnMissingBean (types: org.springframework.web.servlet.view.BeanNameViewResolver; SearchStrategy: all) did not find any beans (OnBeanCondition)

   ErrorMvcAutoConfiguration.WhitelabelErrorViewConfiguration#defaultErrorView matched:
      - @ConditionalOnMissingBean (names: error; SearchStrategy: all) did not find any beans (OnBeanCondition)

   FlywayAutoConfiguration matched:
      - @ConditionalOnClass found required class 'org.flywaydb.core.Flyway' (OnClassCondition)
      - @ConditionalOnProperty (spring.flyway.enabled) matched (OnPropertyCondition)
      - AnyNestedCondition 2 matched 1 did not; NestedCondition on FlywayAutoConfiguration.FlywayDataSourceCondition.FlywayUrlCondition @ConditionalOnProperty (spring.flyway.url) did not find property 'url'; NestedCondition on FlywayAutoConfiguration.FlywayDataSourceCondition.JdbcConnectionDetailsCondition @ConditionalOnBean (types: org.springframework.boot.autoconfigure.jdbc.JdbcConnectionDetails; SearchStrategy: all) found bean 'jdbcConnectionDetails'; NestedCondition on FlywayAutoConfiguration.FlywayDataSourceCondition.DataSourceBeanCondition @ConditionalOnBean (types: javax.sql.DataSource; SearchStrategy: all) found bean 'dataSource' (FlywayAutoConfiguration.FlywayDataSourceCondition)

   FlywayAutoConfiguration.FlywayConfiguration matched:
      - @ConditionalOnClass found required class 'org.springframework.jdbc.support.JdbcUtils' (OnClassCondition)
      - @ConditionalOnMissingBean (types: org.flywaydb.core.Flyway; SearchStrategy: all) did not find any beans (OnBeanCondition)

   FlywayAutoConfiguration.FlywayConfiguration#flywayConnectionDetails matched:
      - @ConditionalOnMissingBean (types: org.springframework.boot.autoconfigure.flyway.FlywayConnectionDetails; SearchStrategy: all) did not find any beans (OnBeanCondition)

   FlywayAutoConfiguration.FlywayConfiguration#flywayInitializer matched:
      - @ConditionalOnMissingBean (types: org.springframework.boot.autoconfigure.flyway.FlywayMigrationInitializer; SearchStrategy: all) did not find any beans (OnBeanCondition)

   FlywayAutoConfiguration.FlywayConfiguration#postgresqlFlywayConfigurationCustomizer matched:
      - @ConditionalOnClass found required class 'org.flywaydb.database.postgresql.PostgreSQLConfigurationExtension' (OnClassCondition)

   GenericCacheConfiguration matched:
      - Cache org.springframework.boot.autoconfigure.cache.GenericCacheConfiguration automatic cache type (CacheCondition)

   HibernateJpaAutoConfiguration matched:
      - @ConditionalOnClass found required classes 'org.springframework.orm.jpa.LocalContainerEntityManagerFactoryBean', 'jakarta.persistence.EntityManager', 'org.hibernate.engine.spi.SessionImplementor' (OnClassCondition)

   HibernateJpaConfiguration matched:
      - @ConditionalOnSingleCandidate (types: javax.sql.DataSource; SearchStrategy: all) found a single bean 'dataSource' (OnBeanCondition)

   HttpClientAutoConfiguration matched:
      - @ConditionalOnClass found required class 'org.springframework.http.client.ClientHttpRequestFactory' (OnClassCondition)
      - NoneNestedConditions 0 matched 1 did not; NestedCondition on NotReactiveWebApplicationCondition.ReactiveWebApplication not a reactive web application (NotReactiveWebApplicationCondition)

   HttpClientAutoConfiguration#clientHttpRequestFactoryBuilder matched:
      - @ConditionalOnMissingBean (types: org.springframework.boot.http.client.ClientHttpRequestFactoryBuilder; SearchStrategy: all) did not find any beans (OnBeanCondition)

   HttpClientAutoConfiguration#clientHttpRequestFactorySettings matched:
      - @ConditionalOnMissingBean (types: org.springframework.boot.http.client.ClientHttpRequestFactorySettings; SearchStrategy: all) did not find any beans (OnBeanCondition)

   HttpEncodingAutoConfiguration matched:
      - @ConditionalOnClass found required class 'org.springframework.web.filter.CharacterEncodingFilter' (OnClassCondition)
      - found 'session' scope (OnWebApplicationCondition)
      - @ConditionalOnProperty (server.servlet.encoding.enabled) matched (OnPropertyCondition)

   HttpEncodingAutoConfiguration#characterEncodingFilter matched:
      - @ConditionalOnMissingBean (types: org.springframework.web.filter.CharacterEncodingFilter; SearchStrategy: all) did not find any beans (OnBeanCondition)

   HttpMessageConvertersAutoConfiguration matched:
      - @ConditionalOnClass found required class 'org.springframework.http.converter.HttpMessageConverter' (OnClassCondition)
      - NoneNestedConditions 0 matched 1 did not; NestedCondition on HttpMessageConvertersAutoConfiguration.NotReactiveWebApplicationCondition.ReactiveWebApplication not a reactive web application (HttpMessageConvertersAutoConfiguration.NotReactiveWebApplicationCondition)

   HttpMessageConvertersAutoConfiguration#messageConverters matched:
      - @ConditionalOnMissingBean (types: org.springframework.boot.autoconfigure.http.HttpMessageConverters; SearchStrategy: all) did not find any beans (OnBeanCondition)

   HttpMessageConvertersAutoConfiguration.StringHttpMessageConverterConfiguration matched:
      - @ConditionalOnClass found required class 'org.springframework.http.converter.StringHttpMessageConverter' (OnClassCondition)

   HttpMessageConvertersAutoConfiguration.StringHttpMessageConverterConfiguration#stringHttpMessageConverter matched:
      - @ConditionalOnMissingBean (types: org.springframework.http.converter.StringHttpMessageConverter; SearchStrategy: all) did not find any beans (OnBeanCondition)

   JacksonAutoConfiguration matched:
      - @ConditionalOnClass found required class 'com.fasterxml.jackson.databind.ObjectMapper' (OnClassCondition)

   JacksonAutoConfiguration.Jackson2ObjectMapperBuilderCustomizerConfiguration matched:
      - @ConditionalOnClass found required class 'org.springframework.http.converter.json.Jackson2ObjectMapperBuilder' (OnClassCondition)

   JacksonAutoConfiguration.JacksonObjectMapperBuilderConfiguration matched:
      - @ConditionalOnClass found required class 'org.springframework.http.converter.json.Jackson2ObjectMapperBuilder' (OnClassCondition)

   JacksonAutoConfiguration.JacksonObjectMapperBuilderConfiguration#jacksonObjectMapperBuilder matched:
      - @ConditionalOnMissingBean (types: org.springframework.http.converter.json.Jackson2ObjectMapperBuilder; SearchStrategy: all) did not find any beans (OnBeanCondition)

   JacksonAutoConfiguration.JacksonObjectMapperConfiguration matched:
      - @ConditionalOnClass found required class 'org.springframework.http.converter.json.Jackson2ObjectMapperBuilder' (OnClassCondition)

   JacksonAutoConfiguration.JacksonObjectMapperConfiguration#jacksonObjectMapper matched:
      - @ConditionalOnMissingBean (types: com.fasterxml.jackson.databind.ObjectMapper; SearchStrategy: all) did not find any beans (OnBeanCondition)

   JacksonAutoConfiguration.ParameterNamesModuleConfiguration matched:
      - @ConditionalOnClass found required class 'com.fasterxml.jackson.module.paramnames.ParameterNamesModule' (OnClassCondition)

   JacksonAutoConfiguration.ParameterNamesModuleConfiguration#parameterNamesModule matched:
      - @ConditionalOnMissingBean (types: com.fasterxml.jackson.module.paramnames.ParameterNamesModule; SearchStrategy: all) did not find any beans (OnBeanCondition)

   JacksonHttpMessageConvertersConfiguration.MappingJackson2HttpMessageConverterConfiguration matched:
      - @ConditionalOnClass found required class 'com.fasterxml.jackson.databind.ObjectMapper' (OnClassCondition)
      - @ConditionalOnProperty (spring.mvc.converters.preferred-json-mapper=jackson) matched (OnPropertyCondition)
      - @ConditionalOnBean (types: com.fasterxml.jackson.databind.ObjectMapper; SearchStrategy: all) found bean 'jacksonObjectMapper' (OnBeanCondition)

   JacksonHttpMessageConvertersConfiguration.MappingJackson2HttpMessageConverterConfiguration#mappingJackson2HttpMessageConverter matched:
      - @ConditionalOnMissingBean (types: org.springframework.http.converter.json.MappingJackson2HttpMessageConverter ignored: org.springframework.hateoas.server.mvc.TypeConstrainedMappingJackson2HttpMessageConverter,org.springframework.data.rest.webmvc.alps.AlpsJsonHttpMessageConverter; SearchStrategy: all) did not find any beans (OnBeanCondition)

   JdbcClientAutoConfiguration matched:
      - @ConditionalOnSingleCandidate (types: org.springframework.jdbc.core.namedparam.NamedParameterJdbcTemplate; SearchStrategy: all) found a single bean 'namedParameterJdbcTemplate'; @ConditionalOnMissingBean (types: org.springframework.jdbc.core.simple.JdbcClient; SearchStrategy: all) did not find any beans (OnBeanCondition)

   JdbcTemplateAutoConfiguration matched:
      - @ConditionalOnClass found required classes 'javax.sql.DataSource', 'org.springframework.jdbc.core.JdbcTemplate' (OnClassCondition)
      - @ConditionalOnSingleCandidate (types: javax.sql.DataSource; SearchStrategy: all) found a single bean 'dataSource' (OnBeanCondition)

   JdbcTemplateConfiguration matched:
      - @ConditionalOnMissingBean (types: org.springframework.jdbc.core.JdbcOperations; SearchStrategy: all) did not find any beans (OnBeanCondition)

   JpaBaseConfiguration#entityManagerFactory matched:
      - @ConditionalOnMissingBean (types: org.springframework.orm.jpa.LocalContainerEntityManagerFactoryBean,jakarta.persistence.EntityManagerFactory; SearchStrategy: all) did not find any beans (OnBeanCondition)

   JpaBaseConfiguration#entityManagerFactoryBuilder matched:
      - @ConditionalOnMissingBean (types: org.springframework.boot.orm.jpa.EntityManagerFactoryBuilder; SearchStrategy: all) did not find any beans (OnBeanCondition)

   JpaBaseConfiguration#jpaVendorAdapter matched:
      - @ConditionalOnMissingBean (types: org.springframework.orm.jpa.JpaVendorAdapter; SearchStrategy: all) did not find any beans (OnBeanCondition)

   JpaBaseConfiguration#transactionManager matched:
      - @ConditionalOnMissingBean (types: org.springframework.transaction.TransactionManager; SearchStrategy: all) did not find any beans (OnBeanCondition)

   JpaBaseConfiguration.JpaWebConfiguration matched:
      - @ConditionalOnClass found required class 'org.springframework.web.servlet.config.annotation.WebMvcConfigurer' (OnClassCondition)
      - found 'session' scope (OnWebApplicationCondition)
      - @ConditionalOnProperty (spring.jpa.open-in-view=true) matched (OnPropertyCondition)
      - @ConditionalOnMissingBean (types: org.springframework.orm.jpa.support.OpenEntityManagerInViewInterceptor,org.springframework.orm.jpa.support.OpenEntityManagerInViewFilter; SearchStrategy: all) did not find any beans (OnBeanCondition)

   JpaBaseConfiguration.PersistenceManagedTypesConfiguration matched:
      - @ConditionalOnMissingBean (types: org.springframework.orm.jpa.LocalContainerEntityManagerFactoryBean,jakarta.persistence.EntityManagerFactory; SearchStrategy: all) did not find any beans (OnBeanCondition)

   JpaBaseConfiguration.PersistenceManagedTypesConfiguration#persistenceManagedTypes matched:
      - @ConditionalOnMissingBean (types: org.springframework.orm.jpa.persistenceunit.PersistenceManagedTypes; SearchStrategy: all) did not find any beans (OnBeanCondition)

   JpaRepositoriesAutoConfiguration matched:
      - @ConditionalOnClass found required class 'org.springframework.data.jpa.repository.JpaRepository' (OnClassCondition)
      - @ConditionalOnProperty (spring.data.jpa.repositories.enabled=true) matched (OnPropertyCondition)
      - @ConditionalOnBean (types: javax.sql.DataSource; SearchStrategy: all) found bean 'dataSource'; @ConditionalOnMissingBean (types: org.springframework.data.jpa.repository.support.JpaRepositoryFactoryBean,org.springframework.data.jpa.repository.config.JpaRepositoryConfigExtension; SearchStrategy: all) did not find any beans (OnBeanCondition)

   JtaAutoConfiguration matched:
      - @ConditionalOnClass found required class 'jakarta.transaction.Transaction' (OnClassCondition)
      - @ConditionalOnProperty (spring.jta.enabled) matched (OnPropertyCondition)

   LifecycleAutoConfiguration#defaultLifecycleProcessor matched:
      - @ConditionalOnMissingBean (names: lifecycleProcessor; SearchStrategy: current) did not find any beans (OnBeanCondition)

   LocalDevToolsAutoConfiguration matched:
      - Initialized Restarter Condition available and initialized (OnInitializedRestarterCondition)

   LocalDevToolsAutoConfiguration.LiveReloadConfiguration matched:
      - @ConditionalOnProperty (spring.devtools.livereload.enabled) matched (OnPropertyCondition)

   LocalDevToolsAutoConfiguration.LiveReloadConfiguration#liveReloadServer matched:
      - @ConditionalOnMissingBean (types: org.springframework.boot.devtools.livereload.LiveReloadServer; SearchStrategy: all) did not find any beans (OnBeanCondition)

   LocalDevToolsAutoConfiguration.RestartConfiguration matched:
      - @ConditionalOnProperty (spring.devtools.restart.enabled) matched (OnPropertyCondition)

   LocalDevToolsAutoConfiguration.RestartConfiguration#classPathFileSystemWatcher matched:
      - @ConditionalOnMissingBean (types: org.springframework.boot.devtools.classpath.ClassPathFileSystemWatcher; SearchStrategy: all) did not find any beans (OnBeanCondition)

   LocalDevToolsAutoConfiguration.RestartConfiguration#classPathRestartStrategy matched:
      - @ConditionalOnMissingBean (types: org.springframework.boot.devtools.classpath.ClassPathRestartStrategy; SearchStrategy: all) did not find any beans (OnBeanCondition)

   LocalDevToolsAutoConfiguration.RestartConfiguration#conditionEvaluationDeltaLoggingListener matched:
      - @ConditionalOnProperty (spring.devtools.restart.log-condition-evaluation-delta) matched (OnPropertyCondition)

   MultipartAutoConfiguration matched:
      - @ConditionalOnClass found required classes 'jakarta.servlet.Servlet', 'org.springframework.web.multipart.support.StandardServletMultipartResolver', 'jakarta.servlet.MultipartConfigElement' (OnClassCondition)
      - found 'session' scope (OnWebApplicationCondition)
      - @ConditionalOnProperty (spring.servlet.multipart.enabled) matched (OnPropertyCondition)

   MultipartAutoConfiguration#multipartConfigElement matched:
      - @ConditionalOnMissingBean (types: jakarta.servlet.MultipartConfigElement; SearchStrategy: all) did not find any beans (OnBeanCondition)

   MultipartAutoConfiguration#multipartResolver matched:
      - @ConditionalOnMissingBean (types: org.springframework.web.multipart.MultipartResolver; SearchStrategy: all) did not find any beans (OnBeanCondition)

   NamedParameterJdbcTemplateConfiguration matched:
      - @ConditionalOnSingleCandidate (types: org.springframework.jdbc.core.JdbcTemplate; SearchStrategy: all) found a single bean 'jdbcTemplate'; @ConditionalOnMissingBean (types: org.springframework.jdbc.core.namedparam.NamedParameterJdbcOperations; SearchStrategy: all) did not find any beans (OnBeanCondition)

   NettyAutoConfiguration matched:
      - @ConditionalOnClass found required class 'io.netty.util.NettyRuntime' (OnClassCondition)

   NoOpCacheConfiguration matched:
      - Cache org.springframework.boot.autoconfigure.cache.NoOpCacheConfiguration automatic cache type (CacheCondition)

   OAuth2ResourceServerAutoConfiguration matched:
      - @ConditionalOnClass found required class 'org.springframework.security.oauth2.server.resource.authentication.BearerTokenAuthenticationToken' (OnClassCondition)
      - found 'session' scope (OnWebApplicationCondition)

   OAuth2ResourceServerJwtConfiguration.JwtDecoderConfiguration matched:
      - @ConditionalOnMissingBean (types: org.springframework.security.oauth2.jwt.JwtDecoder; SearchStrategy: all) did not find any beans (OnBeanCondition)

   OAuth2ResourceServerOpaqueTokenConfiguration.OpaqueTokenIntrospectionClientConfiguration matched:
      - @ConditionalOnMissingBean (types: org.springframework.security.oauth2.server.resource.introspection.OpaqueTokenIntrospector; SearchStrategy: all) did not find any beans (OnBeanCondition)

   Oauth2ResourceServerConfiguration.JwtConfiguration matched:
      - @ConditionalOnClass found required class 'org.springframework.security.oauth2.jwt.JwtDecoder' (OnClassCondition)

   PersistenceExceptionTranslationAutoConfiguration matched:
      - @ConditionalOnClass found required class 'org.springframework.dao.annotation.PersistenceExceptionTranslationPostProcessor' (OnClassCondition)

   PersistenceExceptionTranslationAutoConfiguration#persistenceExceptionTranslationPostProcessor matched:
      - @ConditionalOnProperty (spring.dao.exceptiontranslation.enabled) matched (OnPropertyCondition)
      - @ConditionalOnMissingBean (types: org.springframework.dao.annotation.PersistenceExceptionTranslationPostProcessor; SearchStrategy: all) did not find any beans (OnBeanCondition)

   PropertyPlaceholderAutoConfiguration#propertySourcesPlaceholderConfigurer matched:
      - @ConditionalOnMissingBean (types: org.springframework.context.support.PropertySourcesPlaceholderConfigurer; SearchStrategy: current) did not find any beans (OnBeanCondition)

   ReactiveSecurityAutoConfiguration matched:
      - @ConditionalOnClass found required classes 'reactor.core.publisher.Flux', 'org.springframework.security.config.annotation.web.reactive.EnableWebFluxSecurity', 'org.springframework.security.web.server.WebFilterChainProxy', 'org.springframework.web.reactive.config.WebFluxConfigurer' (OnClassCondition)

   ReactorAutoConfiguration matched:
      - @ConditionalOnClass found required class 'reactor.core.publisher.Hooks' (OnClassCondition)

   ReactorNettyConfigurations.ReactorResourceFactoryConfiguration#reactorResourceFactory matched:
      - @ConditionalOnMissingBean (types: org.springframework.http.client.ReactorResourceFactory; SearchStrategy: all) did not find any beans (OnBeanCondition)

   RestClientAutoConfiguration matched:
      - @ConditionalOnClass found required class 'org.springframework.web.client.RestClient' (OnClassCondition)
      - NoneNestedConditions 0 matched 1 did not; NestedCondition on NotReactiveWebApplicationCondition.ReactiveWebApplication not a reactive web application (NotReactiveWebApplicationCondition)

   RestClientAutoConfiguration#httpMessageConvertersRestClientCustomizer matched:
      - @ConditionalOnMissingBean (types: org.springframework.boot.autoconfigure.web.client.HttpMessageConvertersRestClientCustomizer; SearchStrategy: all) did not find any beans (OnBeanCondition)

   RestClientAutoConfiguration#restClientBuilder matched:
      - @ConditionalOnMissingBean (types: org.springframework.web.client.RestClient$Builder; SearchStrategy: all) did not find any beans (OnBeanCondition)

   RestClientAutoConfiguration#restClientBuilderConfigurer matched:
      - @ConditionalOnMissingBean (types: org.springframework.boot.autoconfigure.web.client.RestClientBuilderConfigurer; SearchStrategy: all) did not find any beans (OnBeanCondition)

   RestClientAutoConfiguration#restClientSsl matched:
      - @ConditionalOnBean (types: org.springframework.boot.ssl.SslBundles; SearchStrategy: all) found bean 'sslBundleRegistry'; @ConditionalOnMissingBean (types: org.springframework.boot.autoconfigure.web.client.RestClientSsl; SearchStrategy: all) did not find any beans (OnBeanCondition)

   RestTemplateAutoConfiguration matched:
      - @ConditionalOnClass found required class 'org.springframework.web.client.RestTemplate' (OnClassCondition)
      - NoneNestedConditions 0 matched 1 did not; NestedCondition on NotReactiveWebApplicationCondition.ReactiveWebApplication not a reactive web application (NotReactiveWebApplicationCondition)

   RestTemplateAutoConfiguration#restTemplateBuilder matched:
      - @ConditionalOnMissingBean (types: org.springframework.boot.web.client.RestTemplateBuilder; SearchStrategy: all) did not find any beans (OnBeanCondition)

   SecurityAutoConfiguration matched:
      - @ConditionalOnClass found required class 'org.springframework.security.authentication.DefaultAuthenticationEventPublisher' (OnClassCondition)

   SecurityAutoConfiguration#authenticationEventPublisher matched:
      - @ConditionalOnMissingBean (types: org.springframework.security.authentication.AuthenticationEventPublisher; SearchStrategy: all) did not find any beans (OnBeanCondition)

   SecurityFilterAutoConfiguration matched:
      - @ConditionalOnClass found required classes 'org.springframework.security.web.context.AbstractSecurityWebApplicationInitializer', 'org.springframework.security.config.http.SessionCreationPolicy' (OnClassCondition)
      - found 'session' scope (OnWebApplicationCondition)

   SecurityFilterAutoConfiguration#securityFilterChainRegistration matched:
      - @ConditionalOnBean (names: springSecurityFilterChain; SearchStrategy: all) found bean 'springSecurityFilterChain' (OnBeanCondition)

   ServletWebServerFactoryAutoConfiguration matched:
      - @ConditionalOnClass found required class 'jakarta.servlet.ServletRequest' (OnClassCondition)
      - found 'session' scope (OnWebApplicationCondition)

   ServletWebServerFactoryAutoConfiguration#tomcatServletWebServerFactoryCustomizer matched:
      - @ConditionalOnClass found required class 'org.apache.catalina.startup.Tomcat' (OnClassCondition)

   ServletWebServerFactoryConfiguration.EmbeddedTomcat matched:
      - @ConditionalOnClass found required classes 'jakarta.servlet.Servlet', 'org.apache.catalina.startup.Tomcat', 'org.apache.coyote.UpgradeProtocol' (OnClassCondition)
      - @ConditionalOnMissingBean (types: org.springframework.boot.web.servlet.server.ServletWebServerFactory; SearchStrategy: current) did not find any beans (OnBeanCondition)

   SimpleCacheConfiguration matched:
      - Cache org.springframework.boot.autoconfigure.cache.SimpleCacheConfiguration automatic cache type (CacheCondition)

   SpringBootWebSecurityConfiguration matched:
      - found 'session' scope (OnWebApplicationCondition)

   SpringDataWebAutoConfiguration matched:
      - @ConditionalOnClass found required classes 'org.springframework.data.web.PageableHandlerMethodArgumentResolver', 'org.springframework.web.servlet.config.annotation.WebMvcConfigurer' (OnClassCondition)
      - found 'session' scope (OnWebApplicationCondition)
      - @ConditionalOnMissingBean (types: org.springframework.data.web.PageableHandlerMethodArgumentResolver; SearchStrategy: all) did not find any beans (OnBeanCondition)

   SpringDataWebAutoConfiguration#pageableCustomizer matched:
      - @ConditionalOnMissingBean (types: org.springframework.data.web.config.PageableHandlerMethodArgumentResolverCustomizer; SearchStrategy: all) did not find any beans (OnBeanCondition)

   SpringDataWebAutoConfiguration#sortCustomizer matched:
      - @ConditionalOnMissingBean (types: org.springframework.data.web.config.SortHandlerMethodArgumentResolverCustomizer; SearchStrategy: all) did not find any beans (OnBeanCondition)

   SpringDataWebAutoConfiguration#springDataWebSettings matched:
      - @ConditionalOnMissingBean (types: org.springframework.data.web.config.SpringDataWebSettings; SearchStrategy: all) did not find any beans (OnBeanCondition)

   SpringDocConfigProperties matched:
      - @ConditionalOnProperty (springdoc.api-docs.enabled) matched (OnPropertyCondition)
      - @ConditionalOnBean (types: org.springdoc.core.configuration.SpringDocConfiguration; SearchStrategy: all) found bean 'org.springdoc.core.configuration.SpringDocConfiguration' (OnBeanCondition)

   SpringDocConfiguration matched:
      - @ConditionalOnWebApplication (required) found 'session' scope (OnWebApplicationCondition)
      - @ConditionalOnProperty (springdoc.api-docs.enabled) matched (OnPropertyCondition)

   SpringDocConfiguration#fileSupportConverter matched:
      - @ConditionalOnMissingBean (types: org.springdoc.core.converters.FileSupportConverter; SearchStrategy: all) did not find any beans (OnBeanCondition)

   SpringDocConfiguration#globalOpenApiCustomizer matched:
      - @ConditionalOnMissingBean (names: globalOpenApiCustomizer; SearchStrategy: all) did not find any beans (OnBeanCondition)

   SpringDocConfiguration#oas31ModelConverter matched:
      - @ConditionalOnMissingBean (types: org.springdoc.core.converters.OAS31ModelConverter; SearchStrategy: all) did not find any beans (OnBeanCondition)

   SpringDocConfiguration#openAPIBuilder matched:
      - @ConditionalOnMissingBean (types: org.springdoc.core.service.OpenAPIService; SearchStrategy: all) did not find any beans (OnBeanCondition)

   SpringDocConfiguration#operationBuilder matched:
      - @ConditionalOnMissingBean (types: org.springdoc.core.service.OperationService; SearchStrategy: all) did not find any beans (OnBeanCondition)

   SpringDocConfiguration#parameterBuilder matched:
      - @ConditionalOnMissingBean (types: org.springdoc.core.service.GenericParameterService; SearchStrategy: all) did not find any beans (OnBeanCondition)

   SpringDocConfiguration#parameterObjectNamingStrategyCustomizer matched:
      - @ConditionalOnMissingBean (types: org.springdoc.core.customizers.ParameterObjectNamingStrategyCustomizer; SearchStrategy: all) did not find any beans (OnBeanCondition)

   SpringDocConfiguration#polymorphicModelConverter matched:
      - @ConditionalOnProperty (springdoc.model-converters.polymorphic-converter.enabled) matched (OnPropertyCondition)
      - @ConditionalOnMissingBean (types: org.springdoc.core.converters.PolymorphicModelConverter; SearchStrategy: all) did not find any beans (OnBeanCondition)

   SpringDocConfiguration#requestBodyBuilder matched:
      - @ConditionalOnMissingBean (types: org.springdoc.core.service.RequestBodyService; SearchStrategy: all) did not find any beans (OnBeanCondition)

   SpringDocConfiguration#responseSupportConverter matched:
      - @ConditionalOnMissingBean (types: org.springdoc.core.converters.ResponseSupportConverter; SearchStrategy: all) did not find any beans (OnBeanCondition)

   SpringDocConfiguration#schemaPropertyDeprecatingConverter matched:
      - @ConditionalOnProperty (springdoc.model-converters.deprecating-converter.enabled) matched (OnPropertyCondition)
      - @ConditionalOnMissingBean (types: org.springdoc.core.converters.SchemaPropertyDeprecatingConverter; SearchStrategy: all) did not find any beans (OnBeanCondition)

   SpringDocConfiguration#securityParser matched:
      - @ConditionalOnMissingBean (types: org.springdoc.core.service.SecurityService; SearchStrategy: all) did not find any beans (OnBeanCondition)

   SpringDocConfiguration#springDocCustomizers matched:
      - @ConditionalOnMissingBean (types: org.springdoc.core.customizers.SpringDocCustomizers; SearchStrategy: all) did not find any beans (OnBeanCondition)

   SpringDocConfiguration#springDocProviders matched:
      - @ConditionalOnMissingBean (types: org.springdoc.core.providers.SpringDocProviders; SearchStrategy: all) did not find any beans (OnBeanCondition)

   SpringDocConfiguration#springdocObjectMapperProvider matched:
      - @ConditionalOnMissingBean (types: org.springdoc.core.providers.ObjectMapperProvider; SearchStrategy: all) did not find any beans (OnBeanCondition)

   SpringDocConfiguration.QuerydslProvider matched:
      - @ConditionalOnClass found required class 'org.springframework.data.querydsl.binding.QuerydslBindingsFactory' (OnClassCondition)

   SpringDocConfiguration.QuerydslProvider#queryDslQuerydslPredicateOperationCustomizer matched:
      - @ConditionalOnMissingBean (types: org.springdoc.core.customizers.QuerydslPredicateOperationCustomizer; SearchStrategy: all) did not find any beans (OnBeanCondition)

   SpringDocConfiguration.SpringDocSpringDataWebPropertiesProvider matched:
      - @ConditionalOnClass found required class 'org.springframework.boot.autoconfigure.data.web.SpringDataWebProperties' (OnClassCondition)

   SpringDocConfiguration.SpringDocSpringDataWebPropertiesProvider#springDataWebPropertiesProvider matched:
      - @ConditionalOnMissingBean (types: org.springdoc.core.providers.SpringDataWebPropertiesProvider; SearchStrategy: all) did not find any beans (OnBeanCondition)

   SpringDocConfiguration.SpringDocWebFluxSupportConfiguration matched:
      - @ConditionalOnClass found required class 'reactor.core.publisher.Flux' (OnClassCondition)

   SpringDocConfiguration.SpringDocWebFluxSupportConfiguration#webFluxSupportConverter matched:
      - @ConditionalOnMissingBean (types: org.springdoc.core.converters.WebFluxSupportConverter; SearchStrategy: all) did not find any beans (OnBeanCondition)

   SpringDocConfiguration.WebConversionServiceConfiguration matched:
      - @ConditionalOnClass found required class 'org.springframework.boot.autoconfigure.web.format.WebConversionService' (OnClassCondition)

   SpringDocPageableConfiguration matched:
      - @ConditionalOnClass found required class 'org.springframework.data.domain.Pageable' (OnClassCondition)
      - @ConditionalOnWebApplication (required) found 'session' scope (OnWebApplicationCondition)
      - @ConditionalOnProperty (springdoc.api-docs.enabled) matched (OnPropertyCondition)
      - @ConditionalOnBean (types: org.springdoc.core.configuration.SpringDocConfiguration; SearchStrategy: all) found bean 'org.springdoc.core.configuration.SpringDocConfiguration' (OnBeanCondition)

   SpringDocPageableConfiguration#dataRestDelegatingMethodParameterCustomizer matched:
      - @ConditionalOnMissingBean (types: org.springdoc.core.customizers.DataRestDelegatingMethodParameterCustomizer; SearchStrategy: all) did not find any beans (OnBeanCondition)

   SpringDocPageableConfiguration#pageOpenAPIConverter matched:
      - @ConditionalOnClass found required classes 'org.springframework.data.web.PagedModel', 'org.springframework.data.web.config.SpringDataWebSettings' (OnClassCondition)
      - @ConditionalOnMissingBean (types: org.springdoc.core.converters.PageOpenAPIConverter; SearchStrategy: all) did not find any beans (OnBeanCondition)

   SpringDocPageableConfiguration#pageableOpenAPIConverter matched:
      - @ConditionalOnProperty (springdoc.model-converters.pageable-converter.enabled) matched (OnPropertyCondition)
      - @ConditionalOnMissingBean (types: org.springdoc.core.converters.PageableOpenAPIConverter; SearchStrategy: all) did not find any beans (OnBeanCondition)

   SpringDocSecurityConfiguration matched:
      - @ConditionalOnClass found required class 'org.springframework.security.web.SecurityFilterChain' (OnClassCondition)
      - @ConditionalOnWebApplication (required) found 'session' scope (OnWebApplicationCondition)
      - @ConditionalOnExpression (#{${springdoc.api-docs.enabled:true} and ${springdoc.enable-spring-security:true}}) resulted in true (OnExpressionCondition)
      - @ConditionalOnBean (types: org.springdoc.core.configuration.SpringDocConfiguration; SearchStrategy: all) found bean 'org.springdoc.core.configuration.SpringDocConfiguration' (OnBeanCondition)

   SpringDocSecurityConfiguration.SpringSecurityLoginEndpointConfiguration matched:
      - @ConditionalOnClass found required class 'jakarta.servlet.Filter' (OnClassCondition)

   SpringDocSortConfiguration matched:
      - @ConditionalOnClass found required class 'org.springframework.data.domain.Sort' (OnClassCondition)
      - @ConditionalOnWebApplication (required) found 'session' scope (OnWebApplicationCondition)
      - @ConditionalOnProperty (springdoc.api-docs.enabled) matched (OnPropertyCondition)
      - @ConditionalOnBean (types: org.springdoc.core.configuration.SpringDocConfiguration; SearchStrategy: all) found bean 'org.springdoc.core.configuration.SpringDocConfiguration' (OnBeanCondition)

   SpringDocSortConfiguration#sortOpenAPIConverter matched:
      - @ConditionalOnProperty (springdoc.sort-converter.enabled) matched (OnPropertyCondition)
      - @ConditionalOnMissingBean (types: org.springdoc.core.converters.SortOpenAPIConverter; SearchStrategy: all) did not find any beans (OnBeanCondition)

   SpringDocWebMvcConfiguration matched:
      - found 'session' scope (OnWebApplicationCondition)
      - @ConditionalOnProperty (springdoc.api-docs.enabled) matched (OnPropertyCondition)
      - @ConditionalOnBean (types: org.springdoc.core.configuration.SpringDocConfiguration; SearchStrategy: all) found bean 'org.springdoc.core.configuration.SpringDocConfiguration' (OnBeanCondition)

   SpringDocWebMvcConfiguration#openApiResource matched:
      - @ConditionalOnExpression (#{(${springdoc.use-management-port:false} == false ) and ${springdoc.enable-default-api-docs:true}}) resulted in true (OnExpressionCondition)
      - @ConditionalOnMissingBean (types: org.springdoc.webmvc.api.OpenApiWebMvcResource; SearchStrategy: all) did not find any beans (OnBeanCondition)

   SpringDocWebMvcConfiguration#requestBuilder matched:
      - @ConditionalOnMissingBean (types: org.springdoc.webmvc.core.service.RequestService; SearchStrategy: all) did not find any beans (OnBeanCondition)

   SpringDocWebMvcConfiguration#responseBuilder matched:
      - @ConditionalOnMissingBean (types: org.springdoc.core.service.GenericResponseService; SearchStrategy: all) did not find any beans (OnBeanCondition)

   SpringDocWebMvcConfiguration#springWebProvider matched:
      - @ConditionalOnMissingBean (types: org.springdoc.core.providers.SpringWebProvider; SearchStrategy: all) did not find any beans (OnBeanCondition)

   SpringDocWebMvcConfiguration.SpringDocWebMvcRouterConfiguration matched:
      - @ConditionalOnClass found required class 'org.springframework.web.servlet.function.RouterFunction' (OnClassCondition)

   SpringDocWebMvcConfiguration.SpringDocWebMvcRouterConfiguration#routerFunctionProvider matched:
      - @ConditionalOnMissingBean (types: org.springdoc.webmvc.core.providers.RouterFunctionWebMvcProvider; SearchStrategy: all) did not find any beans (OnBeanCondition)

   SqlInitializationAutoConfiguration matched:
      - @ConditionalOnProperty (spring.sql.init.enabled) matched (OnPropertyCondition)
      - NoneNestedConditions 0 matched 1 did not; NestedCondition on SqlInitializationAutoConfiguration.SqlInitializationModeCondition.ModeIsNever @ConditionalOnProperty (spring.sql.init.mode=never) did not find property 'mode' (SqlInitializationAutoConfiguration.SqlInitializationModeCondition)

   SslAutoConfiguration#sslBundleRegistry matched:
      - @ConditionalOnMissingBean (types: org.springframework.boot.ssl.SslBundleRegistry,org.springframework.boot.ssl.SslBundles; SearchStrategy: all) did not find any beans (OnBeanCondition)

   SwaggerConfig matched:
      - found 'session' scope (OnWebApplicationCondition)
      - @ConditionalOnProperty (springdoc.swagger-ui.enabled) matched (OnPropertyCondition)
      - @ConditionalOnBean (types: org.springdoc.core.configuration.SpringDocConfiguration; SearchStrategy: all) found bean 'org.springdoc.core.configuration.SpringDocConfiguration' (OnBeanCondition)

   SwaggerConfig#indexPageTransformer matched:
      - @ConditionalOnMissingBean (types: org.springdoc.webmvc.ui.SwaggerIndexTransformer; SearchStrategy: all) did not find any beans (OnBeanCondition)

   SwaggerConfig#swaggerConfigResource matched:
      - @ConditionalOnProperty (springdoc.use-management-port=false) matched (OnPropertyCondition)
      - @ConditionalOnMissingBean (types: org.springdoc.webmvc.ui.SwaggerConfigResource; SearchStrategy: all) did not find any beans (OnBeanCondition)

   SwaggerConfig#swaggerResourceResolver matched:
      - @ConditionalOnMissingBean (types: org.springdoc.webmvc.ui.SwaggerResourceResolver; SearchStrategy: all) did not find any beans (OnBeanCondition)

   SwaggerConfig#swaggerWebMvcConfigurer matched:
      - @ConditionalOnMissingBean (types: org.springdoc.webmvc.ui.SwaggerWebMvcConfigurer; SearchStrategy: all) did not find any beans (OnBeanCondition)

   SwaggerConfig#swaggerWelcome matched:
      - @ConditionalOnProperty (springdoc.use-management-port=false) matched (OnPropertyCondition)
      - @ConditionalOnMissingBean (types: org.springdoc.webmvc.ui.SwaggerWelcomeWebMvc; SearchStrategy: all) did not find any beans (OnBeanCondition)

   SwaggerUiConfigProperties matched:
      - @ConditionalOnProperty (springdoc.swagger-ui.enabled) matched (OnPropertyCondition)
      - @ConditionalOnBean (types: org.springdoc.core.configuration.SpringDocConfiguration; SearchStrategy: all) found bean 'org.springdoc.core.configuration.SpringDocConfiguration' (OnBeanCondition)

   SwaggerUiOAuthProperties matched:
      - @ConditionalOnProperty (springdoc.swagger-ui.enabled) matched (OnPropertyCondition)
      - @ConditionalOnBean (types: org.springdoc.core.configuration.SpringDocConfiguration; SearchStrategy: all) found bean 'org.springdoc.core.configuration.SpringDocConfiguration' (OnBeanCondition)

   TaskExecutionAutoConfiguration matched:
      - @ConditionalOnClass found required class 'org.springframework.scheduling.concurrent.ThreadPoolTaskExecutor' (OnClassCondition)

   TaskExecutorConfigurations.SimpleAsyncTaskExecutorBuilderConfiguration#simpleAsyncTaskExecutorBuilder matched:
      - @ConditionalOnMissingBean (types: org.springframework.boot.task.SimpleAsyncTaskExecutorBuilder; SearchStrategy: all) did not find any beans (OnBeanCondition)
      - @ConditionalOnThreading found PLATFORM (OnThreadingCondition)

   TaskExecutorConfigurations.TaskExecutorConfiguration matched:
      - @ConditionalOnMissingBean (types: java.util.concurrent.Executor; SearchStrategy: all) did not find any beans (OnBeanCondition)

   TaskExecutorConfigurations.TaskExecutorConfiguration#applicationTaskExecutor matched:
      - @ConditionalOnThreading found PLATFORM (OnThreadingCondition)

   TaskExecutorConfigurations.ThreadPoolTaskExecutorBuilderConfiguration#threadPoolTaskExecutorBuilder matched:
      - @ConditionalOnMissingBean (types: org.springframework.boot.task.ThreadPoolTaskExecutorBuilder; SearchStrategy: all) did not find any beans (OnBeanCondition)

   TaskSchedulingAutoConfiguration matched:
      - @ConditionalOnClass found required class 'org.springframework.scheduling.concurrent.ThreadPoolTaskScheduler' (OnClassCondition)

   TaskSchedulingConfigurations.SimpleAsyncTaskSchedulerBuilderConfiguration#simpleAsyncTaskSchedulerBuilder matched:
      - @ConditionalOnMissingBean (types: org.springframework.boot.task.SimpleAsyncTaskSchedulerBuilder; SearchStrategy: all) did not find any beans (OnBeanCondition)
      - @ConditionalOnThreading found PLATFORM (OnThreadingCondition)

   TaskSchedulingConfigurations.ThreadPoolTaskSchedulerBuilderConfiguration#threadPoolTaskSchedulerBuilder matched:
      - @ConditionalOnMissingBean (types: org.springframework.boot.task.ThreadPoolTaskSchedulerBuilder; SearchStrategy: all) did not find any beans (OnBeanCondition)

   TransactionAutoConfiguration matched:
      - @ConditionalOnClass found required class 'org.springframework.transaction.PlatformTransactionManager' (OnClassCondition)

   TransactionAutoConfiguration.EnableTransactionManagementConfiguration matched:
      - @ConditionalOnBean (types: org.springframework.transaction.TransactionManager; SearchStrategy: all) found bean 'transactionManager'; @ConditionalOnMissingBean (types: org.springframework.transaction.annotation.AbstractTransactionManagementConfiguration; SearchStrategy: all) did not find any beans (OnBeanCondition)

   TransactionAutoConfiguration.EnableTransactionManagementConfiguration.CglibAutoProxyConfiguration matched:
      - @ConditionalOnProperty (spring.aop.proxy-target-class=true) matched (OnPropertyCondition)

   TransactionAutoConfiguration.TransactionTemplateConfiguration matched:
      - @ConditionalOnSingleCandidate (types: org.springframework.transaction.PlatformTransactionManager; SearchStrategy: all) found a single bean 'transactionManager' (OnBeanCondition)

   TransactionAutoConfiguration.TransactionTemplateConfiguration#transactionTemplate matched:
      - @ConditionalOnMissingBean (types: org.springframework.transaction.support.TransactionOperations; SearchStrategy: all) did not find any beans (OnBeanCondition)

   TransactionManagerCustomizationAutoConfiguration matched:
      - @ConditionalOnClass found required class 'org.springframework.transaction.PlatformTransactionManager' (OnClassCondition)

   TransactionManagerCustomizationAutoConfiguration#platformTransactionManagerCustomizers matched:
      - @ConditionalOnMissingBean (types: org.springframework.boot.autoconfigure.transaction.TransactionManagerCustomizers; SearchStrategy: all) did not find any beans (OnBeanCondition)

   ValidationAutoConfiguration matched:
      - @ConditionalOnClass found required class 'jakarta.validation.executable.ExecutableValidator' (OnClassCondition)
      - @ConditionalOnResource found location classpath:META-INF/services/jakarta.validation.spi.ValidationProvider (OnResourceCondition)

   ValidationAutoConfiguration#defaultValidator matched:
      - @ConditionalOnMissingBean (types: jakarta.validation.Validator; SearchStrategy: all) did not find any beans (OnBeanCondition)

   ValidationAutoConfiguration#methodValidationPostProcessor matched:
      - @ConditionalOnMissingBean (types: org.springframework.validation.beanvalidation.MethodValidationPostProcessor; SearchStrategy: current) did not find any beans (OnBeanCondition)

   WebClientAutoConfiguration matched:
      - @ConditionalOnClass found required class 'org.springframework.web.reactive.function.client.WebClient' (OnClassCondition)

   WebClientAutoConfiguration#webClientBuilder matched:
      - @ConditionalOnMissingBean (types: org.springframework.web.reactive.function.client.WebClient$Builder; SearchStrategy: all) did not find any beans (OnBeanCondition)

   WebClientAutoConfiguration#webClientSsl matched:
      - @ConditionalOnBean (types: org.springframework.boot.ssl.SslBundles; SearchStrategy: all) found bean 'sslBundleRegistry'; @ConditionalOnMissingBean (types: org.springframework.boot.autoconfigure.web.reactive.function.client.WebClientSsl; SearchStrategy: all) did not find any beans (OnBeanCondition)

   WebClientAutoConfiguration.WebClientCodecsConfiguration matched:
      - @ConditionalOnBean (types: org.springframework.boot.web.codec.CodecCustomizer; SearchStrategy: all) found beans 'jacksonCodecCustomizer', 'defaultCodecCustomizer' (OnBeanCondition)

   WebClientAutoConfiguration.WebClientCodecsConfiguration#exchangeStrategiesCustomizer matched:
      - @ConditionalOnMissingBean (types: org.springframework.boot.autoconfigure.web.reactive.function.client.WebClientCodecCustomizer; SearchStrategy: all) did not find any beans (OnBeanCondition)

   WebMvcAutoConfiguration matched:
      - @ConditionalOnClass found required classes 'jakarta.servlet.Servlet', 'org.springframework.web.servlet.DispatcherServlet', 'org.springframework.web.servlet.config.annotation.WebMvcConfigurer' (OnClassCondition)
      - found 'session' scope (OnWebApplicationCondition)
      - @ConditionalOnMissingBean (types: org.springframework.web.servlet.config.annotation.WebMvcConfigurationSupport; SearchStrategy: all) did not find any beans (OnBeanCondition)

   WebMvcAutoConfiguration#formContentFilter matched:
      - @ConditionalOnProperty (spring.mvc.formcontent.filter.enabled) matched (OnPropertyCondition)
      - @ConditionalOnMissingBean (types: org.springframework.web.filter.FormContentFilter; SearchStrategy: all) did not find any beans (OnBeanCondition)

   WebMvcAutoConfiguration.EnableWebMvcConfiguration#flashMapManager matched:
      - @ConditionalOnMissingBean (names: flashMapManager; SearchStrategy: all) did not find any beans (OnBeanCondition)

   WebMvcAutoConfiguration.EnableWebMvcConfiguration#themeResolver matched:
      - @ConditionalOnMissingBean (names: themeResolver; SearchStrategy: all) did not find any beans (OnBeanCondition)

   WebMvcAutoConfiguration.EnableWebMvcConfiguration#viewNameTranslator matched:
      - @ConditionalOnMissingBean (names: viewNameTranslator; SearchStrategy: all) did not find any beans (OnBeanCondition)

   WebMvcAutoConfiguration.ResourceChainCustomizerConfiguration matched:
      - @ConditionalOnEnabledResourceChain found class org.webjars.WebJarVersionLocator (OnEnabledResourceChainCondition)

   WebMvcAutoConfiguration.WebMvcAutoConfigurationAdapter#defaultViewResolver matched:
      - @ConditionalOnMissingBean (types: org.springframework.web.servlet.view.InternalResourceViewResolver; SearchStrategy: all) did not find any beans (OnBeanCondition)

   WebMvcAutoConfiguration.WebMvcAutoConfigurationAdapter#requestContextFilter matched:
      - @ConditionalOnMissingBean (types: org.springframework.web.context.request.RequestContextListener,org.springframework.web.filter.RequestContextFilter; SearchStrategy: all) did not find any beans (OnBeanCondition)

   WebMvcAutoConfiguration.WebMvcAutoConfigurationAdapter#viewResolver matched:
      - @ConditionalOnBean (types: org.springframework.web.servlet.ViewResolver; SearchStrategy: all) found beans 'defaultViewResolver', 'beanNameViewResolver', 'mvcViewResolver'; @ConditionalOnMissingBean (names: viewResolver types: org.springframework.web.servlet.view.ContentNegotiatingViewResolver; SearchStrategy: all) did not find any beans (OnBeanCondition)

   WebSocketServletAutoConfiguration matched:
      - @ConditionalOnClass found required classes 'jakarta.servlet.Servlet', 'jakarta.websocket.server.ServerContainer' (OnClassCondition)
      - found 'session' scope (OnWebApplicationCondition)

   WebSocketServletAutoConfiguration.TomcatWebSocketConfiguration matched:
      - @ConditionalOnClass found required classes 'org.apache.catalina.startup.Tomcat', 'org.apache.tomcat.websocket.server.WsSci' (OnClassCondition)

   WebSocketServletAutoConfiguration.TomcatWebSocketConfiguration#websocketServletWebServerCustomizer matched:
      - @ConditionalOnMissingBean (names: websocketServletWebServerCustomizer; SearchStrategy: all) did not find any beans (OnBeanCondition)


Negative matches:
-----------------

   ActiveMQAutoConfiguration:
      Did not match:
         - @ConditionalOnClass did not find required class 'jakarta.jms.ConnectionFactory' (OnClassCondition)

   AopAutoConfiguration.AspectJAutoProxyingConfiguration.JdkDynamicAutoProxyConfiguration:
      Did not match:
         - @ConditionalOnProperty (spring.aop.proxy-target-class=false) did not find property 'proxy-target-class' (OnPropertyCondition)

   AopAutoConfiguration.ClassProxyingConfiguration:
      Did not match:
         - @ConditionalOnMissingClass found unwanted class 'org.aspectj.weaver.Advice' (OnClassCondition)

   ArtemisAutoConfiguration:
      Did not match:
         - @ConditionalOnClass did not find required class 'jakarta.jms.ConnectionFactory' (OnClassCondition)

   BatchAutoConfiguration:
      Did not match:
         - @ConditionalOnClass did not find required class 'org.springframework.batch.core.launch.JobLauncher' (OnClassCondition)

   Cache2kCacheConfiguration:
      Did not match:
         - @ConditionalOnClass did not find required class 'org.cache2k.Cache2kBuilder' (OnClassCondition)

   CacheAutoConfiguration:
      Did not match:
         - @ConditionalOnBean (types: org.springframework.cache.interceptor.CacheAspectSupport; SearchStrategy: all) did not find any beans of type org.springframework.cache.interceptor.CacheAspectSupport (OnBeanCondition)
      Matched:
         - @ConditionalOnClass found required class 'org.springframework.cache.CacheManager' (OnClassCondition)

   CacheAutoConfiguration.CacheManagerEntityManagerFactoryDependsOnPostProcessor:
      Did not match:
         - Ancestor org.springframework.boot.autoconfigure.cache.CacheAutoConfiguration did not match (ConditionEvaluationReport.AncestorsMatchedCondition)
      Matched:
         - @ConditionalOnClass found required class 'org.springframework.orm.jpa.LocalContainerEntityManagerFactoryBean' (OnClassCondition)

   CaffeineCacheConfiguration:
      Did not match:
         - @ConditionalOnClass did not find required class 'com.github.benmanes.caffeine.cache.Caffeine' (OnClassCondition)

   CassandraAutoConfiguration:
      Did not match:
         - @ConditionalOnClass did not find required class 'com.datastax.oss.driver.api.core.CqlSession' (OnClassCondition)

   CassandraDataAutoConfiguration:
      Did not match:
         - @ConditionalOnClass did not find required class 'com.datastax.oss.driver.api.core.CqlSession' (OnClassCondition)

   CassandraReactiveDataAutoConfiguration:
      Did not match:
         - @ConditionalOnClass did not find required class 'com.datastax.oss.driver.api.core.CqlSession' (OnClassCondition)

   CassandraReactiveRepositoriesAutoConfiguration:
      Did not match:
         - @ConditionalOnClass did not find required class 'org.springframework.data.cassandra.ReactiveSession' (OnClassCondition)

   CassandraRepositoriesAutoConfiguration:
      Did not match:
         - @ConditionalOnClass did not find required class 'com.datastax.oss.driver.api.core.CqlSession' (OnClassCondition)

   ClientHttpConnectorFactoryConfiguration.HttpClient5:
      Did not match:
         - @ConditionalOnClass did not find required classes 'org.apache.hc.client5.http.impl.async.HttpAsyncClients', 'org.apache.hc.core5.http.nio.AsyncRequestProducer', 'org.apache.hc.core5.reactive.ReactiveResponseConsumer' (OnClassCondition)

   ClientHttpConnectorFactoryConfiguration.JdkClient:
      Did not match:
         - @ConditionalOnMissingBean (types: org.springframework.boot.autoconfigure.web.reactive.function.client.ClientHttpConnectorFactory; SearchStrategy: all) found beans of type 'org.springframework.boot.autoconfigure.web.reactive.function.client.ClientHttpConnectorFactory' reactorClientHttpConnectorFactory (OnBeanCondition)
      Matched:
         - @ConditionalOnClass found required class 'java.net.http.HttpClient' (OnClassCondition)

   CouchbaseAutoConfiguration:
      Did not match:
         - @ConditionalOnClass did not find required class 'com.couchbase.client.java.Cluster' (OnClassCondition)

   CouchbaseCacheConfiguration:
      Did not match:
         - @ConditionalOnClass did not find required class 'com.couchbase.client.java.Cluster' (OnClassCondition)

   CouchbaseDataAutoConfiguration:
      Did not match:
         - @ConditionalOnClass did not find required class 'com.couchbase.client.java.Bucket' (OnClassCondition)

   CouchbaseReactiveDataAutoConfiguration:
      Did not match:
         - @ConditionalOnClass did not find required class 'com.couchbase.client.java.Cluster' (OnClassCondition)

   CouchbaseReactiveRepositoriesAutoConfiguration:
      Did not match:
         - @ConditionalOnClass did not find required class 'com.couchbase.client.java.Cluster' (OnClassCondition)

   CouchbaseRepositoriesAutoConfiguration:
      Did not match:
         - @ConditionalOnClass did not find required class 'com.couchbase.client.java.Bucket' (OnClassCondition)

   DataSourceAutoConfiguration.EmbeddedDatabaseConfiguration:
      Did not match:
         - EmbeddedDataSource spring.datasource.url is set (DataSourceAutoConfiguration.EmbeddedDatabaseCondition)

   DataSourceCheckpointRestoreConfiguration:
      Did not match:
         - @ConditionalOnClass did not find required class 'org.crac.Resource' (OnClassCondition)

   DataSourceConfiguration.Dbcp2:
      Did not match:
         - @ConditionalOnClass did not find required class 'org.apache.commons.dbcp2.BasicDataSource' (OnClassCondition)

   DataSourceConfiguration.Generic:
      Did not match:
         - @ConditionalOnProperty (spring.datasource.type) did not find property 'spring.datasource.type' (OnPropertyCondition)

   DataSourceConfiguration.OracleUcp:
      Did not match:
         - @ConditionalOnClass did not find required classes 'oracle.ucp.jdbc.PoolDataSourceImpl', 'oracle.jdbc.OracleConnection' (OnClassCondition)

   DataSourceConfiguration.Tomcat:
      Did not match:
         - @ConditionalOnClass did not find required class 'org.apache.tomcat.jdbc.pool.DataSource' (OnClassCondition)

   DataSourceJmxConfiguration.TomcatDataSourceJmxConfiguration:
      Did not match:
         - @ConditionalOnClass did not find required class 'org.apache.tomcat.jdbc.pool.DataSourceProxy' (OnClassCondition)

   DataSourcePoolMetadataProvidersConfiguration.CommonsDbcp2PoolDataSourceMetadataProviderConfiguration:
      Did not match:
         - @ConditionalOnClass did not find required class 'org.apache.commons.dbcp2.BasicDataSource' (OnClassCondition)

   DataSourcePoolMetadataProvidersConfiguration.OracleUcpPoolDataSourceMetadataProviderConfiguration:
      Did not match:
         - @ConditionalOnClass did not find required classes 'oracle.ucp.jdbc.PoolDataSource', 'oracle.jdbc.OracleConnection' (OnClassCondition)

   DataSourcePoolMetadataProvidersConfiguration.TomcatDataSourcePoolMetadataProviderConfiguration:
      Did not match:
         - @ConditionalOnClass did not find required class 'org.apache.tomcat.jdbc.pool.DataSource' (OnClassCondition)

   DataSourceTransactionManagerAutoConfiguration.JdbcTransactionManagerConfiguration#transactionManager:
      Did not match:
         - @ConditionalOnMissingBean (types: org.springframework.transaction.TransactionManager; SearchStrategy: all) found beans of type 'org.springframework.transaction.TransactionManager' transactionManager (OnBeanCondition)

   DevToolsR2dbcAutoConfiguration:
      Did not match:
         - @ConditionalOnClass did not find required class 'io.r2dbc.spi.ConnectionFactory' (OnClassCondition)

   DispatcherServletAutoConfiguration.DispatcherServletConfiguration#multipartResolver:
      Did not match:
         - @ConditionalOnBean (types: org.springframework.web.multipart.MultipartResolver; SearchStrategy: all) did not find any beans of type org.springframework.web.multipart.MultipartResolver (OnBeanCondition)

   ElasticsearchClientAutoConfiguration:
      Did not match:
         - @ConditionalOnClass did not find required class 'co.elastic.clients.elasticsearch.ElasticsearchClient' (OnClassCondition)

   ElasticsearchDataAutoConfiguration:
      Did not match:
         - @ConditionalOnClass did not find required class 'org.springframework.data.elasticsearch.client.elc.ElasticsearchTemplate' (OnClassCondition)

   ElasticsearchRepositoriesAutoConfiguration:
      Did not match:
         - @ConditionalOnClass did not find required class 'org.springframework.data.elasticsearch.repository.ElasticsearchRepository' (OnClassCondition)

   ElasticsearchRestClientAutoConfiguration:
      Did not match:
         - @ConditionalOnClass did not find required class 'org.elasticsearch.client.RestClientBuilder' (OnClassCondition)

   EmbeddedLdapAutoConfiguration:
      Did not match:
         - @ConditionalOnClass did not find required class 'com.unboundid.ldap.listener.InMemoryDirectoryServer' (OnClassCondition)

   EmbeddedWebServerFactoryCustomizerAutoConfiguration.JettyWebServerFactoryCustomizerConfiguration:
      Did not match:
         - @ConditionalOnClass did not find required classes 'org.eclipse.jetty.server.Server', 'org.eclipse.jetty.util.Loader', 'org.eclipse.jetty.ee10.webapp.WebAppContext' (OnClassCondition)

   EmbeddedWebServerFactoryCustomizerAutoConfiguration.TomcatWebServerFactoryCustomizerConfiguration#tomcatVirtualThreadsProtocolHandlerCustomizer:
      Did not match:
         - @ConditionalOnThreading did not find VIRTUAL (OnThreadingCondition)

   EmbeddedWebServerFactoryCustomizerAutoConfiguration.UndertowWebServerFactoryCustomizerConfiguration:
      Did not match:
         - @ConditionalOnClass did not find required classes 'io.undertow.Undertow', 'org.xnio.SslClientAuthMode' (OnClassCondition)

   ErrorWebFluxAutoConfiguration:
      Did not match:
         - not a reactive web application (OnWebApplicationCondition)
      Matched:
         - @ConditionalOnClass found required class 'org.springframework.web.reactive.config.WebFluxConfigurer' (OnClassCondition)

   FlywayAutoConfiguration.FlywayConfiguration#oracleFlywayConfigurationCustomizer:
      Did not match:
         - @ConditionalOnClass did not find required class 'org.flywaydb.database.oracle.OracleConfigurationExtension' (OnClassCondition)

   FlywayAutoConfiguration.FlywayConfiguration#sqlServerFlywayConfigurationCustomizer:
      Did not match:
         - @ConditionalOnClass did not find required class 'org.flywaydb.database.sqlserver.SQLServerConfigurationExtension' (OnClassCondition)

   FreeMarkerAutoConfiguration:
      Did not match:
         - @ConditionalOnClass did not find required class 'freemarker.template.Configuration' (OnClassCondition)

   GraphQlAutoConfiguration:
      Did not match:
         - @ConditionalOnClass did not find required class 'graphql.GraphQL' (OnClassCondition)

   GraphQlQueryByExampleAutoConfiguration:
      Did not match:
         - @ConditionalOnClass did not find required class 'graphql.GraphQL' (OnClassCondition)

   GraphQlQuerydslAutoConfiguration:
      Did not match:
         - @ConditionalOnClass did not find required class 'com.querydsl.core.Query' (OnClassCondition)

   GraphQlRSocketAutoConfiguration:
      Did not match:
         - @ConditionalOnClass did not find required class 'graphql.GraphQL' (OnClassCondition)

   GraphQlReactiveQueryByExampleAutoConfiguration:
      Did not match:
         - @ConditionalOnClass did not find required class 'graphql.GraphQL' (OnClassCondition)

   GraphQlReactiveQuerydslAutoConfiguration:
      Did not match:
         - @ConditionalOnClass did not find required class 'com.querydsl.core.Query' (OnClassCondition)

   GraphQlWebFluxAutoConfiguration:
      Did not match:
         - @ConditionalOnClass did not find required class 'graphql.GraphQL' (OnClassCondition)

   GraphQlWebFluxSecurityAutoConfiguration:
      Did not match:
         - @ConditionalOnClass did not find required class 'graphql.GraphQL' (OnClassCondition)

   GraphQlWebMvcAutoConfiguration:
      Did not match:
         - @ConditionalOnClass did not find required class 'graphql.GraphQL' (OnClassCondition)

   GraphQlWebMvcSecurityAutoConfiguration:
      Did not match:
         - @ConditionalOnClass did not find required class 'graphql.GraphQL' (OnClassCondition)

   GroovyTemplateAutoConfiguration:
      Did not match:
         - @ConditionalOnClass did not find required class 'groovy.text.markup.MarkupTemplateEngine' (OnClassCondition)

   GsonAutoConfiguration:
      Did not match:
         - @ConditionalOnClass did not find required class 'com.google.gson.Gson' (OnClassCondition)

   GsonHttpMessageConvertersConfiguration:
      Did not match:
         - @ConditionalOnClass did not find required class 'com.google.gson.Gson' (OnClassCondition)

   H2ConsoleAutoConfiguration:
      Did not match:
         - @ConditionalOnClass did not find required class 'org.h2.server.web.JakartaWebServlet' (OnClassCondition)

   HazelcastAutoConfiguration:
      Did not match:
         - @ConditionalOnClass did not find required class 'com.hazelcast.core.HazelcastInstance' (OnClassCondition)

   HazelcastCacheConfiguration:
      Did not match:
         - @ConditionalOnClass did not find required class 'com.hazelcast.core.HazelcastInstance' (OnClassCondition)

   HazelcastJpaDependencyAutoConfiguration:
      Did not match:
         - @ConditionalOnClass did not find required class 'com.hazelcast.core.HazelcastInstance' (OnClassCondition)

   HttpHandlerAutoConfiguration:
      Did not match:
         - not a reactive web application (OnWebApplicationCondition)
      Matched:
         - @ConditionalOnClass found required classes 'org.springframework.web.reactive.DispatcherHandler', 'org.springframework.http.server.reactive.HttpHandler' (OnClassCondition)

   HypermediaAutoConfiguration:
      Did not match:
         - @ConditionalOnClass did not find required class 'org.springframework.hateoas.EntityModel' (OnClassCondition)

   InfinispanCacheConfiguration:
      Did not match:
         - @ConditionalOnClass did not find required class 'org.infinispan.spring.embedded.provider.SpringEmbeddedCacheManager' (OnClassCondition)

   IntegrationAutoConfiguration:
      Did not match:
         - @ConditionalOnClass did not find required class 'org.springframework.integration.config.EnableIntegration' (OnClassCondition)

   JCacheCacheConfiguration:
      Did not match:
         - @ConditionalOnClass did not find required class 'javax.cache.Caching' (OnClassCondition)

   JacksonHttpMessageConvertersConfiguration.MappingJackson2XmlHttpMessageConverterConfiguration:
      Did not match:
         - @ConditionalOnClass did not find required class 'com.fasterxml.jackson.dataformat.xml.XmlMapper' (OnClassCondition)

   JdbcRepositoriesAutoConfiguration:
      Did not match:
         - @ConditionalOnClass did not find required class 'org.springframework.data.jdbc.repository.config.AbstractJdbcConfiguration' (OnClassCondition)

   JerseyAutoConfiguration:
      Did not match:
         - @ConditionalOnClass did not find required class 'org.glassfish.jersey.server.spring.SpringComponentProvider' (OnClassCondition)

   JmsAutoConfiguration:
      Did not match:
         - @ConditionalOnClass did not find required class 'jakarta.jms.Message' (OnClassCondition)

   JmxAutoConfiguration:
      Did not match:
         - @ConditionalOnProperty (spring.jmx.enabled=true) did not find property 'enabled' (OnPropertyCondition)
      Matched:
         - @ConditionalOnClass found required class 'org.springframework.jmx.export.MBeanExporter' (OnClassCondition)

   JndiConnectionFactoryAutoConfiguration:
      Did not match:
         - @ConditionalOnClass did not find required class 'org.springframework.jms.core.JmsTemplate' (OnClassCondition)

   JndiDataSourceAutoConfiguration:
      Did not match:
         - @ConditionalOnProperty (spring.datasource.jndi-name) did not find property 'jndi-name' (OnPropertyCondition)
      Matched:
         - @ConditionalOnClass found required classes 'javax.sql.DataSource', 'org.springframework.jdbc.datasource.embedded.EmbeddedDatabaseType' (OnClassCondition)

   JndiJtaConfiguration:
      Did not match:
         - @ConditionalOnJndi JNDI environment is not available (OnJndiCondition)
      Matched:
         - @ConditionalOnClass found required class 'org.springframework.transaction.jta.JtaTransactionManager' (OnClassCondition)

   JooqAutoConfiguration:
      Did not match:
         - @ConditionalOnClass did not find required class 'org.jooq.DSLContext' (OnClassCondition)

   JpaRepositoriesAutoConfiguration#entityManagerFactoryBootstrapExecutorCustomizer:
      Did not match:
         - AnyNestedCondition 0 matched 2 did not; NestedCondition on JpaRepositoriesAutoConfiguration.BootstrapExecutorCondition.LazyBootstrapMode @ConditionalOnProperty (spring.data.jpa.repositories.bootstrap-mode=lazy) did not find property 'bootstrap-mode'; NestedCondition on JpaRepositoriesAutoConfiguration.BootstrapExecutorCondition.DeferredBootstrapMode @ConditionalOnProperty (spring.data.jpa.repositories.bootstrap-mode=deferred) did not find property 'bootstrap-mode' (JpaRepositoriesAutoConfiguration.BootstrapExecutorCondition)

   JsonbAutoConfiguration:
      Did not match:
         - @ConditionalOnClass did not find required class 'jakarta.json.bind.Jsonb' (OnClassCondition)

   JsonbHttpMessageConvertersConfiguration:
      Did not match:
         - @ConditionalOnClass did not find required class 'jakarta.json.bind.Jsonb' (OnClassCondition)

   KafkaAutoConfiguration:
      Did not match:
         - @ConditionalOnClass did not find required class 'org.springframework.kafka.core.KafkaTemplate' (OnClassCondition)

   LdapAutoConfiguration:
      Did not match:
         - @ConditionalOnClass did not find required class 'org.springframework.ldap.core.ContextSource' (OnClassCondition)

   LdapRepositoriesAutoConfiguration:
      Did not match:
         - @ConditionalOnClass did not find required class 'org.springframework.data.ldap.repository.LdapRepository' (OnClassCondition)

   LiquibaseAutoConfiguration:
      Did not match:
         - @ConditionalOnClass did not find required class 'liquibase.change.DatabaseChange' (OnClassCondition)

   MailSenderAutoConfiguration:
      Did not match:
         - @ConditionalOnClass did not find required class 'jakarta.mail.internet.MimeMessage' (OnClassCondition)

   MailSenderValidatorAutoConfiguration:
      Did not match:
         - @ConditionalOnSingleCandidate did not find required type 'org.springframework.mail.javamail.JavaMailSenderImpl' (OnBeanCondition)

   MessageSourceAutoConfiguration:
      Did not match:
         - ResourceBundle did not find bundle with basename messages (MessageSourceAutoConfiguration.ResourceBundleCondition)

   MongoAutoConfiguration:
      Did not match:
         - @ConditionalOnClass did not find required class 'com.mongodb.client.MongoClient' (OnClassCondition)

   MongoDataAutoConfiguration:
      Did not match:
         - @ConditionalOnClass did not find required class 'com.mongodb.client.MongoClient' (OnClassCondition)

   MongoReactiveAutoConfiguration:
      Did not match:
         - @ConditionalOnClass did not find required class 'com.mongodb.reactivestreams.client.MongoClient' (OnClassCondition)

   MongoReactiveDataAutoConfiguration:
      Did not match:
         - @ConditionalOnClass did not find required class 'com.mongodb.reactivestreams.client.MongoClient' (OnClassCondition)

   MongoReactiveRepositoriesAutoConfiguration:
      Did not match:
         - @ConditionalOnClass did not find required class 'com.mongodb.reactivestreams.client.MongoClient' (OnClassCondition)

   MongoRepositoriesAutoConfiguration:
      Did not match:
         - @ConditionalOnClass did not find required class 'com.mongodb.client.MongoClient' (OnClassCondition)

   MultipleOpenApiSupportConfiguration:
      Did not match:
         - AnyNestedCondition 0 matched 2 did not; NestedCondition on MultipleOpenApiSupportCondition.OnActuatorDifferentPort @ConditionalOnProperty (springdoc.show-actuator) did not find property 'springdoc.show-actuator'; NestedCondition on MultipleOpenApiSupportCondition.OnMultipleOpenApiSupportCondition AnyNestedCondition 0 matched 3 did not; NestedCondition on MultipleOpenApiGroupsCondition.OnListGroupedOpenApiBean @ConditionalOnBean (types: org.springdoc.core.models.GroupedOpenApi; SearchStrategy: all) did not find any beans of type org.springdoc.core.models.GroupedOpenApi; NestedCondition on MultipleOpenApiGroupsCondition.OnGroupConfigProperty @ConditionalOnProperty (springdoc.group-configs[0].group) did not find property 'springdoc.group-configs[0].group'; NestedCondition on MultipleOpenApiGroupsCondition.OnGroupedOpenApiBean @ConditionalOnBean (types: org.springdoc.core.models.GroupedOpenApi; SearchStrategy: all) did not find any beans of type org.springdoc.core.models.GroupedOpenApi (MultipleOpenApiSupportCondition)
      Matched:
         - found 'session' scope (OnWebApplicationCondition)
         - @ConditionalOnProperty (springdoc.api-docs.enabled) matched (OnPropertyCondition)

   MultipleOpenApiSupportConfiguration.SpringDocWebMvcActuatorDifferentConfiguration:
      Did not match:
         - @ConditionalOnClass did not find required class 'org.springframework.boot.actuate.endpoint.web.servlet.WebMvcEndpointHandlerMapping' (OnClassCondition)
         - Ancestor org.springdoc.webmvc.core.configuration.MultipleOpenApiSupportConfiguration did not match (ConditionEvaluationReport.AncestorsMatchedCondition)

   MustacheAutoConfiguration:
      Did not match:
         - @ConditionalOnClass did not find required class 'com.samskivert.mustache.Mustache' (OnClassCondition)

   Neo4jAutoConfiguration:
      Did not match:
         - @ConditionalOnClass did not find required class 'org.neo4j.driver.Driver' (OnClassCondition)

   Neo4jDataAutoConfiguration:
      Did not match:
         - @ConditionalOnClass did not find required class 'org.neo4j.driver.Driver' (OnClassCondition)

   Neo4jReactiveDataAutoConfiguration:
      Did not match:
         - @ConditionalOnClass did not find required class 'org.neo4j.driver.Driver' (OnClassCondition)

   Neo4jReactiveRepositoriesAutoConfiguration:
      Did not match:
         - @ConditionalOnClass did not find required class 'org.neo4j.driver.Driver' (OnClassCondition)

   Neo4jRepositoriesAutoConfiguration:
      Did not match:
         - @ConditionalOnClass did not find required class 'org.neo4j.driver.Driver' (OnClassCondition)

   OAuth2AuthorizationServerAutoConfiguration:
      Did not match:
         - @ConditionalOnClass did not find required class 'org.springframework.security.oauth2.server.authorization.OAuth2Authorization' (OnClassCondition)

   OAuth2AuthorizationServerJwtAutoConfiguration:
      Did not match:
         - @ConditionalOnClass did not find required class 'org.springframework.security.oauth2.server.authorization.OAuth2Authorization' (OnClassCondition)

   OAuth2ClientAutoConfiguration:
      Did not match:
         - @ConditionalOnClass did not find required class 'org.springframework.security.oauth2.client.registration.ClientRegistration' (OnClassCondition)

   OAuth2ResourceServerJwtConfiguration.JwtConverterConfiguration:
      Did not match:
         - AnyNestedCondition 0 matched 3 did not; NestedCondition on OAuth2ResourceServerJwtConfiguration.JwtConverterPropertiesCondition.OnAuthoritiesClaimName @ConditionalOnProperty (spring.security.oauth2.resourceserver.jwt.authorities-claim-name) did not find property 'authorities-claim-name'; NestedCondition on OAuth2ResourceServerJwtConfiguration.JwtConverterPropertiesCondition.OnPrincipalClaimName @ConditionalOnProperty (spring.security.oauth2.resourceserver.jwt.principal-claim-name) did not find property 'principal-claim-name'; NestedCondition on OAuth2ResourceServerJwtConfiguration.JwtConverterPropertiesCondition.OnAuthorityPrefix @ConditionalOnProperty (spring.security.oauth2.resourceserver.jwt.authority-prefix) did not find property 'authority-prefix' (OAuth2ResourceServerJwtConfiguration.JwtConverterPropertiesCondition)

   OAuth2ResourceServerJwtConfiguration.JwtDecoderConfiguration#jwtDecoderByIssuerUri:
      Did not match:
         - OpenID Connect Issuer URI Condition did not find issuer-uri property (IssuerUriCondition)

   OAuth2ResourceServerJwtConfiguration.JwtDecoderConfiguration#jwtDecoderByJwkKeySetUri:
      Did not match:
         - @ConditionalOnProperty (spring.security.oauth2.resourceserver.jwt.jwk-set-uri) did not find property 'spring.security.oauth2.resourceserver.jwt.jwk-set-uri' (OnPropertyCondition)

   OAuth2ResourceServerJwtConfiguration.JwtDecoderConfiguration#jwtDecoderByPublicKeyValue:
      Did not match:
         - Public Key Value Condition did not find public-key-location property (KeyValueCondition)

   OAuth2ResourceServerJwtConfiguration.OAuth2SecurityFilterChainConfiguration:
      Did not match:
         - AllNestedConditions 1 matched 1 did not; NestedCondition on DefaultWebSecurityCondition.Beans @ConditionalOnMissingBean (types: org.springframework.security.web.SecurityFilterChain; SearchStrategy: all) found beans of type 'org.springframework.security.web.SecurityFilterChain' securityFilterChain; NestedCondition on DefaultWebSecurityCondition.Classes @ConditionalOnClass found required classes 'org.springframework.security.web.SecurityFilterChain', 'org.springframework.security.config.annotation.web.builders.HttpSecurity' (DefaultWebSecurityCondition)

   OAuth2ResourceServerOpaqueTokenConfiguration.OAuth2SecurityFilterChainConfiguration:
      Did not match:
         - AllNestedConditions 1 matched 1 did not; NestedCondition on DefaultWebSecurityCondition.Beans @ConditionalOnMissingBean (types: org.springframework.security.web.SecurityFilterChain; SearchStrategy: all) found beans of type 'org.springframework.security.web.SecurityFilterChain' securityFilterChain; NestedCondition on DefaultWebSecurityCondition.Classes @ConditionalOnClass found required classes 'org.springframework.security.web.SecurityFilterChain', 'org.springframework.security.config.annotation.web.builders.HttpSecurity' (DefaultWebSecurityCondition)

   OAuth2ResourceServerOpaqueTokenConfiguration.OpaqueTokenIntrospectionClientConfiguration#opaqueTokenIntrospector:
      Did not match:
         - @ConditionalOnProperty (spring.security.oauth2.resourceserver.opaquetoken.introspection-uri) did not find property 'spring.security.oauth2.resourceserver.opaquetoken.introspection-uri' (OnPropertyCondition)

   ProjectInfoAutoConfiguration#buildProperties:
      Did not match:
         - @ConditionalOnResource did not find resource '${spring.info.build.location:classpath:META-INF/build-info.properties}' (OnResourceCondition)

   ProjectInfoAutoConfiguration#gitProperties:
      Did not match:
         - GitResource did not find git info at classpath:git.properties (ProjectInfoAutoConfiguration.GitResourceAvailableCondition)

   PulsarAutoConfiguration:
      Did not match:
         - @ConditionalOnClass did not find required class 'org.apache.pulsar.client.api.PulsarClient' (OnClassCondition)

   PulsarReactiveAutoConfiguration:
      Did not match:
         - @ConditionalOnClass did not find required class 'org.apache.pulsar.client.api.PulsarClient' (OnClassCondition)

   QuartzAutoConfiguration:
      Did not match:
         - @ConditionalOnClass did not find required class 'org.quartz.Scheduler' (OnClassCondition)

   R2dbcAutoConfiguration:
      Did not match:
         - @ConditionalOnClass did not find required class 'io.r2dbc.spi.ConnectionFactory' (OnClassCondition)

   R2dbcDataAutoConfiguration:
      Did not match:
         - @ConditionalOnClass did not find required class 'org.springframework.data.r2dbc.core.R2dbcEntityTemplate' (OnClassCondition)

   R2dbcInitializationConfiguration:
      Did not match:
         - @ConditionalOnClass did not find required classes 'io.r2dbc.spi.ConnectionFactory', 'org.springframework.r2dbc.connection.init.DatabasePopulator' (OnClassCondition)

   R2dbcProxyAutoConfiguration:
      Did not match:
         - @ConditionalOnClass did not find required class 'io.r2dbc.proxy.ProxyConnectionFactory' (OnClassCondition)

   R2dbcRepositoriesAutoConfiguration:
      Did not match:
         - @ConditionalOnClass did not find required class 'io.r2dbc.spi.ConnectionFactory' (OnClassCondition)

   R2dbcTransactionManagerAutoConfiguration:
      Did not match:
         - @ConditionalOnClass did not find required class 'org.springframework.r2dbc.connection.R2dbcTransactionManager' (OnClassCondition)

   RSocketGraphQlClientAutoConfiguration:
      Did not match:
         - @ConditionalOnClass did not find required class 'graphql.GraphQL' (OnClassCondition)

   RSocketMessagingAutoConfiguration:
      Did not match:
         - @ConditionalOnClass did not find required class 'io.rsocket.RSocket' (OnClassCondition)

   RSocketRequesterAutoConfiguration:
      Did not match:
         - @ConditionalOnClass did not find required class 'io.rsocket.RSocket' (OnClassCondition)

   RSocketSecurityAutoConfiguration:
      Did not match:
         - @ConditionalOnClass did not find required class 'org.springframework.security.rsocket.core.SecuritySocketAcceptorInterceptor' (OnClassCondition)

   RSocketServerAutoConfiguration:
      Did not match:
         - @ConditionalOnClass did not find required class 'io.rsocket.core.RSocketServer' (OnClassCondition)

   RSocketStrategiesAutoConfiguration:
      Did not match:
         - @ConditionalOnClass did not find required class 'io.rsocket.RSocket' (OnClassCondition)

   RabbitAutoConfiguration:
      Did not match:
         - @ConditionalOnClass did not find required class 'com.rabbitmq.client.Channel' (OnClassCondition)

   ReactiveElasticsearchClientAutoConfiguration:
      Did not match:
         - @ConditionalOnClass did not find required class 'co.elastic.clients.transport.ElasticsearchTransport' (OnClassCondition)

   ReactiveElasticsearchRepositoriesAutoConfiguration:
      Did not match:
         - @ConditionalOnClass did not find required class 'org.springframework.data.elasticsearch.client.elc.ReactiveElasticsearchClient' (OnClassCondition)

   ReactiveMultipartAutoConfiguration:
      Did not match:
         - not a reactive web application (OnWebApplicationCondition)
      Matched:
         - @ConditionalOnClass found required classes 'org.springframework.http.codec.multipart.DefaultPartHttpMessageReader', 'org.springframework.web.reactive.config.WebFluxConfigurer' (OnClassCondition)

   ReactiveOAuth2ClientAutoConfiguration:
      Did not match:
         - @ConditionalOnClass did not find required class 'org.springframework.security.oauth2.client.registration.ClientRegistration' (OnClassCondition)

   ReactiveOAuth2ResourceServerAutoConfiguration:
      Did not match:
         - not a reactive web application (OnWebApplicationCondition)
      Matched:
         - @ConditionalOnClass found required class 'org.springframework.security.config.annotation.web.reactive.EnableWebFluxSecurity' (OnClassCondition)

   ReactiveSecurityAutoConfiguration.SpringBootWebFluxSecurityConfiguration:
      Did not match:
         - not a reactive web application (OnWebApplicationCondition)

   ReactiveUserDetailsServiceAutoConfiguration:
      Did not match:
         - AnyNestedCondition 0 matched 3 did not; NestedCondition on ReactiveUserDetailsServiceAutoConfiguration.MissingAlternativeOrUserPropertiesConfigured.PasswordConfigured @ConditionalOnProperty (spring.security.user.password) did not find property 'password'; NestedCondition on ReactiveUserDetailsServiceAutoConfiguration.MissingAlternativeOrUserPropertiesConfigured.NameConfigured @ConditionalOnProperty (spring.security.user.name) did not find property 'name'; NestedCondition on ReactiveUserDetailsServiceAutoConfiguration.MissingAlternativeOrUserPropertiesConfigured.MissingAlternative @ConditionalOnMissingClass found unwanted class 'org.springframework.security.oauth2.server.resource.introspection.ReactiveOpaqueTokenIntrospector' (ReactiveUserDetailsServiceAutoConfiguration.MissingAlternativeOrUserPropertiesConfigured)
      Matched:
         - @ConditionalOnClass found required class 'org.springframework.security.authentication.ReactiveAuthenticationManager' (OnClassCondition)

   ReactiveWebServerFactoryAutoConfiguration:
      Did not match:
         - not a reactive web application (OnWebApplicationCondition)
      Matched:
         - @ConditionalOnClass found required class 'org.springframework.http.ReactiveHttpInputMessage' (OnClassCondition)

   RedisAutoConfiguration:
      Did not match:
         - @ConditionalOnClass did not find required class 'org.springframework.data.redis.core.RedisOperations' (OnClassCondition)

   RedisCacheConfiguration:
      Did not match:
         - @ConditionalOnClass did not find required class 'org.springframework.data.redis.connection.RedisConnectionFactory' (OnClassCondition)

   RedisReactiveAutoConfiguration:
      Did not match:
         - @ConditionalOnClass did not find required class 'org.springframework.data.redis.connection.ReactiveRedisConnectionFactory' (OnClassCondition)

   RedisRepositoriesAutoConfiguration:
      Did not match:
         - @ConditionalOnClass did not find required class 'org.springframework.data.redis.repository.configuration.EnableRedisRepositories' (OnClassCondition)

   RemoteDevToolsAutoConfiguration:
      Did not match:
         - @ConditionalOnProperty (spring.devtools.remote.secret) did not find property 'secret' (OnPropertyCondition)
      Matched:
         - @ConditionalOnClass found required classes 'jakarta.servlet.Filter', 'org.springframework.http.server.ServerHttpRequest' (OnClassCondition)

   RepositoryRestMvcAutoConfiguration:
      Did not match:
         - @ConditionalOnClass did not find required class 'org.springframework.data.rest.webmvc.config.RepositoryRestMvcConfiguration' (OnClassCondition)

   Saml2RelyingPartyAutoConfiguration:
      Did not match:
         - @ConditionalOnClass did not find required class 'org.springframework.security.saml2.provider.service.registration.RelyingPartyRegistrationRepository' (OnClassCondition)

   SecurityDataConfiguration:
      Did not match:
         - @ConditionalOnClass did not find required class 'org.springframework.security.data.repository.query.SecurityEvaluationContextExtension' (OnClassCondition)

   SendGridAutoConfiguration:
      Did not match:
         - @ConditionalOnClass did not find required class 'com.sendgrid.SendGrid' (OnClassCondition)

   ServletWebServerFactoryAutoConfiguration.ForwardedHeaderFilterConfiguration:
      Did not match:
         - @ConditionalOnProperty (server.forward-headers-strategy=framework) did not find property 'server.forward-headers-strategy' (OnPropertyCondition)

   ServletWebServerFactoryConfiguration.EmbeddedJetty:
      Did not match:
         - @ConditionalOnClass did not find required classes 'org.eclipse.jetty.server.Server', 'org.eclipse.jetty.util.Loader', 'org.eclipse.jetty.ee10.webapp.WebAppContext' (OnClassCondition)

   ServletWebServerFactoryConfiguration.EmbeddedUndertow:
      Did not match:
         - @ConditionalOnClass did not find required classes 'io.undertow.Undertow', 'org.xnio.SslClientAuthMode' (OnClassCondition)

   SessionAutoConfiguration:
      Did not match:
         - @ConditionalOnClass did not find required class 'org.springframework.session.Session' (OnClassCondition)

   SpringApplicationAdminJmxAutoConfiguration:
      Did not match:
         - @ConditionalOnProperty (spring.application.admin.enabled=true) did not find property 'enabled' (OnPropertyCondition)

   SpringBootWebSecurityConfiguration.SecurityFilterChainConfiguration:
      Did not match:
         - AllNestedConditions 1 matched 1 did not; NestedCondition on DefaultWebSecurityCondition.Beans @ConditionalOnMissingBean (types: org.springframework.security.web.SecurityFilterChain; SearchStrategy: all) found beans of type 'org.springframework.security.web.SecurityFilterChain' securityFilterChain; NestedCondition on DefaultWebSecurityCondition.Classes @ConditionalOnClass found required classes 'org.springframework.security.web.SecurityFilterChain', 'org.springframework.security.config.annotation.web.builders.HttpSecurity' (DefaultWebSecurityCondition)

   SpringBootWebSecurityConfiguration.WebSecurityEnablerConfiguration:
      Did not match:
         - @ConditionalOnMissingBean (names: springSecurityFilterChain; SearchStrategy: all) found beans named springSecurityFilterChain (OnBeanCondition)
      Matched:
         - @ConditionalOnClass found required class 'org.springframework.security.config.annotation.web.configuration.EnableWebSecurity' (OnClassCondition)

   SpringDocConfiguration#propertiesResolverForSchema:
      Did not match:
         - @ConditionalOnProperty (springdoc.api-docs.resolve-schema-properties) did not find property 'springdoc.api-docs.resolve-schema-properties' (OnPropertyCondition)

   SpringDocConfiguration#propertyCustomizingConverter:
      Did not match:
         - @ConditionalOnBean (types: org.springdoc.core.customizers.PropertyCustomizer; SearchStrategy: all) did not find any beans of type org.springdoc.core.customizers.PropertyCustomizer (OnBeanCondition)

   SpringDocConfiguration#springdocBeanFactoryPostProcessor:
      Did not match:
         - AnyNestedCondition 0 matched 2 did not; NestedCondition on CacheOrGroupedOpenApiCondition.OnCacheDisabled found non-matching nested conditions @ConditionalOnProperty (springdoc.cache.disabled) did not find property 'springdoc.cache.disabled'; NestedCondition on CacheOrGroupedOpenApiCondition.OnMultipleOpenApiSupportCondition AnyNestedCondition 0 matched 2 did not; NestedCondition on MultipleOpenApiSupportCondition.OnActuatorDifferentPort @ConditionalOnProperty (springdoc.show-actuator) did not find property 'springdoc.show-actuator'; NestedCondition on MultipleOpenApiSupportCondition.OnMultipleOpenApiSupportCondition AnyNestedCondition 0 matched 3 did not; NestedCondition on MultipleOpenApiGroupsCondition.OnListGroupedOpenApiBean @ConditionalOnBean (types: org.springdoc.core.models.GroupedOpenApi; SearchStrategy: all) did not find any beans of type org.springdoc.core.models.GroupedOpenApi; NestedCondition on MultipleOpenApiGroupsCondition.OnGroupConfigProperty @ConditionalOnProperty (springdoc.group-configs[0].group) did not find property 'springdoc.group-configs[0].group'; NestedCondition on MultipleOpenApiGroupsCondition.OnGroupedOpenApiBean @ConditionalOnBean (types: org.springdoc.core.models.GroupedOpenApi; SearchStrategy: all) did not find any beans of type org.springdoc.core.models.GroupedOpenApi (CacheOrGroupedOpenApiCondition)
      Matched:
         - @ConditionalOnClass found required class 'org.springframework.boot.context.properties.bind.BindResult' (OnClassCondition)

   SpringDocConfiguration#springdocBeanFactoryPostProcessor2:
      Did not match:
         - @ConditionalOnMissingClass found unwanted class 'org.springframework.boot.context.properties.bind.BindResult' (OnClassCondition)

   SpringDocConfiguration.SpringDocActuatorConfiguration:
      Did not match:
         - @ConditionalOnClass did not find required class 'org.springframework.boot.actuate.autoconfigure.endpoint.web.WebEndpointProperties' (OnClassCondition)

   SpringDocConfiguration.SpringDocRepositoryRestConfiguration:
      Did not match:
         - @ConditionalOnClass did not find required class 'org.springframework.data.rest.core.config.RepositoryRestConfiguration' (OnClassCondition)

   SpringDocDataRestConfiguration:
      Did not match:
         - @ConditionalOnClass did not find required class 'org.springframework.data.rest.core.config.RepositoryRestConfiguration' (OnClassCondition)

   SpringDocFunctionCatalogConfiguration:
      Did not match:
         - @ConditionalOnClass did not find required class 'org.springframework.cloud.function.web.function.FunctionEndpointInitializer' (OnClassCondition)

   SpringDocGroovyConfiguration:
      Did not match:
         - @ConditionalOnClass did not find required class 'groovy.lang.MetaClass' (OnClassCondition)

   SpringDocHateoasConfiguration:
      Did not match:
         - @ConditionalOnClass did not find required class 'org.springframework.hateoas.server.LinkRelationProvider' (OnClassCondition)

   SpringDocJacksonKotlinModuleConfiguration:
      Did not match:
         - @ConditionalOnClass did not find required class 'com.fasterxml.jackson.module.kotlin.KotlinModule' (OnClassCondition)

   SpringDocJavadocConfiguration:
      Did not match:
         - @ConditionalOnClass did not find required class 'com.github.therapi.runtimejavadoc.CommentFormatter' (OnClassCondition)

   SpringDocKotlinConfiguration:
      Did not match:
         - @ConditionalOnClass did not find required class 'kotlin.coroutines.Continuation' (OnClassCondition)

   SpringDocKotlinxConfiguration:
      Did not match:
         - @ConditionalOnClass did not find required class 'kotlinx.coroutines.flow.Flow' (OnClassCondition)

   SpringDocSecurityConfiguration.SpringDocSecurityOAuth2ClientConfiguration:
      Did not match:
         - @ConditionalOnClass did not find required class 'org.springframework.security.oauth2.client.annotation.RegisteredOAuth2AuthorizedClient' (OnClassCondition)

   SpringDocSecurityConfiguration.SpringDocSecurityOAuth2Configuration:
      Did not match:
         - @ConditionalOnClass did not find required class 'org.springframework.security.oauth2.server.authorization.OAuth2AuthorizationService' (OnClassCondition)

   SpringDocSecurityConfiguration.SpringSecurityLoginEndpointConfiguration#springSecurityLoginEndpointCustomizer:
      Did not match:
         - @ConditionalOnProperty (springdoc.show-login-endpoint) did not find property 'springdoc.show-login-endpoint' (OnPropertyCondition)

   SpringDocSortConfiguration#dataRestDelegatingMethodParameterCustomizer:
      Did not match:
         - @ConditionalOnMissingBean (types: org.springdoc.core.customizers.DataRestDelegatingMethodParameterCustomizer; SearchStrategy: all) found beans of type 'org.springdoc.core.customizers.DataRestDelegatingMethodParameterCustomizer' dataRestDelegatingMethodParameterCustomizer (OnBeanCondition)

   SpringDocWebMvcConfiguration.SpringDocWebMvcActuatorConfiguration:
      Did not match:
         - @ConditionalOnClass did not find required class 'org.springframework.boot.actuate.endpoint.web.servlet.WebMvcEndpointHandlerMapping' (OnClassCondition)

   SwaggerConfig#springWebProvider:
      Did not match:
         - @ConditionalOnMissingBean (types: org.springdoc.core.providers.SpringWebProvider; SearchStrategy: all) found beans of type 'org.springdoc.core.providers.SpringWebProvider' springWebProvider (OnBeanCondition)

   SwaggerConfig#swaggerUiHome:
      Did not match:
         - @ConditionalOnProperty (springdoc.swagger-ui.use-root-path=true) did not find property 'springdoc.swagger-ui.use-root-path' (OnPropertyCondition)

   SwaggerConfig.SwaggerActuatorWelcomeConfiguration:
      Did not match:
         - @ConditionalOnClass did not find required class 'org.springframework.boot.actuate.endpoint.web.servlet.WebMvcEndpointHandlerMapping' (OnClassCondition)

   TaskExecutorConfigurations.SimpleAsyncTaskExecutorBuilderConfiguration#simpleAsyncTaskExecutorBuilderVirtualThreads:
      Did not match:
         - @ConditionalOnMissingBean (types: org.springframework.boot.task.SimpleAsyncTaskExecutorBuilder; SearchStrategy: all) found beans of type 'org.springframework.boot.task.SimpleAsyncTaskExecutorBuilder' simpleAsyncTaskExecutorBuilder (OnBeanCondition)

   TaskExecutorConfigurations.TaskExecutorConfiguration#applicationTaskExecutorVirtualThreads:
      Did not match:
         - @ConditionalOnThreading did not find VIRTUAL (OnThreadingCondition)

   TaskSchedulingAutoConfiguration#scheduledBeanLazyInitializationExcludeFilter:
      Did not match:
         - @ConditionalOnBean (names: org.springframework.context.annotation.internalScheduledAnnotationProcessor; SearchStrategy: all) did not find any beans named org.springframework.context.annotation.internalScheduledAnnotationProcessor (OnBeanCondition)

   TaskSchedulingConfigurations.SimpleAsyncTaskSchedulerBuilderConfiguration#simpleAsyncTaskSchedulerBuilderVirtualThreads:
      Did not match:
         - @ConditionalOnMissingBean (types: org.springframework.boot.task.SimpleAsyncTaskSchedulerBuilder; SearchStrategy: all) found beans of type 'org.springframework.boot.task.SimpleAsyncTaskSchedulerBuilder' simpleAsyncTaskSchedulerBuilder (OnBeanCondition)

   TaskSchedulingConfigurations.TaskSchedulerConfiguration:
      Did not match:
         - @ConditionalOnBean (names: org.springframework.context.annotation.internalScheduledAnnotationProcessor; SearchStrategy: all) did not find any beans named org.springframework.context.annotation.internalScheduledAnnotationProcessor (OnBeanCondition)

   ThymeleafAutoConfiguration:
      Did not match:
         - @ConditionalOnClass did not find required class 'org.thymeleaf.spring6.SpringTemplateEngine' (OnClassCondition)

   TransactionAutoConfiguration#transactionalOperator:
      Did not match:
         - @ConditionalOnSingleCandidate (types: org.springframework.transaction.ReactiveTransactionManager; SearchStrategy: all) did not find any beans (OnBeanCondition)

   TransactionAutoConfiguration.AspectJTransactionManagementConfiguration:
      Did not match:
         - @ConditionalOnBean (types: org.springframework.transaction.aspectj.AbstractTransactionAspect; SearchStrategy: all) did not find any beans of type org.springframework.transaction.aspectj.AbstractTransactionAspect (OnBeanCondition)

   TransactionAutoConfiguration.EnableTransactionManagementConfiguration.JdkDynamicAutoProxyConfiguration:
      Did not match:
         - @ConditionalOnProperty (spring.aop.proxy-target-class=false) did not find property 'proxy-target-class' (OnPropertyCondition)

   UserDetailsServiceAutoConfiguration:
      Did not match:
         - AnyNestedCondition 0 matched 3 did not; NestedCondition on UserDetailsServiceAutoConfiguration.MissingAlternativeOrUserPropertiesConfigured.PasswordConfigured @ConditionalOnProperty (spring.security.user.password) did not find property 'password'; NestedCondition on UserDetailsServiceAutoConfiguration.MissingAlternativeOrUserPropertiesConfigured.NameConfigured @ConditionalOnProperty (spring.security.user.name) did not find property 'name'; NestedCondition on UserDetailsServiceAutoConfiguration.MissingAlternativeOrUserPropertiesConfigured.MissingAlternative @ConditionalOnMissingClass found unwanted class 'org.springframework.security.oauth2.server.resource.introspection.OpaqueTokenIntrospector' (UserDetailsServiceAutoConfiguration.MissingAlternativeOrUserPropertiesConfigured)
      Matched:
         - @ConditionalOnClass found required class 'org.springframework.security.authentication.AuthenticationManager' (OnClassCondition)
         - found 'session' scope (OnWebApplicationCondition)

   WebFluxAutoConfiguration:
      Did not match:
         - not a reactive web application (OnWebApplicationCondition)
      Matched:
         - @ConditionalOnClass found required class 'org.springframework.web.reactive.config.WebFluxConfigurer' (OnClassCondition)

   WebMvcAutoConfiguration#hiddenHttpMethodFilter:
      Did not match:
         - @ConditionalOnProperty (spring.mvc.hiddenmethod.filter.enabled) did not find property 'enabled' (OnPropertyCondition)

   WebMvcAutoConfiguration.EnableWebMvcConfiguration#localeResolver:
      Did not match:
         - @ConditionalOnMissingBean (names: localeResolver; SearchStrategy: all) found beans named localeResolver (OnBeanCondition)

   WebMvcAutoConfiguration.ProblemDetailsErrorHandlingConfiguration:
      Did not match:
         - @ConditionalOnProperty (spring.mvc.problemdetails.enabled=true) did not find property 'enabled' (OnPropertyCondition)

   WebMvcAutoConfiguration.WebMvcAutoConfigurationAdapter#beanNameViewResolver:
      Did not match:
         - @ConditionalOnMissingBean (types: org.springframework.web.servlet.view.BeanNameViewResolver; SearchStrategy: all) found beans of type 'org.springframework.web.servlet.view.BeanNameViewResolver' beanNameViewResolver (OnBeanCondition)

   WebServiceTemplateAutoConfiguration:
      Did not match:
         - @ConditionalOnClass did not find required class 'org.springframework.oxm.Marshaller' (OnClassCondition)

   WebServicesAutoConfiguration:
      Did not match:
         - @ConditionalOnClass did not find required class 'org.springframework.ws.transport.http.MessageDispatcherServlet' (OnClassCondition)

   WebSessionIdResolverAutoConfiguration:
      Did not match:
         - not a reactive web application (OnWebApplicationCondition)
      Matched:
         - @ConditionalOnClass found required classes 'org.springframework.web.server.session.WebSessionManager', 'reactor.core.publisher.Mono' (OnClassCondition)

   WebSocketMessagingAutoConfiguration:
      Did not match:
         - @ConditionalOnClass did not find required class 'org.springframework.web.socket.config.annotation.WebSocketMessageBrokerConfigurer' (OnClassCondition)

   WebSocketReactiveAutoConfiguration:
      Did not match:
         - not a reactive web application (OnWebApplicationCondition)
      Matched:
         - @ConditionalOnClass found required classes 'jakarta.servlet.Servlet', 'jakarta.websocket.server.ServerContainer' (OnClassCondition)

   WebSocketServletAutoConfiguration.JettyWebSocketConfiguration:
      Did not match:
         - @ConditionalOnClass did not find required class 'org.eclipse.jetty.ee10.websocket.jakarta.server.config.JakartaWebSocketServletContainerInitializer' (OnClassCondition)

   WebSocketServletAutoConfiguration.UndertowWebSocketConfiguration:
      Did not match:
         - @ConditionalOnClass did not find required class 'io.undertow.websockets.jsr.Bootstrap' (OnClassCondition)

   XADataSourceAutoConfiguration:
      Did not match:
         - @ConditionalOnBean (types: org.springframework.boot.jdbc.XADataSourceWrapper; SearchStrategy: all) did not find any beans of type org.springframework.boot.jdbc.XADataSourceWrapper (OnBeanCondition)
      Matched:
         - @ConditionalOnClass found required classes 'javax.sql.DataSource', 'jakarta.transaction.TransactionManager', 'org.springframework.jdbc.datasource.embedded.EmbeddedDatabaseType' (OnClassCondition)


Exclusions:
-----------

    None


Unconditional classes:
----------------------

    org.springframework.boot.autoconfigure.context.ConfigurationPropertiesAutoConfiguration

    org.springframework.boot.autoconfigure.ssl.SslAutoConfiguration

    org.springframework.boot.autoconfigure.context.PropertyPlaceholderAutoConfiguration

    org.springframework.boot.autoconfigure.context.LifecycleAutoConfiguration

    org.springdoc.core.configuration.SpringDocSpecPropertiesConfiguration

    org.springframework.boot.autoconfigure.availability.ApplicationAvailabilityAutoConfiguration

    org.springframework.boot.autoconfigure.info.ProjectInfoAutoConfiguration



2025-08-28 08:08:59.234 [restartedMain] INFO  c.dailybrief.DailybriefApplication - Started DailybriefApplication in 14.963 seconds (process running for 15.967)
2025-08-28 08:08:59.236 [restartedMain] DEBUG o.s.b.a.ApplicationAvailabilityBean - Application availability state LivenessState changed to CORRECT
2025-08-28 08:08:59.263 [restartedMain] DEBUG o.s.boot.devtools.restart.Restarter - Creating new Restarter for thread Thread[#1,main,5,main]
2025-08-28 08:08:59.263 [restartedMain] DEBUG o.s.boot.devtools.restart.Restarter - Immediately restarting application
2025-08-28 08:08:59.263 [restartedMain] DEBUG o.s.boot.devtools.restart.Restarter - Starting application com.dailybrief.DailybriefApplication with URLs [file:/C:/Xandão/SpringBoot/dailybrief/target/classes/]
2025-08-28 08:08:59.265 [restartedMain] DEBUG o.s.b.a.ApplicationAvailabilityBean - Application availability state ReadinessState changed to ACCEPTING_TRAFFIC
2025-08-28 08:09:15.550 [http-nio-8080-exec-1] INFO  o.a.c.c.C.[Tomcat].[localhost].[/] - Initializing Spring DispatcherServlet 'dispatcherServlet'
2025-08-28 08:09:15.550 [http-nio-8080-exec-1] INFO  o.s.web.servlet.DispatcherServlet - Initializing Servlet 'dispatcherServlet'
2025-08-28 08:09:15.551 [http-nio-8080-exec-1] DEBUG o.s.web.servlet.DispatcherServlet - Detected StandardServletMultipartResolver
2025-08-28 08:09:15.551 [http-nio-8080-exec-1] DEBUG o.s.web.servlet.DispatcherServlet - Detected AcceptHeaderLocaleResolver
2025-08-28 08:09:15.551 [http-nio-8080-exec-1] DEBUG o.s.web.servlet.DispatcherServlet - Detected FixedThemeResolver
2025-08-28 08:09:15.553 [http-nio-8080-exec-1] DEBUG o.s.web.servlet.DispatcherServlet - Detected org.springframework.web.servlet.view.DefaultRequestToViewNameTranslator@74215355
2025-08-28 08:09:15.554 [http-nio-8080-exec-1] DEBUG o.s.web.servlet.DispatcherServlet - Detected org.springframework.web.servlet.support.SessionFlashMapManager@3ed6609d
2025-08-28 08:09:15.555 [http-nio-8080-exec-1] DEBUG o.s.web.servlet.DispatcherServlet - enableLoggingRequestDetails='false': request parameters and headers will be masked to prevent unsafe logging of potentially sensitive data
2025-08-28 08:09:15.555 [http-nio-8080-exec-1] INFO  o.s.web.servlet.DispatcherServlet - Completed initialization in 5 ms
2025-08-28 08:09:15.597 [http-nio-8080-exec-1] DEBUG o.s.security.web.FilterChainProxy - Securing GET /swagger-ui/index.html
2025-08-28 08:09:15.613 [http-nio-8080-exec-1] DEBUG o.s.s.w.a.AnonymousAuthenticationFilter - Set SecurityContextHolder to anonymous SecurityContext
2025-08-28 08:09:15.619 [http-nio-8080-exec-1] DEBUG o.s.security.web.FilterChainProxy - Secured GET /swagger-ui/index.html
2025-08-28 08:09:15.624 [http-nio-8080-exec-1] DEBUG o.s.web.servlet.DispatcherServlet - GET "/swagger-ui/index.html", parameters={}
2025-08-28 08:09:15.630 [http-nio-8080-exec-1] DEBUG o.s.w.s.h.SimpleUrlHandlerMapping - Mapped to ResourceHttpRequestHandler [classpath [META-INF/resources/webjars/]]
2025-08-28 08:09:15.640 [http-nio-8080-exec-1] DEBUG o.s.o.j.s.OpenEntityManagerInViewInterceptor - Opening JPA EntityManager in OpenEntityManagerInViewInterceptor
2025-08-28 08:09:15.684 [http-nio-8080-exec-1] DEBUG o.s.o.j.s.OpenEntityManagerInViewInterceptor - Closing JPA EntityManager in OpenEntityManagerInViewInterceptor
2025-08-28 08:09:15.686 [http-nio-8080-exec-1] DEBUG o.s.web.servlet.DispatcherServlet - Completed 200 OK
2025-08-28 08:09:15.745 [http-nio-8080-exec-2] DEBUG o.s.security.web.FilterChainProxy - Securing GET /swagger-ui/swagger-ui.css
2025-08-28 08:09:15.747 [http-nio-8080-exec-2] DEBUG o.s.s.w.a.AnonymousAuthenticationFilter - Set SecurityContextHolder to anonymous SecurityContext
2025-08-28 08:09:15.749 [http-nio-8080-exec-2] DEBUG o.s.security.web.FilterChainProxy - Secured GET /swagger-ui/swagger-ui.css
2025-08-28 08:09:15.749 [http-nio-8080-exec-2] DEBUG o.s.web.servlet.DispatcherServlet - GET "/swagger-ui/swagger-ui.css", parameters={}
2025-08-28 08:09:15.750 [http-nio-8080-exec-2] DEBUG o.s.w.s.h.SimpleUrlHandlerMapping - Mapped to ResourceHttpRequestHandler [classpath [META-INF/resources/webjars/]]
2025-08-28 08:09:15.750 [http-nio-8080-exec-2] DEBUG o.s.o.j.s.OpenEntityManagerInViewInterceptor - Opening JPA EntityManager in OpenEntityManagerInViewInterceptor
2025-08-28 08:09:15.755 [http-nio-8080-exec-3] DEBUG o.s.security.web.FilterChainProxy - Securing GET /swagger-ui/index.css
2025-08-28 08:09:15.756 [http-nio-8080-exec-3] DEBUG o.s.s.w.a.AnonymousAuthenticationFilter - Set SecurityContextHolder to anonymous SecurityContext
2025-08-28 08:09:15.756 [http-nio-8080-exec-3] DEBUG o.s.security.web.FilterChainProxy - Secured GET /swagger-ui/index.css
2025-08-28 08:09:15.757 [http-nio-8080-exec-3] DEBUG o.s.web.servlet.DispatcherServlet - GET "/swagger-ui/index.css", parameters={}
2025-08-28 08:09:15.758 [http-nio-8080-exec-3] DEBUG o.s.w.s.h.SimpleUrlHandlerMapping - Mapped to ResourceHttpRequestHandler [classpath [META-INF/resources/webjars/]]
2025-08-28 08:09:15.758 [http-nio-8080-exec-3] DEBUG o.s.o.j.s.OpenEntityManagerInViewInterceptor - Opening JPA EntityManager in OpenEntityManagerInViewInterceptor
2025-08-28 08:09:15.758 [http-nio-8080-exec-2] DEBUG o.s.o.j.s.OpenEntityManagerInViewInterceptor - Closing JPA EntityManager in OpenEntityManagerInViewInterceptor
2025-08-28 08:09:15.758 [http-nio-8080-exec-2] DEBUG o.s.web.servlet.DispatcherServlet - Completed 200 OK
2025-08-28 08:09:15.757 [http-nio-8080-exec-4] DEBUG o.s.security.web.FilterChainProxy - Securing GET /swagger-ui/swagger-ui-bundle.js
2025-08-28 08:09:15.760 [http-nio-8080-exec-5] DEBUG o.s.security.web.FilterChainProxy - Securing GET /swagger-ui/swagger-ui-standalone-preset.js
2025-08-28 08:09:15.760 [http-nio-8080-exec-4] DEBUG o.s.s.w.a.AnonymousAuthenticationFilter - Set SecurityContextHolder to anonymous SecurityContext
2025-08-28 08:09:15.760 [http-nio-8080-exec-5] DEBUG o.s.s.w.a.AnonymousAuthenticationFilter - Set SecurityContextHolder to anonymous SecurityContext
2025-08-28 08:09:15.760 [http-nio-8080-exec-4] DEBUG o.s.security.web.FilterChainProxy - Secured GET /swagger-ui/swagger-ui-bundle.js
2025-08-28 08:09:15.760 [http-nio-8080-exec-5] DEBUG o.s.security.web.FilterChainProxy - Secured GET /swagger-ui/swagger-ui-standalone-preset.js
2025-08-28 08:09:15.760 [http-nio-8080-exec-4] DEBUG o.s.web.servlet.DispatcherServlet - GET "/swagger-ui/swagger-ui-bundle.js", parameters={}
2025-08-28 08:09:15.760 [http-nio-8080-exec-5] DEBUG o.s.web.servlet.DispatcherServlet - GET "/swagger-ui/swagger-ui-standalone-preset.js", parameters={}
2025-08-28 08:09:15.761 [http-nio-8080-exec-6] DEBUG o.s.security.web.FilterChainProxy - Securing GET /swagger-ui/swagger-initializer.js
2025-08-28 08:09:15.761 [http-nio-8080-exec-4] DEBUG o.s.w.s.h.SimpleUrlHandlerMapping - Mapped to ResourceHttpRequestHandler [classpath [META-INF/resources/webjars/]]
2025-08-28 08:09:15.762 [http-nio-8080-exec-6] DEBUG o.s.s.w.a.AnonymousAuthenticationFilter - Set SecurityContextHolder to anonymous SecurityContext
2025-08-28 08:09:15.762 [http-nio-8080-exec-5] DEBUG o.s.w.s.h.SimpleUrlHandlerMapping - Mapped to ResourceHttpRequestHandler [classpath [META-INF/resources/webjars/]]
2025-08-28 08:09:15.762 [http-nio-8080-exec-4] DEBUG o.s.o.j.s.OpenEntityManagerInViewInterceptor - Opening JPA EntityManager in OpenEntityManagerInViewInterceptor
2025-08-28 08:09:15.762 [http-nio-8080-exec-5] DEBUG o.s.o.j.s.OpenEntityManagerInViewInterceptor - Opening JPA EntityManager in OpenEntityManagerInViewInterceptor
2025-08-28 08:09:15.762 [http-nio-8080-exec-6] DEBUG o.s.security.web.FilterChainProxy - Secured GET /swagger-ui/swagger-initializer.js
2025-08-28 08:09:15.762 [http-nio-8080-exec-6] DEBUG o.s.web.servlet.DispatcherServlet - GET "/swagger-ui/swagger-initializer.js", parameters={}
2025-08-28 08:09:15.762 [http-nio-8080-exec-3] DEBUG o.s.o.j.s.OpenEntityManagerInViewInterceptor - Closing JPA EntityManager in OpenEntityManagerInViewInterceptor
2025-08-28 08:09:15.763 [http-nio-8080-exec-3] DEBUG o.s.web.servlet.DispatcherServlet - Completed 200 OK
2025-08-28 08:09:15.763 [http-nio-8080-exec-6] DEBUG o.s.w.s.h.SimpleUrlHandlerMapping - Mapped to ResourceHttpRequestHandler [classpath [META-INF/resources/webjars/]]
2025-08-28 08:09:15.763 [http-nio-8080-exec-6] DEBUG o.s.o.j.s.OpenEntityManagerInViewInterceptor - Opening JPA EntityManager in OpenEntityManagerInViewInterceptor
2025-08-28 08:09:15.786 [http-nio-8080-exec-5] DEBUG o.s.o.j.s.OpenEntityManagerInViewInterceptor - Closing JPA EntityManager in OpenEntityManagerInViewInterceptor
2025-08-28 08:09:15.787 [http-nio-8080-exec-5] DEBUG o.s.web.servlet.DispatcherServlet - Completed 200 OK
2025-08-28 08:09:15.803 [http-nio-8080-exec-6] DEBUG o.s.o.j.s.OpenEntityManagerInViewInterceptor - Closing JPA EntityManager in OpenEntityManagerInViewInterceptor
2025-08-28 08:09:15.804 [http-nio-8080-exec-6] DEBUG o.s.web.servlet.DispatcherServlet - Completed 200 OK
2025-08-28 08:09:15.808 [http-nio-8080-exec-4] DEBUG o.s.o.j.s.OpenEntityManagerInViewInterceptor - Closing JPA EntityManager in OpenEntityManagerInViewInterceptor
2025-08-28 08:09:15.809 [http-nio-8080-exec-4] DEBUG o.s.web.servlet.DispatcherServlet - Completed 200 OK
2025-08-28 08:09:16.033 [http-nio-8080-exec-7] DEBUG o.s.security.web.FilterChainProxy - Securing GET /api-docs/swagger-config
2025-08-28 08:09:16.034 [http-nio-8080-exec-7] DEBUG o.s.s.w.a.AnonymousAuthenticationFilter - Set SecurityContextHolder to anonymous SecurityContext
2025-08-28 08:09:16.035 [http-nio-8080-exec-7] DEBUG o.s.security.web.FilterChainProxy - Secured GET /api-docs/swagger-config
2025-08-28 08:09:16.035 [http-nio-8080-exec-7] DEBUG o.s.web.servlet.DispatcherServlet - GET "/api-docs/swagger-config", parameters={}
2025-08-28 08:09:16.036 [http-nio-8080-exec-7] DEBUG o.s.w.s.m.m.a.RequestMappingHandlerMapping - Mapped to org.springdoc.webmvc.ui.SwaggerConfigResource#openapiJson(HttpServletRequest)
2025-08-28 08:09:16.036 [http-nio-8080-exec-7] DEBUG o.s.o.j.s.OpenEntityManagerInViewInterceptor - Opening JPA EntityManager in OpenEntityManagerInViewInterceptor
2025-08-28 08:09:16.072 [http-nio-8080-exec-7] DEBUG o.s.w.s.m.m.a.RequestResponseBodyMethodProcessor - Using 'application/json', given [*/*] and supported [application/json]
2025-08-28 08:09:16.081 [http-nio-8080-exec-7] DEBUG o.s.w.s.m.m.a.RequestResponseBodyMethodProcessor - Writing [{configUrl=/api-docs/swagger-config, oauth2RedirectUrl=http://localhost:8080/swagger-ui/oauth2-redir (truncated)...]
2025-08-28 08:09:16.094 [http-nio-8080-exec-7] DEBUG o.s.o.j.s.OpenEntityManagerInViewInterceptor - Closing JPA EntityManager in OpenEntityManagerInViewInterceptor
2025-08-28 08:09:16.094 [http-nio-8080-exec-7] DEBUG o.s.web.servlet.DispatcherServlet - Completed 200 OK
2025-08-28 08:09:16.112 [http-nio-8080-exec-8] DEBUG o.s.security.web.FilterChainProxy - Securing GET /api-docs
2025-08-28 08:09:16.112 [http-nio-8080-exec-8] DEBUG o.s.s.w.a.AnonymousAuthenticationFilter - Set SecurityContextHolder to anonymous SecurityContext
2025-08-28 08:09:16.113 [http-nio-8080-exec-8] DEBUG o.s.security.web.FilterChainProxy - Secured GET /api-docs
2025-08-28 08:09:16.114 [http-nio-8080-exec-8] DEBUG o.s.web.servlet.DispatcherServlet - GET "/api-docs", parameters={}
2025-08-28 08:09:16.114 [http-nio-8080-exec-8] DEBUG o.s.w.s.m.m.a.RequestMappingHandlerMapping - Mapped to org.springdoc.webmvc.api.OpenApiWebMvcResource#openapiJson(HttpServletRequest, String, Locale)
2025-08-28 08:09:16.114 [http-nio-8080-exec-8] DEBUG o.s.o.j.s.OpenEntityManagerInViewInterceptor - Opening JPA EntityManager in OpenEntityManagerInViewInterceptor
2025-08-28 08:09:16.116 [http-nio-8080-exec-8] DEBUG o.s.c.e.PropertySourcesPropertyResolver - Found key 'springdoc.api-docs.path' in PropertySource 'environmentProperties' with value of type String
2025-08-28 08:09:19.343 [http-nio-8080-exec-8] INFO  o.s.api.AbstractOpenApiResource - Init duration for springdoc-openapi is: 3205 ms
2025-08-28 08:09:19.432 [http-nio-8080-exec-8] DEBUG o.s.w.s.m.m.a.RequestResponseBodyMethodProcessor - Using 'application/json', given [application/json, */*] and supported [application/json]
2025-08-28 08:09:19.447 [http-nio-8080-exec-8] DEBUG o.s.w.s.m.m.a.RequestResponseBodyMethodProcessor - Writing [{123, 34, 111, 112, 101, 110, 97, 112, 105, 34, 58, 34, 51, 46, 49, 46, 48, 34, 44, 34, 105, 110, 10 (truncated)...]
2025-08-28 08:09:19.452 [http-nio-8080-exec-8] DEBUG o.s.o.j.s.OpenEntityManagerInViewInterceptor - Closing JPA EntityManager in OpenEntityManagerInViewInterceptor
2025-08-28 08:09:19.454 [http-nio-8080-exec-8] DEBUG o.s.web.servlet.DispatcherServlet - Completed 200 OK
2025-08-28 08:10:03.662 [http-nio-8080-exec-9] DEBUG o.s.security.web.FilterChainProxy - Securing POST /api/auth/login
2025-08-28 08:10:03.663 [http-nio-8080-exec-9] DEBUG o.s.s.w.a.AnonymousAuthenticationFilter - Set SecurityContextHolder to anonymous SecurityContext
2025-08-28 08:10:03.663 [http-nio-8080-exec-9] DEBUG o.s.security.web.FilterChainProxy - Secured POST /api/auth/login
2025-08-28 08:10:03.663 [http-nio-8080-exec-9] DEBUG o.s.web.servlet.DispatcherServlet - POST "/api/auth/login", parameters={}
2025-08-28 08:10:03.663 [http-nio-8080-exec-9] DEBUG o.s.w.s.m.m.a.RequestMappingHandlerMapping - Mapped to com.dailybrief.controller.AuthController#login(LoginRequestDTO)
2025-08-28 08:10:03.663 [http-nio-8080-exec-9] DEBUG o.s.o.j.s.OpenEntityManagerInViewInterceptor - Opening JPA EntityManager in OpenEntityManagerInViewInterceptor
2025-08-28 08:10:03.742 [http-nio-8080-exec-9] DEBUG o.s.w.s.m.m.a.RequestResponseBodyMethodProcessor - Read "application/json;charset=UTF-8" to [LoginRequestDTO[email=admin_py@dailybrief.com, password=$botPyth0n##]]
2025-08-28 08:10:04.304 [http-nio-8080-exec-9] DEBUG org.hibernate.SQL - select u1_0.id,u1_0.email,u1_0.password from tbl_user u1_0 where u1_0.email=?
2025-08-28 08:10:05.271 [http-nio-8080-exec-9] DEBUG o.s.w.s.m.m.a.HttpEntityMethodProcessor - Using 'application/json', given [*/*] and supported [application/json, application/*+json, application/yaml]
2025-08-28 08:10:05.274 [http-nio-8080-exec-9] DEBUG o.s.w.s.m.m.a.HttpEntityMethodProcessor - Writing [LoginResponseDTO[token=eyJhbGciOiJIUzUxMiJ9.eyJzdWIiOiJhZG1pbl9weUBkYWlseWJyaWVmLmNvbSIsImlhdCI6MTc1 (truncated)...]
2025-08-28 08:10:05.276 [http-nio-8080-exec-9] DEBUG o.s.o.j.s.OpenEntityManagerInViewInterceptor - Closing JPA EntityManager in OpenEntityManagerInViewInterceptor
2025-08-28 08:10:05.278 [http-nio-8080-exec-9] DEBUG o.s.web.servlet.DispatcherServlet - Completed 200 OK
2025-08-28 08:39:05.060 [HikariPool-1 housekeeper] WARN  com.zaxxer.hikari.pool.HikariPool - HikariPool-1 - Thread starvation or clock leap detected (housekeeper delta=20m44s74ms506µs900ns).
2025-08-28 08:58:03.780 [HikariPool-1 housekeeper] WARN  com.zaxxer.hikari.pool.HikariPool - HikariPool-1 - Thread starvation or clock leap detected (housekeeper delta=1m58s422ms270µs400ns).
2025-08-28 09:11:14.654 [http-nio-8080-exec-6] DEBUG o.s.security.web.FilterChainProxy - Securing POST /api/auth/login
2025-08-28 09:11:14.654 [http-nio-8080-exec-6] DEBUG o.s.s.w.a.AnonymousAuthenticationFilter - Set SecurityContextHolder to anonymous SecurityContext
2025-08-28 09:11:14.654 [http-nio-8080-exec-6] DEBUG o.s.security.web.FilterChainProxy - Secured POST /api/auth/login
2025-08-28 09:11:14.654 [http-nio-8080-exec-6] DEBUG o.s.web.servlet.DispatcherServlet - POST "/api/auth/login", parameters={}
2025-08-28 09:11:14.654 [http-nio-8080-exec-6] DEBUG o.s.w.s.m.m.a.RequestMappingHandlerMapping - Mapped to com.dailybrief.controller.AuthController#login(LoginRequestDTO)
2025-08-28 09:11:14.654 [http-nio-8080-exec-6] DEBUG o.s.o.j.s.OpenEntityManagerInViewInterceptor - Opening JPA EntityManager in OpenEntityManagerInViewInterceptor
2025-08-28 09:11:14.836 [http-nio-8080-exec-6] DEBUG o.s.w.s.m.m.a.RequestResponseBodyMethodProcessor - Read "application/json;charset=UTF-8" to [LoginRequestDTO[email=admin_py@dailybrief.com, password=$botPyth0n##]]
2025-08-28 09:11:15.209 [http-nio-8080-exec-6] DEBUG org.hibernate.SQL - select u1_0.id,u1_0.email,u1_0.password from tbl_user u1_0 where u1_0.email=?
2025-08-28 09:11:15.868 [http-nio-8080-exec-6] DEBUG o.s.w.s.m.m.a.HttpEntityMethodProcessor - Using 'application/json', given [*/*] and supported [application/json, application/*+json, application/yaml]
2025-08-28 09:11:15.868 [http-nio-8080-exec-6] DEBUG o.s.w.s.m.m.a.HttpEntityMethodProcessor - Writing [LoginResponseDTO[token=eyJhbGciOiJIUzUxMiJ9.eyJzdWIiOiJhZG1pbl9weUBkYWlseWJyaWVmLmNvbSIsImlhdCI6MTc1 (truncated)...]
2025-08-28 09:11:15.892 [http-nio-8080-exec-6] DEBUG o.s.o.j.s.OpenEntityManagerInViewInterceptor - Closing JPA EntityManager in OpenEntityManagerInViewInterceptor
2025-08-28 09:11:15.892 [http-nio-8080-exec-6] DEBUG o.s.web.servlet.DispatcherServlet - Completed 200 OK
2025-08-28 09:26:38.012 [http-nio-8080-exec-7] DEBUG o.s.security.web.FilterChainProxy - Securing POST /api/logs
2025-08-28 09:26:38.014 [http-nio-8080-exec-7] DEBUG o.s.s.w.a.AnonymousAuthenticationFilter - Set SecurityContextHolder to anonymous SecurityContext
2025-08-28 09:26:38.014 [http-nio-8080-exec-7] DEBUG o.s.security.web.FilterChainProxy - Secured POST /api/logs
2025-08-28 09:26:38.014 [http-nio-8080-exec-7] DEBUG o.s.web.servlet.DispatcherServlet - POST "/api/logs", parameters={}
2025-08-28 09:26:38.014 [http-nio-8080-exec-7] DEBUG o.s.w.s.m.m.a.RequestMappingHandlerMapping - Mapped to com.dailybrief.controller.LogController#logAction(LogRequestDTO)
2025-08-28 09:26:38.014 [http-nio-8080-exec-7] DEBUG o.s.o.j.s.OpenEntityManagerInViewInterceptor - Opening JPA EntityManager in OpenEntityManagerInViewInterceptor
2025-08-28 09:26:38.074 [http-nio-8080-exec-7] DEBUG o.s.web.method.HandlerMethod - Could not resolve parameter [0] in public org.springframework.http.ResponseEntity<com.dailybrief.dto.LogResponseDTO> com.dailybrief.controller.LogController.logAction(com.dailybrief.dto.LogRequestDTO): JSON parse error: Cannot deserialize value of type `java.time.Instant` from String "2025-08-28T12:26:38.003132": Failed to deserialize java.time.Instant: (java.time.format.DateTimeParseException) Text '2025-08-28T12:26:38.003132' could not be parsed at index 26
2025-08-28 09:26:38.083 [http-nio-8080-exec-7] DEBUG o.s.w.s.m.m.a.ExceptionHandlerExceptionResolver - Using @ExceptionHandler com.dailybrief.exception.GlobalExceptionHandler#handleGenericException(Exception)
2025-08-28 09:26:38.122 [http-nio-8080-exec-7] DEBUG o.s.w.s.m.m.a.HttpEntityMethodProcessor - Using 'application/json', given [*/*] and supported [application/json, application/*+json, application/yaml]
2025-08-28 09:26:38.122 [http-nio-8080-exec-7] DEBUG o.s.w.s.m.m.a.HttpEntityMethodProcessor - Writing [com.dailybrief.exception.ErrorResponse@ce14e16]
2025-08-28 09:26:38.132 [http-nio-8080-exec-7] WARN  o.s.w.s.m.m.a.ExceptionHandlerExceptionResolver - Resolved [org.springframework.http.converter.HttpMessageNotReadableException: JSON parse error: Cannot deserialize value of type `java.time.Instant` from String "2025-08-28T12:26:38.003132": Failed to deserialize java.time.Instant: (java.time.format.DateTimeParseException) Text '2025-08-28T12:26:38.003132' could not be parsed at index 26]
2025-08-28 09:26:38.132 [http-nio-8080-exec-7] DEBUG o.s.o.j.s.OpenEntityManagerInViewInterceptor - Closing JPA EntityManager in OpenEntityManagerInViewInterceptor
2025-08-28 09:26:38.132 [http-nio-8080-exec-7] DEBUG o.s.web.servlet.DispatcherServlet - Completed 500 INTERNAL_SERVER_ERROR
2025-08-28 09:37:32.182 [HikariPool-1 housekeeper] WARN  com.zaxxer.hikari.pool.HikariPool - HikariPool-1 - Thread starvation or clock leap detected (housekeeper delta=1m27s796ms975µs200ns).
2025-08-28 14:06:11.685 [background-preinit] INFO  o.h.validator.internal.util.Version - HV000001: Hibernate Validator 8.0.2.Final
2025-08-28 14:06:11.855 [restartedMain] INFO  c.dailybrief.DailybriefApplication - Starting DailybriefApplication using Java 21.0.6 with PID 18720 (C:\Xandão\SpringBoot\dailybrief\target\classes started by plata in C:\Xandão\SpringBoot\dailybrief)
2025-08-28 14:06:11.856 [restartedMain] DEBUG c.dailybrief.DailybriefApplication - Running with Spring Boot v3.4.5, Spring v6.2.6
2025-08-28 14:06:11.859 [restartedMain] INFO  c.dailybrief.DailybriefApplication - The following 1 profile is active: "dev"
2025-08-28 14:06:11.861 [restartedMain] DEBUG o.s.boot.SpringApplication - Loading source class com.dailybrief.DailybriefApplication
2025-08-28 14:06:11.981 [restartedMain] DEBUG o.s.b.d.restart.ChangeableUrls - Matching URLs for reloading : [file:/C:/Xandão/SpringBoot/dailybrief/target/classes/]
2025-08-28 14:06:11.982 [restartedMain] DEBUG o.s.b.d.settings.DevToolsSettings - Included patterns for restart : []
2025-08-28 14:06:11.982 [restartedMain] DEBUG o.s.b.d.settings.DevToolsSettings - Excluded patterns for restart : [/spring-boot-starter-[\w-]+/, /spring-boot/(bin|build|out)/, /spring-boot-starter/(bin|build|out)/, /spring-boot-devtools/(bin|build|out)/, /spring-boot-actuator/(bin|build|out)/, /spring-boot-autoconfigure/(bin|build|out)/]
2025-08-28 14:06:11.982 [restartedMain] INFO  o.s.b.d.e.DevToolsPropertyDefaultsPostProcessor - Devtools property defaults active! Set 'spring.devtools.add-properties' to 'false' to disable
2025-08-28 14:06:11.982 [restartedMain] INFO  o.s.b.d.e.DevToolsPropertyDefaultsPostProcessor - For additional web related logging consider setting the 'logging.level.web' property to 'DEBUG'
2025-08-28 14:06:11.983 [restartedMain] DEBUG o.s.b.w.s.c.AnnotationConfigServletWebServerApplicationContext - Refreshing org.springframework.boot.web.servlet.context.AnnotationConfigServletWebServerApplicationContext@a3f2afd
2025-08-28 14:06:12.039 [restartedMain] DEBUG o.s.b.f.s.DefaultListableBeanFactory - Creating shared instance of singleton bean 'org.springframework.context.annotation.internalConfigurationAnnotationProcessor'
2025-08-28 14:06:12.083 [restartedMain] DEBUG o.s.b.f.s.DefaultListableBeanFactory - Creating shared instance of singleton bean 'org.springframework.boot.autoconfigure.internalCachingMetadataReaderFactory'
2025-08-28 14:06:12.260 [restartedMain] DEBUG o.s.c.a.ClassPathBeanDefinitionScanner - Identified candidate component class: file [C:\Xandão\SpringBoot\dailybrief\target\classes\com\dailybrief\config\ApplicationConfig.class]
2025-08-28 14:06:12.281 [restartedMain] DEBUG o.s.c.a.ClassPathBeanDefinitionScanner - Identified candidate component class: file [C:\Xandão\SpringBoot\dailybrief\target\classes\com\dailybrief\config\JwtAuthenticationFilter.class]
2025-08-28 14:06:12.301 [restartedMain] DEBUG o.s.c.a.ClassPathBeanDefinitionScanner - Identified candidate component class: file [C:\Xandão\SpringBoot\dailybrief\target\classes\com\dailybrief\config\JwtTokenProvider.class]
2025-08-28 14:06:12.319 [restartedMain] DEBUG o.s.c.a.ClassPathBeanDefinitionScanner - Identified candidate component class: file [C:\Xandão\SpringBoot\dailybrief\target\classes\com\dailybrief\config\LocaleConfig.class]
2025-08-28 14:06:12.367 [restartedMain] DEBUG o.s.c.a.ClassPathBeanDefinitionScanner - Identified candidate component class: file [C:\Xandão\SpringBoot\dailybrief\target\classes\com\dailybrief\config\SecurityConfig.class]
2025-08-28 14:06:12.382 [restartedMain] DEBUG o.s.c.a.ClassPathBeanDefinitionScanner - Identified candidate component class: file [C:\Xandão\SpringBoot\dailybrief\target\classes\com\dailybrief\config\SwaggerConfig.class]
2025-08-28 14:06:12.502 [restartedMain] DEBUG o.s.c.a.ClassPathBeanDefinitionScanner - Identified candidate component class: file [C:\Xandão\SpringBoot\dailybrief\target\classes\com\dailybrief\controller\AdminController.class]
2025-08-28 14:06:12.517 [restartedMain] DEBUG o.s.c.a.ClassPathBeanDefinitionScanner - Identified candidate component class: file [C:\Xandão\SpringBoot\dailybrief\target\classes\com\dailybrief\controller\AuthController.class]
2025-08-28 14:06:12.535 [restartedMain] DEBUG o.s.c.a.ClassPathBeanDefinitionScanner - Identified candidate component class: file [C:\Xandão\SpringBoot\dailybrief\target\classes\com\dailybrief\controller\AutomationController.class]
2025-08-28 14:06:12.550 [restartedMain] DEBUG o.s.c.a.ClassPathBeanDefinitionScanner - Identified candidate component class: file [C:\Xandão\SpringBoot\dailybrief\target\classes\com\dailybrief\controller\DashboardController.class]
2025-08-28 14:06:12.569 [restartedMain] DEBUG o.s.c.a.ClassPathBeanDefinitionScanner - Identified candidate component class: file [C:\Xandão\SpringBoot\dailybrief\target\classes\com\dailybrief\controller\LogController.class]
2025-08-28 14:06:12.589 [restartedMain] DEBUG o.s.c.a.ClassPathBeanDefinitionScanner - Identified candidate component class: file [C:\Xandão\SpringBoot\dailybrief\target\classes\com\dailybrief\controller\MaterialProcessController.class]
2025-08-28 14:06:12.607 [restartedMain] DEBUG o.s.c.a.ClassPathBeanDefinitionScanner - Identified candidate component class: file [C:\Xandão\SpringBoot\dailybrief\target\classes\com\dailybrief\controller\PostController.class]
2025-08-28 14:06:13.033 [restartedMain] DEBUG o.s.c.a.ClassPathBeanDefinitionScanner - Identified candidate component class: file [C:\Xandão\SpringBoot\dailybrief\target\classes\com\dailybrief\exception\GlobalExceptionHandler.class]
2025-08-28 14:06:13.070 [restartedMain] DEBUG o.s.c.a.ClassPathBeanDefinitionScanner - Identified candidate component class: file [C:\Xandão\SpringBoot\dailybrief\target\classes\com\dailybrief\mapper\AutomationMapperImpl.class]
2025-08-28 14:06:13.104 [restartedMain] DEBUG o.s.c.a.ClassPathBeanDefinitionScanner - Identified candidate component class: file [C:\Xandão\SpringBoot\dailybrief\target\classes\com\dailybrief\mapper\LogMapperImpl.class]
2025-08-28 14:06:13.131 [restartedMain] DEBUG o.s.c.a.ClassPathBeanDefinitionScanner - Identified candidate component class: file [C:\Xandão\SpringBoot\dailybrief\target\classes\com\dailybrief\mapper\MaterialProcessMapperImpl.class]
2025-08-28 14:06:13.144 [restartedMain] DEBUG o.s.c.a.ClassPathBeanDefinitionScanner - Identified candidate component class: file [C:\Xandão\SpringBoot\dailybrief\target\classes\com\dailybrief\mapper\PostMapper.class]
2025-08-28 14:06:13.164 [restartedMain] DEBUG o.s.c.a.ClassPathBeanDefinitionScanner - Identified candidate component class: file [C:\Xandão\SpringBoot\dailybrief\target\classes\com\dailybrief\mapper\TrendingTopicSuggestionMapperImpl.class]
2025-08-28 14:06:13.284 [restartedMain] DEBUG o.s.c.a.ClassPathBeanDefinitionScanner - Ignored because not a concrete top-level class: file [C:\Xandão\SpringBoot\dailybrief\target\classes\com\dailybrief\repository\MaterialProcessRepository.class]
2025-08-28 14:06:13.299 [restartedMain] DEBUG o.s.c.a.ClassPathBeanDefinitionScanner - Ignored because not a concrete top-level class: file [C:\Xandão\SpringBoot\dailybrief\target\classes\com\dailybrief\repository\PostRepository.class]
2025-08-28 14:06:13.309 [restartedMain] DEBUG o.s.c.a.ClassPathBeanDefinitionScanner - Ignored because not a concrete top-level class: file [C:\Xandão\SpringBoot\dailybrief\target\classes\com\dailybrief\repository\TrendingTopicSuggestionRepository.class]
2025-08-28 14:06:13.395 [restartedMain] DEBUG o.s.c.a.ClassPathBeanDefinitionScanner - Identified candidate component class: file [C:\Xandão\SpringBoot\dailybrief\target\classes\com\dailybrief\service\impl\AnalyticsServiceImpl.class]
2025-08-28 14:06:13.406 [restartedMain] DEBUG o.s.c.a.ClassPathBeanDefinitionScanner - Identified candidate component class: file [C:\Xandão\SpringBoot\dailybrief\target\classes\com\dailybrief\service\impl\AuthServiceImpl.class]
2025-08-28 14:06:13.420 [restartedMain] DEBUG o.s.c.a.ClassPathBeanDefinitionScanner - Identified candidate component class: file [C:\Xandão\SpringBoot\dailybrief\target\classes\com\dailybrief\service\impl\AutomationServiceImpl.class]
2025-08-28 14:06:13.430 [restartedMain] DEBUG o.s.c.a.ClassPathBeanDefinitionScanner - Identified candidate component class: file [C:\Xandão\SpringBoot\dailybrief\target\classes\com\dailybrief\service\impl\DashboardServiceImpl.class]
2025-08-28 14:06:13.440 [restartedMain] DEBUG o.s.c.a.ClassPathBeanDefinitionScanner - Identified candidate component class: file [C:\Xandão\SpringBoot\dailybrief\target\classes\com\dailybrief\service\impl\LogServiceImpl.class]
2025-08-28 14:06:13.472 [restartedMain] DEBUG o.s.c.a.ClassPathBeanDefinitionScanner - Identified candidate component class: file [C:\Xandão\SpringBoot\dailybrief\target\classes\com\dailybrief\service\impl\MaterialProcessServiceImpl.class]
2025-08-28 14:06:13.484 [restartedMain] DEBUG o.s.c.a.ClassPathBeanDefinitionScanner - Identified candidate component class: file [C:\Xandão\SpringBoot\dailybrief\target\classes\com\dailybrief\service\impl\PostServiceImpl.class]
2025-08-28 14:06:13.494 [restartedMain] DEBUG o.s.c.a.ClassPathBeanDefinitionScanner - Identified candidate component class: file [C:\Xandão\SpringBoot\dailybrief\target\classes\com\dailybrief\service\impl\UserServiceImpl.class]
2025-08-28 14:06:14.708 [restartedMain] INFO  o.s.d.r.c.RepositoryConfigurationDelegate - Bootstrapping Spring Data JPA repositories in DEFAULT mode.
2025-08-28 14:06:14.726 [restartedMain] DEBUG o.s.b.f.s.DefaultListableBeanFactory - Creating shared instance of singleton bean 'org.springframework.boot.autoconfigure.AutoConfigurationPackages'
2025-08-28 14:06:14.746 [restartedMain] DEBUG o.s.b.a.AutoConfigurationPackages - @EnableAutoConfiguration was declared on a class in the package 'com.dailybrief'. Automatic @Repository and @Entity scanning is enabled.
2025-08-28 14:06:14.747 [restartedMain] DEBUG o.s.d.r.c.RepositoryConfigurationDelegate - Scanning for JPA repositories in packages com.dailybrief.
2025-08-28 14:06:14.775 [restartedMain] DEBUG o.s.d.r.c.RepositoryComponentProvider - Identified candidate component class: file [C:\Xandão\SpringBoot\dailybrief\target\classes\com\dailybrief\repository\AutomationRepository.class]
2025-08-28 14:06:14.776 [restartedMain] DEBUG o.s.d.r.c.RepositoryComponentProvider - Identified candidate component class: file [C:\Xandão\SpringBoot\dailybrief\target\classes\com\dailybrief\repository\LogRepository.class]
2025-08-28 14:06:14.776 [restartedMain] DEBUG o.s.d.r.c.RepositoryComponentProvider - Identified candidate component class: file [C:\Xandão\SpringBoot\dailybrief\target\classes\com\dailybrief\repository\MaterialProcessRepository.class]
2025-08-28 14:06:14.776 [restartedMain] DEBUG o.s.d.r.c.RepositoryComponentProvider - Identified candidate component class: file [C:\Xandão\SpringBoot\dailybrief\target\classes\com\dailybrief\repository\PostRepository.class]
2025-08-28 14:06:14.776 [restartedMain] DEBUG o.s.d.r.c.RepositoryComponentProvider - Identified candidate component class: file [C:\Xandão\SpringBoot\dailybrief\target\classes\com\dailybrief\repository\TrendingTopicSuggestionRepository.class]
2025-08-28 14:06:14.776 [restartedMain] DEBUG o.s.d.r.c.RepositoryComponentProvider - Identified candidate component class: file [C:\Xandão\SpringBoot\dailybrief\target\classes\com\dailybrief\repository\UserRepository.class]
2025-08-28 14:06:14.957 [restartedMain] DEBUG o.s.c.a.ClassPathScanningCandidateComponentProvider - Identified candidate component class: file [C:\Xandão\SpringBoot\dailybrief\target\classes\com\dailybrief\mapper\AutomationMapperImpl.class]
2025-08-28 14:06:14.957 [restartedMain] DEBUG o.s.c.a.ClassPathScanningCandidateComponentProvider - Identified candidate component class: file [C:\Xandão\SpringBoot\dailybrief\target\classes\com\dailybrief\mapper\LogMapperImpl.class]
2025-08-28 14:06:14.957 [restartedMain] DEBUG o.s.c.a.ClassPathScanningCandidateComponentProvider - Identified candidate component class: file [C:\Xandão\SpringBoot\dailybrief\target\classes\com\dailybrief\mapper\MaterialProcessMapperImpl.class]
2025-08-28 14:06:14.957 [restartedMain] DEBUG o.s.c.a.ClassPathScanningCandidateComponentProvider - Identified candidate component class: file [C:\Xandão\SpringBoot\dailybrief\target\classes\com\dailybrief\mapper\TrendingTopicSuggestionMapperImpl.class]
2025-08-28 14:06:14.957 [restartedMain] DEBUG o.s.c.a.ClassPathScanningCandidateComponentProvider - Identified candidate component class: file [C:\Xandão\SpringBoot\dailybrief\target\classes\com\dailybrief\service\impl\AnalyticsServiceImpl.class]
2025-08-28 14:06:14.957 [restartedMain] DEBUG o.s.c.a.ClassPathScanningCandidateComponentProvider - Identified candidate component class: file [C:\Xandão\SpringBoot\dailybrief\target\classes\com\dailybrief\service\impl\AuthServiceImpl.class]
2025-08-28 14:06:14.957 [restartedMain] DEBUG o.s.c.a.ClassPathScanningCandidateComponentProvider - Identified candidate component class: file [C:\Xandão\SpringBoot\dailybrief\target\classes\com\dailybrief\service\impl\AutomationServiceImpl.class]
2025-08-28 14:06:14.957 [restartedMain] DEBUG o.s.c.a.ClassPathScanningCandidateComponentProvider - Identified candidate component class: file [C:\Xandão\SpringBoot\dailybrief\target\classes\com\dailybrief\service\impl\DashboardServiceImpl.class]
2025-08-28 14:06:14.957 [restartedMain] DEBUG o.s.c.a.ClassPathScanningCandidateComponentProvider - Identified candidate component class: file [C:\Xandão\SpringBoot\dailybrief\target\classes\com\dailybrief\service\impl\LogServiceImpl.class]
2025-08-28 14:06:14.957 [restartedMain] DEBUG o.s.c.a.ClassPathScanningCandidateComponentProvider - Identified candidate component class: file [C:\Xandão\SpringBoot\dailybrief\target\classes\com\dailybrief\service\impl\MaterialProcessServiceImpl.class]
2025-08-28 14:06:14.957 [restartedMain] DEBUG o.s.c.a.ClassPathScanningCandidateComponentProvider - Identified candidate component class: file [C:\Xandão\SpringBoot\dailybrief\target\classes\com\dailybrief\service\impl\PostServiceImpl.class]
2025-08-28 14:06:14.957 [restartedMain] DEBUG o.s.c.a.ClassPathScanningCandidateComponentProvider - Identified candidate component class: file [C:\Xandão\SpringBoot\dailybrief\target\classes\com\dailybrief\service\impl\UserServiceImpl.class]
2025-08-28 14:06:14.987 [restartedMain] INFO  o.s.d.r.c.RepositoryConfigurationDelegate - Finished Spring Data repository scanning in 237 ms. Found 6 JPA repository interfaces.
2025-08-28 14:06:15.243 [restartedMain] DEBUG o.s.b.f.s.DefaultListableBeanFactory - Creating shared instance of singleton bean 'springSecurityHandlerMappingIntrospectorBeanDefinitionRegistryPostProcessor'
2025-08-28 14:06:15.340 [restartedMain] DEBUG o.s.b.f.s.DefaultListableBeanFactory - Creating shared instance of singleton bean 'propertySourcesPlaceholderConfigurer'
2025-08-28 14:06:15.344 [restartedMain] DEBUG o.s.b.f.s.DefaultListableBeanFactory - Creating shared instance of singleton bean 'emBeanDefinitionRegistrarPostProcessor'
2025-08-28 14:06:15.344 [restartedMain] DEBUG o.s.b.f.s.DefaultListableBeanFactory - Creating shared instance of singleton bean 'org.springframework.boot.sql.init.dependency.DatabaseInitializationDependencyConfigurer$DependsOnDatabaseInitializationPostProcessor'
2025-08-28 14:06:15.345 [restartedMain] DEBUG o.s.b.f.s.DefaultListableBeanFactory - Creating shared instance of singleton bean 'org.springframework.boot.devtools.autoconfigure.DevToolsDataSourceAutoConfiguration$DatabaseShutdownExecutorEntityManagerFactoryDependsOnPostProcessor'
2025-08-28 14:06:15.401 [restartedMain] DEBUG o.s.b.f.s.DefaultListableBeanFactory - Creating shared instance of singleton bean 'org.springframework.context.event.internalEventListenerProcessor'
2025-08-28 14:06:15.404 [restartedMain] DEBUG o.s.b.f.s.DefaultListableBeanFactory - Creating shared instance of singleton bean 'conversionServicePostProcessor'
2025-08-28 14:06:15.420 [restartedMain] DEBUG o.s.b.f.s.DefaultListableBeanFactory - Creating shared instance of singleton bean 'preserveErrorControllerTargetClassPostProcessor'
2025-08-28 14:06:15.422 [restartedMain] DEBUG o.s.b.f.s.DefaultListableBeanFactory - Creating shared instance of singleton bean 'org.springframework.context.event.internalEventListenerFactory'
2025-08-28 14:06:15.422 [restartedMain] DEBUG o.s.b.f.s.DefaultListableBeanFactory - Creating shared instance of singleton bean 'org.springframework.transaction.config.internalTransactionalEventListenerFactory'
2025-08-28 14:06:15.429 [restartedMain] DEBUG o.s.b.f.s.DefaultListableBeanFactory - Creating shared instance of singleton bean 'org.springframework.context.annotation.internalAutowiredAnnotationProcessor'
2025-08-28 14:06:15.432 [restartedMain] DEBUG o.s.b.f.s.DefaultListableBeanFactory - Creating shared instance of singleton bean 'org.springframework.context.annotation.internalCommonAnnotationProcessor'
2025-08-28 14:06:15.438 [restartedMain] DEBUG o.s.b.f.s.DefaultListableBeanFactory - Creating shared instance of singleton bean 'org.springframework.context.annotation.internalPersistenceAnnotationProcessor'
2025-08-28 14:06:15.439 [restartedMain] DEBUG o.s.b.f.s.DefaultListableBeanFactory - Creating shared instance of singleton bean 'org.springframework.boot.context.properties.ConfigurationPropertiesBindingPostProcessor'
2025-08-28 14:06:15.439 [restartedMain] DEBUG o.s.b.f.s.DefaultListableBeanFactory - Creating shared instance of singleton bean 'org.springframework.boot.context.internalConfigurationPropertiesBinder'
2025-08-28 14:06:15.443 [restartedMain] DEBUG o.s.b.f.s.DefaultListableBeanFactory - Creating shared instance of singleton bean 'jdbcConnectionDetailsHikariBeanPostProcessor'
2025-08-28 14:06:15.448 [restartedMain] DEBUG o.s.b.f.s.DefaultListableBeanFactory - Creating shared instance of singleton bean 'methodValidationPostProcessor'
2025-08-28 14:06:15.451 [restartedMain] DEBUG o.s.b.f.s.DefaultListableBeanFactory - Autowiring by type from bean name 'methodValidationPostProcessor' via factory method to bean named 'environment'
2025-08-28 14:06:15.486 [restartedMain] DEBUG o.s.b.f.s.DefaultListableBeanFactory - Creating shared instance of singleton bean 'org.springframework.boot.context.properties.EnableConfigurationPropertiesRegistrar.methodValidationExcludeFilter'
2025-08-28 14:06:15.524 [restartedMain] DEBUG o.s.b.f.s.DefaultListableBeanFactory - Creating shared instance of singleton bean 'org.springframework.aop.config.internalAutoProxyCreator'
2025-08-28 14:06:15.552 [restartedMain] DEBUG o.s.b.f.s.DefaultListableBeanFactory - Creating shared instance of singleton bean 'persistenceExceptionTranslationPostProcessor'
2025-08-28 14:06:15.553 [restartedMain] DEBUG o.s.b.f.s.DefaultListableBeanFactory - Autowiring by type from bean name 'persistenceExceptionTranslationPostProcessor' via factory method to bean named 'environment'
2025-08-28 14:06:15.557 [restartedMain] DEBUG o.s.b.f.s.DefaultListableBeanFactory - Creating shared instance of singleton bean 'webServerFactoryCustomizerBeanPostProcessor'
2025-08-28 14:06:15.558 [restartedMain] DEBUG o.s.b.f.s.DefaultListableBeanFactory - Creating shared instance of singleton bean 'errorPageRegistrarBeanPostProcessor'
2025-08-28 14:06:15.559 [restartedMain] DEBUG o.s.b.f.s.DefaultListableBeanFactory - Creating shared instance of singleton bean 'projectingArgumentResolverBeanPostProcessor'
2025-08-28 14:06:15.563 [restartedMain] DEBUG o.s.b.f.s.DefaultListableBeanFactory - Creating shared instance of singleton bean 'org.springframework.transaction.config.internalTransactionAdvisor'
2025-08-28 14:06:15.564 [restartedMain] DEBUG o.s.b.f.s.DefaultListableBeanFactory - Creating shared instance of singleton bean 'org.springframework.transaction.annotation.ProxyTransactionManagementConfiguration'
2025-08-28 14:06:15.585 [restartedMain] DEBUG o.s.b.f.s.DefaultListableBeanFactory - Creating shared instance of singleton bean 'transactionAttributeSource'
2025-08-28 14:06:15.598 [restartedMain] DEBUG o.s.b.f.s.DefaultListableBeanFactory - Creating shared instance of singleton bean 'transactionInterceptor'
2025-08-28 14:06:15.599 [restartedMain] DEBUG o.s.b.f.s.DefaultListableBeanFactory - Autowiring by type from bean name 'transactionInterceptor' via factory method to bean named 'transactionAttributeSource'
2025-08-28 14:06:15.610 [restartedMain] DEBUG o.s.b.f.s.DefaultListableBeanFactory - Autowiring by type from bean name 'org.springframework.transaction.config.internalTransactionAdvisor' via factory method to bean named 'transactionAttributeSource'
2025-08-28 14:06:15.611 [restartedMain] DEBUG o.s.b.f.s.DefaultListableBeanFactory - Autowiring by type from bean name 'org.springframework.transaction.config.internalTransactionAdvisor' via factory method to bean named 'transactionInterceptor'
2025-08-28 14:06:15.660 [restartedMain] DEBUG o.s.u.c.s.UiApplicationContextUtils - Unable to locate ThemeSource with name 'themeSource': using default [org.springframework.ui.context.support.ResourceBundleThemeSource@2d202ca6]
2025-08-28 14:06:15.661 [restartedMain] DEBUG o.s.b.f.s.DefaultListableBeanFactory - Creating shared instance of singleton bean 'tomcatServletWebServerFactory'
2025-08-28 14:06:15.662 [restartedMain] DEBUG o.s.b.f.s.DefaultListableBeanFactory - Creating shared instance of singleton bean 'org.springframework.boot.autoconfigure.web.servlet.ServletWebServerFactoryConfiguration$EmbeddedTomcat'
2025-08-28 14:06:15.702 [restartedMain] DEBUG o.s.b.f.s.DefaultListableBeanFactory - Creating shared instance of singleton bean 'websocketServletWebServerCustomizer'
2025-08-28 14:06:15.703 [restartedMain] DEBUG o.s.b.f.s.DefaultListableBeanFactory - Creating shared instance of singleton bean 'org.springframework.boot.autoconfigure.websocket.servlet.WebSocketServletAutoConfiguration$TomcatWebSocketConfiguration'
2025-08-28 14:06:15.706 [restartedMain] DEBUG o.s.b.f.s.DefaultListableBeanFactory - Creating shared instance of singleton bean 'servletWebServerFactoryCustomizer'
2025-08-28 14:06:15.706 [restartedMain] DEBUG o.s.b.f.s.DefaultListableBeanFactory - Creating shared instance of singleton bean 'org.springframework.boot.autoconfigure.web.servlet.ServletWebServerFactoryAutoConfiguration'
2025-08-28 14:06:15.707 [restartedMain] DEBUG o.s.b.f.s.DefaultListableBeanFactory - Creating shared instance of singleton bean 'server-org.springframework.boot.autoconfigure.web.ServerProperties'
2025-08-28 14:06:15.718 [restartedMain] DEBUG o.s.b.f.s.DefaultListableBeanFactory - Creating shared instance of singleton bean 'org.springframework.boot.context.properties.BoundConfigurationProperties'
2025-08-28 14:06:15.726 [restartedMain] DEBUG o.s.b.f.s.DefaultListableBeanFactory - Creating shared instance of singleton bean 'stringOrNumberMigrationVersionConverter'
2025-08-28 14:06:15.726 [restartedMain] DEBUG o.s.b.f.s.DefaultListableBeanFactory - Creating shared instance of singleton bean 'org.springframework.boot.autoconfigure.flyway.FlywayAutoConfiguration'
2025-08-28 14:06:15.787 [restartedMain] DEBUG o.s.b.f.s.DefaultListableBeanFactory - Autowiring by type from bean name 'servletWebServerFactoryCustomizer' via factory method to bean named 'server-org.springframework.boot.autoconfigure.web.ServerProperties'
2025-08-28 14:06:15.792 [restartedMain] DEBUG o.s.b.f.s.DefaultListableBeanFactory - Creating shared instance of singleton bean 'sslBundleRegistry'
2025-08-28 14:06:15.792 [restartedMain] DEBUG o.s.b.f.s.DefaultListableBeanFactory - Creating shared instance of singleton bean 'org.springframework.boot.autoconfigure.ssl.SslAutoConfiguration'
2025-08-28 14:06:15.793 [restartedMain] DEBUG o.s.b.f.s.DefaultListableBeanFactory - Creating shared instance of singleton bean 'spring.ssl-org.springframework.boot.autoconfigure.ssl.SslProperties'
2025-08-28 14:06:15.794 [restartedMain] DEBUG o.s.b.f.s.DefaultListableBeanFactory - Autowiring by type from bean name 'org.springframework.boot.autoconfigure.ssl.SslAutoConfiguration' via constructor to bean named 'org.springframework.boot.web.servlet.context.AnnotationConfigServletWebServerApplicationContext@a3f2afd'
2025-08-28 14:06:15.795 [restartedMain] DEBUG o.s.b.f.s.DefaultListableBeanFactory - Autowiring by type from bean name 'org.springframework.boot.autoconfigure.ssl.SslAutoConfiguration' via constructor to bean named 'spring.ssl-org.springframework.boot.autoconfigure.ssl.SslProperties'
2025-08-28 14:06:15.804 [restartedMain] DEBUG o.s.b.f.s.DefaultListableBeanFactory - Creating shared instance of singleton bean 'sslPropertiesSslBundleRegistrar'
2025-08-28 14:06:15.804 [restartedMain] DEBUG o.s.b.f.s.DefaultListableBeanFactory - Creating shared instance of singleton bean 'fileWatcher'
2025-08-28 14:06:15.810 [restartedMain] DEBUG o.s.b.f.s.DefaultListableBeanFactory - Autowiring by type from bean name 'sslPropertiesSslBundleRegistrar' via factory method to bean named 'fileWatcher'
2025-08-28 14:06:15.822 [restartedMain] DEBUG o.s.b.f.s.DefaultListableBeanFactory - Creating shared instance of singleton bean 'tomcatServletWebServerFactoryCustomizer'
2025-08-28 14:06:15.823 [restartedMain] DEBUG o.s.b.f.s.DefaultListableBeanFactory - Autowiring by type from bean name 'tomcatServletWebServerFactoryCustomizer' via factory method to bean named 'server-org.springframework.boot.autoconfigure.web.ServerProperties'
2025-08-28 14:06:15.826 [restartedMain] DEBUG o.s.b.f.s.DefaultListableBeanFactory - Creating shared instance of singleton bean 'nettyWebServerFactoryCustomizer'
2025-08-28 14:06:15.827 [restartedMain] DEBUG o.s.b.f.s.DefaultListableBeanFactory - Creating shared instance of singleton bean 'org.springframework.boot.autoconfigure.web.embedded.EmbeddedWebServerFactoryCustomizerAutoConfiguration$NettyWebServerFactoryCustomizerConfiguration'
2025-08-28 14:06:15.829 [restartedMain] DEBUG o.s.b.f.s.DefaultListableBeanFactory - Autowiring by type from bean name 'nettyWebServerFactoryCustomizer' via factory method to bean named 'environment'
2025-08-28 14:06:15.829 [restartedMain] DEBUG o.s.b.f.s.DefaultListableBeanFactory - Autowiring by type from bean name 'nettyWebServerFactoryCustomizer' via factory method to bean named 'server-org.springframework.boot.autoconfigure.web.ServerProperties'
2025-08-28 14:06:15.835 [restartedMain] DEBUG o.s.b.f.s.DefaultListableBeanFactory - Creating shared instance of singleton bean 'tomcatWebServerFactoryCustomizer'
2025-08-28 14:06:15.836 [restartedMain] DEBUG o.s.b.f.s.DefaultListableBeanFactory - Creating shared instance of singleton bean 'org.springframework.boot.autoconfigure.web.embedded.EmbeddedWebServerFactoryCustomizerAutoConfiguration$TomcatWebServerFactoryCustomizerConfiguration'
2025-08-28 14:06:15.839 [restartedMain] DEBUG o.s.b.f.s.DefaultListableBeanFactory - Autowiring by type from bean name 'tomcatWebServerFactoryCustomizer' via factory method to bean named 'environment'
2025-08-28 14:06:15.839 [restartedMain] DEBUG o.s.b.f.s.DefaultListableBeanFactory - Autowiring by type from bean name 'tomcatWebServerFactoryCustomizer' via factory method to bean named 'server-org.springframework.boot.autoconfigure.web.ServerProperties'
2025-08-28 14:06:15.844 [restartedMain] DEBUG o.s.b.f.s.DefaultListableBeanFactory - Creating shared instance of singleton bean 'localeCharsetMappingsCustomizer'
2025-08-28 14:06:15.845 [restartedMain] DEBUG o.s.b.f.s.DefaultListableBeanFactory - Creating shared instance of singleton bean 'org.springframework.boot.autoconfigure.web.servlet.HttpEncodingAutoConfiguration'
2025-08-28 14:06:15.848 [restartedMain] DEBUG o.s.b.f.s.DefaultListableBeanFactory - Autowiring by type from bean name 'org.springframework.boot.autoconfigure.web.servlet.HttpEncodingAutoConfiguration' via constructor to bean named 'server-org.springframework.boot.autoconfigure.web.ServerProperties'
2025-08-28 14:06:15.958 [restartedMain] DEBUG o.s.b.f.s.DefaultListableBeanFactory - Creating shared instance of singleton bean 'errorPageCustomizer'
2025-08-28 14:06:15.958 [restartedMain] DEBUG o.s.b.f.s.DefaultListableBeanFactory - Creating shared instance of singleton bean 'org.springframework.boot.autoconfigure.web.servlet.error.ErrorMvcAutoConfiguration'
2025-08-28 14:06:15.960 [restartedMain] DEBUG o.s.b.f.s.DefaultListableBeanFactory - Autowiring by type from bean name 'org.springframework.boot.autoconfigure.web.servlet.error.ErrorMvcAutoConfiguration' via constructor to bean named 'server-org.springframework.boot.autoconfigure.web.ServerProperties'
2025-08-28 14:06:15.962 [restartedMain] DEBUG o.s.b.f.s.DefaultListableBeanFactory - Creating shared instance of singleton bean 'dispatcherServletRegistration'
2025-08-28 14:06:15.962 [restartedMain] DEBUG o.s.b.f.s.DefaultListableBeanFactory - Creating shared instance of singleton bean 'org.springframework.boot.autoconfigure.web.servlet.DispatcherServletAutoConfiguration$DispatcherServletRegistrationConfiguration'
2025-08-28 14:06:15.964 [restartedMain] DEBUG o.s.b.f.s.DefaultListableBeanFactory - Creating shared instance of singleton bean 'dispatcherServlet'
2025-08-28 14:06:15.965 [restartedMain] DEBUG o.s.b.f.s.DefaultListableBeanFactory - Creating shared instance of singleton bean 'org.springframework.boot.autoconfigure.web.servlet.DispatcherServletAutoConfiguration$DispatcherServletConfiguration'
2025-08-28 14:06:15.966 [restartedMain] DEBUG o.s.b.f.s.DefaultListableBeanFactory - Creating shared instance of singleton bean 'spring.mvc-org.springframework.boot.autoconfigure.web.servlet.WebMvcProperties'
2025-08-28 14:06:15.976 [restartedMain] DEBUG o.s.b.f.s.DefaultListableBeanFactory - Autowiring by type from bean name 'dispatcherServlet' via factory method to bean named 'spring.mvc-org.springframework.boot.autoconfigure.web.servlet.WebMvcProperties'
2025-08-28 14:06:16.003 [restartedMain] DEBUG o.s.b.f.s.DefaultListableBeanFactory - Autowiring by type from bean name 'dispatcherServletRegistration' via factory method to bean named 'dispatcherServlet'
2025-08-28 14:06:16.003 [restartedMain] DEBUG o.s.b.f.s.DefaultListableBeanFactory - Autowiring by type from bean name 'dispatcherServletRegistration' via factory method to bean named 'spring.mvc-org.springframework.boot.autoconfigure.web.servlet.WebMvcProperties'
2025-08-28 14:06:16.008 [restartedMain] DEBUG o.s.b.f.s.DefaultListableBeanFactory - Creating shared instance of singleton bean 'multipartConfigElement'
2025-08-28 14:06:16.009 [restartedMain] DEBUG o.s.b.f.s.DefaultListableBeanFactory - Creating shared instance of singleton bean 'org.springframework.boot.autoconfigure.web.servlet.MultipartAutoConfiguration'
2025-08-28 14:06:16.009 [restartedMain] DEBUG o.s.b.f.s.DefaultListableBeanFactory - Creating shared instance of singleton bean 'spring.servlet.multipart-org.springframework.boot.autoconfigure.web.servlet.MultipartProperties'
2025-08-28 14:06:16.016 [restartedMain] DEBUG o.s.b.f.s.DefaultListableBeanFactory - Autowiring by type from bean name 'org.springframework.boot.autoconfigure.web.servlet.MultipartAutoConfiguration' via constructor to bean named 'spring.servlet.multipart-org.springframework.boot.autoconfigure.web.servlet.MultipartProperties'
2025-08-28 14:06:16.025 [restartedMain] DEBUG o.s.b.f.s.DefaultListableBeanFactory - Autowiring by type from bean name 'errorPageCustomizer' via factory method to bean named 'dispatcherServletRegistration'
2025-08-28 14:06:16.236 [restartedMain] DEBUG o.s.b.w.e.t.TomcatServletWebServerFactory - Code archive: C:\Users\plata\.m2\repository\org\springframework\boot\spring-boot\3.4.5\spring-boot-3.4.5.jar
2025-08-28 14:06:16.236 [restartedMain] DEBUG o.s.b.w.e.t.TomcatServletWebServerFactory - Code archive: C:\Users\plata\.m2\repository\org\springframework\boot\spring-boot\3.4.5\spring-boot-3.4.5.jar
2025-08-28 14:06:16.237 [restartedMain] DEBUG o.s.b.w.e.t.TomcatServletWebServerFactory - None of the document roots [src/main/webapp, public, static] point to a directory and will be ignored.
2025-08-28 14:06:16.324 [restartedMain] INFO  o.s.b.w.e.tomcat.TomcatWebServer - Tomcat initialized with port 8080 (http)
2025-08-28 14:06:16.348 [restartedMain] INFO  o.a.coyote.http11.Http11NioProtocol - Initializing ProtocolHandler ["http-nio-8080"]
2025-08-28 14:06:16.351 [restartedMain] INFO  o.a.catalina.core.StandardService - Starting service [Tomcat]
2025-08-28 14:06:16.351 [restartedMain] INFO  o.a.catalina.core.StandardEngine - Starting Servlet engine: [Apache Tomcat/10.1.40]
2025-08-28 14:06:16.432 [restartedMain] INFO  o.a.c.c.C.[Tomcat].[localhost].[/] - Initializing Spring embedded WebApplicationContext
2025-08-28 14:06:16.432 [restartedMain] DEBUG o.s.b.w.s.c.ServletWebServerApplicationContext - Published root WebApplicationContext as ServletContext attribute with name [org.springframework.web.context.WebApplicationContext.ROOT]
2025-08-28 14:06:16.432 [restartedMain] INFO  o.s.b.w.s.c.ServletWebServerApplicationContext - Root WebApplicationContext: initialization completed in 4449 ms
2025-08-28 14:06:16.436 [restartedMain] DEBUG o.s.b.f.s.DefaultListableBeanFactory - Creating shared instance of singleton bean 'securityFilterChainRegistration'
2025-08-28 14:06:16.436 [restartedMain] DEBUG o.s.b.f.s.DefaultListableBeanFactory - Creating shared instance of singleton bean 'org.springframework.boot.autoconfigure.security.servlet.SecurityFilterAutoConfiguration'
2025-08-28 14:06:16.438 [restartedMain] DEBUG o.s.b.f.s.DefaultListableBeanFactory - Creating shared instance of singleton bean 'spring.security-org.springframework.boot.autoconfigure.security.SecurityProperties'
2025-08-28 14:06:16.440 [restartedMain] DEBUG o.s.b.f.s.DefaultListableBeanFactory - Autowiring by type from bean name 'securityFilterChainRegistration' via factory method to bean named 'spring.security-org.springframework.boot.autoconfigure.security.SecurityProperties'
2025-08-28 14:06:16.447 [restartedMain] DEBUG o.s.b.f.s.DefaultListableBeanFactory - Creating shared instance of singleton bean 'jwtAuthenticationFilter'
2025-08-28 14:06:16.455 [restartedMain] DEBUG o.s.b.f.s.DefaultListableBeanFactory - Creating shared instance of singleton bean 'jwtTokenProvider'
2025-08-28 14:06:16.459 [restartedMain] DEBUG o.s.c.e.PropertySourcesPropertyResolver - Found key 'jwt.secret' in PropertySource 'environmentProperties' with value of type String
2025-08-28 14:06:16.464 [restartedMain] DEBUG o.s.c.e.PropertySourcesPropertyResolver - Found key 'jwt.secret' in PropertySource 'environmentProperties' with value of type String
2025-08-28 14:06:16.469 [restartedMain] DEBUG o.s.b.f.s.DefaultListableBeanFactory - Creating shared instance of singleton bean 'requestContextFilter'
2025-08-28 14:06:16.471 [restartedMain] DEBUG o.s.b.f.s.DefaultListableBeanFactory - Creating shared instance of singleton bean 'formContentFilter'
2025-08-28 14:06:16.471 [restartedMain] DEBUG o.s.b.f.s.DefaultListableBeanFactory - Creating shared instance of singleton bean 'org.springframework.boot.autoconfigure.web.servlet.WebMvcAutoConfiguration'
2025-08-28 14:06:16.477 [restartedMain] DEBUG o.s.b.f.s.DefaultListableBeanFactory - Creating shared instance of singleton bean 'characterEncodingFilter'
2025-08-28 14:06:16.489 [restartedMain] DEBUG o.s.b.w.s.ServletContextInitializerBeans - Mapping filters: springSecurityFilterChain urls=[/*] order=-100, characterEncodingFilter urls=[/*] order=-2147483648, formContentFilter urls=[/*] order=-9900, requestContextFilter urls=[/*] order=-105, jwtAuthenticationFilter urls=[/*] order=2147483647
2025-08-28 14:06:16.490 [restartedMain] DEBUG o.s.b.w.s.ServletContextInitializerBeans - Mapping servlets: dispatcherServlet urls=[/]
2025-08-28 14:06:16.539 [restartedMain] DEBUG o.s.b.w.s.f.OrderedRequestContextFilter - Filter 'requestContextFilter' configured for use
2025-08-28 14:06:16.542 [restartedMain] DEBUG c.d.config.JwtAuthenticationFilter - Filter 'jwtAuthenticationFilter' configured for use
2025-08-28 14:06:16.543 [restartedMain] DEBUG o.s.b.w.s.f.OrderedCharacterEncodingFilter - Filter 'characterEncodingFilter' configured for use
2025-08-28 14:06:16.543 [restartedMain] DEBUG o.s.b.w.s.DelegatingFilterProxyRegistrationBean$1 - Filter 'springSecurityFilterChain' configured for use
2025-08-28 14:06:16.544 [restartedMain] DEBUG o.s.b.w.s.f.OrderedFormContentFilter - Filter 'formContentFilter' configured for use
2025-08-28 14:06:16.563 [restartedMain] DEBUG o.s.b.f.s.DefaultListableBeanFactory - Creating shared instance of singleton bean 'flyway'
2025-08-28 14:06:16.563 [restartedMain] DEBUG o.s.b.f.s.DefaultListableBeanFactory - Creating shared instance of singleton bean 'org.springframework.boot.autoconfigure.flyway.FlywayAutoConfiguration$FlywayConfiguration'
2025-08-28 14:06:16.565 [restartedMain] DEBUG o.s.b.f.s.DefaultListableBeanFactory - Creating shared instance of singleton bean 'spring.flyway-org.springframework.boot.autoconfigure.flyway.FlywayProperties'
2025-08-28 14:06:16.577 [restartedMain] DEBUG o.s.b.f.s.DefaultListableBeanFactory - Autowiring by type from bean name 'org.springframework.boot.autoconfigure.flyway.FlywayAutoConfiguration$FlywayConfiguration' via constructor to bean named 'spring.flyway-org.springframework.boot.autoconfigure.flyway.FlywayProperties'
2025-08-28 14:06:16.583 [restartedMain] DEBUG o.s.b.f.s.DefaultListableBeanFactory - Creating shared instance of singleton bean 'flywayConnectionDetails'
2025-08-28 14:06:16.585 [restartedMain] DEBUG o.s.b.f.s.DefaultListableBeanFactory - Creating shared instance of singleton bean 'resourceProviderCustomizer'
2025-08-28 14:06:16.586 [restartedMain] DEBUG o.s.b.f.s.DefaultListableBeanFactory - Autowiring by type from bean name 'flyway' via factory method to bean named 'flywayConnectionDetails'
2025-08-28 14:06:16.587 [restartedMain] DEBUG o.s.b.f.s.DefaultListableBeanFactory - Autowiring by type from bean name 'flyway' via factory method to bean named 'org.springframework.boot.web.servlet.context.AnnotationConfigServletWebServerApplicationContext@a3f2afd'
2025-08-28 14:06:16.587 [restartedMain] DEBUG o.s.b.f.s.DefaultListableBeanFactory - Autowiring by type from bean name 'flyway' via factory method to bean named 'resourceProviderCustomizer'
2025-08-28 14:06:16.622 [restartedMain] DEBUG o.s.b.f.s.DefaultListableBeanFactory - Creating shared instance of singleton bean 'dataSource'
2025-08-28 14:06:16.623 [restartedMain] DEBUG o.s.b.f.s.DefaultListableBeanFactory - Creating shared instance of singleton bean 'org.springframework.boot.autoconfigure.jdbc.DataSourceConfiguration$Hikari'
2025-08-28 14:06:16.624 [restartedMain] DEBUG o.s.b.f.s.DefaultListableBeanFactory - Creating shared instance of singleton bean 'spring.datasource-org.springframework.boot.autoconfigure.jdbc.DataSourceProperties'
2025-08-28 14:06:16.642 [restartedMain] DEBUG o.s.b.f.s.DefaultListableBeanFactory - Creating shared instance of singleton bean 'jdbcConnectionDetails'
2025-08-28 14:06:16.642 [restartedMain] DEBUG o.s.b.f.s.DefaultListableBeanFactory - Creating shared instance of singleton bean 'org.springframework.boot.autoconfigure.jdbc.DataSourceAutoConfiguration$PooledDataSourceConfiguration'
2025-08-28 14:06:16.644 [restartedMain] DEBUG o.s.b.f.s.DefaultListableBeanFactory - Autowiring by type from bean name 'jdbcConnectionDetails' via factory method to bean named 'spring.datasource-org.springframework.boot.autoconfigure.jdbc.DataSourceProperties'
2025-08-28 14:06:16.646 [restartedMain] DEBUG o.s.b.f.s.DefaultListableBeanFactory - Autowiring by type from bean name 'dataSource' via factory method to bean named 'spring.datasource-org.springframework.boot.autoconfigure.jdbc.DataSourceProperties'
2025-08-28 14:06:16.647 [restartedMain] DEBUG o.s.b.f.s.DefaultListableBeanFactory - Autowiring by type from bean name 'dataSource' via factory method to bean named 'jdbcConnectionDetails'
2025-08-28 14:06:16.647 [restartedMain] DEBUG o.s.b.f.s.DefaultListableBeanFactory - Autowiring by type from bean name 'dataSource' via factory method to bean named 'environment'
2025-08-28 14:06:16.695 [restartedMain] DEBUG o.s.b.f.s.DefaultListableBeanFactory - Creating shared instance of singleton bean 'postgresqlFlywayConfigurationCustomizer'
2025-08-28 14:06:16.948 [restartedMain] DEBUG o.s.b.f.s.DefaultListableBeanFactory - Creating shared instance of singleton bean 'flywayInitializer'
2025-08-28 14:06:16.949 [restartedMain] DEBUG o.s.b.f.s.DefaultListableBeanFactory - Autowiring by type from bean name 'flywayInitializer' via factory method to bean named 'flyway'
2025-08-28 14:06:16.984 [restartedMain] INFO  com.zaxxer.hikari.HikariDataSource - HikariPool-1 - Starting...
2025-08-28 14:06:17.273 [restartedMain] INFO  com.zaxxer.hikari.pool.HikariPool - HikariPool-1 - Added connection org.postgresql.jdbc.PgConnection@76e5f723
2025-08-28 14:06:17.277 [restartedMain] INFO  com.zaxxer.hikari.HikariDataSource - HikariPool-1 - Start completed.
2025-08-28 14:06:17.321 [restartedMain] INFO  org.flywaydb.core.FlywayExecutor - Database: jdbc:postgresql://localhost:5432/dailydb (PostgreSQL 17.5)
2025-08-28 14:06:17.439 [restartedMain] INFO  o.f.core.internal.command.DbValidate - Successfully validated 2 migrations (execution time 00:00.084s)
2025-08-28 14:06:17.494 [restartedMain] INFO  o.f.core.internal.command.DbMigrate - Current version of schema "public": 2
2025-08-28 14:06:17.503 [restartedMain] INFO  o.f.core.internal.command.DbMigrate - Schema "public" is up to date. No migration necessary.
2025-08-28 14:06:17.522 [restartedMain] DEBUG o.s.b.f.s.DefaultListableBeanFactory - Creating shared instance of singleton bean 'dataSourceScriptDatabaseInitializer'
2025-08-28 14:06:17.522 [restartedMain] DEBUG o.s.b.f.s.DefaultListableBeanFactory - Creating shared instance of singleton bean 'org.springframework.boot.autoconfigure.sql.init.DataSourceInitializationConfiguration'
2025-08-28 14:06:17.523 [restartedMain] DEBUG o.s.b.f.s.DefaultListableBeanFactory - Creating shared instance of singleton bean 'spring.sql.init-org.springframework.boot.autoconfigure.sql.init.SqlInitializationProperties'
2025-08-28 14:06:17.529 [restartedMain] DEBUG o.s.b.f.s.DefaultListableBeanFactory - Autowiring by type from bean name 'dataSourceScriptDatabaseInitializer' via factory method to bean named 'dataSource'
2025-08-28 14:06:17.530 [restartedMain] DEBUG o.s.b.f.s.DefaultListableBeanFactory - Autowiring by type from bean name 'dataSourceScriptDatabaseInitializer' via factory method to bean named 'spring.sql.init-org.springframework.boot.autoconfigure.sql.init.SqlInitializationProperties'
2025-08-28 14:06:17.546 [restartedMain] DEBUG o.s.b.f.s.DefaultListableBeanFactory - Creating shared instance of singleton bean 'inMemoryDatabaseShutdownExecutor'
2025-08-28 14:06:17.547 [restartedMain] DEBUG o.s.b.f.s.DefaultListableBeanFactory - Creating shared instance of singleton bean 'org.springframework.boot.devtools.autoconfigure.DevToolsDataSourceAutoConfiguration'
2025-08-28 14:06:17.549 [restartedMain] DEBUG o.s.b.f.s.DefaultListableBeanFactory - Autowiring by type from bean name 'inMemoryDatabaseShutdownExecutor' via factory method to bean named 'dataSource'
2025-08-28 14:06:17.549 [restartedMain] DEBUG o.s.b.f.s.DefaultListableBeanFactory - Autowiring by type from bean name 'inMemoryDatabaseShutdownExecutor' via factory method to bean named 'spring.datasource-org.springframework.boot.autoconfigure.jdbc.DataSourceProperties'
2025-08-28 14:06:17.551 [restartedMain] DEBUG o.s.b.f.s.DefaultListableBeanFactory - Creating shared instance of singleton bean 'entityManagerFactory'
2025-08-28 14:06:17.552 [restartedMain] DEBUG o.s.b.f.s.DefaultListableBeanFactory - Creating shared instance of singleton bean 'org.springframework.boot.autoconfigure.orm.jpa.HibernateJpaConfiguration'
2025-08-28 14:06:17.553 [restartedMain] DEBUG o.s.b.f.s.DefaultListableBeanFactory - Creating shared instance of singleton bean 'spring.jpa-org.springframework.boot.autoconfigure.orm.jpa.JpaProperties'
2025-08-28 14:06:17.560 [restartedMain] DEBUG o.s.b.f.s.DefaultListableBeanFactory - Creating shared instance of singleton bean 'spring.jpa.hibernate-org.springframework.boot.autoconfigure.orm.jpa.HibernateProperties'
2025-08-28 14:06:17.563 [restartedMain] DEBUG o.s.b.f.s.DefaultListableBeanFactory - Autowiring by type from bean name 'org.springframework.boot.autoconfigure.orm.jpa.HibernateJpaConfiguration' via constructor to bean named 'dataSource'
2025-08-28 14:06:17.564 [restartedMain] DEBUG o.s.b.f.s.DefaultListableBeanFactory - Autowiring by type from bean name 'org.springframework.boot.autoconfigure.orm.jpa.HibernateJpaConfiguration' via constructor to bean named 'spring.jpa-org.springframework.boot.autoconfigure.orm.jpa.JpaProperties'
2025-08-28 14:06:17.564 [restartedMain] DEBUG o.s.b.f.s.DefaultListableBeanFactory - Autowiring by type from bean name 'org.springframework.boot.autoconfigure.orm.jpa.HibernateJpaConfiguration' via constructor to bean named 'org.springframework.beans.factory.support.DefaultListableBeanFactory@5a88e5d1'
2025-08-28 14:06:17.564 [restartedMain] DEBUG o.s.b.f.s.DefaultListableBeanFactory - Autowiring by type from bean name 'org.springframework.boot.autoconfigure.orm.jpa.HibernateJpaConfiguration' via constructor to bean named 'spring.jpa.hibernate-org.springframework.boot.autoconfigure.orm.jpa.HibernateProperties'
2025-08-28 14:06:17.575 [restartedMain] DEBUG o.s.b.f.s.DefaultListableBeanFactory - Creating shared instance of singleton bean 'hikariPoolDataSourceMetadataProvider'
2025-08-28 14:06:17.576 [restartedMain] DEBUG o.s.b.f.s.DefaultListableBeanFactory - Creating shared instance of singleton bean 'org.springframework.boot.autoconfigure.jdbc.metadata.DataSourcePoolMetadataProvidersConfiguration$HikariPoolDataSourceMetadataProviderConfiguration'
2025-08-28 14:06:17.586 [restartedMain] DEBUG o.s.b.f.s.DefaultListableBeanFactory - Creating shared instance of singleton bean 'entityManagerFactoryBuilder'
2025-08-28 14:06:17.587 [restartedMain] DEBUG o.s.b.f.s.DefaultListableBeanFactory - Creating shared instance of singleton bean 'jpaVendorAdapter'
2025-08-28 14:06:17.617 [restartedMain] DEBUG o.s.b.f.s.DefaultListableBeanFactory - Autowiring by type from bean name 'entityManagerFactoryBuilder' via factory method to bean named 'jpaVendorAdapter'
2025-08-28 14:06:17.626 [restartedMain] DEBUG o.s.b.f.s.DefaultListableBeanFactory - Creating shared instance of singleton bean 'persistenceManagedTypes'
2025-08-28 14:06:17.628 [restartedMain] DEBUG o.s.b.f.s.DefaultListableBeanFactory - Autowiring by type from bean name 'persistenceManagedTypes' via factory method to bean named 'org.springframework.beans.factory.support.DefaultListableBeanFactory@5a88e5d1'
2025-08-28 14:06:17.628 [restartedMain] DEBUG o.s.b.f.s.DefaultListableBeanFactory - Autowiring by type from bean name 'persistenceManagedTypes' via factory method to bean named 'org.springframework.boot.web.servlet.context.AnnotationConfigServletWebServerApplicationContext@a3f2afd'
2025-08-28 14:06:17.651 [restartedMain] DEBUG o.s.b.f.s.DefaultListableBeanFactory - Autowiring by type from bean name 'entityManagerFactory' via factory method to bean named 'entityManagerFactoryBuilder'
2025-08-28 14:06:17.651 [restartedMain] DEBUG o.s.b.f.s.DefaultListableBeanFactory - Autowiring by type from bean name 'entityManagerFactory' via factory method to bean named 'persistenceManagedTypes'
2025-08-28 14:06:17.690 [restartedMain] DEBUG o.s.o.j.LocalContainerEntityManagerFactoryBean - Building JPA container EntityManagerFactory for persistence unit 'default'
2025-08-28 14:06:17.740 [restartedMain] INFO  o.h.jpa.internal.util.LogHelper - HHH000204: Processing PersistenceUnitInfo [name: default]
2025-08-28 14:06:17.899 [restartedMain] INFO  org.hibernate.Version - HHH000412: Hibernate ORM core version 6.6.13.Final
2025-08-28 14:06:17.987 [restartedMain] INFO  o.h.c.i.RegionFactoryInitiator - HHH000026: Second-level cache disabled
2025-08-28 14:06:18.260 [restartedMain] WARN  org.hibernate.orm.deprecation - HHH90000025: PostgreSQLDialect does not need to be specified explicitly using 'hibernate.dialect' (remove the property setting and it will be selected by default)
2025-08-28 14:06:18.283 [restartedMain] INFO  o.hibernate.orm.connections.pooling - HHH10001005: Database info:
	Database JDBC URL [Connecting through datasource 'HikariDataSource (HikariPool-1)']
	Database driver: undefined/unknown
	Database version: 17.5
	Autocommit mode: undefined/unknown
	Isolation level: undefined/unknown
	Minimum pool size: undefined/unknown
	Maximum pool size: undefined/unknown
2025-08-28 14:06:18.599 [restartedMain] INFO  o.s.o.j.p.SpringPersistenceUnitInfo - No LoadTimeWeaver setup: ignoring JPA class transformer
2025-08-28 14:06:19.727 [restartedMain] INFO  o.h.e.t.j.p.i.JtaPlatformInitiator - HHH000489: No JTA platform available (set 'hibernate.transaction.jta.platform' to enable JTA platform integration)
2025-08-28 14:06:20.219 [restartedMain] INFO  o.s.o.j.LocalContainerEntityManagerFactoryBean - Initialized JPA EntityManagerFactory for persistence unit 'default'
2025-08-28 14:06:20.224 [restartedMain] DEBUG o.s.b.f.s.DefaultListableBeanFactory - Creating shared instance of singleton bean 'dailybriefApplication'
2025-08-28 14:06:20.225 [restartedMain] DEBUG o.s.b.f.s.DefaultListableBeanFactory - Creating shared instance of singleton bean 'applicationConfig'
2025-08-28 14:06:20.226 [restartedMain] DEBUG o.s.c.e.PropertySourcesPropertyResolver - Found key 'python.api.url' in PropertySource 'environmentProperties' with value of type String
2025-08-28 14:06:20.227 [restartedMain] DEBUG o.s.b.f.s.DefaultListableBeanFactory - Creating shared instance of singleton bean 'localeConfig'
2025-08-28 14:06:20.227 [restartedMain] DEBUG o.s.b.f.s.DefaultListableBeanFactory - Creating shared instance of singleton bean 'securityConfig'
2025-08-28 14:06:20.228 [restartedMain] DEBUG o.s.b.f.s.DefaultListableBeanFactory - Creating shared instance of singleton bean 'swaggerConfig'
2025-08-28 14:06:20.230 [restartedMain] DEBUG o.s.b.f.s.DefaultListableBeanFactory - Creating shared instance of singleton bean 'adminController'
2025-08-28 14:06:20.255 [restartedMain] DEBUG o.s.b.f.s.DefaultListableBeanFactory - Creating shared instance of singleton bean 'logServiceImpl'
2025-08-28 14:06:20.257 [restartedMain] DEBUG o.s.b.f.s.DefaultListableBeanFactory - Creating shared instance of singleton bean 'logRepository'
2025-08-28 14:06:20.271 [restartedMain] DEBUG o.s.b.f.s.DefaultListableBeanFactory - Creating shared instance of singleton bean 'jpa.named-queries#5'
2025-08-28 14:06:20.276 [restartedMain] DEBUG o.s.b.f.s.DefaultListableBeanFactory - Creating shared instance of singleton bean 'jpa.LogRepository.fragments#0'
2025-08-28 14:06:20.283 [restartedMain] DEBUG o.s.b.f.s.DefaultListableBeanFactory - Creating shared instance of singleton bean 'jpaSharedEM_entityManagerFactory'
2025-08-28 14:06:20.320 [restartedMain] DEBUG o.s.b.f.s.DefaultListableBeanFactory - Creating shared instance of singleton bean 'jpaMappingContext'
2025-08-28 14:06:20.321 [restartedMain] DEBUG o.s.d.j.r.c.JpaMetamodelMappingContextFactoryBean - Initializing JpaMetamodelMappingContext…
2025-08-28 14:06:20.350 [restartedMain] DEBUG o.s.d.j.r.c.JpaMetamodelMappingContextFactoryBean - Finished initializing JpaMetamodelMappingContext
2025-08-28 14:06:20.412 [restartedMain] DEBUG o.s.o.j.SharedEntityManagerCreator$SharedEntityManagerInvocationHandler - Creating new EntityManager for shared EntityManager invocation
2025-08-28 14:06:20.485 [restartedMain] DEBUG o.s.o.j.SharedEntityManagerCreator$SharedEntityManagerInvocationHandler - Creating new EntityManager for shared EntityManager invocation
2025-08-28 14:06:20.526 [restartedMain] DEBUG o.s.beans.CachedIntrospectionResults - Not strongly caching class [com.dailybrief.model.Log] because it is not cache-safe
2025-08-28 14:06:20.592 [restartedMain] DEBUG o.s.d.r.c.s.RepositoryFactorySupport - Initializing repository instance for com.dailybrief.repository.LogRepository…
2025-08-28 14:06:20.622 [restartedMain] DEBUG o.s.o.j.SharedEntityManagerCreator$SharedEntityManagerInvocationHandler - Creating new EntityManager for shared EntityManager invocation
2025-08-28 14:06:20.723 [restartedMain] DEBUG o.s.d.j.repository.query.NamedQuery - Looking up named query 'Log.findByCreatedBy'
2025-08-28 14:06:20.725 [restartedMain] DEBUG o.s.d.j.repository.query.NamedQuery - Did not find named query Log.findByCreatedBy
2025-08-28 14:06:20.732 [restartedMain] DEBUG o.s.o.j.SharedEntityManagerCreator$SharedEntityManagerInvocationHandler - Creating new EntityManager for shared EntityManager invocation
2025-08-28 14:06:20.802 [restartedMain] DEBUG o.s.d.j.repository.query.NamedQuery - Looking up named query 'Log.findAllByOrderByTimestampDesc'
2025-08-28 14:06:20.803 [restartedMain] DEBUG o.s.d.j.repository.query.NamedQuery - Did not find named query Log.findAllByOrderByTimestampDesc
2025-08-28 14:06:20.803 [restartedMain] DEBUG o.s.o.j.SharedEntityManagerCreator$SharedEntityManagerInvocationHandler - Creating new EntityManager for shared EntityManager invocation
2025-08-28 14:06:20.807 [restartedMain] DEBUG o.s.d.j.repository.query.NamedQuery - Looking up named query 'Log.findByTimestampAfter'
2025-08-28 14:06:20.807 [restartedMain] DEBUG o.s.d.j.repository.query.NamedQuery - Did not find named query Log.findByTimestampAfter
2025-08-28 14:06:20.807 [restartedMain] DEBUG o.s.o.j.SharedEntityManagerCreator$SharedEntityManagerInvocationHandler - Creating new EntityManager for shared EntityManager invocation
2025-08-28 14:06:20.815 [restartedMain] DEBUG o.s.d.r.c.s.RepositoryFactorySupport - Finished creation of repository instance for com.dailybrief.repository.LogRepository.
2025-08-28 14:06:20.818 [restartedMain] DEBUG o.s.b.f.s.DefaultListableBeanFactory - Creating shared instance of singleton bean 'logMapperImpl'
2025-08-28 14:06:20.822 [restartedMain] DEBUG o.s.b.f.s.DefaultListableBeanFactory - Creating shared instance of singleton bean 'analyticsServiceImpl'
2025-08-28 14:06:20.823 [restartedMain] DEBUG o.s.b.f.s.DefaultListableBeanFactory - Creating shared instance of singleton bean 'userServiceImpl'
2025-08-28 14:06:20.825 [restartedMain] DEBUG o.s.b.f.s.DefaultListableBeanFactory - Creating shared instance of singleton bean 'userRepository'
2025-08-28 14:06:20.828 [restartedMain] DEBUG o.s.b.f.s.DefaultListableBeanFactory - Creating shared instance of singleton bean 'jpa.named-queries#1'
2025-08-28 14:06:20.830 [restartedMain] DEBUG o.s.b.f.s.DefaultListableBeanFactory - Creating shared instance of singleton bean 'jpa.UserRepository.fragments#0'
2025-08-28 14:06:20.832 [restartedMain] DEBUG o.s.o.j.SharedEntityManagerCreator$SharedEntityManagerInvocationHandler - Creating new EntityManager for shared EntityManager invocation
2025-08-28 14:06:20.833 [restartedMain] DEBUG o.s.beans.CachedIntrospectionResults - Not strongly caching class [com.dailybrief.model.User] because it is not cache-safe
2025-08-28 14:06:20.837 [restartedMain] DEBUG o.s.d.r.c.s.RepositoryFactorySupport - Initializing repository instance for com.dailybrief.repository.UserRepository…
2025-08-28 14:06:20.837 [restartedMain] DEBUG o.s.o.j.SharedEntityManagerCreator$SharedEntityManagerInvocationHandler - Creating new EntityManager for shared EntityManager invocation
2025-08-28 14:06:20.841 [restartedMain] DEBUG o.s.d.j.repository.query.NamedQuery - Looking up named query 'User.findByEmail'
2025-08-28 14:06:20.842 [restartedMain] DEBUG o.s.d.j.repository.query.NamedQuery - Did not find named query User.findByEmail
2025-08-28 14:06:20.842 [restartedMain] DEBUG o.s.o.j.SharedEntityManagerCreator$SharedEntityManagerInvocationHandler - Creating new EntityManager for shared EntityManager invocation
2025-08-28 14:06:20.849 [restartedMain] DEBUG o.s.d.r.c.s.RepositoryFactorySupport - Finished creation of repository instance for com.dailybrief.repository.UserRepository.
2025-08-28 14:06:20.851 [restartedMain] DEBUG o.s.b.f.s.DefaultListableBeanFactory - Creating shared instance of singleton bean 'passwordEncoder'
2025-08-28 14:06:20.855 [restartedMain] DEBUG o.s.b.f.s.DefaultListableBeanFactory - Creating shared instance of singleton bean 'postServiceImpl'
2025-08-28 14:06:20.859 [restartedMain] DEBUG o.s.b.f.s.DefaultListableBeanFactory - Creating shared instance of singleton bean 'postRepository'
2025-08-28 14:06:20.861 [restartedMain] DEBUG o.s.b.f.s.DefaultListableBeanFactory - Creating shared instance of singleton bean 'jpa.named-queries#2'
2025-08-28 14:06:20.864 [restartedMain] DEBUG o.s.b.f.s.DefaultListableBeanFactory - Creating shared instance of singleton bean 'jpa.PostRepository.fragments#0'
2025-08-28 14:06:20.866 [restartedMain] DEBUG o.s.o.j.SharedEntityManagerCreator$SharedEntityManagerInvocationHandler - Creating new EntityManager for shared EntityManager invocation
2025-08-28 14:06:20.868 [restartedMain] DEBUG o.s.beans.CachedIntrospectionResults - Not strongly caching class [com.dailybrief.model.Post] because it is not cache-safe
2025-08-28 14:06:20.884 [restartedMain] DEBUG o.s.d.r.c.s.RepositoryFactorySupport - Initializing repository instance for com.dailybrief.repository.PostRepository…
2025-08-28 14:06:20.885 [restartedMain] DEBUG o.s.o.j.SharedEntityManagerCreator$SharedEntityManagerInvocationHandler - Creating new EntityManager for shared EntityManager invocation
2025-08-28 14:06:20.893 [restartedMain] DEBUG o.s.d.j.repository.query.NamedQuery - Looking up named query 'Post.countByStatus'
2025-08-28 14:06:20.893 [restartedMain] DEBUG o.s.d.j.repository.query.NamedQuery - Did not find named query Post.countByStatus
2025-08-28 14:06:20.893 [restartedMain] DEBUG o.s.o.j.SharedEntityManagerCreator$SharedEntityManagerInvocationHandler - Creating new EntityManager for shared EntityManager invocation
2025-08-28 14:06:20.900 [restartedMain] DEBUG o.s.d.j.repository.query.NamedQuery - Did not find named query Post.findByStatus.count
2025-08-28 14:06:20.901 [restartedMain] DEBUG o.s.o.j.SharedEntityManagerCreator$SharedEntityManagerInvocationHandler - Creating new EntityManager for shared EntityManager invocation
2025-08-28 14:06:20.929 [restartedMain] INFO  o.s.d.j.r.query.QueryEnhancerFactory - Hibernate is in classpath; If applicable, HQL parser will be used.
2025-08-28 14:06:21.692 [restartedMain] DEBUG o.s.d.j.repository.query.NamedQuery - Looking up named query 'Post.findAllByOrderByPublishedAtDesc'
2025-08-28 14:06:21.693 [restartedMain] DEBUG o.s.d.j.repository.query.NamedQuery - Did not find named query Post.findAllByOrderByPublishedAtDesc
2025-08-28 14:06:21.693 [restartedMain] DEBUG o.s.o.j.SharedEntityManagerCreator$SharedEntityManagerInvocationHandler - Creating new EntityManager for shared EntityManager invocation
2025-08-28 14:06:21.698 [restartedMain] DEBUG o.s.d.j.repository.query.NamedQuery - Did not find named query Post.findAllPostsWithTitlesAndExcerpts.count
2025-08-28 14:06:21.698 [restartedMain] DEBUG o.s.o.j.SharedEntityManagerCreator$SharedEntityManagerInvocationHandler - Creating new EntityManager for shared EntityManager invocation
2025-08-28 14:06:21.703 [restartedMain] DEBUG o.s.d.j.repository.query.NamedQuery - Looking up named query 'Post.findByIdAndStatus'
2025-08-28 14:06:21.703 [restartedMain] DEBUG o.s.d.j.repository.query.NamedQuery - Did not find named query Post.findByIdAndStatus
2025-08-28 14:06:21.704 [restartedMain] DEBUG o.s.o.j.SharedEntityManagerCreator$SharedEntityManagerInvocationHandler - Creating new EntityManager for shared EntityManager invocation
2025-08-28 14:06:21.710 [restartedMain] DEBUG o.s.d.j.repository.query.NamedQuery - Did not find named query Post.findAllPostsWithAllDetails.count
2025-08-28 14:06:21.711 [restartedMain] DEBUG o.s.o.j.SharedEntityManagerCreator$SharedEntityManagerInvocationHandler - Creating new EntityManager for shared EntityManager invocation
2025-08-28 14:06:21.718 [restartedMain] DEBUG o.s.d.r.c.s.RepositoryFactorySupport - Finished creation of repository instance for com.dailybrief.repository.PostRepository.
2025-08-28 14:06:21.720 [restartedMain] DEBUG o.s.b.f.s.DefaultListableBeanFactory - Creating shared instance of singleton bean 'postMapper'
2025-08-28 14:06:21.724 [restartedMain] DEBUG o.s.b.f.s.DefaultListableBeanFactory - Autowiring by type from bean name 'postServiceImpl' via constructor to bean named 'postRepository'
2025-08-28 14:06:21.725 [restartedMain] DEBUG o.s.b.f.s.DefaultListableBeanFactory - Autowiring by type from bean name 'postServiceImpl' via constructor to bean named 'postMapper'
2025-08-28 14:06:21.782 [restartedMain] DEBUG o.s.b.f.s.DefaultListableBeanFactory - Creating shared instance of singleton bean 'authController'
2025-08-28 14:06:21.783 [restartedMain] DEBUG o.s.b.f.s.DefaultListableBeanFactory - Creating shared instance of singleton bean 'authServiceImpl'
2025-08-28 14:06:21.785 [restartedMain] DEBUG o.s.b.f.s.DefaultListableBeanFactory - Creating shared instance of singleton bean 'automationController'
2025-08-28 14:06:21.797 [restartedMain] DEBUG o.s.b.f.s.DefaultListableBeanFactory - Creating shared instance of singleton bean 'automationServiceImpl'
2025-08-28 14:06:21.799 [restartedMain] DEBUG o.s.b.f.s.DefaultListableBeanFactory - Creating shared instance of singleton bean 'automationRepository'
2025-08-28 14:06:21.800 [restartedMain] DEBUG o.s.b.f.s.DefaultListableBeanFactory - Creating shared instance of singleton bean 'jpa.named-queries#3'
2025-08-28 14:06:21.801 [restartedMain] DEBUG o.s.b.f.s.DefaultListableBeanFactory - Creating shared instance of singleton bean 'jpa.AutomationRepository.fragments#0'
2025-08-28 14:06:21.802 [restartedMain] DEBUG o.s.o.j.SharedEntityManagerCreator$SharedEntityManagerInvocationHandler - Creating new EntityManager for shared EntityManager invocation
2025-08-28 14:06:21.803 [restartedMain] DEBUG o.s.beans.CachedIntrospectionResults - Not strongly caching class [com.dailybrief.model.Automation] because it is not cache-safe
2025-08-28 14:06:21.806 [restartedMain] DEBUG o.s.d.r.c.s.RepositoryFactorySupport - Initializing repository instance for com.dailybrief.repository.AutomationRepository…
2025-08-28 14:06:21.806 [restartedMain] DEBUG o.s.o.j.SharedEntityManagerCreator$SharedEntityManagerInvocationHandler - Creating new EntityManager for shared EntityManager invocation
2025-08-28 14:06:21.810 [restartedMain] DEBUG o.s.d.r.c.s.RepositoryFactorySupport - Finished creation of repository instance for com.dailybrief.repository.AutomationRepository.
2025-08-28 14:06:21.812 [restartedMain] DEBUG o.s.b.f.s.DefaultListableBeanFactory - Creating shared instance of singleton bean 'automationMapperImpl'
2025-08-28 14:06:21.813 [restartedMain] DEBUG o.s.b.f.s.DefaultListableBeanFactory - Creating shared instance of singleton bean 'trendingTopicSuggestionRepository'
2025-08-28 14:06:21.814 [restartedMain] DEBUG o.s.b.f.s.DefaultListableBeanFactory - Creating shared instance of singleton bean 'jpa.named-queries#4'
2025-08-28 14:06:21.815 [restartedMain] DEBUG o.s.b.f.s.DefaultListableBeanFactory - Creating shared instance of singleton bean 'jpa.TrendingTopicSuggestionRepository.fragments#0'
2025-08-28 14:06:21.816 [restartedMain] DEBUG o.s.o.j.SharedEntityManagerCreator$SharedEntityManagerInvocationHandler - Creating new EntityManager for shared EntityManager invocation
2025-08-28 14:06:21.817 [restartedMain] DEBUG o.s.beans.CachedIntrospectionResults - Not strongly caching class [com.dailybrief.model.TrendingTopicSuggestion] because it is not cache-safe
2025-08-28 14:06:21.820 [restartedMain] DEBUG o.s.d.r.c.s.RepositoryFactorySupport - Initializing repository instance for com.dailybrief.repository.TrendingTopicSuggestionRepository…
2025-08-28 14:06:21.820 [restartedMain] DEBUG o.s.o.j.SharedEntityManagerCreator$SharedEntityManagerInvocationHandler - Creating new EntityManager for shared EntityManager invocation
2025-08-28 14:06:21.822 [restartedMain] DEBUG o.s.d.j.repository.query.NamedQuery - Looking up named query 'TrendingTopicSuggestion.findByTopicName'
2025-08-28 14:06:21.822 [restartedMain] DEBUG o.s.d.j.repository.query.NamedQuery - Did not find named query TrendingTopicSuggestion.findByTopicName
2025-08-28 14:06:21.822 [restartedMain] DEBUG o.s.o.j.SharedEntityManagerCreator$SharedEntityManagerInvocationHandler - Creating new EntityManager for shared EntityManager invocation
2025-08-28 14:06:21.824 [restartedMain] DEBUG o.s.d.j.repository.query.NamedQuery - Looking up named query 'TrendingTopicSuggestion.findByStatus'
2025-08-28 14:06:21.825 [restartedMain] DEBUG o.s.d.j.repository.query.NamedQuery - Did not find named query TrendingTopicSuggestion.findByStatus
2025-08-28 14:06:21.825 [restartedMain] DEBUG o.s.o.j.SharedEntityManagerCreator$SharedEntityManagerInvocationHandler - Creating new EntityManager for shared EntityManager invocation
2025-08-28 14:06:21.830 [restartedMain] DEBUG o.s.d.r.c.s.RepositoryFactorySupport - Finished creation of repository instance for com.dailybrief.repository.TrendingTopicSuggestionRepository.
2025-08-28 14:06:21.832 [restartedMain] DEBUG o.s.b.f.s.DefaultListableBeanFactory - Creating shared instance of singleton bean 'trendingTopicSuggestionMapperImpl'
2025-08-28 14:06:21.832 [restartedMain] DEBUG o.s.b.f.s.DefaultListableBeanFactory - Autowiring by type from bean name 'automationServiceImpl' via constructor to bean named 'automationRepository'
2025-08-28 14:06:21.832 [restartedMain] DEBUG o.s.b.f.s.DefaultListableBeanFactory - Autowiring by type from bean name 'automationServiceImpl' via constructor to bean named 'automationMapperImpl'
2025-08-28 14:06:21.833 [restartedMain] DEBUG o.s.b.f.s.DefaultListableBeanFactory - Autowiring by type from bean name 'automationServiceImpl' via constructor to bean named 'trendingTopicSuggestionRepository'
2025-08-28 14:06:21.833 [restartedMain] DEBUG o.s.b.f.s.DefaultListableBeanFactory - Autowiring by type from bean name 'automationServiceImpl' via constructor to bean named 'trendingTopicSuggestionMapperImpl'
2025-08-28 14:06:21.866 [restartedMain] DEBUG o.s.b.f.s.DefaultListableBeanFactory - Creating shared instance of singleton bean 'materialProcessServiceImpl'
2025-08-28 14:06:21.871 [restartedMain] DEBUG o.s.b.f.s.DefaultListableBeanFactory - Creating shared instance of singleton bean 'materialProcessRepository'
2025-08-28 14:06:21.872 [restartedMain] DEBUG o.s.b.f.s.DefaultListableBeanFactory - Creating shared instance of singleton bean 'jpa.named-queries#0'
2025-08-28 14:06:21.873 [restartedMain] DEBUG o.s.b.f.s.DefaultListableBeanFactory - Creating shared instance of singleton bean 'jpa.MaterialProcessRepository.fragments#0'
2025-08-28 14:06:21.875 [restartedMain] DEBUG o.s.o.j.SharedEntityManagerCreator$SharedEntityManagerInvocationHandler - Creating new EntityManager for shared EntityManager invocation
2025-08-28 14:06:21.876 [restartedMain] DEBUG o.s.beans.CachedIntrospectionResults - Not strongly caching class [com.dailybrief.model.MaterialProcess] because it is not cache-safe
2025-08-28 14:06:21.885 [restartedMain] DEBUG o.s.d.r.c.s.RepositoryFactorySupport - Initializing repository instance for com.dailybrief.repository.MaterialProcessRepository…
2025-08-28 14:06:21.886 [restartedMain] DEBUG o.s.o.j.SharedEntityManagerCreator$SharedEntityManagerInvocationHandler - Creating new EntityManager for shared EntityManager invocation
2025-08-28 14:06:21.890 [restartedMain] DEBUG o.s.d.j.repository.query.NamedQuery - Looking up named query 'MaterialProcess.findByStatus'
2025-08-28 14:06:21.890 [restartedMain] DEBUG o.s.d.j.repository.query.NamedQuery - Did not find named query MaterialProcess.findByStatus
2025-08-28 14:06:21.890 [restartedMain] DEBUG o.s.o.j.SharedEntityManagerCreator$SharedEntityManagerInvocationHandler - Creating new EntityManager for shared EntityManager invocation
2025-08-28 14:06:21.892 [restartedMain] DEBUG o.s.d.j.repository.query.NamedQuery - Looking up named query 'MaterialProcess.findByUserId'
2025-08-28 14:06:21.893 [restartedMain] DEBUG o.s.d.j.repository.query.NamedQuery - Did not find named query MaterialProcess.findByUserId
2025-08-28 14:06:21.893 [restartedMain] DEBUG o.s.o.j.SharedEntityManagerCreator$SharedEntityManagerInvocationHandler - Creating new EntityManager for shared EntityManager invocation
2025-08-28 14:06:21.897 [restartedMain] DEBUG o.s.d.j.repository.query.NamedQuery - Looking up named query 'MaterialProcess.findByTaskId'
2025-08-28 14:06:21.898 [restartedMain] DEBUG o.s.d.j.repository.query.NamedQuery - Did not find named query MaterialProcess.findByTaskId
2025-08-28 14:06:21.898 [restartedMain] DEBUG o.s.o.j.SharedEntityManagerCreator$SharedEntityManagerInvocationHandler - Creating new EntityManager for shared EntityManager invocation
2025-08-28 14:06:21.900 [restartedMain] DEBUG o.s.d.j.repository.query.NamedQuery - Looking up named query 'MaterialProcess.findByUserIdAndTaskId'
2025-08-28 14:06:21.901 [restartedMain] DEBUG o.s.d.j.repository.query.NamedQuery - Did not find named query MaterialProcess.findByUserIdAndTaskId
2025-08-28 14:06:21.901 [restartedMain] DEBUG o.s.o.j.SharedEntityManagerCreator$SharedEntityManagerInvocationHandler - Creating new EntityManager for shared EntityManager invocation
2025-08-28 14:06:21.906 [restartedMain] DEBUG o.s.d.r.c.s.RepositoryFactorySupport - Finished creation of repository instance for com.dailybrief.repository.MaterialProcessRepository.
2025-08-28 14:06:21.907 [restartedMain] DEBUG o.s.b.f.s.DefaultListableBeanFactory - Creating shared instance of singleton bean 'materialProcessMapperImpl'
2025-08-28 14:06:21.914 [restartedMain] DEBUG o.s.b.f.s.DefaultListableBeanFactory - Creating shared instance of singleton bean 'jacksonObjectMapper'
2025-08-28 14:06:21.914 [restartedMain] DEBUG o.s.b.f.s.DefaultListableBeanFactory - Creating shared instance of singleton bean 'org.springframework.boot.autoconfigure.jackson.JacksonAutoConfiguration$JacksonObjectMapperConfiguration'
2025-08-28 14:06:21.916 [restartedMain] DEBUG o.s.b.f.s.DefaultListableBeanFactory - Creating shared instance of singleton bean 'org.springframework.boot.autoconfigure.jackson.JacksonAutoConfiguration$JacksonObjectMapperBuilderConfiguration'
2025-08-28 14:06:21.918 [restartedMain] DEBUG o.s.b.f.s.DefaultListableBeanFactory - Creating shared instance of singleton bean 'standardJacksonObjectMapperBuilderCustomizer'
2025-08-28 14:06:21.918 [restartedMain] DEBUG o.s.b.f.s.DefaultListableBeanFactory - Creating shared instance of singleton bean 'org.springframework.boot.autoconfigure.jackson.JacksonAutoConfiguration$Jackson2ObjectMapperBuilderCustomizerConfiguration'
2025-08-28 14:06:21.920 [restartedMain] DEBUG o.s.b.f.s.DefaultListableBeanFactory - Creating shared instance of singleton bean 'spring.jackson-org.springframework.boot.autoconfigure.jackson.JacksonProperties'
2025-08-28 14:06:21.924 [restartedMain] DEBUG o.s.b.f.s.DefaultListableBeanFactory - Autowiring by type from bean name 'standardJacksonObjectMapperBuilderCustomizer' via factory method to bean named 'spring.jackson-org.springframework.boot.autoconfigure.jackson.JacksonProperties'
2025-08-28 14:06:21.926 [restartedMain] DEBUG o.s.b.f.s.DefaultListableBeanFactory - Creating shared instance of singleton bean 'parameterNamesModule'
2025-08-28 14:06:21.926 [restartedMain] DEBUG o.s.b.f.s.DefaultListableBeanFactory - Creating shared instance of singleton bean 'org.springframework.boot.autoconfigure.jackson.JacksonAutoConfiguration$ParameterNamesModuleConfiguration'
2025-08-28 14:06:21.933 [restartedMain] DEBUG o.s.b.f.s.DefaultListableBeanFactory - Creating shared instance of singleton bean 'jsonMixinModule'
2025-08-28 14:06:21.933 [restartedMain] DEBUG o.s.b.f.s.DefaultListableBeanFactory - Creating shared instance of singleton bean 'org.springframework.boot.autoconfigure.jackson.JacksonAutoConfiguration$JacksonMixinConfiguration'
2025-08-28 14:06:21.936 [restartedMain] DEBUG o.s.b.f.s.DefaultListableBeanFactory - Creating shared instance of singleton bean 'jsonMixinModuleEntries'
2025-08-28 14:06:21.937 [restartedMain] DEBUG o.s.b.f.s.DefaultListableBeanFactory - Autowiring by type from bean name 'jsonMixinModuleEntries' via factory method to bean named 'org.springframework.boot.web.servlet.context.AnnotationConfigServletWebServerApplicationContext@a3f2afd'
2025-08-28 14:06:21.953 [restartedMain] DEBUG o.s.b.f.s.DefaultListableBeanFactory - Autowiring by type from bean name 'jsonMixinModule' via factory method to bean named 'org.springframework.boot.web.servlet.context.AnnotationConfigServletWebServerApplicationContext@a3f2afd'
2025-08-28 14:06:21.953 [restartedMain] DEBUG o.s.b.f.s.DefaultListableBeanFactory - Autowiring by type from bean name 'jsonMixinModule' via factory method to bean named 'jsonMixinModuleEntries'
2025-08-28 14:06:21.957 [restartedMain] DEBUG o.s.b.f.s.DefaultListableBeanFactory - Creating shared instance of singleton bean 'jsonComponentModule'
2025-08-28 14:06:21.957 [restartedMain] DEBUG o.s.b.f.s.DefaultListableBeanFactory - Creating shared instance of singleton bean 'org.springframework.boot.autoconfigure.jackson.JacksonAutoConfiguration'
2025-08-28 14:06:21.963 [restartedMain] DEBUG o.s.b.f.s.DefaultListableBeanFactory - Creating shared instance of singleton bean 'jacksonGeoModule'
2025-08-28 14:06:21.965 [restartedMain] DEBUG o.s.b.f.s.DefaultListableBeanFactory - Creating shared instance of singleton bean 'org.springframework.data.web.config.SpringDataJacksonConfiguration'
2025-08-28 14:06:21.966 [restartedMain] DEBUG o.s.b.f.s.DefaultListableBeanFactory - Creating shared instance of singleton bean 'springDataWebSettings'
2025-08-28 14:06:21.966 [restartedMain] DEBUG o.s.b.f.s.DefaultListableBeanFactory - Creating shared instance of singleton bean 'org.springframework.boot.autoconfigure.data.web.SpringDataWebAutoConfiguration'
2025-08-28 14:06:21.967 [restartedMain] DEBUG o.s.b.f.s.DefaultListableBeanFactory - Creating shared instance of singleton bean 'spring.data.web-org.springframework.boot.autoconfigure.data.web.SpringDataWebProperties'
2025-08-28 14:06:21.968 [restartedMain] DEBUG o.s.b.f.s.DefaultListableBeanFactory - Autowiring by type from bean name 'org.springframework.boot.autoconfigure.data.web.SpringDataWebAutoConfiguration' via constructor to bean named 'spring.data.web-org.springframework.boot.autoconfigure.data.web.SpringDataWebProperties'
2025-08-28 14:06:21.977 [restartedMain] DEBUG o.s.b.f.s.DefaultListableBeanFactory - Creating shared instance of singleton bean 'pageModule'
2025-08-28 14:06:21.981 [restartedMain] DEBUG o.s.b.f.s.DefaultListableBeanFactory - Autowiring by type from bean name 'jacksonObjectMapperBuilder' via factory method to bean named 'org.springframework.boot.web.servlet.context.AnnotationConfigServletWebServerApplicationContext@a3f2afd'
2025-08-28 14:06:21.982 [restartedMain] DEBUG o.s.b.f.s.DefaultListableBeanFactory - Autowiring by type from bean name 'jacksonObjectMapperBuilder' via factory method to bean named 'standardJacksonObjectMapperBuilderCustomizer'
2025-08-28 14:06:21.985 [restartedMain] DEBUG o.s.b.f.s.DefaultListableBeanFactory - Autowiring by type from bean name 'jacksonObjectMapper' via factory method to bean named 'jacksonObjectMapperBuilder'
2025-08-28 14:06:21.998 [restartedMain] DEBUG o.s.b.f.s.DefaultListableBeanFactory - Creating shared instance of singleton bean 'org.springframework.boot.autoconfigure.web.reactive.function.client.WebClientAutoConfiguration'
2025-08-28 14:06:22.001 [restartedMain] DEBUG o.s.b.f.s.DefaultListableBeanFactory - Creating shared instance of singleton bean 'webClientHttpConnectorCustomizer'
2025-08-28 14:06:22.001 [restartedMain] DEBUG o.s.b.f.s.DefaultListableBeanFactory - Creating shared instance of singleton bean 'org.springframework.boot.autoconfigure.web.reactive.function.client.ClientHttpConnectorAutoConfiguration'
2025-08-28 14:06:22.002 [restartedMain] DEBUG o.s.b.f.s.DefaultListableBeanFactory - Creating shared instance of singleton bean 'webClientHttpConnector'
2025-08-28 14:06:22.006 [restartedMain] DEBUG o.s.b.f.s.DefaultListableBeanFactory - Creating shared instance of singleton bean 'reactorClientHttpConnectorFactory'
2025-08-28 14:06:22.006 [restartedMain] DEBUG o.s.b.f.s.DefaultListableBeanFactory - Creating shared instance of singleton bean 'org.springframework.boot.autoconfigure.web.reactive.function.client.ClientHttpConnectorFactoryConfiguration$ReactorNetty'
2025-08-28 14:06:22.008 [restartedMain] DEBUG o.s.b.f.s.DefaultListableBeanFactory - Creating shared instance of singleton bean 'reactorResourceFactory'
2025-08-28 14:06:22.008 [restartedMain] DEBUG o.s.b.f.s.DefaultListableBeanFactory - Creating shared instance of singleton bean 'org.springframework.boot.autoconfigure.reactor.netty.ReactorNettyConfigurations$ReactorResourceFactoryConfiguration'
2025-08-28 14:06:22.009 [restartedMain] DEBUG o.s.b.f.s.DefaultListableBeanFactory - Creating shared instance of singleton bean 'spring.reactor.netty-org.springframework.boot.autoconfigure.reactor.netty.ReactorNettyProperties'
2025-08-28 14:06:22.019 [restartedMain] DEBUG o.s.b.f.s.DefaultListableBeanFactory - Autowiring by type from bean name 'reactorResourceFactory' via factory method to bean named 'spring.reactor.netty-org.springframework.boot.autoconfigure.reactor.netty.ReactorNettyProperties'
2025-08-28 14:06:22.026 [restartedMain] DEBUG o.s.b.f.s.DefaultListableBeanFactory - Autowiring by type from bean name 'reactorClientHttpConnectorFactory' via factory method to bean named 'reactorResourceFactory'
2025-08-28 14:06:22.029 [restartedMain] DEBUG o.s.b.f.s.DefaultListableBeanFactory - Autowiring by type from bean name 'webClientHttpConnector' via factory method to bean named 'reactorClientHttpConnectorFactory'
2025-08-28 14:06:22.124 [restartedMain] DEBUG o.s.b.f.s.DefaultListableBeanFactory - Autowiring by type from bean name 'webClientHttpConnectorCustomizer' via factory method to bean named 'webClientHttpConnector'
2025-08-28 14:06:22.126 [restartedMain] DEBUG o.s.b.f.s.DefaultListableBeanFactory - Creating shared instance of singleton bean 'exchangeStrategiesCustomizer'
2025-08-28 14:06:22.126 [restartedMain] DEBUG o.s.b.f.s.DefaultListableBeanFactory - Creating shared instance of singleton bean 'org.springframework.boot.autoconfigure.web.reactive.function.client.WebClientAutoConfiguration$WebClientCodecsConfiguration'
2025-08-28 14:06:22.127 [restartedMain] DEBUG o.s.b.f.s.DefaultListableBeanFactory - Creating shared instance of singleton bean 'defaultCodecCustomizer'
2025-08-28 14:06:22.127 [restartedMain] DEBUG o.s.b.f.s.DefaultListableBeanFactory - Creating shared instance of singleton bean 'org.springframework.boot.autoconfigure.http.codec.CodecsAutoConfiguration$DefaultCodecsConfiguration'
2025-08-28 14:06:22.128 [restartedMain] DEBUG o.s.b.f.s.DefaultListableBeanFactory - Creating shared instance of singleton bean 'spring.codec-org.springframework.boot.autoconfigure.codec.CodecProperties'
2025-08-28 14:06:22.130 [restartedMain] DEBUG o.s.b.f.s.DefaultListableBeanFactory - Autowiring by type from bean name 'defaultCodecCustomizer' via factory method to bean named 'spring.codec-org.springframework.boot.autoconfigure.codec.CodecProperties'
2025-08-28 14:06:22.132 [restartedMain] DEBUG o.s.b.f.s.DefaultListableBeanFactory - Creating shared instance of singleton bean 'jacksonCodecCustomizer'
2025-08-28 14:06:22.132 [restartedMain] DEBUG o.s.b.f.s.DefaultListableBeanFactory - Creating shared instance of singleton bean 'org.springframework.boot.autoconfigure.http.codec.CodecsAutoConfiguration$JacksonCodecConfiguration'
2025-08-28 14:06:22.133 [restartedMain] DEBUG o.s.b.f.s.DefaultListableBeanFactory - Autowiring by type from bean name 'jacksonCodecCustomizer' via factory method to bean named 'jacksonObjectMapper'
2025-08-28 14:06:22.148 [restartedMain] DEBUG o.s.b.f.s.DefaultListableBeanFactory - Autowiring by type from bean name 'materialProcessServiceImpl' via constructor to bean named 'materialProcessRepository'
2025-08-28 14:06:22.149 [restartedMain] DEBUG o.s.b.f.s.DefaultListableBeanFactory - Autowiring by type from bean name 'materialProcessServiceImpl' via constructor to bean named 'materialProcessMapperImpl'
2025-08-28 14:06:22.149 [restartedMain] DEBUG o.s.b.f.s.DefaultListableBeanFactory - Autowiring by type from bean name 'materialProcessServiceImpl' via constructor to bean named 'webClientBuilder'
2025-08-28 14:06:22.149 [restartedMain] DEBUG o.s.b.f.s.DefaultListableBeanFactory - Autowiring by type from bean name 'materialProcessServiceImpl' via constructor to bean named 'applicationConfig'
2025-08-28 14:06:22.272 [restartedMain] DEBUG o.s.b.f.s.DefaultListableBeanFactory - Autowiring by type from bean name 'automationController' via constructor to bean named 'automationServiceImpl'
2025-08-28 14:06:22.272 [restartedMain] DEBUG o.s.b.f.s.DefaultListableBeanFactory - Autowiring by type from bean name 'automationController' via constructor to bean named 'materialProcessServiceImpl'
2025-08-28 14:06:22.273 [restartedMain] DEBUG o.s.b.f.s.DefaultListableBeanFactory - Creating shared instance of singleton bean 'dashboardController'
2025-08-28 14:06:22.273 [restartedMain] DEBUG o.s.b.f.s.DefaultListableBeanFactory - Creating shared instance of singleton bean 'dashboardServiceImpl'
2025-08-28 14:06:22.278 [restartedMain] DEBUG o.s.b.f.s.DefaultListableBeanFactory - Creating shared instance of singleton bean 'logController'
2025-08-28 14:06:22.280 [restartedMain] DEBUG o.s.b.f.s.DefaultListableBeanFactory - Creating shared instance of singleton bean 'materialProcessController'
2025-08-28 14:06:22.282 [restartedMain] DEBUG o.s.b.f.s.DefaultListableBeanFactory - Autowiring by type from bean name 'materialProcessController' via constructor to bean named 'materialProcessServiceImpl'
2025-08-28 14:06:22.282 [restartedMain] DEBUG o.s.b.f.s.DefaultListableBeanFactory - Creating shared instance of singleton bean 'postController'
2025-08-28 14:06:22.285 [restartedMain] DEBUG o.s.b.f.s.DefaultListableBeanFactory - Autowiring by type from bean name 'postController' via constructor to bean named 'postServiceImpl'
2025-08-28 14:06:22.288 [restartedMain] DEBUG o.s.b.f.s.DefaultListableBeanFactory - Creating shared instance of singleton bean 'globalExceptionHandler'
2025-08-28 14:06:22.292 [restartedMain] DEBUG o.s.b.f.s.DefaultListableBeanFactory - Creating shared instance of singleton bean 'localeResolver'
2025-08-28 14:06:22.294 [restartedMain] INFO  com.dailybrief.config.LocaleConfig - LocaleResolver configurado com idiomas suportados: [pt, en, es] e padrão: pt
2025-08-28 14:06:22.296 [restartedMain] DEBUG o.s.b.f.s.DefaultListableBeanFactory - Creating shared instance of singleton bean 'org.springframework.security.config.annotation.configuration.ObjectPostProcessorConfiguration'
2025-08-28 14:06:22.297 [restartedMain] DEBUG o.s.b.f.s.DefaultListableBeanFactory - Creating shared instance of singleton bean 'objectPostProcessor'
2025-08-28 14:06:22.298 [restartedMain] DEBUG o.s.b.f.s.DefaultListableBeanFactory - Autowiring by type from bean name 'objectPostProcessor' via factory method to bean named 'org.springframework.beans.factory.support.DefaultListableBeanFactory@5a88e5d1'
2025-08-28 14:06:22.302 [restartedMain] DEBUG o.s.b.f.s.DefaultListableBeanFactory - Creating shared instance of singleton bean 'org.springframework.security.config.annotation.authentication.configuration.AuthenticationConfiguration'
2025-08-28 14:06:22.307 [restartedMain] DEBUG o.s.b.f.s.DefaultListableBeanFactory - Creating shared instance of singleton bean 'enableGlobalAuthenticationAutowiredConfigurer'
2025-08-28 14:06:22.307 [restartedMain] DEBUG o.s.b.f.s.DefaultListableBeanFactory - Autowiring by type from bean name 'enableGlobalAuthenticationAutowiredConfigurer' via factory method to bean named 'org.springframework.boot.web.servlet.context.AnnotationConfigServletWebServerApplicationContext@a3f2afd'
2025-08-28 14:06:22.312 [restartedMain] DEBUG o.s.b.f.s.DefaultListableBeanFactory - Creating shared instance of singleton bean 'initializeUserDetailsBeanManagerConfigurer'
2025-08-28 14:06:22.313 [restartedMain] DEBUG o.s.b.f.s.DefaultListableBeanFactory - Autowiring by type from bean name 'initializeUserDetailsBeanManagerConfigurer' via factory method to bean named 'org.springframework.boot.web.servlet.context.AnnotationConfigServletWebServerApplicationContext@a3f2afd'
2025-08-28 14:06:22.315 [restartedMain] DEBUG o.s.b.f.s.DefaultListableBeanFactory - Creating shared instance of singleton bean 'initializeAuthenticationProviderBeanManagerConfigurer'
2025-08-28 14:06:22.315 [restartedMain] DEBUG o.s.b.f.s.DefaultListableBeanFactory - Autowiring by type from bean name 'initializeAuthenticationProviderBeanManagerConfigurer' via factory method to bean named 'org.springframework.boot.web.servlet.context.AnnotationConfigServletWebServerApplicationContext@a3f2afd'
2025-08-28 14:06:22.317 [restartedMain] DEBUG o.s.b.f.s.DefaultListableBeanFactory - Creating shared instance of singleton bean 'authenticationManagerBuilder'
2025-08-28 14:06:22.317 [restartedMain] DEBUG o.s.b.f.s.DefaultListableBeanFactory - Autowiring by type from bean name 'authenticationManagerBuilder' via factory method to bean named 'objectPostProcessor'
2025-08-28 14:06:22.317 [restartedMain] DEBUG o.s.b.f.s.DefaultListableBeanFactory - Autowiring by type from bean name 'authenticationManagerBuilder' via factory method to bean named 'org.springframework.boot.web.servlet.context.AnnotationConfigServletWebServerApplicationContext@a3f2afd'
2025-08-28 14:06:22.318 [restartedMain] DEBUG o.s.b.f.s.DefaultListableBeanFactory - Creating shared instance of singleton bean 'authenticationEventPublisher'
2025-08-28 14:06:22.318 [restartedMain] DEBUG o.s.b.f.s.DefaultListableBeanFactory - Creating shared instance of singleton bean 'org.springframework.boot.autoconfigure.security.servlet.SecurityAutoConfiguration'
2025-08-28 14:06:22.319 [restartedMain] DEBUG o.s.b.f.s.DefaultListableBeanFactory - Autowiring by type from bean name 'authenticationEventPublisher' via factory method to bean named 'org.springframework.boot.web.servlet.context.AnnotationConfigServletWebServerApplicationContext@a3f2afd'
2025-08-28 14:06:22.340 [restartedMain] DEBUG o.s.b.f.s.DefaultListableBeanFactory - Creating shared instance of singleton bean 'org.springframework.security.config.annotation.web.configuration.WebSecurityConfiguration'
2025-08-28 14:06:22.347 [restartedMain] DEBUG o.s.b.f.s.DefaultListableBeanFactory - Creating shared instance of singleton bean 'org.springframework.security.config.annotation.web.configuration.HttpSecurityConfiguration'
2025-08-28 14:06:22.357 [restartedMain] DEBUG o.s.b.f.s.DefaultListableBeanFactory - Creating shared instance of singleton bean 'mvcContentNegotiationManager'
2025-08-28 14:06:22.357 [restartedMain] DEBUG o.s.b.f.s.DefaultListableBeanFactory - Creating shared instance of singleton bean 'org.springframework.boot.autoconfigure.web.servlet.WebMvcAutoConfiguration$EnableWebMvcConfiguration'
2025-08-28 14:06:22.359 [restartedMain] DEBUG o.s.b.f.s.DefaultListableBeanFactory - Creating shared instance of singleton bean 'spring.web-org.springframework.boot.autoconfigure.web.WebProperties'
2025-08-28 14:06:22.373 [restartedMain] DEBUG o.s.b.f.s.DefaultListableBeanFactory - Autowiring by type from bean name 'org.springframework.boot.autoconfigure.web.servlet.WebMvcAutoConfiguration$EnableWebMvcConfiguration' via constructor to bean named 'spring.mvc-org.springframework.boot.autoconfigure.web.servlet.WebMvcProperties'
2025-08-28 14:06:22.373 [restartedMain] DEBUG o.s.b.f.s.DefaultListableBeanFactory - Autowiring by type from bean name 'org.springframework.boot.autoconfigure.web.servlet.WebMvcAutoConfiguration$EnableWebMvcConfiguration' via constructor to bean named 'spring.web-org.springframework.boot.autoconfigure.web.WebProperties'
2025-08-28 14:06:22.373 [restartedMain] DEBUG o.s.b.f.s.DefaultListableBeanFactory - Autowiring by type from bean name 'org.springframework.boot.autoconfigure.web.servlet.WebMvcAutoConfiguration$EnableWebMvcConfiguration' via constructor to bean named 'org.springframework.beans.factory.support.DefaultListableBeanFactory@5a88e5d1'
2025-08-28 14:06:22.381 [restartedMain] DEBUG o.s.b.f.s.DefaultListableBeanFactory - Creating shared instance of singleton bean 'org.springframework.security.config.annotation.web.configuration.WebMvcSecurityConfiguration'
2025-08-28 14:06:22.384 [restartedMain] DEBUG o.s.b.f.s.DefaultListableBeanFactory - Creating shared instance of singleton bean 'org.springframework.boot.autoconfigure.web.servlet.WebMvcAutoConfiguration$WebMvcAutoConfigurationAdapter'
2025-08-28 14:06:22.385 [restartedMain] DEBUG o.s.b.f.s.DefaultListableBeanFactory - Autowiring by type from bean name 'org.springframework.boot.autoconfigure.web.servlet.WebMvcAutoConfiguration$WebMvcAutoConfigurationAdapter' via constructor to bean named 'spring.web-org.springframework.boot.autoconfigure.web.WebProperties'
2025-08-28 14:06:22.386 [restartedMain] DEBUG o.s.b.f.s.DefaultListableBeanFactory - Autowiring by type from bean name 'org.springframework.boot.autoconfigure.web.servlet.WebMvcAutoConfiguration$WebMvcAutoConfigurationAdapter' via constructor to bean named 'spring.mvc-org.springframework.boot.autoconfigure.web.servlet.WebMvcProperties'
2025-08-28 14:06:22.386 [restartedMain] DEBUG o.s.b.f.s.DefaultListableBeanFactory - Autowiring by type from bean name 'org.springframework.boot.autoconfigure.web.servlet.WebMvcAutoConfiguration$WebMvcAutoConfigurationAdapter' via constructor to bean named 'org.springframework.beans.factory.support.DefaultListableBeanFactory@5a88e5d1'
2025-08-28 14:06:22.389 [restartedMain] DEBUG o.s.b.f.s.DefaultListableBeanFactory - Creating shared instance of singleton bean 'resourceHandlerRegistrationCustomizer'
2025-08-28 14:06:22.389 [restartedMain] DEBUG o.s.b.f.s.DefaultListableBeanFactory - Creating shared instance of singleton bean 'org.springframework.boot.autoconfigure.web.servlet.WebMvcAutoConfiguration$ResourceChainCustomizerConfiguration'
2025-08-28 14:06:22.390 [restartedMain] DEBUG o.s.b.f.s.DefaultListableBeanFactory - Autowiring by type from bean name 'resourceHandlerRegistrationCustomizer' via factory method to bean named 'spring.web-org.springframework.boot.autoconfigure.web.WebProperties'
2025-08-28 14:06:22.392 [restartedMain] DEBUG o.s.b.f.s.DefaultListableBeanFactory - Creating shared instance of singleton bean 'swaggerWebMvcConfigurer'
2025-08-28 14:06:22.392 [restartedMain] DEBUG o.s.b.f.s.DefaultListableBeanFactory - Creating shared instance of singleton bean 'org.springdoc.webmvc.ui.SwaggerConfig'
2025-08-28 14:06:22.394 [restartedMain] DEBUG o.s.b.f.s.DefaultListableBeanFactory - Creating shared instance of singleton bean 'org.springdoc.core.properties.SwaggerUiConfigProperties'
2025-08-28 14:06:22.412 [restartedMain] DEBUG o.s.b.f.s.DefaultListableBeanFactory - Creating shared instance of singleton bean 'indexPageTransformer'
2025-08-28 14:06:22.414 [restartedMain] DEBUG o.s.b.f.s.DefaultListableBeanFactory - Creating shared instance of singleton bean 'org.springdoc.core.properties.SwaggerUiOAuthProperties'
2025-08-28 14:06:22.419 [restartedMain] DEBUG o.s.b.f.s.DefaultListableBeanFactory - Creating shared instance of singleton bean 'swaggerWelcome'
2025-08-28 14:06:22.420 [restartedMain] DEBUG o.s.b.f.s.DefaultListableBeanFactory - Creating shared instance of singleton bean 'org.springdoc.core.properties.SpringDocConfigProperties'
2025-08-28 14:06:22.430 [restartedMain] DEBUG o.s.b.f.s.DefaultListableBeanFactory - Creating shared instance of singleton bean 'springWebProvider'
2025-08-28 14:06:22.431 [restartedMain] DEBUG o.s.b.f.s.DefaultListableBeanFactory - Creating shared instance of singleton bean 'org.springdoc.webmvc.core.configuration.SpringDocWebMvcConfiguration'
2025-08-28 14:06:22.450 [restartedMain] DEBUG o.s.b.f.s.DefaultListableBeanFactory - Autowiring by type from bean name 'swaggerWelcome' via factory method to bean named 'org.springdoc.core.properties.SwaggerUiConfigProperties'
2025-08-28 14:06:22.450 [restartedMain] DEBUG o.s.b.f.s.DefaultListableBeanFactory - Autowiring by type from bean name 'swaggerWelcome' via factory method to bean named 'org.springdoc.core.properties.SpringDocConfigProperties'
2025-08-28 14:06:22.450 [restartedMain] DEBUG o.s.b.f.s.DefaultListableBeanFactory - Autowiring by type from bean name 'swaggerWelcome' via factory method to bean named 'springWebProvider'
2025-08-28 14:06:22.460 [restartedMain] DEBUG o.s.b.f.s.DefaultListableBeanFactory - Creating shared instance of singleton bean 'springdocObjectMapperProvider'
2025-08-28 14:06:22.460 [restartedMain] DEBUG o.s.b.f.s.DefaultListableBeanFactory - Creating shared instance of singleton bean 'org.springdoc.core.configuration.SpringDocConfiguration'
2025-08-28 14:06:22.472 [restartedMain] DEBUG o.s.b.f.s.DefaultListableBeanFactory - Autowiring by type from bean name 'springdocObjectMapperProvider' via factory method to bean named 'org.springdoc.core.properties.SpringDocConfigProperties'
2025-08-28 14:06:22.522 [restartedMain] DEBUG o.s.b.f.s.DefaultListableBeanFactory - Autowiring by type from bean name 'indexPageTransformer' via factory method to bean named 'org.springdoc.core.properties.SwaggerUiConfigProperties'
2025-08-28 14:06:22.522 [restartedMain] DEBUG o.s.b.f.s.DefaultListableBeanFactory - Autowiring by type from bean name 'indexPageTransformer' via factory method to bean named 'org.springdoc.core.properties.SwaggerUiOAuthProperties'
2025-08-28 14:06:22.523 [restartedMain] DEBUG o.s.b.f.s.DefaultListableBeanFactory - Autowiring by type from bean name 'indexPageTransformer' via factory method to bean named 'swaggerWelcome'
2025-08-28 14:06:22.523 [restartedMain] DEBUG o.s.b.f.s.DefaultListableBeanFactory - Autowiring by type from bean name 'indexPageTransformer' via factory method to bean named 'springdocObjectMapperProvider'
2025-08-28 14:06:22.530 [restartedMain] DEBUG o.s.b.f.s.DefaultListableBeanFactory - Creating shared instance of singleton bean 'swaggerResourceResolver'
2025-08-28 14:06:22.531 [restartedMain] DEBUG o.s.b.f.s.DefaultListableBeanFactory - Autowiring by type from bean name 'swaggerResourceResolver' via factory method to bean named 'org.springdoc.core.properties.SwaggerUiConfigProperties'
2025-08-28 14:06:22.534 [restartedMain] DEBUG o.s.b.f.s.DefaultListableBeanFactory - Autowiring by type from bean name 'swaggerWebMvcConfigurer' via factory method to bean named 'org.springdoc.core.properties.SwaggerUiConfigProperties'
2025-08-28 14:06:22.534 [restartedMain] DEBUG o.s.b.f.s.DefaultListableBeanFactory - Autowiring by type from bean name 'swaggerWebMvcConfigurer' via factory method to bean named 'indexPageTransformer'
2025-08-28 14:06:22.534 [restartedMain] DEBUG o.s.b.f.s.DefaultListableBeanFactory - Autowiring by type from bean name 'swaggerWebMvcConfigurer' via factory method to bean named 'swaggerResourceResolver'
2025-08-28 14:06:22.537 [restartedMain] DEBUG o.s.b.f.s.DefaultListableBeanFactory - Creating shared instance of singleton bean 'openEntityManagerInViewInterceptorConfigurer'
2025-08-28 14:06:22.537 [restartedMain] DEBUG o.s.b.f.s.DefaultListableBeanFactory - Creating shared instance of singleton bean 'org.springframework.boot.autoconfigure.orm.jpa.JpaBaseConfiguration$JpaWebConfiguration'
2025-08-28 14:06:22.538 [restartedMain] DEBUG o.s.b.f.s.DefaultListableBeanFactory - Autowiring by type from bean name 'org.springframework.boot.autoconfigure.orm.jpa.JpaBaseConfiguration$JpaWebConfiguration' via constructor to bean named 'spring.jpa-org.springframework.boot.autoconfigure.orm.jpa.JpaProperties'
2025-08-28 14:06:22.539 [restartedMain] DEBUG o.s.b.f.s.DefaultListableBeanFactory - Creating shared instance of singleton bean 'openEntityManagerInViewInterceptor'
2025-08-28 14:06:22.539 [restartedMain] WARN  o.s.b.a.o.j.JpaBaseConfiguration$JpaWebConfiguration - spring.jpa.open-in-view is enabled by default. Therefore, database queries may be performed during view rendering. Explicitly configure spring.jpa.open-in-view to disable this warning
2025-08-28 14:06:22.543 [restartedMain] DEBUG o.s.b.f.s.DefaultListableBeanFactory - Autowiring by type from bean name 'openEntityManagerInViewInterceptorConfigurer' via factory method to bean named 'openEntityManagerInViewInterceptor'
2025-08-28 14:06:22.545 [restartedMain] DEBUG o.s.b.f.s.DefaultListableBeanFactory - Creating shared instance of singleton bean 'org.springframework.data.web.config.SpringDataWebConfiguration'
2025-08-28 14:06:22.547 [restartedMain] DEBUG o.s.b.f.s.DefaultListableBeanFactory - Autowiring by type from bean name 'org.springframework.data.web.config.SpringDataWebConfiguration' via constructor to bean named 'org.springframework.boot.web.servlet.context.AnnotationConfigServletWebServerApplicationContext@a3f2afd'
2025-08-28 14:06:22.572 [restartedMain] DEBUG o.s.s.c.a.a.c.AuthenticationConfiguration$DefaultPasswordEncoderAuthenticationManagerBuilder - No authenticationProviders and no parentAuthenticationManager defined. Returning null.
2025-08-28 14:06:22.582 [restartedMain] DEBUG o.s.aop.framework.ProxyFactoryBean - Advice has changed; re-caching singleton instance
2025-08-28 14:06:22.709 [restartedMain] DEBUG o.s.b.f.s.DefaultListableBeanFactory - Creating shared instance of singleton bean 'filterChainDecoratorPostProcessor'
2025-08-28 14:06:22.714 [restartedMain] DEBUG o.s.b.f.s.DefaultListableBeanFactory - Creating shared instance of singleton bean 'mvcHandlerMappingIntrospectorRequestTransformer'
2025-08-28 14:06:22.714 [restartedMain] DEBUG o.s.b.f.s.DefaultListableBeanFactory - Creating shared instance of singleton bean 'mvcHandlerMappingIntrospector'
2025-08-28 14:06:22.720 [restartedMain] DEBUG o.s.b.f.s.DefaultListableBeanFactory - Creating shared instance of singleton bean 'welcomePageHandlerMapping'
2025-08-28 14:06:22.721 [restartedMain] DEBUG o.s.b.f.s.DefaultListableBeanFactory - Creating shared instance of singleton bean 'mvcConversionService'
2025-08-28 14:06:22.736 [restartedMain] DEBUG o.s.b.f.s.DefaultListableBeanFactory - Creating shared instance of singleton bean 'mvcResourceUrlProvider'
2025-08-28 14:06:22.738 [restartedMain] DEBUG o.s.b.f.s.DefaultListableBeanFactory - Autowiring by type from bean name 'welcomePageHandlerMapping' via factory method to bean named 'org.springframework.boot.web.servlet.context.AnnotationConfigServletWebServerApplicationContext@a3f2afd'
2025-08-28 14:06:22.738 [restartedMain] DEBUG o.s.b.f.s.DefaultListableBeanFactory - Autowiring by type from bean name 'welcomePageHandlerMapping' via factory method to bean named 'mvcConversionService'
2025-08-28 14:06:22.738 [restartedMain] DEBUG o.s.b.f.s.DefaultListableBeanFactory - Autowiring by type from bean name 'welcomePageHandlerMapping' via factory method to bean named 'mvcResourceUrlProvider'
2025-08-28 14:06:22.759 [restartedMain] DEBUG o.s.b.f.s.DefaultListableBeanFactory - Creating shared instance of singleton bean 'welcomePageNotAcceptableHandlerMapping'
2025-08-28 14:06:22.760 [restartedMain] DEBUG o.s.b.f.s.DefaultListableBeanFactory - Autowiring by type from bean name 'welcomePageNotAcceptableHandlerMapping' via factory method to bean named 'org.springframework.boot.web.servlet.context.AnnotationConfigServletWebServerApplicationContext@a3f2afd'
2025-08-28 14:06:22.760 [restartedMain] DEBUG o.s.b.f.s.DefaultListableBeanFactory - Autowiring by type from bean name 'welcomePageNotAcceptableHandlerMapping' via factory method to bean named 'mvcConversionService'
2025-08-28 14:06:22.760 [restartedMain] DEBUG o.s.b.f.s.DefaultListableBeanFactory - Autowiring by type from bean name 'welcomePageNotAcceptableHandlerMapping' via factory method to bean named 'mvcResourceUrlProvider'
2025-08-28 14:06:22.764 [restartedMain] DEBUG o.s.b.f.s.DefaultListableBeanFactory - Creating shared instance of singleton bean 'requestMappingHandlerMapping'
2025-08-28 14:06:22.766 [restartedMain] DEBUG o.s.b.f.s.DefaultListableBeanFactory - Autowiring by type from bean name 'requestMappingHandlerMapping' via factory method to bean named 'mvcContentNegotiationManager'
2025-08-28 14:06:22.766 [restartedMain] DEBUG o.s.b.f.s.DefaultListableBeanFactory - Autowiring by type from bean name 'requestMappingHandlerMapping' via factory method to bean named 'mvcConversionService'
2025-08-28 14:06:22.766 [restartedMain] DEBUG o.s.b.f.s.DefaultListableBeanFactory - Autowiring by type from bean name 'requestMappingHandlerMapping' via factory method to bean named 'mvcResourceUrlProvider'
2025-08-28 14:06:22.892 [restartedMain] DEBUG o.s.c.e.PropertySourcesPropertyResolver - Found key 'springdoc.api-docs.path' in PropertySource 'environmentProperties' with value of type String
2025-08-28 14:06:22.893 [restartedMain] DEBUG o.s.c.e.PropertySourcesPropertyResolver - Found key 'springdoc.api-docs.path' in PropertySource 'environmentProperties' with value of type String
2025-08-28 14:06:22.894 [restartedMain] DEBUG o.s.c.e.PropertySourcesPropertyResolver - Found key 'springdoc.api-docs.path' in PropertySource 'environmentProperties' with value of type String
2025-08-28 14:06:22.895 [restartedMain] DEBUG o.s.c.e.PropertySourcesPropertyResolver - Found key 'springdoc.api-docs.path' in PropertySource 'environmentProperties' with value of type String
2025-08-28 14:06:22.899 [restartedMain] DEBUG o.s.c.e.PropertySourcesPropertyResolver - Found key 'springdoc.swagger-ui.path' in PropertySource 'environmentProperties' with value of type String
2025-08-28 14:06:22.900 [restartedMain] DEBUG o.s.c.e.PropertySourcesPropertyResolver - Found key 'springdoc.swagger-ui.path' in PropertySource 'environmentProperties' with value of type String
2025-08-28 14:06:22.900 [restartedMain] DEBUG o.s.c.e.PropertySourcesPropertyResolver - Found key 'springdoc.api-docs.path' in PropertySource 'environmentProperties' with value of type String
2025-08-28 14:06:22.903 [restartedMain] DEBUG o.s.w.s.m.m.a.RequestMappingHandlerMapping - 45 mappings in 'requestMappingHandlerMapping'
2025-08-28 14:06:22.909 [restartedMain] DEBUG o.s.b.f.s.DefaultListableBeanFactory - Creating shared instance of singleton bean 'viewControllerHandlerMapping'
2025-08-28 14:06:22.909 [restartedMain] DEBUG o.s.b.f.s.DefaultListableBeanFactory - Autowiring by type from bean name 'viewControllerHandlerMapping' via factory method to bean named 'mvcConversionService'
2025-08-28 14:06:22.909 [restartedMain] DEBUG o.s.b.f.s.DefaultListableBeanFactory - Autowiring by type from bean name 'viewControllerHandlerMapping' via factory method to bean named 'mvcResourceUrlProvider'
2025-08-28 14:06:22.911 [restartedMain] DEBUG o.s.b.f.s.DefaultListableBeanFactory - Creating shared instance of singleton bean 'beanNameHandlerMapping'
2025-08-28 14:06:22.913 [restartedMain] DEBUG o.s.b.f.s.DefaultListableBeanFactory - Autowiring by type from bean name 'beanNameHandlerMapping' via factory method to bean named 'mvcConversionService'
2025-08-28 14:06:22.913 [restartedMain] DEBUG o.s.b.f.s.DefaultListableBeanFactory - Autowiring by type from bean name 'beanNameHandlerMapping' via factory method to bean named 'mvcResourceUrlProvider'
2025-08-28 14:06:22.920 [restartedMain] DEBUG o.s.b.f.s.DefaultListableBeanFactory - Creating shared instance of singleton bean 'routerFunctionMapping'
2025-08-28 14:06:22.921 [restartedMain] DEBUG o.s.b.f.s.DefaultListableBeanFactory - Autowiring by type from bean name 'routerFunctionMapping' via factory method to bean named 'mvcConversionService'
2025-08-28 14:06:22.921 [restartedMain] DEBUG o.s.b.f.s.DefaultListableBeanFactory - Autowiring by type from bean name 'routerFunctionMapping' via factory method to bean named 'mvcResourceUrlProvider'
2025-08-28 14:06:22.923 [restartedMain] DEBUG o.s.b.f.s.DefaultListableBeanFactory - Creating shared instance of singleton bean 'messageConverters'
2025-08-28 14:06:22.924 [restartedMain] DEBUG o.s.b.f.s.DefaultListableBeanFactory - Creating shared instance of singleton bean 'org.springframework.boot.autoconfigure.http.HttpMessageConvertersAutoConfiguration'
2025-08-28 14:06:22.929 [restartedMain] DEBUG o.s.b.f.s.DefaultListableBeanFactory - Creating shared instance of singleton bean 'stringHttpMessageConverter'
2025-08-28 14:06:22.930 [restartedMain] DEBUG o.s.b.f.s.DefaultListableBeanFactory - Creating shared instance of singleton bean 'org.springframework.boot.autoconfigure.http.HttpMessageConvertersAutoConfiguration$StringHttpMessageConverterConfiguration'
2025-08-28 14:06:22.930 [restartedMain] DEBUG o.s.b.f.s.DefaultListableBeanFactory - Autowiring by type from bean name 'stringHttpMessageConverter' via factory method to bean named 'environment'
2025-08-28 14:06:22.935 [restartedMain] DEBUG o.s.b.f.s.DefaultListableBeanFactory - Creating shared instance of singleton bean 'mappingJackson2HttpMessageConverter'
2025-08-28 14:06:22.935 [restartedMain] DEBUG o.s.b.f.s.DefaultListableBeanFactory - Creating shared instance of singleton bean 'org.springframework.boot.autoconfigure.http.JacksonHttpMessageConvertersConfiguration$MappingJackson2HttpMessageConverterConfiguration'
2025-08-28 14:06:22.936 [restartedMain] DEBUG o.s.b.f.s.DefaultListableBeanFactory - Autowiring by type from bean name 'mappingJackson2HttpMessageConverter' via factory method to bean named 'jacksonObjectMapper'
2025-08-28 14:06:22.955 [restartedMain] DEBUG o.s.b.f.s.DefaultListableBeanFactory - Creating shared instance of singleton bean 'resourceHandlerMapping'
2025-08-28 14:06:22.956 [restartedMain] DEBUG o.s.b.f.s.DefaultListableBeanFactory - Autowiring by type from bean name 'resourceHandlerMapping' via factory method to bean named 'mvcContentNegotiationManager'
2025-08-28 14:06:22.956 [restartedMain] DEBUG o.s.b.f.s.DefaultListableBeanFactory - Autowiring by type from bean name 'resourceHandlerMapping' via factory method to bean named 'mvcConversionService'
2025-08-28 14:06:22.956 [restartedMain] DEBUG o.s.b.f.s.DefaultListableBeanFactory - Autowiring by type from bean name 'resourceHandlerMapping' via factory method to bean named 'mvcResourceUrlProvider'
2025-08-28 14:06:22.988 [restartedMain] DEBUG o.s.w.s.h.SimpleUrlHandlerMapping - Patterns [/webjars/**, /**, /swagger-ui*/*swagger-initializer.js, /swagger-ui*/**] in 'resourceHandlerMapping'
2025-08-28 14:06:22.990 [restartedMain] DEBUG o.s.b.f.s.DefaultListableBeanFactory - Creating shared instance of singleton bean 'defaultServletHandlerMapping'
2025-08-28 14:06:23.003 [restartedMain] DEBUG o.s.b.f.s.DefaultListableBeanFactory - Creating shared instance of singleton bean 'securityFilterChain'
2025-08-28 14:06:23.003 [restartedMain] DEBUG o.s.b.f.s.DefaultListableBeanFactory - Autowiring by type from bean name 'securityFilterChain' via factory method to bean named 'org.springframework.security.config.annotation.web.configuration.HttpSecurityConfiguration.httpSecurity'
2025-08-28 14:06:23.024 [restartedMain] DEBUG o.s.b.f.s.DefaultListableBeanFactory - Creating shared instance of singleton bean 'webAuthorizationManagerPostProcessor'
2025-08-28 14:06:23.092 [restartedMain] DEBUG o.s.b.f.s.DefaultListableBeanFactory - Creating shared instance of singleton bean 'authenticationManagerPostProcessor'
2025-08-28 14:06:23.141 [restartedMain] DEBUG o.s.s.web.DefaultSecurityFilterChain - Will secure any request with filters: DisableEncodeUrlFilter, WebAsyncManagerIntegrationFilter, SecurityContextHolderFilter, HeaderWriterFilter, CorsFilter, LogoutFilter, JwtAuthenticationFilter, RequestCacheAwareFilter, SecurityContextHolderAwareRequestFilter, AnonymousAuthenticationFilter, SessionManagementFilter, ExceptionTranslationFilter, AuthorizationFilter
2025-08-28 14:06:23.146 [restartedMain] DEBUG o.s.b.f.s.DefaultListableBeanFactory - Creating shared instance of singleton bean 'delegatingApplicationListener'
2025-08-28 14:06:23.147 [restartedMain] DEBUG o.s.b.f.s.DefaultListableBeanFactory - Creating shared instance of singleton bean 'springSecurityFilterChain'
2025-08-28 14:06:23.189 [restartedMain] DEBUG o.s.b.f.s.DefaultListableBeanFactory - Creating shared instance of singleton bean 'webSecurityExpressionHandler'
2025-08-28 14:06:23.191 [restartedMain] DEBUG o.s.b.f.s.DefaultListableBeanFactory - Creating shared instance of singleton bean 'privilegeEvaluator'
2025-08-28 14:06:23.193 [restartedMain] DEBUG o.s.b.f.s.DefaultListableBeanFactory - Creating shared instance of singleton bean 'requestDataValueProcessor'
2025-08-28 14:06:23.194 [restartedMain] DEBUG o.s.b.f.s.DefaultListableBeanFactory - Creating shared instance of singleton bean 'org.springframework.security.config.annotation.web.configuration.SecurityReactorContextConfiguration'
2025-08-28 14:06:23.197 [restartedMain] DEBUG o.s.b.f.s.DefaultListableBeanFactory - Creating shared instance of singleton bean 'securityReactorContextSubscriberRegistrar'
2025-08-28 14:06:23.210 [restartedMain] DEBUG o.s.b.f.s.DefaultListableBeanFactory - Creating shared instance of singleton bean 'org.springframework.security.config.annotation.web.configuration.ObservationConfiguration'
2025-08-28 14:06:23.211 [restartedMain] DEBUG o.s.b.f.s.DefaultListableBeanFactory - Creating shared instance of singleton bean 'authenticationManager'
2025-08-28 14:06:23.211 [restartedMain] DEBUG o.s.b.f.s.DefaultListableBeanFactory - Autowiring by type from bean name 'authenticationManager' via factory method to bean named 'org.springframework.security.config.annotation.authentication.configuration.AuthenticationConfiguration'
2025-08-28 14:06:23.213 [restartedMain] DEBUG o.s.b.f.s.DefaultListableBeanFactory - Creating shared instance of singleton bean 'customOpenAPI'
2025-08-28 14:06:23.218 [restartedMain] DEBUG o.s.b.f.s.DefaultListableBeanFactory - Creating shared instance of singleton bean 'org.springframework.boot.autoconfigure.context.PropertyPlaceholderAutoConfiguration'
2025-08-28 14:06:23.218 [restartedMain] DEBUG o.s.b.f.s.DefaultListableBeanFactory - Creating shared instance of singleton bean 'org.springframework.boot.autoconfigure.websocket.servlet.WebSocketServletAutoConfiguration'
2025-08-28 14:06:23.218 [restartedMain] DEBUG o.s.b.f.s.DefaultListableBeanFactory - Creating shared instance of singleton bean 'org.springframework.boot.autoconfigure.web.servlet.DispatcherServletAutoConfiguration'
2025-08-28 14:06:23.219 [restartedMain] DEBUG o.s.b.f.s.DefaultListableBeanFactory - Creating shared instance of singleton bean 'org.springframework.boot.autoconfigure.http.codec.CodecsAutoConfiguration'
2025-08-28 14:06:23.219 [restartedMain] DEBUG o.s.b.f.s.DefaultListableBeanFactory - Creating shared instance of singleton bean 'org.springframework.boot.autoconfigure.validation.ValidationAutoConfiguration'
2025-08-28 14:06:23.219 [restartedMain] DEBUG o.s.b.f.s.DefaultListableBeanFactory - Creating shared instance of singleton bean 'defaultValidator'
2025-08-28 14:06:23.219 [restartedMain] DEBUG o.s.b.f.s.DefaultListableBeanFactory - Autowiring by type from bean name 'defaultValidator' via factory method to bean named 'org.springframework.boot.web.servlet.context.AnnotationConfigServletWebServerApplicationContext@a3f2afd'
2025-08-28 14:06:23.239 [restartedMain] DEBUG o.s.b.f.s.DefaultListableBeanFactory - Creating shared instance of singleton bean 'org.springframework.boot.autoconfigure.task.TaskExecutorConfigurations$ThreadPoolTaskExecutorBuilderConfiguration'
2025-08-28 14:06:23.249 [restartedMain] DEBUG o.s.b.f.s.DefaultListableBeanFactory - Creating shared instance of singleton bean 'threadPoolTaskExecutorBuilder'
2025-08-28 14:06:23.251 [restartedMain] DEBUG o.s.b.f.s.DefaultListableBeanFactory - Creating shared instance of singleton bean 'spring.task.execution-org.springframework.boot.autoconfigure.task.TaskExecutionProperties'
2025-08-28 14:06:23.254 [restartedMain] DEBUG o.s.b.f.s.DefaultListableBeanFactory - Autowiring by type from bean name 'threadPoolTaskExecutorBuilder' via factory method to bean named 'spring.task.execution-org.springframework.boot.autoconfigure.task.TaskExecutionProperties'
2025-08-28 14:06:23.259 [restartedMain] DEBUG o.s.b.f.s.DefaultListableBeanFactory - Creating shared instance of singleton bean 'org.springframework.boot.autoconfigure.task.TaskExecutorConfigurations$SimpleAsyncTaskExecutorBuilderConfiguration'
2025-08-28 14:06:23.260 [restartedMain] DEBUG o.s.b.f.s.DefaultListableBeanFactory - Autowiring by type from bean name 'org.springframework.boot.autoconfigure.task.TaskExecutorConfigurations$SimpleAsyncTaskExecutorBuilderConfiguration' via constructor to bean named 'spring.task.execution-org.springframework.boot.autoconfigure.task.TaskExecutionProperties'
2025-08-28 14:06:23.262 [restartedMain] DEBUG o.s.b.f.s.DefaultListableBeanFactory - Creating shared instance of singleton bean 'simpleAsyncTaskExecutorBuilder'
2025-08-28 14:06:23.266 [restartedMain] DEBUG o.s.b.f.s.DefaultListableBeanFactory - Creating shared instance of singleton bean 'org.springframework.boot.autoconfigure.task.TaskExecutorConfigurations$TaskExecutorConfiguration'
2025-08-28 14:06:23.266 [restartedMain] DEBUG o.s.b.f.s.DefaultListableBeanFactory - Creating shared instance of singleton bean 'org.springframework.boot.autoconfigure.task.TaskExecutionAutoConfiguration'
2025-08-28 14:06:23.267 [restartedMain] DEBUG o.s.b.f.s.DefaultListableBeanFactory - Creating shared instance of singleton bean 'org.springframework.boot.autoconfigure.web.servlet.error.ErrorMvcAutoConfiguration$WhitelabelErrorViewConfiguration'
2025-08-28 14:06:23.268 [restartedMain] DEBUG o.s.b.f.s.DefaultListableBeanFactory - Creating shared instance of singleton bean 'error'
2025-08-28 14:06:23.268 [restartedMain] DEBUG o.s.b.f.s.DefaultListableBeanFactory - Creating shared instance of singleton bean 'beanNameViewResolver'
2025-08-28 14:06:23.269 [restartedMain] DEBUG o.s.b.f.s.DefaultListableBeanFactory - Creating shared instance of singleton bean 'org.springframework.boot.autoconfigure.web.servlet.error.ErrorMvcAutoConfiguration$DefaultErrorViewResolverConfiguration'
2025-08-28 14:06:23.269 [restartedMain] DEBUG o.s.b.f.s.DefaultListableBeanFactory - Autowiring by type from bean name 'org.springframework.boot.autoconfigure.web.servlet.error.ErrorMvcAutoConfiguration$DefaultErrorViewResolverConfiguration' via constructor to bean named 'org.springframework.boot.web.servlet.context.AnnotationConfigServletWebServerApplicationContext@a3f2afd'
2025-08-28 14:06:23.269 [restartedMain] DEBUG o.s.b.f.s.DefaultListableBeanFactory - Autowiring by type from bean name 'org.springframework.boot.autoconfigure.web.servlet.error.ErrorMvcAutoConfiguration$DefaultErrorViewResolverConfiguration' via constructor to bean named 'spring.web-org.springframework.boot.autoconfigure.web.WebProperties'
2025-08-28 14:06:23.270 [restartedMain] DEBUG o.s.b.f.s.DefaultListableBeanFactory - Creating shared instance of singleton bean 'conventionErrorViewResolver'
2025-08-28 14:06:23.271 [restartedMain] DEBUG o.s.b.f.s.DefaultListableBeanFactory - Creating shared instance of singleton bean 'errorAttributes'
2025-08-28 14:06:23.272 [restartedMain] DEBUG o.s.b.f.s.DefaultListableBeanFactory - Creating shared instance of singleton bean 'basicErrorController'
2025-08-28 14:06:23.273 [restartedMain] DEBUG o.s.b.f.s.DefaultListableBeanFactory - Autowiring by type from bean name 'basicErrorController' via factory method to bean named 'errorAttributes'
2025-08-28 14:06:23.275 [restartedMain] DEBUG o.s.b.f.s.DefaultListableBeanFactory - Creating shared instance of singleton bean 'themeResolver'
2025-08-28 14:06:23.278 [restartedMain] DEBUG o.s.b.f.s.DefaultListableBeanFactory - Creating shared instance of singleton bean 'flashMapManager'
2025-08-28 14:06:23.286 [restartedMain] DEBUG o.s.b.f.s.DefaultListableBeanFactory - Creating shared instance of singleton bean 'viewNameTranslator'
2025-08-28 14:06:23.289 [restartedMain] DEBUG o.s.b.f.s.DefaultListableBeanFactory - Creating shared instance of singleton bean 'mvcValidator'
2025-08-28 14:06:23.293 [restartedMain] DEBUG o.s.b.f.s.DefaultListableBeanFactory - Creating shared instance of singleton bean 'mvcPatternParser'
2025-08-28 14:06:23.294 [restartedMain] DEBUG o.s.b.f.s.DefaultListableBeanFactory - Creating shared instance of singleton bean 'mvcUrlPathHelper'
2025-08-28 14:06:23.295 [restartedMain] DEBUG o.s.b.f.s.DefaultListableBeanFactory - Creating shared instance of singleton bean 'mvcPathMatcher'
2025-08-28 14:06:23.296 [restartedMain] DEBUG o.s.b.f.s.DefaultListableBeanFactory - Creating shared instance of singleton bean 'requestMappingHandlerAdapter'
2025-08-28 14:06:23.299 [restartedMain] DEBUG o.s.b.f.s.DefaultListableBeanFactory - Autowiring by type from bean name 'requestMappingHandlerAdapter' via factory method to bean named 'mvcContentNegotiationManager'
2025-08-28 14:06:23.299 [restartedMain] DEBUG o.s.b.f.s.DefaultListableBeanFactory - Autowiring by type from bean name 'requestMappingHandlerAdapter' via factory method to bean named 'mvcConversionService'
2025-08-28 14:06:23.299 [restartedMain] DEBUG o.s.b.f.s.DefaultListableBeanFactory - Autowiring by type from bean name 'requestMappingHandlerAdapter' via factory method to bean named 'mvcValidator'
2025-08-28 14:06:23.327 [restartedMain] DEBUG o.s.b.f.s.DefaultListableBeanFactory - Creating shared instance of singleton bean 'sortResolver'
2025-08-28 14:06:23.330 [restartedMain] DEBUG o.s.b.f.s.DefaultListableBeanFactory - Creating shared instance of singleton bean 'sortCustomizer'
2025-08-28 14:06:23.334 [restartedMain] DEBUG o.s.b.f.s.DefaultListableBeanFactory - Creating shared instance of singleton bean 'pageableResolver'
2025-08-28 14:06:23.337 [restartedMain] DEBUG o.s.b.f.s.DefaultListableBeanFactory - Creating shared instance of singleton bean 'pageableCustomizer'
2025-08-28 14:06:23.345 [restartedMain] DEBUG o.s.b.f.s.DefaultListableBeanFactory - Creating shared instance of singleton bean 'applicationTaskExecutor'
2025-08-28 14:06:23.346 [restartedMain] DEBUG o.s.b.f.s.DefaultListableBeanFactory - Autowiring by type from bean name 'applicationTaskExecutor' via factory method to bean named 'threadPoolTaskExecutorBuilder'
2025-08-28 14:06:23.357 [restartedMain] DEBUG o.s.s.c.ThreadPoolTaskExecutor - Initializing ExecutorService 'applicationTaskExecutor'
2025-08-28 14:06:23.373 [restartedMain] DEBUG o.s.b.f.s.DefaultListableBeanFactory - Creating shared instance of singleton bean 'org.springdoc.core.configuration.SpringDocConfiguration$OpenApiResourceAdvice'
2025-08-28 14:06:23.375 [restartedMain] DEBUG o.s.b.f.s.DefaultListableBeanFactory - Autowiring by type from bean name 'org.springdoc.core.configuration.SpringDocConfiguration$OpenApiResourceAdvice' via constructor to bean named 'org.springdoc.core.configuration.SpringDocConfiguration'
2025-08-28 14:06:23.384 [restartedMain] DEBUG o.s.w.s.m.m.a.RequestMappingHandlerAdapter - ControllerAdvice beans: 0 @ModelAttribute, 0 @InitBinder, 1 RequestBodyAdvice, 1 ResponseBodyAdvice
2025-08-28 14:06:23.442 [restartedMain] DEBUG o.s.b.f.s.DefaultListableBeanFactory - Creating shared instance of singleton bean 'mvcViewResolver'
2025-08-28 14:06:23.442 [restartedMain] DEBUG o.s.b.f.s.DefaultListableBeanFactory - Autowiring by type from bean name 'mvcViewResolver' via factory method to bean named 'mvcContentNegotiationManager'
2025-08-28 14:06:23.448 [restartedMain] DEBUG o.s.b.f.s.DefaultListableBeanFactory - Creating shared instance of singleton bean 'defaultViewResolver'
2025-08-28 14:06:23.455 [restartedMain] DEBUG o.s.b.f.s.DefaultListableBeanFactory - Creating shared instance of singleton bean 'viewResolver'
2025-08-28 14:06:23.456 [restartedMain] DEBUG o.s.b.f.s.DefaultListableBeanFactory - Autowiring by type from bean name 'viewResolver' via factory method to bean named 'org.springframework.beans.factory.support.DefaultListableBeanFactory@5a88e5d1'
2025-08-28 14:06:23.458 [restartedMain] DEBUG o.s.b.f.s.DefaultListableBeanFactory - Creating shared instance of singleton bean 'viewResolver'
2025-08-28 14:06:23.471 [restartedMain] DEBUG o.s.b.f.s.DefaultListableBeanFactory - Creating shared instance of singleton bean 'handlerFunctionAdapter'
2025-08-28 14:06:23.474 [restartedMain] DEBUG o.s.b.f.s.DefaultListableBeanFactory - Creating shared instance of singleton bean 'mvcUriComponentsContributor'
2025-08-28 14:06:23.474 [restartedMain] DEBUG o.s.b.f.s.DefaultListableBeanFactory - Autowiring by type from bean name 'mvcUriComponentsContributor' via factory method to bean named 'mvcConversionService'
2025-08-28 14:06:23.474 [restartedMain] DEBUG o.s.b.f.s.DefaultListableBeanFactory - Autowiring by type from bean name 'mvcUriComponentsContributor' via factory method to bean named 'requestMappingHandlerAdapter'
2025-08-28 14:06:23.476 [restartedMain] DEBUG o.s.b.f.s.DefaultListableBeanFactory - Creating shared instance of singleton bean 'httpRequestHandlerAdapter'
2025-08-28 14:06:23.477 [restartedMain] DEBUG o.s.b.f.s.DefaultListableBeanFactory - Creating shared instance of singleton bean 'simpleControllerHandlerAdapter'
2025-08-28 14:06:23.478 [restartedMain] DEBUG o.s.b.f.s.DefaultListableBeanFactory - Creating shared instance of singleton bean 'handlerExceptionResolver'
2025-08-28 14:06:23.479 [restartedMain] DEBUG o.s.b.f.s.DefaultListableBeanFactory - Autowiring by type from bean name 'handlerExceptionResolver' via factory method to bean named 'mvcContentNegotiationManager'
2025-08-28 14:06:23.489 [restartedMain] DEBUG o.s.w.s.m.m.a.ExceptionHandlerExceptionResolver - ControllerAdvice beans: 2 @ExceptionHandler, 1 ResponseBodyAdvice
2025-08-28 14:06:23.497 [restartedMain] DEBUG o.s.b.f.s.DefaultListableBeanFactory - Creating shared instance of singleton bean 'org.springdoc.core.configuration.SpringDocConfiguration$QuerydslProvider'
2025-08-28 14:06:23.498 [restartedMain] DEBUG o.s.b.f.s.DefaultListableBeanFactory - Creating shared instance of singleton bean 'queryDslQuerydslPredicateOperationCustomizer'
2025-08-28 14:06:23.499 [restartedMain] DEBUG o.s.b.f.s.DefaultListableBeanFactory - Autowiring by type from bean name 'queryDslQuerydslPredicateOperationCustomizer' via factory method to bean named 'org.springdoc.core.properties.SpringDocConfigProperties'
2025-08-28 14:06:23.499 [restartedMain] DEBUG o.s.b.f.s.DefaultListableBeanFactory - Creating shared instance of singleton bean 'org.springdoc.core.configuration.SpringDocConfiguration$SpringDocWebFluxSupportConfiguration'
2025-08-28 14:06:23.500 [restartedMain] DEBUG o.s.b.f.s.DefaultListableBeanFactory - Creating shared instance of singleton bean 'webFluxSupportConverter'
2025-08-28 14:06:23.500 [restartedMain] DEBUG o.s.b.f.s.DefaultListableBeanFactory - Autowiring by type from bean name 'webFluxSupportConverter' via factory method to bean named 'springdocObjectMapperProvider'
2025-08-28 14:06:23.505 [restartedMain] DEBUG o.s.b.f.s.DefaultListableBeanFactory - Creating shared instance of singleton bean 'org.springdoc.core.configuration.SpringDocConfiguration$SpringDocSpringDataWebPropertiesProvider'
2025-08-28 14:06:23.505 [restartedMain] DEBUG o.s.b.f.s.DefaultListableBeanFactory - Creating shared instance of singleton bean 'springDataWebPropertiesProvider'
2025-08-28 14:06:23.506 [restartedMain] DEBUG o.s.b.f.s.DefaultListableBeanFactory - Creating shared instance of singleton bean 'org.springdoc.core.configuration.SpringDocConfiguration$WebConversionServiceConfiguration'
2025-08-28 14:06:23.507 [restartedMain] DEBUG o.s.b.f.s.DefaultListableBeanFactory - Creating shared instance of singleton bean 'webConversionServiceProvider'
2025-08-28 14:06:23.508 [restartedMain] DEBUG o.s.b.f.s.DefaultListableBeanFactory - Creating shared instance of singleton bean 'localSpringDocParameterNameDiscoverer'
2025-08-28 14:06:23.510 [restartedMain] DEBUG o.s.b.f.s.DefaultListableBeanFactory - Creating shared instance of singleton bean 'additionalModelsConverter'
2025-08-28 14:06:23.510 [restartedMain] DEBUG o.s.b.f.s.DefaultListableBeanFactory - Autowiring by type from bean name 'additionalModelsConverter' via factory method to bean named 'springdocObjectMapperProvider'
2025-08-28 14:06:23.511 [restartedMain] DEBUG o.s.b.f.s.DefaultListableBeanFactory - Creating shared instance of singleton bean 'fileSupportConverter'
2025-08-28 14:06:23.511 [restartedMain] DEBUG o.s.b.f.s.DefaultListableBeanFactory - Autowiring by type from bean name 'fileSupportConverter' via factory method to bean named 'springdocObjectMapperProvider'
2025-08-28 14:06:23.513 [restartedMain] DEBUG o.s.b.f.s.DefaultListableBeanFactory - Creating shared instance of singleton bean 'responseSupportConverter'
2025-08-28 14:06:23.514 [restartedMain] DEBUG o.s.b.f.s.DefaultListableBeanFactory - Autowiring by type from bean name 'responseSupportConverter' via factory method to bean named 'springdocObjectMapperProvider'
2025-08-28 14:06:23.515 [restartedMain] DEBUG o.s.b.f.s.DefaultListableBeanFactory - Creating shared instance of singleton bean 'schemaPropertyDeprecatingConverter'
2025-08-28 14:06:23.516 [restartedMain] DEBUG o.s.b.f.s.DefaultListableBeanFactory - Creating shared instance of singleton bean 'polymorphicModelConverter'
2025-08-28 14:06:23.516 [restartedMain] DEBUG o.s.b.f.s.DefaultListableBeanFactory - Autowiring by type from bean name 'polymorphicModelConverter' via factory method to bean named 'springdocObjectMapperProvider'
2025-08-28 14:06:23.518 [restartedMain] DEBUG o.s.b.f.s.DefaultListableBeanFactory - Creating shared instance of singleton bean 'openAPIBuilder'
2025-08-28 14:06:23.520 [restartedMain] DEBUG o.s.b.f.s.DefaultListableBeanFactory - Creating shared instance of singleton bean 'securityParser'
2025-08-28 14:06:23.520 [restartedMain] DEBUG o.s.b.f.s.DefaultListableBeanFactory - Creating shared instance of singleton bean 'propertyResolverUtils'
2025-08-28 14:06:23.521 [restartedMain] DEBUG o.s.b.f.s.DefaultListableBeanFactory - Autowiring by type from bean name 'propertyResolverUtils' via factory method to bean named 'org.springframework.beans.factory.support.DefaultListableBeanFactory@5a88e5d1'
2025-08-28 14:06:23.521 [restartedMain] DEBUG o.s.b.f.s.DefaultListableBeanFactory - Autowiring by type from bean name 'propertyResolverUtils' via factory method to bean named 'messageSource'
2025-08-28 14:06:23.521 [restartedMain] DEBUG o.s.b.f.s.DefaultListableBeanFactory - Autowiring by type from bean name 'propertyResolverUtils' via factory method to bean named 'org.springdoc.core.properties.SpringDocConfigProperties'
2025-08-28 14:06:23.521 [restartedMain] DEBUG o.s.b.f.s.DefaultListableBeanFactory - Autowiring by type from bean name 'securityParser' via factory method to bean named 'propertyResolverUtils'
2025-08-28 14:06:23.525 [restartedMain] DEBUG o.s.b.f.s.DefaultListableBeanFactory - Autowiring by type from bean name 'openAPIBuilder' via factory method to bean named 'securityParser'
2025-08-28 14:06:23.525 [restartedMain] DEBUG o.s.b.f.s.DefaultListableBeanFactory - Autowiring by type from bean name 'openAPIBuilder' via factory method to bean named 'org.springdoc.core.properties.SpringDocConfigProperties'
2025-08-28 14:06:23.525 [restartedMain] DEBUG o.s.b.f.s.DefaultListableBeanFactory - Autowiring by type from bean name 'openAPIBuilder' via factory method to bean named 'propertyResolverUtils'
2025-08-28 14:06:23.529 [restartedMain] DEBUG o.s.b.f.s.DefaultListableBeanFactory - Creating shared instance of singleton bean 'modelConverterRegistrar'
2025-08-28 14:06:23.530 [restartedMain] DEBUG o.s.b.f.s.DefaultListableBeanFactory - Creating shared instance of singleton bean 'oas31ModelConverter'
2025-08-28 14:06:23.531 [restartedMain] DEBUG o.s.b.f.s.DefaultListableBeanFactory - Autowiring by type from bean name 'oas31ModelConverter' via factory method to bean named 'org.springdoc.core.properties.SpringDocConfigProperties'
2025-08-28 14:06:23.532 [restartedMain] DEBUG o.s.b.f.s.DefaultListableBeanFactory - Creating shared instance of singleton bean 'pageableOpenAPIConverter'
2025-08-28 14:06:23.532 [restartedMain] DEBUG o.s.b.f.s.DefaultListableBeanFactory - Creating shared instance of singleton bean 'org.springdoc.core.configuration.SpringDocPageableConfiguration'
2025-08-28 14:06:23.533 [restartedMain] DEBUG o.s.b.f.s.DefaultListableBeanFactory - Autowiring by type from bean name 'pageableOpenAPIConverter' via factory method to bean named 'springdocObjectMapperProvider'
2025-08-28 14:06:23.536 [restartedMain] DEBUG o.s.b.f.s.DefaultListableBeanFactory - Creating shared instance of singleton bean 'pageOpenAPIConverter'
2025-08-28 14:06:23.537 [restartedMain] DEBUG o.s.b.f.s.DefaultListableBeanFactory - Autowiring by type from bean name 'pageOpenAPIConverter' via factory method to bean named 'springdocObjectMapperProvider'
2025-08-28 14:06:23.539 [restartedMain] DEBUG o.s.b.f.s.DefaultListableBeanFactory - Creating shared instance of singleton bean 'sortOpenAPIConverter'
2025-08-28 14:06:23.539 [restartedMain] DEBUG o.s.b.f.s.DefaultListableBeanFactory - Creating shared instance of singleton bean 'org.springdoc.core.configuration.SpringDocSortConfiguration'
2025-08-28 14:06:23.540 [restartedMain] DEBUG o.s.b.f.s.DefaultListableBeanFactory - Autowiring by type from bean name 'sortOpenAPIConverter' via factory method to bean named 'springdocObjectMapperProvider'
2025-08-28 14:06:23.542 [restartedMain] DEBUG o.s.b.f.s.DefaultListableBeanFactory - Autowiring by type from bean name 'modelConverterRegistrar' via factory method to bean named 'org.springdoc.core.properties.SpringDocConfigProperties'
2025-08-28 14:06:23.559 [restartedMain] DEBUG o.s.b.f.s.DefaultListableBeanFactory - Creating shared instance of singleton bean 'operationBuilder'
2025-08-28 14:06:23.560 [restartedMain] DEBUG o.s.b.f.s.DefaultListableBeanFactory - Creating shared instance of singleton bean 'parameterBuilder'
2025-08-28 14:06:23.561 [restartedMain] DEBUG o.s.b.f.s.DefaultListableBeanFactory - Creating shared instance of singleton bean 'parameterObjectNamingStrategyCustomizer'
2025-08-28 14:06:23.561 [restartedMain] DEBUG o.s.b.f.s.DefaultListableBeanFactory - Creating shared instance of singleton bean 'dataRestDelegatingMethodParameterCustomizer'
2025-08-28 14:06:23.566 [restartedMain] DEBUG o.s.b.f.s.DefaultListableBeanFactory - Autowiring by type from bean name 'parameterBuilder' via factory method to bean named 'propertyResolverUtils'
2025-08-28 14:06:23.566 [restartedMain] DEBUG o.s.b.f.s.DefaultListableBeanFactory - Autowiring by type from bean name 'parameterBuilder' via factory method to bean named 'springdocObjectMapperProvider'
2025-08-28 14:06:23.572 [restartedMain] DEBUG o.s.b.f.s.DefaultListableBeanFactory - Creating shared instance of singleton bean 'requestBodyBuilder'
2025-08-28 14:06:23.572 [restartedMain] DEBUG o.s.b.f.s.DefaultListableBeanFactory - Autowiring by type from bean name 'requestBodyBuilder' via factory method to bean named 'parameterBuilder'
2025-08-28 14:06:23.572 [restartedMain] DEBUG o.s.b.f.s.DefaultListableBeanFactory - Autowiring by type from bean name 'requestBodyBuilder' via factory method to bean named 'propertyResolverUtils'
2025-08-28 14:06:23.573 [restartedMain] DEBUG o.s.b.f.s.DefaultListableBeanFactory - Autowiring by type from bean name 'operationBuilder' via factory method to bean named 'parameterBuilder'
2025-08-28 14:06:23.573 [restartedMain] DEBUG o.s.b.f.s.DefaultListableBeanFactory - Autowiring by type from bean name 'operationBuilder' via factory method to bean named 'requestBodyBuilder'
2025-08-28 14:06:23.573 [restartedMain] DEBUG o.s.b.f.s.DefaultListableBeanFactory - Autowiring by type from bean name 'operationBuilder' via factory method to bean named 'securityParser'
2025-08-28 14:06:23.573 [restartedMain] DEBUG o.s.b.f.s.DefaultListableBeanFactory - Autowiring by type from bean name 'operationBuilder' via factory method to bean named 'propertyResolverUtils'
2025-08-28 14:06:23.575 [restartedMain] DEBUG o.s.b.f.s.DefaultListableBeanFactory - Creating shared instance of singleton bean 'springDocProviders'
2025-08-28 14:06:23.576 [restartedMain] DEBUG o.s.b.f.s.DefaultListableBeanFactory - Creating shared instance of singleton bean 'routerFunctionProvider'
2025-08-28 14:06:23.576 [restartedMain] DEBUG o.s.b.f.s.DefaultListableBeanFactory - Creating shared instance of singleton bean 'org.springdoc.webmvc.core.configuration.SpringDocWebMvcConfiguration$SpringDocWebMvcRouterConfiguration'
2025-08-28 14:06:23.580 [restartedMain] DEBUG o.s.b.f.s.DefaultListableBeanFactory - Autowiring by type from bean name 'springDocProviders' via factory method to bean named 'springdocObjectMapperProvider'
2025-08-28 14:06:23.584 [restartedMain] DEBUG o.s.b.f.s.DefaultListableBeanFactory - Creating shared instance of singleton bean 'springDocCustomizers'
2025-08-28 14:06:23.586 [restartedMain] DEBUG o.s.b.f.s.DefaultListableBeanFactory - Creating shared instance of singleton bean 'globalOpenApiCustomizer'
2025-08-28 14:06:23.593 [restartedMain] DEBUG o.s.b.f.s.DefaultListableBeanFactory - Creating shared instance of singleton bean 'org.springdoc.core.configuration.SpringDocSecurityConfiguration$SpringSecurityLoginEndpointConfiguration'
2025-08-28 14:06:23.593 [restartedMain] DEBUG o.s.b.f.s.DefaultListableBeanFactory - Creating shared instance of singleton bean 'org.springdoc.core.configuration.SpringDocSecurityConfiguration'
2025-08-28 14:06:23.602 [restartedMain] DEBUG o.s.b.f.s.DefaultListableBeanFactory - Autowiring by type from bean name 'org.springdoc.core.configuration.SpringDocSecurityConfiguration$SpringSecurityLoginEndpointConfiguration' via constructor to bean named 'org.springdoc.core.configuration.SpringDocSecurityConfiguration'
2025-08-28 14:06:23.603 [restartedMain] DEBUG o.s.b.f.s.DefaultListableBeanFactory - Creating shared instance of singleton bean 'openApiResource'
2025-08-28 14:06:23.603 [restartedMain] DEBUG o.s.b.f.s.DefaultListableBeanFactory - Creating shared instance of singleton bean 'requestBuilder'
2025-08-28 14:06:23.604 [restartedMain] DEBUG o.s.b.f.s.DefaultListableBeanFactory - Autowiring by type from bean name 'requestBuilder' via factory method to bean named 'parameterBuilder'
2025-08-28 14:06:23.604 [restartedMain] DEBUG o.s.b.f.s.DefaultListableBeanFactory - Autowiring by type from bean name 'requestBuilder' via factory method to bean named 'requestBodyBuilder'
2025-08-28 14:06:23.604 [restartedMain] DEBUG o.s.b.f.s.DefaultListableBeanFactory - Autowiring by type from bean name 'requestBuilder' via factory method to bean named 'localSpringDocParameterNameDiscoverer'
2025-08-28 14:06:23.606 [restartedMain] DEBUG o.s.b.f.s.DefaultListableBeanFactory - Creating shared instance of singleton bean 'responseBuilder'
2025-08-28 14:06:23.606 [restartedMain] DEBUG o.s.b.f.s.DefaultListableBeanFactory - Autowiring by type from bean name 'responseBuilder' via factory method to bean named 'operationBuilder'
2025-08-28 14:06:23.606 [restartedMain] DEBUG o.s.b.f.s.DefaultListableBeanFactory - Autowiring by type from bean name 'responseBuilder' via factory method to bean named 'org.springdoc.core.properties.SpringDocConfigProperties'
2025-08-28 14:06:23.606 [restartedMain] DEBUG o.s.b.f.s.DefaultListableBeanFactory - Autowiring by type from bean name 'responseBuilder' via factory method to bean named 'propertyResolverUtils'
2025-08-28 14:06:23.609 [restartedMain] DEBUG o.s.b.f.s.DefaultListableBeanFactory - Autowiring by type from bean name 'openApiResource' via factory method to bean named 'requestBuilder'
2025-08-28 14:06:23.610 [restartedMain] DEBUG o.s.b.f.s.DefaultListableBeanFactory - Autowiring by type from bean name 'openApiResource' via factory method to bean named 'responseBuilder'
2025-08-28 14:06:23.610 [restartedMain] DEBUG o.s.b.f.s.DefaultListableBeanFactory - Autowiring by type from bean name 'openApiResource' via factory method to bean named 'operationBuilder'
2025-08-28 14:06:23.610 [restartedMain] DEBUG o.s.b.f.s.DefaultListableBeanFactory - Autowiring by type from bean name 'openApiResource' via factory method to bean named 'org.springdoc.core.properties.SpringDocConfigProperties'
2025-08-28 14:06:23.610 [restartedMain] DEBUG o.s.b.f.s.DefaultListableBeanFactory - Autowiring by type from bean name 'openApiResource' via factory method to bean named 'springDocProviders'
2025-08-28 14:06:23.610 [restartedMain] DEBUG o.s.b.f.s.DefaultListableBeanFactory - Autowiring by type from bean name 'openApiResource' via factory method to bean named 'springDocCustomizers'
2025-08-28 14:06:23.612 [restartedMain] DEBUG o.s.b.f.s.DefaultListableBeanFactory - Creating shared instance of singleton bean 'swaggerConfigResource'
2025-08-28 14:06:23.613 [restartedMain] DEBUG o.s.b.f.s.DefaultListableBeanFactory - Autowiring by type from bean name 'swaggerConfigResource' via factory method to bean named 'swaggerWelcome'
2025-08-28 14:06:23.613 [restartedMain] DEBUG o.s.b.f.s.DefaultListableBeanFactory - Creating shared instance of singleton bean 'org.springframework.boot.autoconfigure.aop.AopAutoConfiguration$AspectJAutoProxyingConfiguration$CglibAutoProxyConfiguration'
2025-08-28 14:06:23.613 [restartedMain] DEBUG o.s.b.f.s.DefaultListableBeanFactory - Creating shared instance of singleton bean 'org.springframework.boot.autoconfigure.aop.AopAutoConfiguration$AspectJAutoProxyingConfiguration'
2025-08-28 14:06:23.614 [restartedMain] DEBUG o.s.b.f.s.DefaultListableBeanFactory - Creating shared instance of singleton bean 'org.springframework.boot.autoconfigure.aop.AopAutoConfiguration'
2025-08-28 14:06:23.615 [restartedMain] DEBUG o.s.b.f.s.DefaultListableBeanFactory - Creating shared instance of singleton bean 'org.springframework.boot.autoconfigure.availability.ApplicationAvailabilityAutoConfiguration'
2025-08-28 14:06:23.615 [restartedMain] DEBUG o.s.b.f.s.DefaultListableBeanFactory - Creating shared instance of singleton bean 'applicationAvailability'
2025-08-28 14:06:23.618 [restartedMain] DEBUG o.s.b.f.s.DefaultListableBeanFactory - Creating shared instance of singleton bean 'org.springframework.boot.autoconfigure.transaction.jta.JtaAutoConfiguration'
2025-08-28 14:06:23.618 [restartedMain] DEBUG o.s.b.f.s.DefaultListableBeanFactory - Creating shared instance of singleton bean 'org.springframework.boot.autoconfigure.jdbc.DataSourceJmxConfiguration$Hikari'
2025-08-28 14:06:23.619 [restartedMain] DEBUG o.s.b.f.s.DefaultListableBeanFactory - Autowiring by type from bean name 'org.springframework.boot.autoconfigure.jdbc.DataSourceJmxConfiguration$Hikari' via constructor to bean named 'dataSource'
2025-08-28 14:06:23.620 [restartedMain] DEBUG o.s.b.f.s.DefaultListableBeanFactory - Creating shared instance of singleton bean 'org.springframework.boot.autoconfigure.jdbc.DataSourceJmxConfiguration'
2025-08-28 14:06:23.620 [restartedMain] DEBUG o.s.b.f.s.DefaultListableBeanFactory - Creating shared instance of singleton bean 'org.springframework.boot.autoconfigure.jdbc.metadata.DataSourcePoolMetadataProvidersConfiguration'
2025-08-28 14:06:23.621 [restartedMain] DEBUG o.s.b.f.s.DefaultListableBeanFactory - Creating shared instance of singleton bean 'org.springframework.boot.autoconfigure.jdbc.DataSourceAutoConfiguration'
2025-08-28 14:06:23.621 [restartedMain] DEBUG o.s.b.f.s.DefaultListableBeanFactory - Creating shared instance of singleton bean 'org.springframework.boot.autoconfigure.transaction.TransactionManagerCustomizationAutoConfiguration'
2025-08-28 14:06:23.621 [restartedMain] DEBUG o.s.b.f.s.DefaultListableBeanFactory - Creating shared instance of singleton bean 'platformTransactionManagerCustomizers'
2025-08-28 14:06:23.623 [restartedMain] DEBUG o.s.b.f.s.DefaultListableBeanFactory - Creating shared instance of singleton bean 'transactionExecutionListeners'
2025-08-28 14:06:23.625 [restartedMain] DEBUG o.s.b.f.s.DefaultListableBeanFactory - Creating shared instance of singleton bean 'spring.transaction-org.springframework.boot.autoconfigure.transaction.TransactionProperties'
2025-08-28 14:06:23.628 [restartedMain] DEBUG o.s.b.f.s.DefaultListableBeanFactory - Creating shared instance of singleton bean 'org.springframework.boot.autoconfigure.orm.jpa.JpaBaseConfiguration$PersistenceManagedTypesConfiguration'
2025-08-28 14:06:23.629 [restartedMain] DEBUG o.s.b.f.s.DefaultListableBeanFactory - Creating shared instance of singleton bean 'transactionManager'
2025-08-28 14:06:23.644 [restartedMain] DEBUG o.s.b.f.s.DefaultListableBeanFactory - Creating shared instance of singleton bean 'org.springframework.boot.autoconfigure.orm.jpa.HibernateJpaAutoConfiguration'
2025-08-28 14:06:23.646 [restartedMain] DEBUG o.s.b.f.s.DefaultListableBeanFactory - Creating shared instance of singleton bean 'org.springframework.boot.autoconfigure.context.ConfigurationPropertiesAutoConfiguration'
2025-08-28 14:06:23.646 [restartedMain] DEBUG o.s.b.f.s.DefaultListableBeanFactory - Creating shared instance of singleton bean 'org.springframework.boot.autoconfigure.context.LifecycleAutoConfiguration'
2025-08-28 14:06:23.648 [restartedMain] DEBUG o.s.b.f.s.DefaultListableBeanFactory - Creating shared instance of singleton bean 'lifecycleProcessor'
2025-08-28 14:06:23.649 [restartedMain] DEBUG o.s.b.f.s.DefaultListableBeanFactory - Creating shared instance of singleton bean 'spring.lifecycle-org.springframework.boot.autoconfigure.context.LifecycleProperties'
2025-08-28 14:06:23.650 [restartedMain] DEBUG o.s.b.f.s.DefaultListableBeanFactory - Autowiring by type from bean name 'lifecycleProcessor' via factory method to bean named 'spring.lifecycle-org.springframework.boot.autoconfigure.context.LifecycleProperties'
2025-08-28 14:06:23.652 [restartedMain] DEBUG o.s.b.f.s.DefaultListableBeanFactory - Creating shared instance of singleton bean 'org.springframework.boot.autoconfigure.dao.PersistenceExceptionTranslationAutoConfiguration'
2025-08-28 14:06:23.653 [restartedMain] DEBUG o.s.b.f.s.DefaultListableBeanFactory - Creating shared instance of singleton bean 'org.springframework.boot.autoconfigure.data.jpa.JpaRepositoriesAutoConfiguration'
2025-08-28 14:06:23.654 [restartedMain] DEBUG o.s.b.f.s.DefaultListableBeanFactory - Creating shared instance of singleton bean 'org.springframework.data.jpa.util.JpaMetamodelCacheCleanup'
2025-08-28 14:06:23.654 [restartedMain] DEBUG o.s.b.f.s.DefaultListableBeanFactory - Creating shared instance of singleton bean 'org.springframework.data.jpa.repository.support.JpaEvaluationContextExtension'
2025-08-28 14:06:23.655 [restartedMain] DEBUG o.s.b.f.s.DefaultListableBeanFactory - Creating shared instance of singleton bean 'data-jpa.repository-aot-processor#0'
2025-08-28 14:06:23.667 [restartedMain] DEBUG o.s.b.f.s.DefaultListableBeanFactory - Creating shared instance of singleton bean 'org.springframework.boot.autoconfigure.http.JacksonHttpMessageConvertersConfiguration'
2025-08-28 14:06:23.667 [restartedMain] DEBUG o.s.b.f.s.DefaultListableBeanFactory - Creating shared instance of singleton bean 'org.springframework.data.web.config.ProjectingArgumentResolverRegistrar'
2025-08-28 14:06:23.667 [restartedMain] DEBUG o.s.b.f.s.DefaultListableBeanFactory - Creating shared instance of singleton bean 'offsetResolver'
2025-08-28 14:06:23.669 [restartedMain] DEBUG o.s.b.f.s.DefaultListableBeanFactory - Creating shared instance of singleton bean 'org.springframework.boot.autoconfigure.jdbc.JdbcTemplateConfiguration'
2025-08-28 14:06:23.670 [restartedMain] DEBUG o.s.b.f.s.DefaultListableBeanFactory - Creating shared instance of singleton bean 'jdbcTemplate'
2025-08-28 14:06:23.670 [restartedMain] DEBUG o.s.b.f.s.DefaultListableBeanFactory - Creating shared instance of singleton bean 'spring.jdbc-org.springframework.boot.autoconfigure.jdbc.JdbcProperties'
2025-08-28 14:06:23.671 [restartedMain] DEBUG o.s.b.f.s.DefaultListableBeanFactory - Autowiring by type from bean name 'jdbcTemplate' via factory method to bean named 'dataSource'
2025-08-28 14:06:23.671 [restartedMain] DEBUG o.s.b.f.s.DefaultListableBeanFactory - Autowiring by type from bean name 'jdbcTemplate' via factory method to bean named 'spring.jdbc-org.springframework.boot.autoconfigure.jdbc.JdbcProperties'
2025-08-28 14:06:23.681 [restartedMain] DEBUG o.s.b.f.s.DefaultListableBeanFactory - Creating shared instance of singleton bean 'org.springframework.boot.autoconfigure.jdbc.NamedParameterJdbcTemplateConfiguration'
2025-08-28 14:06:23.682 [restartedMain] DEBUG o.s.b.f.s.DefaultListableBeanFactory - Creating shared instance of singleton bean 'namedParameterJdbcTemplate'
2025-08-28 14:06:23.682 [restartedMain] DEBUG o.s.b.f.s.DefaultListableBeanFactory - Autowiring by type from bean name 'namedParameterJdbcTemplate' via factory method to bean named 'jdbcTemplate'
2025-08-28 14:06:23.687 [restartedMain] DEBUG o.s.b.f.s.DefaultListableBeanFactory - Creating shared instance of singleton bean 'org.springframework.boot.autoconfigure.jdbc.JdbcTemplateAutoConfiguration'
2025-08-28 14:06:23.688 [restartedMain] DEBUG o.s.b.f.s.DefaultListableBeanFactory - Creating shared instance of singleton bean 'flywayDefaultDdlModeProvider'
2025-08-28 14:06:23.689 [restartedMain] DEBUG o.s.b.f.s.DefaultListableBeanFactory - Creating shared instance of singleton bean 'org.springframework.boot.autoconfigure.http.client.HttpClientAutoConfiguration'
2025-08-28 14:06:23.689 [restartedMain] DEBUG o.s.b.f.s.DefaultListableBeanFactory - Creating shared instance of singleton bean 'clientHttpRequestFactoryBuilder'
2025-08-28 14:06:23.690 [restartedMain] DEBUG o.s.b.f.s.DefaultListableBeanFactory - Creating shared instance of singleton bean 'spring.http.client-org.springframework.boot.autoconfigure.http.client.HttpClientProperties'
2025-08-28 14:06:23.692 [restartedMain] DEBUG o.s.b.f.s.DefaultListableBeanFactory - Autowiring by type from bean name 'clientHttpRequestFactoryBuilder' via factory method to bean named 'spring.http.client-org.springframework.boot.autoconfigure.http.client.HttpClientProperties'
2025-08-28 14:06:23.702 [restartedMain] DEBUG o.s.b.f.s.DefaultListableBeanFactory - Creating shared instance of singleton bean 'clientHttpRequestFactorySettings'
2025-08-28 14:06:23.702 [restartedMain] DEBUG o.s.b.f.s.DefaultListableBeanFactory - Autowiring by type from bean name 'clientHttpRequestFactorySettings' via factory method to bean named 'spring.http.client-org.springframework.boot.autoconfigure.http.client.HttpClientProperties'
2025-08-28 14:06:23.704 [restartedMain] DEBUG o.s.b.f.s.DefaultListableBeanFactory - Creating shared instance of singleton bean 'org.springframework.boot.autoconfigure.info.ProjectInfoAutoConfiguration'
2025-08-28 14:06:23.710 [restartedMain] DEBUG o.s.b.f.s.DefaultListableBeanFactory - Creating shared instance of singleton bean 'spring.info-org.springframework.boot.autoconfigure.info.ProjectInfoProperties'
2025-08-28 14:06:23.712 [restartedMain] DEBUG o.s.b.f.s.DefaultListableBeanFactory - Autowiring by type from bean name 'org.springframework.boot.autoconfigure.info.ProjectInfoAutoConfiguration' via constructor to bean named 'spring.info-org.springframework.boot.autoconfigure.info.ProjectInfoProperties'
2025-08-28 14:06:23.712 [restartedMain] DEBUG o.s.b.f.s.DefaultListableBeanFactory - Creating shared instance of singleton bean 'org.springframework.boot.autoconfigure.jdbc.JdbcClientAutoConfiguration'
2025-08-28 14:06:23.713 [restartedMain] DEBUG o.s.b.f.s.DefaultListableBeanFactory - Creating shared instance of singleton bean 'jdbcClient'
2025-08-28 14:06:23.714 [restartedMain] DEBUG o.s.b.f.s.DefaultListableBeanFactory - Autowiring by type from bean name 'jdbcClient' via factory method to bean named 'namedParameterJdbcTemplate'
2025-08-28 14:06:23.718 [restartedMain] DEBUG o.s.b.f.s.DefaultListableBeanFactory - Creating shared instance of singleton bean 'org.springframework.boot.autoconfigure.netty.NettyAutoConfiguration'
2025-08-28 14:06:23.719 [restartedMain] DEBUG o.s.b.f.s.DefaultListableBeanFactory - Creating shared instance of singleton bean 'spring.netty-org.springframework.boot.autoconfigure.netty.NettyProperties'
2025-08-28 14:06:23.720 [restartedMain] DEBUG o.s.b.f.s.DefaultListableBeanFactory - Autowiring by type from bean name 'org.springframework.boot.autoconfigure.netty.NettyAutoConfiguration' via constructor to bean named 'spring.netty-org.springframework.boot.autoconfigure.netty.NettyProperties'
2025-08-28 14:06:23.720 [restartedMain] DEBUG o.s.b.f.s.DefaultListableBeanFactory - Creating shared instance of singleton bean 'org.springframework.boot.autoconfigure.reactor.ReactorAutoConfiguration'
2025-08-28 14:06:23.721 [restartedMain] DEBUG o.s.b.f.s.DefaultListableBeanFactory - Creating shared instance of singleton bean 'spring.reactor-org.springframework.boot.autoconfigure.reactor.ReactorProperties'
2025-08-28 14:06:23.722 [restartedMain] DEBUG o.s.b.f.s.DefaultListableBeanFactory - Autowiring by type from bean name 'org.springframework.boot.autoconfigure.reactor.ReactorAutoConfiguration' via constructor to bean named 'spring.reactor-org.springframework.boot.autoconfigure.reactor.ReactorProperties'
2025-08-28 14:06:23.722 [restartedMain] DEBUG o.s.b.f.s.DefaultListableBeanFactory - Creating shared instance of singleton bean 'org.springframework.boot.autoconfigure.security.oauth2.resource.servlet.OAuth2ResourceServerJwtConfiguration$JwtDecoderConfiguration'
2025-08-28 14:06:23.729 [restartedMain] DEBUG o.s.b.f.s.DefaultListableBeanFactory - Creating shared instance of singleton bean 'spring.security.oauth2.resourceserver-org.springframework.boot.autoconfigure.security.oauth2.resource.OAuth2ResourceServerProperties'
2025-08-28 14:06:23.731 [restartedMain] DEBUG o.s.b.f.s.DefaultListableBeanFactory - Autowiring by type from bean name 'org.springframework.boot.autoconfigure.security.oauth2.resource.servlet.OAuth2ResourceServerJwtConfiguration$JwtDecoderConfiguration' via constructor to bean named 'spring.security.oauth2.resourceserver-org.springframework.boot.autoconfigure.security.oauth2.resource.OAuth2ResourceServerProperties'
2025-08-28 14:06:23.732 [restartedMain] DEBUG o.s.b.f.s.DefaultListableBeanFactory - Creating shared instance of singleton bean 'org.springframework.boot.autoconfigure.security.oauth2.resource.servlet.Oauth2ResourceServerConfiguration$JwtConfiguration'
2025-08-28 14:06:23.733 [restartedMain] DEBUG o.s.b.f.s.DefaultListableBeanFactory - Creating shared instance of singleton bean 'org.springframework.boot.autoconfigure.security.oauth2.resource.servlet.OAuth2ResourceServerOpaqueTokenConfiguration$OpaqueTokenIntrospectionClientConfiguration'
2025-08-28 14:06:23.734 [restartedMain] DEBUG o.s.b.f.s.DefaultListableBeanFactory - Creating shared instance of singleton bean 'org.springframework.boot.autoconfigure.security.oauth2.resource.servlet.Oauth2ResourceServerConfiguration$OpaqueTokenConfiguration'
2025-08-28 14:06:23.735 [restartedMain] DEBUG o.s.b.f.s.DefaultListableBeanFactory - Creating shared instance of singleton bean 'org.springframework.boot.autoconfigure.security.oauth2.resource.servlet.OAuth2ResourceServerAutoConfiguration'
2025-08-28 14:06:23.736 [restartedMain] DEBUG o.s.b.f.s.DefaultListableBeanFactory - Creating shared instance of singleton bean 'org.springframework.boot.autoconfigure.security.reactive.ReactiveSecurityAutoConfiguration'
2025-08-28 14:06:23.736 [restartedMain] DEBUG o.s.b.f.s.DefaultListableBeanFactory - Creating shared instance of singleton bean 'org.springframework.boot.autoconfigure.security.servlet.SpringBootWebSecurityConfiguration'
2025-08-28 14:06:23.736 [restartedMain] DEBUG o.s.b.f.s.DefaultListableBeanFactory - Creating shared instance of singleton bean 'org.springframework.boot.autoconfigure.sql.init.SqlInitializationAutoConfiguration'
2025-08-28 14:06:23.737 [restartedMain] DEBUG o.s.b.f.s.DefaultListableBeanFactory - Creating shared instance of singleton bean 'org.springframework.boot.autoconfigure.task.TaskSchedulingConfigurations$ThreadPoolTaskSchedulerBuilderConfiguration'
2025-08-28 14:06:23.737 [restartedMain] DEBUG o.s.b.f.s.DefaultListableBeanFactory - Creating shared instance of singleton bean 'threadPoolTaskSchedulerBuilder'
2025-08-28 14:06:23.738 [restartedMain] DEBUG o.s.b.f.s.DefaultListableBeanFactory - Creating shared instance of singleton bean 'spring.task.scheduling-org.springframework.boot.autoconfigure.task.TaskSchedulingProperties'
2025-08-28 14:06:23.740 [restartedMain] DEBUG o.s.b.f.s.DefaultListableBeanFactory - Autowiring by type from bean name 'threadPoolTaskSchedulerBuilder' via factory method to bean named 'spring.task.scheduling-org.springframework.boot.autoconfigure.task.TaskSchedulingProperties'
2025-08-28 14:06:23.742 [restartedMain] DEBUG o.s.b.f.s.DefaultListableBeanFactory - Creating shared instance of singleton bean 'org.springframework.boot.autoconfigure.task.TaskSchedulingConfigurations$SimpleAsyncTaskSchedulerBuilderConfiguration'
2025-08-28 14:06:23.743 [restartedMain] DEBUG o.s.b.f.s.DefaultListableBeanFactory - Autowiring by type from bean name 'org.springframework.boot.autoconfigure.task.TaskSchedulingConfigurations$SimpleAsyncTaskSchedulerBuilderConfiguration' via constructor to bean named 'spring.task.scheduling-org.springframework.boot.autoconfigure.task.TaskSchedulingProperties'
2025-08-28 14:06:23.744 [restartedMain] DEBUG o.s.b.f.s.DefaultListableBeanFactory - Creating shared instance of singleton bean 'simpleAsyncTaskSchedulerBuilder'
2025-08-28 14:06:23.750 [restartedMain] DEBUG o.s.b.f.s.DefaultListableBeanFactory - Creating shared instance of singleton bean 'org.springframework.boot.autoconfigure.task.TaskSchedulingAutoConfiguration'
2025-08-28 14:06:23.752 [restartedMain] DEBUG o.s.b.f.s.DefaultListableBeanFactory - Creating shared instance of singleton bean 'org.springframework.boot.autoconfigure.jdbc.DataSourceTransactionManagerAutoConfiguration$JdbcTransactionManagerConfiguration'
2025-08-28 14:06:23.753 [restartedMain] DEBUG o.s.b.f.s.DefaultListableBeanFactory - Creating shared instance of singleton bean 'org.springframework.boot.autoconfigure.jdbc.DataSourceTransactionManagerAutoConfiguration'
2025-08-28 14:06:23.753 [restartedMain] DEBUG o.s.b.f.s.DefaultListableBeanFactory - Creating shared instance of singleton bean 'org.springframework.boot.autoconfigure.transaction.TransactionAutoConfiguration$EnableTransactionManagementConfiguration$CglibAutoProxyConfiguration'
2025-08-28 14:06:23.754 [restartedMain] DEBUG o.s.b.f.s.DefaultListableBeanFactory - Creating shared instance of singleton bean 'org.springframework.boot.autoconfigure.transaction.TransactionAutoConfiguration$EnableTransactionManagementConfiguration'
2025-08-28 14:06:23.754 [restartedMain] DEBUG o.s.b.f.s.DefaultListableBeanFactory - Creating shared instance of singleton bean 'org.springframework.boot.autoconfigure.transaction.TransactionAutoConfiguration$TransactionTemplateConfiguration'
2025-08-28 14:06:23.755 [restartedMain] DEBUG o.s.b.f.s.DefaultListableBeanFactory - Creating shared instance of singleton bean 'transactionTemplate'
2025-08-28 14:06:23.755 [restartedMain] DEBUG o.s.b.f.s.DefaultListableBeanFactory - Autowiring by type from bean name 'transactionTemplate' via factory method to bean named 'transactionManager'
2025-08-28 14:06:23.757 [restartedMain] DEBUG o.s.b.f.s.DefaultListableBeanFactory - Creating shared instance of singleton bean 'org.springframework.boot.autoconfigure.transaction.TransactionAutoConfiguration'
2025-08-28 14:06:23.758 [restartedMain] DEBUG o.s.b.f.s.DefaultListableBeanFactory - Creating shared instance of singleton bean 'org.springframework.boot.autoconfigure.web.client.RestClientAutoConfiguration'
2025-08-28 14:06:23.759 [restartedMain] DEBUG o.s.b.f.s.DefaultListableBeanFactory - Creating shared instance of singleton bean 'httpMessageConvertersRestClientCustomizer'
2025-08-28 14:06:23.760 [restartedMain] DEBUG o.s.b.f.s.DefaultListableBeanFactory - Creating shared instance of singleton bean 'restClientSsl'
2025-08-28 14:06:23.760 [restartedMain] DEBUG o.s.b.f.s.DefaultListableBeanFactory - Autowiring by type from bean name 'restClientSsl' via factory method to bean named 'sslBundleRegistry'
2025-08-28 14:06:23.763 [restartedMain] DEBUG o.s.b.f.s.DefaultListableBeanFactory - Creating shared instance of singleton bean 'restClientBuilderConfigurer'
2025-08-28 14:06:23.765 [restartedMain] DEBUG o.s.b.f.s.DefaultListableBeanFactory - Creating shared instance of singleton bean 'org.springframework.boot.autoconfigure.web.client.RestTemplateAutoConfiguration'
2025-08-28 14:06:23.765 [restartedMain] DEBUG o.s.b.f.s.DefaultListableBeanFactory - Creating shared instance of singleton bean 'org.springframework.boot.autoconfigure.web.embedded.EmbeddedWebServerFactoryCustomizerAutoConfiguration'
2025-08-28 14:06:23.766 [restartedMain] DEBUG o.s.b.f.s.DefaultListableBeanFactory - Creating shared instance of singleton bean 'webClientSsl'
2025-08-28 14:06:23.766 [restartedMain] DEBUG o.s.b.f.s.DefaultListableBeanFactory - Autowiring by type from bean name 'webClientSsl' via factory method to bean named 'reactorClientHttpConnectorFactory'
2025-08-28 14:06:23.766 [restartedMain] DEBUG o.s.b.f.s.DefaultListableBeanFactory - Autowiring by type from bean name 'webClientSsl' via factory method to bean named 'sslBundleRegistry'
2025-08-28 14:06:23.767 [restartedMain] DEBUG o.s.b.f.s.DefaultListableBeanFactory - Creating shared instance of singleton bean 'multipartResolver'
2025-08-28 14:06:23.770 [restartedMain] DEBUG o.s.b.f.s.DefaultListableBeanFactory - Creating shared instance of singleton bean 'org.springframework.boot.devtools.autoconfigure.LocalDevToolsAutoConfiguration$RestartConfiguration'
2025-08-28 14:06:23.771 [restartedMain] DEBUG o.s.b.f.s.DefaultListableBeanFactory - Creating shared instance of singleton bean 'spring.devtools-org.springframework.boot.devtools.autoconfigure.DevToolsProperties'
2025-08-28 14:06:23.774 [restartedMain] DEBUG o.s.b.f.s.DefaultListableBeanFactory - Autowiring by type from bean name 'org.springframework.boot.devtools.autoconfigure.LocalDevToolsAutoConfiguration$RestartConfiguration' via constructor to bean named 'spring.devtools-org.springframework.boot.devtools.autoconfigure.DevToolsProperties'
2025-08-28 14:06:23.776 [restartedMain] DEBUG o.s.b.f.s.DefaultListableBeanFactory - Creating shared instance of singleton bean 'restartingClassPathChangedEventListener'
2025-08-28 14:06:23.776 [restartedMain] DEBUG o.s.b.f.s.DefaultListableBeanFactory - Creating shared instance of singleton bean 'fileSystemWatcherFactory'
2025-08-28 14:06:23.777 [restartedMain] DEBUG o.s.b.f.s.DefaultListableBeanFactory - Autowiring by type from bean name 'restartingClassPathChangedEventListener' via factory method to bean named 'fileSystemWatcherFactory'
2025-08-28 14:06:23.780 [restartedMain] DEBUG o.s.b.f.s.DefaultListableBeanFactory - Creating shared instance of singleton bean 'classPathFileSystemWatcher'
2025-08-28 14:06:23.781 [restartedMain] DEBUG o.s.b.f.s.DefaultListableBeanFactory - Creating shared instance of singleton bean 'classPathRestartStrategy'
2025-08-28 14:06:23.783 [restartedMain] DEBUG o.s.b.f.s.DefaultListableBeanFactory - Autowiring by type from bean name 'classPathFileSystemWatcher' via factory method to bean named 'fileSystemWatcherFactory'
2025-08-28 14:06:23.783 [restartedMain] DEBUG o.s.b.f.s.DefaultListableBeanFactory - Autowiring by type from bean name 'classPathFileSystemWatcher' via factory method to bean named 'classPathRestartStrategy'
2025-08-28 14:06:23.809 [restartedMain] DEBUG o.s.b.f.s.DefaultListableBeanFactory - Creating shared instance of singleton bean 'conditionEvaluationDeltaLoggingListener'
2025-08-28 14:06:23.809 [restartedMain] DEBUG o.s.b.f.s.DefaultListableBeanFactory - Creating shared instance of singleton bean 'org.springframework.boot.devtools.autoconfigure.LocalDevToolsAutoConfiguration$LiveReloadConfiguration'
2025-08-28 14:06:23.810 [restartedMain] DEBUG o.s.b.f.s.DefaultListableBeanFactory - Creating shared instance of singleton bean 'optionalLiveReloadServer'
2025-08-28 14:06:23.811 [restartedMain] DEBUG o.s.b.f.s.DefaultListableBeanFactory - Autowiring by type from bean name 'liveReloadServer' via factory method to bean named 'spring.devtools-org.springframework.boot.devtools.autoconfigure.DevToolsProperties'
2025-08-28 14:06:23.812 [restartedMain] DEBUG o.s.b.f.s.DefaultListableBeanFactory - Autowiring by type from bean name 'optionalLiveReloadServer' via factory method to bean named 'liveReloadServer'
2025-08-28 14:06:23.813 [restartedMain] DEBUG o.s.b.d.livereload.LiveReloadServer - Starting live reload server on port 35729
2025-08-28 14:06:23.814 [restartedMain] INFO  o.s.b.d.a.OptionalLiveReloadServer - LiveReload server is running on port 35729
2025-08-28 14:06:23.815 [restartedMain] DEBUG o.s.b.f.s.DefaultListableBeanFactory - Creating shared instance of singleton bean 'liveReloadServerEventListener'
2025-08-28 14:06:23.815 [restartedMain] DEBUG o.s.b.f.s.DefaultListableBeanFactory - Autowiring by type from bean name 'liveReloadServerEventListener' via factory method to bean named 'optionalLiveReloadServer'
2025-08-28 14:06:23.816 [restartedMain] DEBUG o.s.b.f.s.DefaultListableBeanFactory - Creating shared instance of singleton bean 'org.springframework.boot.devtools.autoconfigure.LocalDevToolsAutoConfiguration'
2025-08-28 14:06:23.839 [restartedMain] DEBUG o.s.c.s.DefaultLifecycleProcessor - Starting beans in phase -2147483647
2025-08-28 14:06:23.839 [restartedMain] DEBUG o.s.c.s.DefaultLifecycleProcessor - Successfully started bean 'springBootLoggingLifecycle'
2025-08-28 14:06:23.839 [restartedMain] DEBUG o.s.c.s.DefaultLifecycleProcessor - Starting beans in phase 0
2025-08-28 14:06:23.857 [restartedMain] DEBUG o.s.c.s.DefaultLifecycleProcessor - Successfully started bean 'reactorResourceFactory'
2025-08-28 14:06:23.857 [restartedMain] DEBUG o.s.c.s.DefaultLifecycleProcessor - Starting beans in phase 1
2025-08-28 14:06:24.121 [restartedMain] DEBUG o.s.c.s.DefaultLifecycleProcessor - Successfully started bean 'webClientHttpConnector'
2025-08-28 14:06:24.121 [restartedMain] DEBUG o.s.c.s.DefaultLifecycleProcessor - Starting beans in phase 1073741823
2025-08-28 14:06:24.121 [restartedMain] DEBUG o.s.c.s.DefaultLifecycleProcessor - Starting beans in phase 2147481599
2025-08-28 14:06:24.122 [restartedMain] INFO  o.a.coyote.http11.Http11NioProtocol - Starting ProtocolHandler ["http-nio-8080"]
2025-08-28 14:06:24.148 [restartedMain] INFO  o.s.b.w.e.tomcat.TomcatWebServer - Tomcat started on port 8080 (http) with context path '/'
2025-08-28 14:06:24.151 [restartedMain] DEBUG o.s.c.s.DefaultLifecycleProcessor - Successfully started bean 'webServerStartStop'
2025-08-28 14:06:24.151 [restartedMain] DEBUG o.s.c.s.DefaultLifecycleProcessor - Starting beans in phase 2147482623
2025-08-28 14:06:24.151 [restartedMain] DEBUG o.s.c.s.DefaultLifecycleProcessor - Successfully started bean 'webServerGracefulShutdown'
2025-08-28 14:06:24.184 [restartedMain] DEBUG o.s.b.a.l.ConditionEvaluationReportLogger - 


============================
CONDITIONS EVALUATION REPORT
============================


Positive matches:
-----------------

   AopAutoConfiguration matched:
      - @ConditionalOnProperty (spring.aop.auto=true) matched (OnPropertyCondition)

   AopAutoConfiguration.AspectJAutoProxyingConfiguration matched:
      - @ConditionalOnClass found required class 'org.aspectj.weaver.Advice' (OnClassCondition)

   AopAutoConfiguration.AspectJAutoProxyingConfiguration.CglibAutoProxyConfiguration matched:
      - @ConditionalOnProperty (spring.aop.proxy-target-class=true) matched (OnPropertyCondition)

   ApplicationAvailabilityAutoConfiguration#applicationAvailability matched:
      - @ConditionalOnMissingBean (types: org.springframework.boot.availability.ApplicationAvailability; SearchStrategy: all) did not find any beans (OnBeanCondition)

   ClientHttpConnectorAutoConfiguration matched:
      - @ConditionalOnClass found required class 'org.springframework.web.reactive.function.client.WebClient' (OnClassCondition)

   ClientHttpConnectorAutoConfiguration#webClientHttpConnector matched:
      - @ConditionalOnMissingBean (types: org.springframework.http.client.reactive.ClientHttpConnector; SearchStrategy: all) did not find any beans (OnBeanCondition)

   ClientHttpConnectorAutoConfiguration#webClientHttpConnectorCustomizer matched:
      - @ConditionalOnBean (types: org.springframework.http.client.reactive.ClientHttpConnector; SearchStrategy: all) found bean 'webClientHttpConnector' (OnBeanCondition)

   ClientHttpConnectorFactoryConfiguration.ReactorNetty matched:
      - @ConditionalOnClass found required class 'reactor.netty.http.client.HttpClient' (OnClassCondition)
      - @ConditionalOnMissingBean (types: org.springframework.boot.autoconfigure.web.reactive.function.client.ClientHttpConnectorFactory; SearchStrategy: all) did not find any beans (OnBeanCondition)

   CodecsAutoConfiguration matched:
      - @ConditionalOnClass found required classes 'org.springframework.http.codec.CodecConfigurer', 'org.springframework.web.reactive.function.client.WebClient' (OnClassCondition)

   CodecsAutoConfiguration.JacksonCodecConfiguration matched:
      - @ConditionalOnClass found required class 'com.fasterxml.jackson.databind.ObjectMapper' (OnClassCondition)

   CodecsAutoConfiguration.JacksonCodecConfiguration#jacksonCodecCustomizer matched:
      - @ConditionalOnBean (types: com.fasterxml.jackson.databind.ObjectMapper; SearchStrategy: all) found bean 'jacksonObjectMapper' (OnBeanCondition)

   DataSourceAutoConfiguration matched:
      - @ConditionalOnClass found required classes 'javax.sql.DataSource', 'org.springframework.jdbc.datasource.embedded.EmbeddedDatabaseType' (OnClassCondition)
      - @ConditionalOnMissingBean (types: io.r2dbc.spi.ConnectionFactory; SearchStrategy: all) did not find any beans (OnBeanCondition)

   DataSourceAutoConfiguration.PooledDataSourceConfiguration matched:
      - AnyNestedCondition 1 matched 1 did not; NestedCondition on DataSourceAutoConfiguration.PooledDataSourceCondition.PooledDataSourceAvailable PooledDataSource found supported DataSource; NestedCondition on DataSourceAutoConfiguration.PooledDataSourceCondition.ExplicitType @ConditionalOnProperty (spring.datasource.type) did not find property 'type' (DataSourceAutoConfiguration.PooledDataSourceCondition)
      - @ConditionalOnMissingBean (types: javax.sql.DataSource,javax.sql.XADataSource; SearchStrategy: all) did not find any beans (OnBeanCondition)

   DataSourceAutoConfiguration.PooledDataSourceConfiguration#jdbcConnectionDetails matched:
      - @ConditionalOnMissingBean (types: org.springframework.boot.autoconfigure.jdbc.JdbcConnectionDetails; SearchStrategy: all) did not find any beans (OnBeanCondition)

   DataSourceConfiguration.Hikari matched:
      - @ConditionalOnClass found required class 'com.zaxxer.hikari.HikariDataSource' (OnClassCondition)
      - @ConditionalOnProperty (spring.datasource.type=com.zaxxer.hikari.HikariDataSource) matched (OnPropertyCondition)
      - @ConditionalOnMissingBean (types: javax.sql.DataSource; SearchStrategy: all) did not find any beans (OnBeanCondition)

   DataSourceInitializationConfiguration matched:
      - @ConditionalOnClass found required class 'org.springframework.jdbc.datasource.init.DatabasePopulator' (OnClassCondition)
      - @ConditionalOnSingleCandidate (types: javax.sql.DataSource; SearchStrategy: all) found a single bean 'dataSource'; @ConditionalOnMissingBean (types: org.springframework.boot.autoconfigure.sql.init.SqlDataSourceScriptDatabaseInitializer,org.springframework.boot.autoconfigure.sql.init.SqlR2dbcScriptDatabaseInitializer; SearchStrategy: all) did not find any beans (OnBeanCondition)

   DataSourceJmxConfiguration matched:
      - @ConditionalOnProperty (spring.jmx.enabled=true) matched (OnPropertyCondition)

   DataSourceJmxConfiguration.Hikari matched:
      - @ConditionalOnClass found required class 'com.zaxxer.hikari.HikariDataSource' (OnClassCondition)
      - @ConditionalOnSingleCandidate (types: javax.sql.DataSource; SearchStrategy: all) found a single bean 'dataSource' (OnBeanCondition)

   DataSourcePoolMetadataProvidersConfiguration.HikariPoolDataSourceMetadataProviderConfiguration matched:
      - @ConditionalOnClass found required class 'com.zaxxer.hikari.HikariDataSource' (OnClassCondition)

   DataSourceTransactionManagerAutoConfiguration matched:
      - @ConditionalOnClass found required classes 'javax.sql.DataSource', 'org.springframework.jdbc.core.JdbcTemplate', 'org.springframework.transaction.TransactionManager' (OnClassCondition)

   DataSourceTransactionManagerAutoConfiguration.JdbcTransactionManagerConfiguration matched:
      - @ConditionalOnSingleCandidate (types: javax.sql.DataSource; SearchStrategy: all) found a single bean 'dataSource' (OnBeanCondition)

   DevToolsDataSourceAutoConfiguration matched:
      - @ConditionalOnClass found required class 'javax.sql.DataSource' (OnClassCondition)
      - Devtools devtools enabled. (OnEnabledDevToolsCondition)
      - DevTools DataSource Condition found auto-configured DataSource (DevToolsDataSourceAutoConfiguration.DevToolsDataSourceCondition)

   DevToolsDataSourceAutoConfiguration.DatabaseShutdownExecutorEntityManagerFactoryDependsOnPostProcessor matched:
      - @ConditionalOnClass found required class 'org.springframework.orm.jpa.LocalContainerEntityManagerFactoryBean' (OnClassCondition)
      - @ConditionalOnBean (types: org.springframework.orm.jpa.AbstractEntityManagerFactoryBean; SearchStrategy: all) found bean '&entityManagerFactory' (OnBeanCondition)

   DispatcherServletAutoConfiguration matched:
      - @ConditionalOnClass found required class 'org.springframework.web.servlet.DispatcherServlet' (OnClassCondition)
      - found 'session' scope (OnWebApplicationCondition)

   DispatcherServletAutoConfiguration.DispatcherServletConfiguration matched:
      - @ConditionalOnClass found required class 'jakarta.servlet.ServletRegistration' (OnClassCondition)
      - Default DispatcherServlet did not find dispatcher servlet beans (DispatcherServletAutoConfiguration.DefaultDispatcherServletCondition)

   DispatcherServletAutoConfiguration.DispatcherServletRegistrationConfiguration matched:
      - @ConditionalOnClass found required class 'jakarta.servlet.ServletRegistration' (OnClassCondition)
      - DispatcherServlet Registration did not find servlet registration bean (DispatcherServletAutoConfiguration.DispatcherServletRegistrationCondition)

   DispatcherServletAutoConfiguration.DispatcherServletRegistrationConfiguration#dispatcherServletRegistration matched:
      - @ConditionalOnBean (names: dispatcherServlet types: org.springframework.web.servlet.DispatcherServlet; SearchStrategy: all) found bean 'dispatcherServlet' (OnBeanCondition)

   EmbeddedWebServerFactoryCustomizerAutoConfiguration matched:
      - @ConditionalOnWebApplication (required) found 'session' scope (OnWebApplicationCondition)
      - @ConditionalOnWarDeployment the application is not deployed as a WAR file. (OnWarDeploymentCondition)

   EmbeddedWebServerFactoryCustomizerAutoConfiguration.NettyWebServerFactoryCustomizerConfiguration matched:
      - @ConditionalOnClass found required class 'reactor.netty.http.server.HttpServer' (OnClassCondition)

   EmbeddedWebServerFactoryCustomizerAutoConfiguration.TomcatWebServerFactoryCustomizerConfiguration matched:
      - @ConditionalOnClass found required classes 'org.apache.catalina.startup.Tomcat', 'org.apache.coyote.UpgradeProtocol' (OnClassCondition)

   ErrorMvcAutoConfiguration matched:
      - @ConditionalOnClass found required classes 'jakarta.servlet.Servlet', 'org.springframework.web.servlet.DispatcherServlet' (OnClassCondition)
      - found 'session' scope (OnWebApplicationCondition)

   ErrorMvcAutoConfiguration#basicErrorController matched:
      - @ConditionalOnMissingBean (types: org.springframework.boot.web.servlet.error.ErrorController; SearchStrategy: current) did not find any beans (OnBeanCondition)

   ErrorMvcAutoConfiguration#errorAttributes matched:
      - @ConditionalOnMissingBean (types: org.springframework.boot.web.servlet.error.ErrorAttributes; SearchStrategy: current) did not find any beans (OnBeanCondition)

   ErrorMvcAutoConfiguration.DefaultErrorViewResolverConfiguration#conventionErrorViewResolver matched:
      - @ConditionalOnBean (types: org.springframework.web.servlet.DispatcherServlet; SearchStrategy: all) found bean 'dispatcherServlet'; @ConditionalOnMissingBean (types: org.springframework.boot.autoconfigure.web.servlet.error.ErrorViewResolver; SearchStrategy: all) did not find any beans (OnBeanCondition)

   ErrorMvcAutoConfiguration.WhitelabelErrorViewConfiguration matched:
      - @ConditionalOnProperty (server.error.whitelabel.enabled) matched (OnPropertyCondition)
      - ErrorTemplate Missing did not find error template view (ErrorMvcAutoConfiguration.ErrorTemplateMissingCondition)

   ErrorMvcAutoConfiguration.WhitelabelErrorViewConfiguration#beanNameViewResolver matched:
      - @ConditionalOnMissingBean (types: org.springframework.web.servlet.view.BeanNameViewResolver; SearchStrategy: all) did not find any beans (OnBeanCondition)

   ErrorMvcAutoConfiguration.WhitelabelErrorViewConfiguration#defaultErrorView matched:
      - @ConditionalOnMissingBean (names: error; SearchStrategy: all) did not find any beans (OnBeanCondition)

   FlywayAutoConfiguration matched:
      - @ConditionalOnClass found required class 'org.flywaydb.core.Flyway' (OnClassCondition)
      - @ConditionalOnProperty (spring.flyway.enabled) matched (OnPropertyCondition)
      - AnyNestedCondition 2 matched 1 did not; NestedCondition on FlywayAutoConfiguration.FlywayDataSourceCondition.FlywayUrlCondition @ConditionalOnProperty (spring.flyway.url) did not find property 'url'; NestedCondition on FlywayAutoConfiguration.FlywayDataSourceCondition.JdbcConnectionDetailsCondition @ConditionalOnBean (types: org.springframework.boot.autoconfigure.jdbc.JdbcConnectionDetails; SearchStrategy: all) found bean 'jdbcConnectionDetails'; NestedCondition on FlywayAutoConfiguration.FlywayDataSourceCondition.DataSourceBeanCondition @ConditionalOnBean (types: javax.sql.DataSource; SearchStrategy: all) found bean 'dataSource' (FlywayAutoConfiguration.FlywayDataSourceCondition)

   FlywayAutoConfiguration.FlywayConfiguration matched:
      - @ConditionalOnClass found required class 'org.springframework.jdbc.support.JdbcUtils' (OnClassCondition)
      - @ConditionalOnMissingBean (types: org.flywaydb.core.Flyway; SearchStrategy: all) did not find any beans (OnBeanCondition)

   FlywayAutoConfiguration.FlywayConfiguration#flywayConnectionDetails matched:
      - @ConditionalOnMissingBean (types: org.springframework.boot.autoconfigure.flyway.FlywayConnectionDetails; SearchStrategy: all) did not find any beans (OnBeanCondition)

   FlywayAutoConfiguration.FlywayConfiguration#flywayInitializer matched:
      - @ConditionalOnMissingBean (types: org.springframework.boot.autoconfigure.flyway.FlywayMigrationInitializer; SearchStrategy: all) did not find any beans (OnBeanCondition)

   FlywayAutoConfiguration.FlywayConfiguration#postgresqlFlywayConfigurationCustomizer matched:
      - @ConditionalOnClass found required class 'org.flywaydb.database.postgresql.PostgreSQLConfigurationExtension' (OnClassCondition)

   GenericCacheConfiguration matched:
      - Cache org.springframework.boot.autoconfigure.cache.GenericCacheConfiguration automatic cache type (CacheCondition)

   HibernateJpaAutoConfiguration matched:
      - @ConditionalOnClass found required classes 'org.springframework.orm.jpa.LocalContainerEntityManagerFactoryBean', 'jakarta.persistence.EntityManager', 'org.hibernate.engine.spi.SessionImplementor' (OnClassCondition)

   HibernateJpaConfiguration matched:
      - @ConditionalOnSingleCandidate (types: javax.sql.DataSource; SearchStrategy: all) found a single bean 'dataSource' (OnBeanCondition)

   HttpClientAutoConfiguration matched:
      - @ConditionalOnClass found required class 'org.springframework.http.client.ClientHttpRequestFactory' (OnClassCondition)
      - NoneNestedConditions 0 matched 1 did not; NestedCondition on NotReactiveWebApplicationCondition.ReactiveWebApplication not a reactive web application (NotReactiveWebApplicationCondition)

   HttpClientAutoConfiguration#clientHttpRequestFactoryBuilder matched:
      - @ConditionalOnMissingBean (types: org.springframework.boot.http.client.ClientHttpRequestFactoryBuilder; SearchStrategy: all) did not find any beans (OnBeanCondition)

   HttpClientAutoConfiguration#clientHttpRequestFactorySettings matched:
      - @ConditionalOnMissingBean (types: org.springframework.boot.http.client.ClientHttpRequestFactorySettings; SearchStrategy: all) did not find any beans (OnBeanCondition)

   HttpEncodingAutoConfiguration matched:
      - @ConditionalOnClass found required class 'org.springframework.web.filter.CharacterEncodingFilter' (OnClassCondition)
      - found 'session' scope (OnWebApplicationCondition)
      - @ConditionalOnProperty (server.servlet.encoding.enabled) matched (OnPropertyCondition)

   HttpEncodingAutoConfiguration#characterEncodingFilter matched:
      - @ConditionalOnMissingBean (types: org.springframework.web.filter.CharacterEncodingFilter; SearchStrategy: all) did not find any beans (OnBeanCondition)

   HttpMessageConvertersAutoConfiguration matched:
      - @ConditionalOnClass found required class 'org.springframework.http.converter.HttpMessageConverter' (OnClassCondition)
      - NoneNestedConditions 0 matched 1 did not; NestedCondition on HttpMessageConvertersAutoConfiguration.NotReactiveWebApplicationCondition.ReactiveWebApplication not a reactive web application (HttpMessageConvertersAutoConfiguration.NotReactiveWebApplicationCondition)

   HttpMessageConvertersAutoConfiguration#messageConverters matched:
      - @ConditionalOnMissingBean (types: org.springframework.boot.autoconfigure.http.HttpMessageConverters; SearchStrategy: all) did not find any beans (OnBeanCondition)

   HttpMessageConvertersAutoConfiguration.StringHttpMessageConverterConfiguration matched:
      - @ConditionalOnClass found required class 'org.springframework.http.converter.StringHttpMessageConverter' (OnClassCondition)

   HttpMessageConvertersAutoConfiguration.StringHttpMessageConverterConfiguration#stringHttpMessageConverter matched:
      - @ConditionalOnMissingBean (types: org.springframework.http.converter.StringHttpMessageConverter; SearchStrategy: all) did not find any beans (OnBeanCondition)

   JacksonAutoConfiguration matched:
      - @ConditionalOnClass found required class 'com.fasterxml.jackson.databind.ObjectMapper' (OnClassCondition)

   JacksonAutoConfiguration.Jackson2ObjectMapperBuilderCustomizerConfiguration matched:
      - @ConditionalOnClass found required class 'org.springframework.http.converter.json.Jackson2ObjectMapperBuilder' (OnClassCondition)

   JacksonAutoConfiguration.JacksonObjectMapperBuilderConfiguration matched:
      - @ConditionalOnClass found required class 'org.springframework.http.converter.json.Jackson2ObjectMapperBuilder' (OnClassCondition)

   JacksonAutoConfiguration.JacksonObjectMapperBuilderConfiguration#jacksonObjectMapperBuilder matched:
      - @ConditionalOnMissingBean (types: org.springframework.http.converter.json.Jackson2ObjectMapperBuilder; SearchStrategy: all) did not find any beans (OnBeanCondition)

   JacksonAutoConfiguration.JacksonObjectMapperConfiguration matched:
      - @ConditionalOnClass found required class 'org.springframework.http.converter.json.Jackson2ObjectMapperBuilder' (OnClassCondition)

   JacksonAutoConfiguration.JacksonObjectMapperConfiguration#jacksonObjectMapper matched:
      - @ConditionalOnMissingBean (types: com.fasterxml.jackson.databind.ObjectMapper; SearchStrategy: all) did not find any beans (OnBeanCondition)

   JacksonAutoConfiguration.ParameterNamesModuleConfiguration matched:
      - @ConditionalOnClass found required class 'com.fasterxml.jackson.module.paramnames.ParameterNamesModule' (OnClassCondition)

   JacksonAutoConfiguration.ParameterNamesModuleConfiguration#parameterNamesModule matched:
      - @ConditionalOnMissingBean (types: com.fasterxml.jackson.module.paramnames.ParameterNamesModule; SearchStrategy: all) did not find any beans (OnBeanCondition)

   JacksonHttpMessageConvertersConfiguration.MappingJackson2HttpMessageConverterConfiguration matched:
      - @ConditionalOnClass found required class 'com.fasterxml.jackson.databind.ObjectMapper' (OnClassCondition)
      - @ConditionalOnProperty (spring.mvc.converters.preferred-json-mapper=jackson) matched (OnPropertyCondition)
      - @ConditionalOnBean (types: com.fasterxml.jackson.databind.ObjectMapper; SearchStrategy: all) found bean 'jacksonObjectMapper' (OnBeanCondition)

   JacksonHttpMessageConvertersConfiguration.MappingJackson2HttpMessageConverterConfiguration#mappingJackson2HttpMessageConverter matched:
      - @ConditionalOnMissingBean (types: org.springframework.http.converter.json.MappingJackson2HttpMessageConverter ignored: org.springframework.hateoas.server.mvc.TypeConstrainedMappingJackson2HttpMessageConverter,org.springframework.data.rest.webmvc.alps.AlpsJsonHttpMessageConverter; SearchStrategy: all) did not find any beans (OnBeanCondition)

   JdbcClientAutoConfiguration matched:
      - @ConditionalOnSingleCandidate (types: org.springframework.jdbc.core.namedparam.NamedParameterJdbcTemplate; SearchStrategy: all) found a single bean 'namedParameterJdbcTemplate'; @ConditionalOnMissingBean (types: org.springframework.jdbc.core.simple.JdbcClient; SearchStrategy: all) did not find any beans (OnBeanCondition)

   JdbcTemplateAutoConfiguration matched:
      - @ConditionalOnClass found required classes 'javax.sql.DataSource', 'org.springframework.jdbc.core.JdbcTemplate' (OnClassCondition)
      - @ConditionalOnSingleCandidate (types: javax.sql.DataSource; SearchStrategy: all) found a single bean 'dataSource' (OnBeanCondition)

   JdbcTemplateConfiguration matched:
      - @ConditionalOnMissingBean (types: org.springframework.jdbc.core.JdbcOperations; SearchStrategy: all) did not find any beans (OnBeanCondition)

   JpaBaseConfiguration#entityManagerFactory matched:
      - @ConditionalOnMissingBean (types: org.springframework.orm.jpa.LocalContainerEntityManagerFactoryBean,jakarta.persistence.EntityManagerFactory; SearchStrategy: all) did not find any beans (OnBeanCondition)

   JpaBaseConfiguration#entityManagerFactoryBuilder matched:
      - @ConditionalOnMissingBean (types: org.springframework.boot.orm.jpa.EntityManagerFactoryBuilder; SearchStrategy: all) did not find any beans (OnBeanCondition)

   JpaBaseConfiguration#jpaVendorAdapter matched:
      - @ConditionalOnMissingBean (types: org.springframework.orm.jpa.JpaVendorAdapter; SearchStrategy: all) did not find any beans (OnBeanCondition)

   JpaBaseConfiguration#transactionManager matched:
      - @ConditionalOnMissingBean (types: org.springframework.transaction.TransactionManager; SearchStrategy: all) did not find any beans (OnBeanCondition)

   JpaBaseConfiguration.JpaWebConfiguration matched:
      - @ConditionalOnClass found required class 'org.springframework.web.servlet.config.annotation.WebMvcConfigurer' (OnClassCondition)
      - found 'session' scope (OnWebApplicationCondition)
      - @ConditionalOnProperty (spring.jpa.open-in-view=true) matched (OnPropertyCondition)
      - @ConditionalOnMissingBean (types: org.springframework.orm.jpa.support.OpenEntityManagerInViewInterceptor,org.springframework.orm.jpa.support.OpenEntityManagerInViewFilter; SearchStrategy: all) did not find any beans (OnBeanCondition)

   JpaBaseConfiguration.PersistenceManagedTypesConfiguration matched:
      - @ConditionalOnMissingBean (types: org.springframework.orm.jpa.LocalContainerEntityManagerFactoryBean,jakarta.persistence.EntityManagerFactory; SearchStrategy: all) did not find any beans (OnBeanCondition)

   JpaBaseConfiguration.PersistenceManagedTypesConfiguration#persistenceManagedTypes matched:
      - @ConditionalOnMissingBean (types: org.springframework.orm.jpa.persistenceunit.PersistenceManagedTypes; SearchStrategy: all) did not find any beans (OnBeanCondition)

   JpaRepositoriesAutoConfiguration matched:
      - @ConditionalOnClass found required class 'org.springframework.data.jpa.repository.JpaRepository' (OnClassCondition)
      - @ConditionalOnProperty (spring.data.jpa.repositories.enabled=true) matched (OnPropertyCondition)
      - @ConditionalOnBean (types: javax.sql.DataSource; SearchStrategy: all) found bean 'dataSource'; @ConditionalOnMissingBean (types: org.springframework.data.jpa.repository.support.JpaRepositoryFactoryBean,org.springframework.data.jpa.repository.config.JpaRepositoryConfigExtension; SearchStrategy: all) did not find any beans (OnBeanCondition)

   JtaAutoConfiguration matched:
      - @ConditionalOnClass found required class 'jakarta.transaction.Transaction' (OnClassCondition)
      - @ConditionalOnProperty (spring.jta.enabled) matched (OnPropertyCondition)

   LifecycleAutoConfiguration#defaultLifecycleProcessor matched:
      - @ConditionalOnMissingBean (names: lifecycleProcessor; SearchStrategy: current) did not find any beans (OnBeanCondition)

   LocalDevToolsAutoConfiguration matched:
      - Initialized Restarter Condition available and initialized (OnInitializedRestarterCondition)

   LocalDevToolsAutoConfiguration.LiveReloadConfiguration matched:
      - @ConditionalOnProperty (spring.devtools.livereload.enabled) matched (OnPropertyCondition)

   LocalDevToolsAutoConfiguration.LiveReloadConfiguration#liveReloadServer matched:
      - @ConditionalOnMissingBean (types: org.springframework.boot.devtools.livereload.LiveReloadServer; SearchStrategy: all) did not find any beans (OnBeanCondition)

   LocalDevToolsAutoConfiguration.RestartConfiguration matched:
      - @ConditionalOnProperty (spring.devtools.restart.enabled) matched (OnPropertyCondition)

   LocalDevToolsAutoConfiguration.RestartConfiguration#classPathFileSystemWatcher matched:
      - @ConditionalOnMissingBean (types: org.springframework.boot.devtools.classpath.ClassPathFileSystemWatcher; SearchStrategy: all) did not find any beans (OnBeanCondition)

   LocalDevToolsAutoConfiguration.RestartConfiguration#classPathRestartStrategy matched:
      - @ConditionalOnMissingBean (types: org.springframework.boot.devtools.classpath.ClassPathRestartStrategy; SearchStrategy: all) did not find any beans (OnBeanCondition)

   LocalDevToolsAutoConfiguration.RestartConfiguration#conditionEvaluationDeltaLoggingListener matched:
      - @ConditionalOnProperty (spring.devtools.restart.log-condition-evaluation-delta) matched (OnPropertyCondition)

   MultipartAutoConfiguration matched:
      - @ConditionalOnClass found required classes 'jakarta.servlet.Servlet', 'org.springframework.web.multipart.support.StandardServletMultipartResolver', 'jakarta.servlet.MultipartConfigElement' (OnClassCondition)
      - found 'session' scope (OnWebApplicationCondition)
      - @ConditionalOnProperty (spring.servlet.multipart.enabled) matched (OnPropertyCondition)

   MultipartAutoConfiguration#multipartConfigElement matched:
      - @ConditionalOnMissingBean (types: jakarta.servlet.MultipartConfigElement; SearchStrategy: all) did not find any beans (OnBeanCondition)

   MultipartAutoConfiguration#multipartResolver matched:
      - @ConditionalOnMissingBean (types: org.springframework.web.multipart.MultipartResolver; SearchStrategy: all) did not find any beans (OnBeanCondition)

   NamedParameterJdbcTemplateConfiguration matched:
      - @ConditionalOnSingleCandidate (types: org.springframework.jdbc.core.JdbcTemplate; SearchStrategy: all) found a single bean 'jdbcTemplate'; @ConditionalOnMissingBean (types: org.springframework.jdbc.core.namedparam.NamedParameterJdbcOperations; SearchStrategy: all) did not find any beans (OnBeanCondition)

   NettyAutoConfiguration matched:
      - @ConditionalOnClass found required class 'io.netty.util.NettyRuntime' (OnClassCondition)

   NoOpCacheConfiguration matched:
      - Cache org.springframework.boot.autoconfigure.cache.NoOpCacheConfiguration automatic cache type (CacheCondition)

   OAuth2ResourceServerAutoConfiguration matched:
      - @ConditionalOnClass found required class 'org.springframework.security.oauth2.server.resource.authentication.BearerTokenAuthenticationToken' (OnClassCondition)
      - found 'session' scope (OnWebApplicationCondition)

   OAuth2ResourceServerJwtConfiguration.JwtDecoderConfiguration matched:
      - @ConditionalOnMissingBean (types: org.springframework.security.oauth2.jwt.JwtDecoder; SearchStrategy: all) did not find any beans (OnBeanCondition)

   OAuth2ResourceServerOpaqueTokenConfiguration.OpaqueTokenIntrospectionClientConfiguration matched:
      - @ConditionalOnMissingBean (types: org.springframework.security.oauth2.server.resource.introspection.OpaqueTokenIntrospector; SearchStrategy: all) did not find any beans (OnBeanCondition)

   Oauth2ResourceServerConfiguration.JwtConfiguration matched:
      - @ConditionalOnClass found required class 'org.springframework.security.oauth2.jwt.JwtDecoder' (OnClassCondition)

   PersistenceExceptionTranslationAutoConfiguration matched:
      - @ConditionalOnClass found required class 'org.springframework.dao.annotation.PersistenceExceptionTranslationPostProcessor' (OnClassCondition)

   PersistenceExceptionTranslationAutoConfiguration#persistenceExceptionTranslationPostProcessor matched:
      - @ConditionalOnProperty (spring.dao.exceptiontranslation.enabled) matched (OnPropertyCondition)
      - @ConditionalOnMissingBean (types: org.springframework.dao.annotation.PersistenceExceptionTranslationPostProcessor; SearchStrategy: all) did not find any beans (OnBeanCondition)

   PropertyPlaceholderAutoConfiguration#propertySourcesPlaceholderConfigurer matched:
      - @ConditionalOnMissingBean (types: org.springframework.context.support.PropertySourcesPlaceholderConfigurer; SearchStrategy: current) did not find any beans (OnBeanCondition)

   ReactiveSecurityAutoConfiguration matched:
      - @ConditionalOnClass found required classes 'reactor.core.publisher.Flux', 'org.springframework.security.config.annotation.web.reactive.EnableWebFluxSecurity', 'org.springframework.security.web.server.WebFilterChainProxy', 'org.springframework.web.reactive.config.WebFluxConfigurer' (OnClassCondition)

   ReactorAutoConfiguration matched:
      - @ConditionalOnClass found required class 'reactor.core.publisher.Hooks' (OnClassCondition)

   ReactorNettyConfigurations.ReactorResourceFactoryConfiguration#reactorResourceFactory matched:
      - @ConditionalOnMissingBean (types: org.springframework.http.client.ReactorResourceFactory; SearchStrategy: all) did not find any beans (OnBeanCondition)

   RestClientAutoConfiguration matched:
      - @ConditionalOnClass found required class 'org.springframework.web.client.RestClient' (OnClassCondition)
      - NoneNestedConditions 0 matched 1 did not; NestedCondition on NotReactiveWebApplicationCondition.ReactiveWebApplication not a reactive web application (NotReactiveWebApplicationCondition)

   RestClientAutoConfiguration#httpMessageConvertersRestClientCustomizer matched:
      - @ConditionalOnMissingBean (types: org.springframework.boot.autoconfigure.web.client.HttpMessageConvertersRestClientCustomizer; SearchStrategy: all) did not find any beans (OnBeanCondition)

   RestClientAutoConfiguration#restClientBuilder matched:
      - @ConditionalOnMissingBean (types: org.springframework.web.client.RestClient$Builder; SearchStrategy: all) did not find any beans (OnBeanCondition)

   RestClientAutoConfiguration#restClientBuilderConfigurer matched:
      - @ConditionalOnMissingBean (types: org.springframework.boot.autoconfigure.web.client.RestClientBuilderConfigurer; SearchStrategy: all) did not find any beans (OnBeanCondition)

   RestClientAutoConfiguration#restClientSsl matched:
      - @ConditionalOnBean (types: org.springframework.boot.ssl.SslBundles; SearchStrategy: all) found bean 'sslBundleRegistry'; @ConditionalOnMissingBean (types: org.springframework.boot.autoconfigure.web.client.RestClientSsl; SearchStrategy: all) did not find any beans (OnBeanCondition)

   RestTemplateAutoConfiguration matched:
      - @ConditionalOnClass found required class 'org.springframework.web.client.RestTemplate' (OnClassCondition)
      - NoneNestedConditions 0 matched 1 did not; NestedCondition on NotReactiveWebApplicationCondition.ReactiveWebApplication not a reactive web application (NotReactiveWebApplicationCondition)

   RestTemplateAutoConfiguration#restTemplateBuilder matched:
      - @ConditionalOnMissingBean (types: org.springframework.boot.web.client.RestTemplateBuilder; SearchStrategy: all) did not find any beans (OnBeanCondition)

   SecurityAutoConfiguration matched:
      - @ConditionalOnClass found required class 'org.springframework.security.authentication.DefaultAuthenticationEventPublisher' (OnClassCondition)

   SecurityAutoConfiguration#authenticationEventPublisher matched:
      - @ConditionalOnMissingBean (types: org.springframework.security.authentication.AuthenticationEventPublisher; SearchStrategy: all) did not find any beans (OnBeanCondition)

   SecurityFilterAutoConfiguration matched:
      - @ConditionalOnClass found required classes 'org.springframework.security.web.context.AbstractSecurityWebApplicationInitializer', 'org.springframework.security.config.http.SessionCreationPolicy' (OnClassCondition)
      - found 'session' scope (OnWebApplicationCondition)

   SecurityFilterAutoConfiguration#securityFilterChainRegistration matched:
      - @ConditionalOnBean (names: springSecurityFilterChain; SearchStrategy: all) found bean 'springSecurityFilterChain' (OnBeanCondition)

   ServletWebServerFactoryAutoConfiguration matched:
      - @ConditionalOnClass found required class 'jakarta.servlet.ServletRequest' (OnClassCondition)
      - found 'session' scope (OnWebApplicationCondition)

   ServletWebServerFactoryAutoConfiguration#tomcatServletWebServerFactoryCustomizer matched:
      - @ConditionalOnClass found required class 'org.apache.catalina.startup.Tomcat' (OnClassCondition)

   ServletWebServerFactoryConfiguration.EmbeddedTomcat matched:
      - @ConditionalOnClass found required classes 'jakarta.servlet.Servlet', 'org.apache.catalina.startup.Tomcat', 'org.apache.coyote.UpgradeProtocol' (OnClassCondition)
      - @ConditionalOnMissingBean (types: org.springframework.boot.web.servlet.server.ServletWebServerFactory; SearchStrategy: current) did not find any beans (OnBeanCondition)

   SimpleCacheConfiguration matched:
      - Cache org.springframework.boot.autoconfigure.cache.SimpleCacheConfiguration automatic cache type (CacheCondition)

   SpringBootWebSecurityConfiguration matched:
      - found 'session' scope (OnWebApplicationCondition)

   SpringDataWebAutoConfiguration matched:
      - @ConditionalOnClass found required classes 'org.springframework.data.web.PageableHandlerMethodArgumentResolver', 'org.springframework.web.servlet.config.annotation.WebMvcConfigurer' (OnClassCondition)
      - found 'session' scope (OnWebApplicationCondition)
      - @ConditionalOnMissingBean (types: org.springframework.data.web.PageableHandlerMethodArgumentResolver; SearchStrategy: all) did not find any beans (OnBeanCondition)

   SpringDataWebAutoConfiguration#pageableCustomizer matched:
      - @ConditionalOnMissingBean (types: org.springframework.data.web.config.PageableHandlerMethodArgumentResolverCustomizer; SearchStrategy: all) did not find any beans (OnBeanCondition)

   SpringDataWebAutoConfiguration#sortCustomizer matched:
      - @ConditionalOnMissingBean (types: org.springframework.data.web.config.SortHandlerMethodArgumentResolverCustomizer; SearchStrategy: all) did not find any beans (OnBeanCondition)

   SpringDataWebAutoConfiguration#springDataWebSettings matched:
      - @ConditionalOnMissingBean (types: org.springframework.data.web.config.SpringDataWebSettings; SearchStrategy: all) did not find any beans (OnBeanCondition)

   SpringDocConfigProperties matched:
      - @ConditionalOnProperty (springdoc.api-docs.enabled) matched (OnPropertyCondition)
      - @ConditionalOnBean (types: org.springdoc.core.configuration.SpringDocConfiguration; SearchStrategy: all) found bean 'org.springdoc.core.configuration.SpringDocConfiguration' (OnBeanCondition)

   SpringDocConfiguration matched:
      - @ConditionalOnWebApplication (required) found 'session' scope (OnWebApplicationCondition)
      - @ConditionalOnProperty (springdoc.api-docs.enabled) matched (OnPropertyCondition)

   SpringDocConfiguration#fileSupportConverter matched:
      - @ConditionalOnMissingBean (types: org.springdoc.core.converters.FileSupportConverter; SearchStrategy: all) did not find any beans (OnBeanCondition)

   SpringDocConfiguration#globalOpenApiCustomizer matched:
      - @ConditionalOnMissingBean (names: globalOpenApiCustomizer; SearchStrategy: all) did not find any beans (OnBeanCondition)

   SpringDocConfiguration#oas31ModelConverter matched:
      - @ConditionalOnMissingBean (types: org.springdoc.core.converters.OAS31ModelConverter; SearchStrategy: all) did not find any beans (OnBeanCondition)

   SpringDocConfiguration#openAPIBuilder matched:
      - @ConditionalOnMissingBean (types: org.springdoc.core.service.OpenAPIService; SearchStrategy: all) did not find any beans (OnBeanCondition)

   SpringDocConfiguration#operationBuilder matched:
      - @ConditionalOnMissingBean (types: org.springdoc.core.service.OperationService; SearchStrategy: all) did not find any beans (OnBeanCondition)

   SpringDocConfiguration#parameterBuilder matched:
      - @ConditionalOnMissingBean (types: org.springdoc.core.service.GenericParameterService; SearchStrategy: all) did not find any beans (OnBeanCondition)

   SpringDocConfiguration#parameterObjectNamingStrategyCustomizer matched:
      - @ConditionalOnMissingBean (types: org.springdoc.core.customizers.ParameterObjectNamingStrategyCustomizer; SearchStrategy: all) did not find any beans (OnBeanCondition)

   SpringDocConfiguration#polymorphicModelConverter matched:
      - @ConditionalOnProperty (springdoc.model-converters.polymorphic-converter.enabled) matched (OnPropertyCondition)
      - @ConditionalOnMissingBean (types: org.springdoc.core.converters.PolymorphicModelConverter; SearchStrategy: all) did not find any beans (OnBeanCondition)

   SpringDocConfiguration#requestBodyBuilder matched:
      - @ConditionalOnMissingBean (types: org.springdoc.core.service.RequestBodyService; SearchStrategy: all) did not find any beans (OnBeanCondition)

   SpringDocConfiguration#responseSupportConverter matched:
      - @ConditionalOnMissingBean (types: org.springdoc.core.converters.ResponseSupportConverter; SearchStrategy: all) did not find any beans (OnBeanCondition)

   SpringDocConfiguration#schemaPropertyDeprecatingConverter matched:
      - @ConditionalOnProperty (springdoc.model-converters.deprecating-converter.enabled) matched (OnPropertyCondition)
      - @ConditionalOnMissingBean (types: org.springdoc.core.converters.SchemaPropertyDeprecatingConverter; SearchStrategy: all) did not find any beans (OnBeanCondition)

   SpringDocConfiguration#securityParser matched:
      - @ConditionalOnMissingBean (types: org.springdoc.core.service.SecurityService; SearchStrategy: all) did not find any beans (OnBeanCondition)

   SpringDocConfiguration#springDocCustomizers matched:
      - @ConditionalOnMissingBean (types: org.springdoc.core.customizers.SpringDocCustomizers; SearchStrategy: all) did not find any beans (OnBeanCondition)

   SpringDocConfiguration#springDocProviders matched:
      - @ConditionalOnMissingBean (types: org.springdoc.core.providers.SpringDocProviders; SearchStrategy: all) did not find any beans (OnBeanCondition)

   SpringDocConfiguration#springdocObjectMapperProvider matched:
      - @ConditionalOnMissingBean (types: org.springdoc.core.providers.ObjectMapperProvider; SearchStrategy: all) did not find any beans (OnBeanCondition)

   SpringDocConfiguration.QuerydslProvider matched:
      - @ConditionalOnClass found required class 'org.springframework.data.querydsl.binding.QuerydslBindingsFactory' (OnClassCondition)

   SpringDocConfiguration.QuerydslProvider#queryDslQuerydslPredicateOperationCustomizer matched:
      - @ConditionalOnMissingBean (types: org.springdoc.core.customizers.QuerydslPredicateOperationCustomizer; SearchStrategy: all) did not find any beans (OnBeanCondition)

   SpringDocConfiguration.SpringDocSpringDataWebPropertiesProvider matched:
      - @ConditionalOnClass found required class 'org.springframework.boot.autoconfigure.data.web.SpringDataWebProperties' (OnClassCondition)

   SpringDocConfiguration.SpringDocSpringDataWebPropertiesProvider#springDataWebPropertiesProvider matched:
      - @ConditionalOnMissingBean (types: org.springdoc.core.providers.SpringDataWebPropertiesProvider; SearchStrategy: all) did not find any beans (OnBeanCondition)

   SpringDocConfiguration.SpringDocWebFluxSupportConfiguration matched:
      - @ConditionalOnClass found required class 'reactor.core.publisher.Flux' (OnClassCondition)

   SpringDocConfiguration.SpringDocWebFluxSupportConfiguration#webFluxSupportConverter matched:
      - @ConditionalOnMissingBean (types: org.springdoc.core.converters.WebFluxSupportConverter; SearchStrategy: all) did not find any beans (OnBeanCondition)

   SpringDocConfiguration.WebConversionServiceConfiguration matched:
      - @ConditionalOnClass found required class 'org.springframework.boot.autoconfigure.web.format.WebConversionService' (OnClassCondition)

   SpringDocPageableConfiguration matched:
      - @ConditionalOnClass found required class 'org.springframework.data.domain.Pageable' (OnClassCondition)
      - @ConditionalOnWebApplication (required) found 'session' scope (OnWebApplicationCondition)
      - @ConditionalOnProperty (springdoc.api-docs.enabled) matched (OnPropertyCondition)
      - @ConditionalOnBean (types: org.springdoc.core.configuration.SpringDocConfiguration; SearchStrategy: all) found bean 'org.springdoc.core.configuration.SpringDocConfiguration' (OnBeanCondition)

   SpringDocPageableConfiguration#dataRestDelegatingMethodParameterCustomizer matched:
      - @ConditionalOnMissingBean (types: org.springdoc.core.customizers.DataRestDelegatingMethodParameterCustomizer; SearchStrategy: all) did not find any beans (OnBeanCondition)

   SpringDocPageableConfiguration#pageOpenAPIConverter matched:
      - @ConditionalOnClass found required classes 'org.springframework.data.web.PagedModel', 'org.springframework.data.web.config.SpringDataWebSettings' (OnClassCondition)
      - @ConditionalOnMissingBean (types: org.springdoc.core.converters.PageOpenAPIConverter; SearchStrategy: all) did not find any beans (OnBeanCondition)

   SpringDocPageableConfiguration#pageableOpenAPIConverter matched:
      - @ConditionalOnProperty (springdoc.model-converters.pageable-converter.enabled) matched (OnPropertyCondition)
      - @ConditionalOnMissingBean (types: org.springdoc.core.converters.PageableOpenAPIConverter; SearchStrategy: all) did not find any beans (OnBeanCondition)

   SpringDocSecurityConfiguration matched:
      - @ConditionalOnClass found required class 'org.springframework.security.web.SecurityFilterChain' (OnClassCondition)
      - @ConditionalOnWebApplication (required) found 'session' scope (OnWebApplicationCondition)
      - @ConditionalOnExpression (#{${springdoc.api-docs.enabled:true} and ${springdoc.enable-spring-security:true}}) resulted in true (OnExpressionCondition)
      - @ConditionalOnBean (types: org.springdoc.core.configuration.SpringDocConfiguration; SearchStrategy: all) found bean 'org.springdoc.core.configuration.SpringDocConfiguration' (OnBeanCondition)

   SpringDocSecurityConfiguration.SpringSecurityLoginEndpointConfiguration matched:
      - @ConditionalOnClass found required class 'jakarta.servlet.Filter' (OnClassCondition)

   SpringDocSortConfiguration matched:
      - @ConditionalOnClass found required class 'org.springframework.data.domain.Sort' (OnClassCondition)
      - @ConditionalOnWebApplication (required) found 'session' scope (OnWebApplicationCondition)
      - @ConditionalOnProperty (springdoc.api-docs.enabled) matched (OnPropertyCondition)
      - @ConditionalOnBean (types: org.springdoc.core.configuration.SpringDocConfiguration; SearchStrategy: all) found bean 'org.springdoc.core.configuration.SpringDocConfiguration' (OnBeanCondition)

   SpringDocSortConfiguration#sortOpenAPIConverter matched:
      - @ConditionalOnProperty (springdoc.sort-converter.enabled) matched (OnPropertyCondition)
      - @ConditionalOnMissingBean (types: org.springdoc.core.converters.SortOpenAPIConverter; SearchStrategy: all) did not find any beans (OnBeanCondition)

   SpringDocWebMvcConfiguration matched:
      - found 'session' scope (OnWebApplicationCondition)
      - @ConditionalOnProperty (springdoc.api-docs.enabled) matched (OnPropertyCondition)
      - @ConditionalOnBean (types: org.springdoc.core.configuration.SpringDocConfiguration; SearchStrategy: all) found bean 'org.springdoc.core.configuration.SpringDocConfiguration' (OnBeanCondition)

   SpringDocWebMvcConfiguration#openApiResource matched:
      - @ConditionalOnExpression (#{(${springdoc.use-management-port:false} == false ) and ${springdoc.enable-default-api-docs:true}}) resulted in true (OnExpressionCondition)
      - @ConditionalOnMissingBean (types: org.springdoc.webmvc.api.OpenApiWebMvcResource; SearchStrategy: all) did not find any beans (OnBeanCondition)

   SpringDocWebMvcConfiguration#requestBuilder matched:
      - @ConditionalOnMissingBean (types: org.springdoc.webmvc.core.service.RequestService; SearchStrategy: all) did not find any beans (OnBeanCondition)

   SpringDocWebMvcConfiguration#responseBuilder matched:
      - @ConditionalOnMissingBean (types: org.springdoc.core.service.GenericResponseService; SearchStrategy: all) did not find any beans (OnBeanCondition)

   SpringDocWebMvcConfiguration#springWebProvider matched:
      - @ConditionalOnMissingBean (types: org.springdoc.core.providers.SpringWebProvider; SearchStrategy: all) did not find any beans (OnBeanCondition)

   SpringDocWebMvcConfiguration.SpringDocWebMvcRouterConfiguration matched:
      - @ConditionalOnClass found required class 'org.springframework.web.servlet.function.RouterFunction' (OnClassCondition)

   SpringDocWebMvcConfiguration.SpringDocWebMvcRouterConfiguration#routerFunctionProvider matched:
      - @ConditionalOnMissingBean (types: org.springdoc.webmvc.core.providers.RouterFunctionWebMvcProvider; SearchStrategy: all) did not find any beans (OnBeanCondition)

   SqlInitializationAutoConfiguration matched:
      - @ConditionalOnProperty (spring.sql.init.enabled) matched (OnPropertyCondition)
      - NoneNestedConditions 0 matched 1 did not; NestedCondition on SqlInitializationAutoConfiguration.SqlInitializationModeCondition.ModeIsNever @ConditionalOnProperty (spring.sql.init.mode=never) did not find property 'mode' (SqlInitializationAutoConfiguration.SqlInitializationModeCondition)

   SslAutoConfiguration#sslBundleRegistry matched:
      - @ConditionalOnMissingBean (types: org.springframework.boot.ssl.SslBundleRegistry,org.springframework.boot.ssl.SslBundles; SearchStrategy: all) did not find any beans (OnBeanCondition)

   SwaggerConfig matched:
      - found 'session' scope (OnWebApplicationCondition)
      - @ConditionalOnProperty (springdoc.swagger-ui.enabled) matched (OnPropertyCondition)
      - @ConditionalOnBean (types: org.springdoc.core.configuration.SpringDocConfiguration; SearchStrategy: all) found bean 'org.springdoc.core.configuration.SpringDocConfiguration' (OnBeanCondition)

   SwaggerConfig#indexPageTransformer matched:
      - @ConditionalOnMissingBean (types: org.springdoc.webmvc.ui.SwaggerIndexTransformer; SearchStrategy: all) did not find any beans (OnBeanCondition)

   SwaggerConfig#swaggerConfigResource matched:
      - @ConditionalOnProperty (springdoc.use-management-port=false) matched (OnPropertyCondition)
      - @ConditionalOnMissingBean (types: org.springdoc.webmvc.ui.SwaggerConfigResource; SearchStrategy: all) did not find any beans (OnBeanCondition)

   SwaggerConfig#swaggerResourceResolver matched:
      - @ConditionalOnMissingBean (types: org.springdoc.webmvc.ui.SwaggerResourceResolver; SearchStrategy: all) did not find any beans (OnBeanCondition)

   SwaggerConfig#swaggerWebMvcConfigurer matched:
      - @ConditionalOnMissingBean (types: org.springdoc.webmvc.ui.SwaggerWebMvcConfigurer; SearchStrategy: all) did not find any beans (OnBeanCondition)

   SwaggerConfig#swaggerWelcome matched:
      - @ConditionalOnProperty (springdoc.use-management-port=false) matched (OnPropertyCondition)
      - @ConditionalOnMissingBean (types: org.springdoc.webmvc.ui.SwaggerWelcomeWebMvc; SearchStrategy: all) did not find any beans (OnBeanCondition)

   SwaggerUiConfigProperties matched:
      - @ConditionalOnProperty (springdoc.swagger-ui.enabled) matched (OnPropertyCondition)
      - @ConditionalOnBean (types: org.springdoc.core.configuration.SpringDocConfiguration; SearchStrategy: all) found bean 'org.springdoc.core.configuration.SpringDocConfiguration' (OnBeanCondition)

   SwaggerUiOAuthProperties matched:
      - @ConditionalOnProperty (springdoc.swagger-ui.enabled) matched (OnPropertyCondition)
      - @ConditionalOnBean (types: org.springdoc.core.configuration.SpringDocConfiguration; SearchStrategy: all) found bean 'org.springdoc.core.configuration.SpringDocConfiguration' (OnBeanCondition)

   TaskExecutionAutoConfiguration matched:
      - @ConditionalOnClass found required class 'org.springframework.scheduling.concurrent.ThreadPoolTaskExecutor' (OnClassCondition)

   TaskExecutorConfigurations.SimpleAsyncTaskExecutorBuilderConfiguration#simpleAsyncTaskExecutorBuilder matched:
      - @ConditionalOnMissingBean (types: org.springframework.boot.task.SimpleAsyncTaskExecutorBuilder; SearchStrategy: all) did not find any beans (OnBeanCondition)
      - @ConditionalOnThreading found PLATFORM (OnThreadingCondition)

   TaskExecutorConfigurations.TaskExecutorConfiguration matched:
      - @ConditionalOnMissingBean (types: java.util.concurrent.Executor; SearchStrategy: all) did not find any beans (OnBeanCondition)

   TaskExecutorConfigurations.TaskExecutorConfiguration#applicationTaskExecutor matched:
      - @ConditionalOnThreading found PLATFORM (OnThreadingCondition)

   TaskExecutorConfigurations.ThreadPoolTaskExecutorBuilderConfiguration#threadPoolTaskExecutorBuilder matched:
      - @ConditionalOnMissingBean (types: org.springframework.boot.task.ThreadPoolTaskExecutorBuilder; SearchStrategy: all) did not find any beans (OnBeanCondition)

   TaskSchedulingAutoConfiguration matched:
      - @ConditionalOnClass found required class 'org.springframework.scheduling.concurrent.ThreadPoolTaskScheduler' (OnClassCondition)

   TaskSchedulingConfigurations.SimpleAsyncTaskSchedulerBuilderConfiguration#simpleAsyncTaskSchedulerBuilder matched:
      - @ConditionalOnMissingBean (types: org.springframework.boot.task.SimpleAsyncTaskSchedulerBuilder; SearchStrategy: all) did not find any beans (OnBeanCondition)
      - @ConditionalOnThreading found PLATFORM (OnThreadingCondition)

   TaskSchedulingConfigurations.ThreadPoolTaskSchedulerBuilderConfiguration#threadPoolTaskSchedulerBuilder matched:
      - @ConditionalOnMissingBean (types: org.springframework.boot.task.ThreadPoolTaskSchedulerBuilder; SearchStrategy: all) did not find any beans (OnBeanCondition)

   TransactionAutoConfiguration matched:
      - @ConditionalOnClass found required class 'org.springframework.transaction.PlatformTransactionManager' (OnClassCondition)

   TransactionAutoConfiguration.EnableTransactionManagementConfiguration matched:
      - @ConditionalOnBean (types: org.springframework.transaction.TransactionManager; SearchStrategy: all) found bean 'transactionManager'; @ConditionalOnMissingBean (types: org.springframework.transaction.annotation.AbstractTransactionManagementConfiguration; SearchStrategy: all) did not find any beans (OnBeanCondition)

   TransactionAutoConfiguration.EnableTransactionManagementConfiguration.CglibAutoProxyConfiguration matched:
      - @ConditionalOnProperty (spring.aop.proxy-target-class=true) matched (OnPropertyCondition)

   TransactionAutoConfiguration.TransactionTemplateConfiguration matched:
      - @ConditionalOnSingleCandidate (types: org.springframework.transaction.PlatformTransactionManager; SearchStrategy: all) found a single bean 'transactionManager' (OnBeanCondition)

   TransactionAutoConfiguration.TransactionTemplateConfiguration#transactionTemplate matched:
      - @ConditionalOnMissingBean (types: org.springframework.transaction.support.TransactionOperations; SearchStrategy: all) did not find any beans (OnBeanCondition)

   TransactionManagerCustomizationAutoConfiguration matched:
      - @ConditionalOnClass found required class 'org.springframework.transaction.PlatformTransactionManager' (OnClassCondition)

   TransactionManagerCustomizationAutoConfiguration#platformTransactionManagerCustomizers matched:
      - @ConditionalOnMissingBean (types: org.springframework.boot.autoconfigure.transaction.TransactionManagerCustomizers; SearchStrategy: all) did not find any beans (OnBeanCondition)

   ValidationAutoConfiguration matched:
      - @ConditionalOnClass found required class 'jakarta.validation.executable.ExecutableValidator' (OnClassCondition)
      - @ConditionalOnResource found location classpath:META-INF/services/jakarta.validation.spi.ValidationProvider (OnResourceCondition)

   ValidationAutoConfiguration#defaultValidator matched:
      - @ConditionalOnMissingBean (types: jakarta.validation.Validator; SearchStrategy: all) did not find any beans (OnBeanCondition)

   ValidationAutoConfiguration#methodValidationPostProcessor matched:
      - @ConditionalOnMissingBean (types: org.springframework.validation.beanvalidation.MethodValidationPostProcessor; SearchStrategy: current) did not find any beans (OnBeanCondition)

   WebClientAutoConfiguration matched:
      - @ConditionalOnClass found required class 'org.springframework.web.reactive.function.client.WebClient' (OnClassCondition)

   WebClientAutoConfiguration#webClientBuilder matched:
      - @ConditionalOnMissingBean (types: org.springframework.web.reactive.function.client.WebClient$Builder; SearchStrategy: all) did not find any beans (OnBeanCondition)

   WebClientAutoConfiguration#webClientSsl matched:
      - @ConditionalOnBean (types: org.springframework.boot.ssl.SslBundles; SearchStrategy: all) found bean 'sslBundleRegistry'; @ConditionalOnMissingBean (types: org.springframework.boot.autoconfigure.web.reactive.function.client.WebClientSsl; SearchStrategy: all) did not find any beans (OnBeanCondition)

   WebClientAutoConfiguration.WebClientCodecsConfiguration matched:
      - @ConditionalOnBean (types: org.springframework.boot.web.codec.CodecCustomizer; SearchStrategy: all) found beans 'jacksonCodecCustomizer', 'defaultCodecCustomizer' (OnBeanCondition)

   WebClientAutoConfiguration.WebClientCodecsConfiguration#exchangeStrategiesCustomizer matched:
      - @ConditionalOnMissingBean (types: org.springframework.boot.autoconfigure.web.reactive.function.client.WebClientCodecCustomizer; SearchStrategy: all) did not find any beans (OnBeanCondition)

   WebMvcAutoConfiguration matched:
      - @ConditionalOnClass found required classes 'jakarta.servlet.Servlet', 'org.springframework.web.servlet.DispatcherServlet', 'org.springframework.web.servlet.config.annotation.WebMvcConfigurer' (OnClassCondition)
      - found 'session' scope (OnWebApplicationCondition)
      - @ConditionalOnMissingBean (types: org.springframework.web.servlet.config.annotation.WebMvcConfigurationSupport; SearchStrategy: all) did not find any beans (OnBeanCondition)

   WebMvcAutoConfiguration#formContentFilter matched:
      - @ConditionalOnProperty (spring.mvc.formcontent.filter.enabled) matched (OnPropertyCondition)
      - @ConditionalOnMissingBean (types: org.springframework.web.filter.FormContentFilter; SearchStrategy: all) did not find any beans (OnBeanCondition)

   WebMvcAutoConfiguration.EnableWebMvcConfiguration#flashMapManager matched:
      - @ConditionalOnMissingBean (names: flashMapManager; SearchStrategy: all) did not find any beans (OnBeanCondition)

   WebMvcAutoConfiguration.EnableWebMvcConfiguration#themeResolver matched:
      - @ConditionalOnMissingBean (names: themeResolver; SearchStrategy: all) did not find any beans (OnBeanCondition)

   WebMvcAutoConfiguration.EnableWebMvcConfiguration#viewNameTranslator matched:
      - @ConditionalOnMissingBean (names: viewNameTranslator; SearchStrategy: all) did not find any beans (OnBeanCondition)

   WebMvcAutoConfiguration.ResourceChainCustomizerConfiguration matched:
      - @ConditionalOnEnabledResourceChain found class org.webjars.WebJarVersionLocator (OnEnabledResourceChainCondition)

   WebMvcAutoConfiguration.WebMvcAutoConfigurationAdapter#defaultViewResolver matched:
      - @ConditionalOnMissingBean (types: org.springframework.web.servlet.view.InternalResourceViewResolver; SearchStrategy: all) did not find any beans (OnBeanCondition)

   WebMvcAutoConfiguration.WebMvcAutoConfigurationAdapter#requestContextFilter matched:
      - @ConditionalOnMissingBean (types: org.springframework.web.context.request.RequestContextListener,org.springframework.web.filter.RequestContextFilter; SearchStrategy: all) did not find any beans (OnBeanCondition)

   WebMvcAutoConfiguration.WebMvcAutoConfigurationAdapter#viewResolver matched:
      - @ConditionalOnBean (types: org.springframework.web.servlet.ViewResolver; SearchStrategy: all) found beans 'defaultViewResolver', 'beanNameViewResolver', 'mvcViewResolver'; @ConditionalOnMissingBean (names: viewResolver types: org.springframework.web.servlet.view.ContentNegotiatingViewResolver; SearchStrategy: all) did not find any beans (OnBeanCondition)

   WebSocketServletAutoConfiguration matched:
      - @ConditionalOnClass found required classes 'jakarta.servlet.Servlet', 'jakarta.websocket.server.ServerContainer' (OnClassCondition)
      - found 'session' scope (OnWebApplicationCondition)

   WebSocketServletAutoConfiguration.TomcatWebSocketConfiguration matched:
      - @ConditionalOnClass found required classes 'org.apache.catalina.startup.Tomcat', 'org.apache.tomcat.websocket.server.WsSci' (OnClassCondition)

   WebSocketServletAutoConfiguration.TomcatWebSocketConfiguration#websocketServletWebServerCustomizer matched:
      - @ConditionalOnMissingBean (names: websocketServletWebServerCustomizer; SearchStrategy: all) did not find any beans (OnBeanCondition)


Negative matches:
-----------------

   ActiveMQAutoConfiguration:
      Did not match:
         - @ConditionalOnClass did not find required class 'jakarta.jms.ConnectionFactory' (OnClassCondition)

   AopAutoConfiguration.AspectJAutoProxyingConfiguration.JdkDynamicAutoProxyConfiguration:
      Did not match:
         - @ConditionalOnProperty (spring.aop.proxy-target-class=false) did not find property 'proxy-target-class' (OnPropertyCondition)

   AopAutoConfiguration.ClassProxyingConfiguration:
      Did not match:
         - @ConditionalOnMissingClass found unwanted class 'org.aspectj.weaver.Advice' (OnClassCondition)

   ArtemisAutoConfiguration:
      Did not match:
         - @ConditionalOnClass did not find required class 'jakarta.jms.ConnectionFactory' (OnClassCondition)

   BatchAutoConfiguration:
      Did not match:
         - @ConditionalOnClass did not find required class 'org.springframework.batch.core.launch.JobLauncher' (OnClassCondition)

   Cache2kCacheConfiguration:
      Did not match:
         - @ConditionalOnClass did not find required class 'org.cache2k.Cache2kBuilder' (OnClassCondition)

   CacheAutoConfiguration:
      Did not match:
         - @ConditionalOnBean (types: org.springframework.cache.interceptor.CacheAspectSupport; SearchStrategy: all) did not find any beans of type org.springframework.cache.interceptor.CacheAspectSupport (OnBeanCondition)
      Matched:
         - @ConditionalOnClass found required class 'org.springframework.cache.CacheManager' (OnClassCondition)

   CacheAutoConfiguration.CacheManagerEntityManagerFactoryDependsOnPostProcessor:
      Did not match:
         - Ancestor org.springframework.boot.autoconfigure.cache.CacheAutoConfiguration did not match (ConditionEvaluationReport.AncestorsMatchedCondition)
      Matched:
         - @ConditionalOnClass found required class 'org.springframework.orm.jpa.LocalContainerEntityManagerFactoryBean' (OnClassCondition)

   CaffeineCacheConfiguration:
      Did not match:
         - @ConditionalOnClass did not find required class 'com.github.benmanes.caffeine.cache.Caffeine' (OnClassCondition)

   CassandraAutoConfiguration:
      Did not match:
         - @ConditionalOnClass did not find required class 'com.datastax.oss.driver.api.core.CqlSession' (OnClassCondition)

   CassandraDataAutoConfiguration:
      Did not match:
         - @ConditionalOnClass did not find required class 'com.datastax.oss.driver.api.core.CqlSession' (OnClassCondition)

   CassandraReactiveDataAutoConfiguration:
      Did not match:
         - @ConditionalOnClass did not find required class 'com.datastax.oss.driver.api.core.CqlSession' (OnClassCondition)

   CassandraReactiveRepositoriesAutoConfiguration:
      Did not match:
         - @ConditionalOnClass did not find required class 'org.springframework.data.cassandra.ReactiveSession' (OnClassCondition)

   CassandraRepositoriesAutoConfiguration:
      Did not match:
         - @ConditionalOnClass did not find required class 'com.datastax.oss.driver.api.core.CqlSession' (OnClassCondition)

   ClientHttpConnectorFactoryConfiguration.HttpClient5:
      Did not match:
         - @ConditionalOnClass did not find required classes 'org.apache.hc.client5.http.impl.async.HttpAsyncClients', 'org.apache.hc.core5.http.nio.AsyncRequestProducer', 'org.apache.hc.core5.reactive.ReactiveResponseConsumer' (OnClassCondition)

   ClientHttpConnectorFactoryConfiguration.JdkClient:
      Did not match:
         - @ConditionalOnMissingBean (types: org.springframework.boot.autoconfigure.web.reactive.function.client.ClientHttpConnectorFactory; SearchStrategy: all) found beans of type 'org.springframework.boot.autoconfigure.web.reactive.function.client.ClientHttpConnectorFactory' reactorClientHttpConnectorFactory (OnBeanCondition)
      Matched:
         - @ConditionalOnClass found required class 'java.net.http.HttpClient' (OnClassCondition)

   CouchbaseAutoConfiguration:
      Did not match:
         - @ConditionalOnClass did not find required class 'com.couchbase.client.java.Cluster' (OnClassCondition)

   CouchbaseCacheConfiguration:
      Did not match:
         - @ConditionalOnClass did not find required class 'com.couchbase.client.java.Cluster' (OnClassCondition)

   CouchbaseDataAutoConfiguration:
      Did not match:
         - @ConditionalOnClass did not find required class 'com.couchbase.client.java.Bucket' (OnClassCondition)

   CouchbaseReactiveDataAutoConfiguration:
      Did not match:
         - @ConditionalOnClass did not find required class 'com.couchbase.client.java.Cluster' (OnClassCondition)

   CouchbaseReactiveRepositoriesAutoConfiguration:
      Did not match:
         - @ConditionalOnClass did not find required class 'com.couchbase.client.java.Cluster' (OnClassCondition)

   CouchbaseRepositoriesAutoConfiguration:
      Did not match:
         - @ConditionalOnClass did not find required class 'com.couchbase.client.java.Bucket' (OnClassCondition)

   DataSourceAutoConfiguration.EmbeddedDatabaseConfiguration:
      Did not match:
         - EmbeddedDataSource spring.datasource.url is set (DataSourceAutoConfiguration.EmbeddedDatabaseCondition)

   DataSourceCheckpointRestoreConfiguration:
      Did not match:
         - @ConditionalOnClass did not find required class 'org.crac.Resource' (OnClassCondition)

   DataSourceConfiguration.Dbcp2:
      Did not match:
         - @ConditionalOnClass did not find required class 'org.apache.commons.dbcp2.BasicDataSource' (OnClassCondition)

   DataSourceConfiguration.Generic:
      Did not match:
         - @ConditionalOnProperty (spring.datasource.type) did not find property 'spring.datasource.type' (OnPropertyCondition)

   DataSourceConfiguration.OracleUcp:
      Did not match:
         - @ConditionalOnClass did not find required classes 'oracle.ucp.jdbc.PoolDataSourceImpl', 'oracle.jdbc.OracleConnection' (OnClassCondition)

   DataSourceConfiguration.Tomcat:
      Did not match:
         - @ConditionalOnClass did not find required class 'org.apache.tomcat.jdbc.pool.DataSource' (OnClassCondition)

   DataSourceJmxConfiguration.TomcatDataSourceJmxConfiguration:
      Did not match:
         - @ConditionalOnClass did not find required class 'org.apache.tomcat.jdbc.pool.DataSourceProxy' (OnClassCondition)

   DataSourcePoolMetadataProvidersConfiguration.CommonsDbcp2PoolDataSourceMetadataProviderConfiguration:
      Did not match:
         - @ConditionalOnClass did not find required class 'org.apache.commons.dbcp2.BasicDataSource' (OnClassCondition)

   DataSourcePoolMetadataProvidersConfiguration.OracleUcpPoolDataSourceMetadataProviderConfiguration:
      Did not match:
         - @ConditionalOnClass did not find required classes 'oracle.ucp.jdbc.PoolDataSource', 'oracle.jdbc.OracleConnection' (OnClassCondition)

   DataSourcePoolMetadataProvidersConfiguration.TomcatDataSourcePoolMetadataProviderConfiguration:
      Did not match:
         - @ConditionalOnClass did not find required class 'org.apache.tomcat.jdbc.pool.DataSource' (OnClassCondition)

   DataSourceTransactionManagerAutoConfiguration.JdbcTransactionManagerConfiguration#transactionManager:
      Did not match:
         - @ConditionalOnMissingBean (types: org.springframework.transaction.TransactionManager; SearchStrategy: all) found beans of type 'org.springframework.transaction.TransactionManager' transactionManager (OnBeanCondition)

   DevToolsR2dbcAutoConfiguration:
      Did not match:
         - @ConditionalOnClass did not find required class 'io.r2dbc.spi.ConnectionFactory' (OnClassCondition)

   DispatcherServletAutoConfiguration.DispatcherServletConfiguration#multipartResolver:
      Did not match:
         - @ConditionalOnBean (types: org.springframework.web.multipart.MultipartResolver; SearchStrategy: all) did not find any beans of type org.springframework.web.multipart.MultipartResolver (OnBeanCondition)

   ElasticsearchClientAutoConfiguration:
      Did not match:
         - @ConditionalOnClass did not find required class 'co.elastic.clients.elasticsearch.ElasticsearchClient' (OnClassCondition)

   ElasticsearchDataAutoConfiguration:
      Did not match:
         - @ConditionalOnClass did not find required class 'org.springframework.data.elasticsearch.client.elc.ElasticsearchTemplate' (OnClassCondition)

   ElasticsearchRepositoriesAutoConfiguration:
      Did not match:
         - @ConditionalOnClass did not find required class 'org.springframework.data.elasticsearch.repository.ElasticsearchRepository' (OnClassCondition)

   ElasticsearchRestClientAutoConfiguration:
      Did not match:
         - @ConditionalOnClass did not find required class 'org.elasticsearch.client.RestClientBuilder' (OnClassCondition)

   EmbeddedLdapAutoConfiguration:
      Did not match:
         - @ConditionalOnClass did not find required class 'com.unboundid.ldap.listener.InMemoryDirectoryServer' (OnClassCondition)

   EmbeddedWebServerFactoryCustomizerAutoConfiguration.JettyWebServerFactoryCustomizerConfiguration:
      Did not match:
         - @ConditionalOnClass did not find required classes 'org.eclipse.jetty.server.Server', 'org.eclipse.jetty.util.Loader', 'org.eclipse.jetty.ee10.webapp.WebAppContext' (OnClassCondition)

   EmbeddedWebServerFactoryCustomizerAutoConfiguration.TomcatWebServerFactoryCustomizerConfiguration#tomcatVirtualThreadsProtocolHandlerCustomizer:
      Did not match:
         - @ConditionalOnThreading did not find VIRTUAL (OnThreadingCondition)

   EmbeddedWebServerFactoryCustomizerAutoConfiguration.UndertowWebServerFactoryCustomizerConfiguration:
      Did not match:
         - @ConditionalOnClass did not find required classes 'io.undertow.Undertow', 'org.xnio.SslClientAuthMode' (OnClassCondition)

   ErrorWebFluxAutoConfiguration:
      Did not match:
         - not a reactive web application (OnWebApplicationCondition)
      Matched:
         - @ConditionalOnClass found required class 'org.springframework.web.reactive.config.WebFluxConfigurer' (OnClassCondition)

   FlywayAutoConfiguration.FlywayConfiguration#oracleFlywayConfigurationCustomizer:
      Did not match:
         - @ConditionalOnClass did not find required class 'org.flywaydb.database.oracle.OracleConfigurationExtension' (OnClassCondition)

   FlywayAutoConfiguration.FlywayConfiguration#sqlServerFlywayConfigurationCustomizer:
      Did not match:
         - @ConditionalOnClass did not find required class 'org.flywaydb.database.sqlserver.SQLServerConfigurationExtension' (OnClassCondition)

   FreeMarkerAutoConfiguration:
      Did not match:
         - @ConditionalOnClass did not find required class 'freemarker.template.Configuration' (OnClassCondition)

   GraphQlAutoConfiguration:
      Did not match:
         - @ConditionalOnClass did not find required class 'graphql.GraphQL' (OnClassCondition)

   GraphQlQueryByExampleAutoConfiguration:
      Did not match:
         - @ConditionalOnClass did not find required class 'graphql.GraphQL' (OnClassCondition)

   GraphQlQuerydslAutoConfiguration:
      Did not match:
         - @ConditionalOnClass did not find required class 'com.querydsl.core.Query' (OnClassCondition)

   GraphQlRSocketAutoConfiguration:
      Did not match:
         - @ConditionalOnClass did not find required class 'graphql.GraphQL' (OnClassCondition)

   GraphQlReactiveQueryByExampleAutoConfiguration:
      Did not match:
         - @ConditionalOnClass did not find required class 'graphql.GraphQL' (OnClassCondition)

   GraphQlReactiveQuerydslAutoConfiguration:
      Did not match:
         - @ConditionalOnClass did not find required class 'com.querydsl.core.Query' (OnClassCondition)

   GraphQlWebFluxAutoConfiguration:
      Did not match:
         - @ConditionalOnClass did not find required class 'graphql.GraphQL' (OnClassCondition)

   GraphQlWebFluxSecurityAutoConfiguration:
      Did not match:
         - @ConditionalOnClass did not find required class 'graphql.GraphQL' (OnClassCondition)

   GraphQlWebMvcAutoConfiguration:
      Did not match:
         - @ConditionalOnClass did not find required class 'graphql.GraphQL' (OnClassCondition)

   GraphQlWebMvcSecurityAutoConfiguration:
      Did not match:
         - @ConditionalOnClass did not find required class 'graphql.GraphQL' (OnClassCondition)

   GroovyTemplateAutoConfiguration:
      Did not match:
         - @ConditionalOnClass did not find required class 'groovy.text.markup.MarkupTemplateEngine' (OnClassCondition)

   GsonAutoConfiguration:
      Did not match:
         - @ConditionalOnClass did not find required class 'com.google.gson.Gson' (OnClassCondition)

   GsonHttpMessageConvertersConfiguration:
      Did not match:
         - @ConditionalOnClass did not find required class 'com.google.gson.Gson' (OnClassCondition)

   H2ConsoleAutoConfiguration:
      Did not match:
         - @ConditionalOnClass did not find required class 'org.h2.server.web.JakartaWebServlet' (OnClassCondition)

   HazelcastAutoConfiguration:
      Did not match:
         - @ConditionalOnClass did not find required class 'com.hazelcast.core.HazelcastInstance' (OnClassCondition)

   HazelcastCacheConfiguration:
      Did not match:
         - @ConditionalOnClass did not find required class 'com.hazelcast.core.HazelcastInstance' (OnClassCondition)

   HazelcastJpaDependencyAutoConfiguration:
      Did not match:
         - @ConditionalOnClass did not find required class 'com.hazelcast.core.HazelcastInstance' (OnClassCondition)

   HttpHandlerAutoConfiguration:
      Did not match:
         - not a reactive web application (OnWebApplicationCondition)
      Matched:
         - @ConditionalOnClass found required classes 'org.springframework.web.reactive.DispatcherHandler', 'org.springframework.http.server.reactive.HttpHandler' (OnClassCondition)

   HypermediaAutoConfiguration:
      Did not match:
         - @ConditionalOnClass did not find required class 'org.springframework.hateoas.EntityModel' (OnClassCondition)

   InfinispanCacheConfiguration:
      Did not match:
         - @ConditionalOnClass did not find required class 'org.infinispan.spring.embedded.provider.SpringEmbeddedCacheManager' (OnClassCondition)

   IntegrationAutoConfiguration:
      Did not match:
         - @ConditionalOnClass did not find required class 'org.springframework.integration.config.EnableIntegration' (OnClassCondition)

   JCacheCacheConfiguration:
      Did not match:
         - @ConditionalOnClass did not find required class 'javax.cache.Caching' (OnClassCondition)

   JacksonHttpMessageConvertersConfiguration.MappingJackson2XmlHttpMessageConverterConfiguration:
      Did not match:
         - @ConditionalOnClass did not find required class 'com.fasterxml.jackson.dataformat.xml.XmlMapper' (OnClassCondition)

   JdbcRepositoriesAutoConfiguration:
      Did not match:
         - @ConditionalOnClass did not find required class 'org.springframework.data.jdbc.repository.config.AbstractJdbcConfiguration' (OnClassCondition)

   JerseyAutoConfiguration:
      Did not match:
         - @ConditionalOnClass did not find required class 'org.glassfish.jersey.server.spring.SpringComponentProvider' (OnClassCondition)

   JmsAutoConfiguration:
      Did not match:
         - @ConditionalOnClass did not find required class 'jakarta.jms.Message' (OnClassCondition)

   JmxAutoConfiguration:
      Did not match:
         - @ConditionalOnProperty (spring.jmx.enabled=true) did not find property 'enabled' (OnPropertyCondition)
      Matched:
         - @ConditionalOnClass found required class 'org.springframework.jmx.export.MBeanExporter' (OnClassCondition)

   JndiConnectionFactoryAutoConfiguration:
      Did not match:
         - @ConditionalOnClass did not find required class 'org.springframework.jms.core.JmsTemplate' (OnClassCondition)

   JndiDataSourceAutoConfiguration:
      Did not match:
         - @ConditionalOnProperty (spring.datasource.jndi-name) did not find property 'jndi-name' (OnPropertyCondition)
      Matched:
         - @ConditionalOnClass found required classes 'javax.sql.DataSource', 'org.springframework.jdbc.datasource.embedded.EmbeddedDatabaseType' (OnClassCondition)

   JndiJtaConfiguration:
      Did not match:
         - @ConditionalOnJndi JNDI environment is not available (OnJndiCondition)
      Matched:
         - @ConditionalOnClass found required class 'org.springframework.transaction.jta.JtaTransactionManager' (OnClassCondition)

   JooqAutoConfiguration:
      Did not match:
         - @ConditionalOnClass did not find required class 'org.jooq.DSLContext' (OnClassCondition)

   JpaRepositoriesAutoConfiguration#entityManagerFactoryBootstrapExecutorCustomizer:
      Did not match:
         - AnyNestedCondition 0 matched 2 did not; NestedCondition on JpaRepositoriesAutoConfiguration.BootstrapExecutorCondition.LazyBootstrapMode @ConditionalOnProperty (spring.data.jpa.repositories.bootstrap-mode=lazy) did not find property 'bootstrap-mode'; NestedCondition on JpaRepositoriesAutoConfiguration.BootstrapExecutorCondition.DeferredBootstrapMode @ConditionalOnProperty (spring.data.jpa.repositories.bootstrap-mode=deferred) did not find property 'bootstrap-mode' (JpaRepositoriesAutoConfiguration.BootstrapExecutorCondition)

   JsonbAutoConfiguration:
      Did not match:
         - @ConditionalOnClass did not find required class 'jakarta.json.bind.Jsonb' (OnClassCondition)

   JsonbHttpMessageConvertersConfiguration:
      Did not match:
         - @ConditionalOnClass did not find required class 'jakarta.json.bind.Jsonb' (OnClassCondition)

   KafkaAutoConfiguration:
      Did not match:
         - @ConditionalOnClass did not find required class 'org.springframework.kafka.core.KafkaTemplate' (OnClassCondition)

   LdapAutoConfiguration:
      Did not match:
         - @ConditionalOnClass did not find required class 'org.springframework.ldap.core.ContextSource' (OnClassCondition)

   LdapRepositoriesAutoConfiguration:
      Did not match:
         - @ConditionalOnClass did not find required class 'org.springframework.data.ldap.repository.LdapRepository' (OnClassCondition)

   LiquibaseAutoConfiguration:
      Did not match:
         - @ConditionalOnClass did not find required class 'liquibase.change.DatabaseChange' (OnClassCondition)

   MailSenderAutoConfiguration:
      Did not match:
         - @ConditionalOnClass did not find required class 'jakarta.mail.internet.MimeMessage' (OnClassCondition)

   MailSenderValidatorAutoConfiguration:
      Did not match:
         - @ConditionalOnSingleCandidate did not find required type 'org.springframework.mail.javamail.JavaMailSenderImpl' (OnBeanCondition)

   MessageSourceAutoConfiguration:
      Did not match:
         - ResourceBundle did not find bundle with basename messages (MessageSourceAutoConfiguration.ResourceBundleCondition)

   MongoAutoConfiguration:
      Did not match:
         - @ConditionalOnClass did not find required class 'com.mongodb.client.MongoClient' (OnClassCondition)

   MongoDataAutoConfiguration:
      Did not match:
         - @ConditionalOnClass did not find required class 'com.mongodb.client.MongoClient' (OnClassCondition)

   MongoReactiveAutoConfiguration:
      Did not match:
         - @ConditionalOnClass did not find required class 'com.mongodb.reactivestreams.client.MongoClient' (OnClassCondition)

   MongoReactiveDataAutoConfiguration:
      Did not match:
         - @ConditionalOnClass did not find required class 'com.mongodb.reactivestreams.client.MongoClient' (OnClassCondition)

   MongoReactiveRepositoriesAutoConfiguration:
      Did not match:
         - @ConditionalOnClass did not find required class 'com.mongodb.reactivestreams.client.MongoClient' (OnClassCondition)

   MongoRepositoriesAutoConfiguration:
      Did not match:
         - @ConditionalOnClass did not find required class 'com.mongodb.client.MongoClient' (OnClassCondition)

   MultipleOpenApiSupportConfiguration:
      Did not match:
         - AnyNestedCondition 0 matched 2 did not; NestedCondition on MultipleOpenApiSupportCondition.OnActuatorDifferentPort @ConditionalOnProperty (springdoc.show-actuator) did not find property 'springdoc.show-actuator'; NestedCondition on MultipleOpenApiSupportCondition.OnMultipleOpenApiSupportCondition AnyNestedCondition 0 matched 3 did not; NestedCondition on MultipleOpenApiGroupsCondition.OnListGroupedOpenApiBean @ConditionalOnBean (types: org.springdoc.core.models.GroupedOpenApi; SearchStrategy: all) did not find any beans of type org.springdoc.core.models.GroupedOpenApi; NestedCondition on MultipleOpenApiGroupsCondition.OnGroupConfigProperty @ConditionalOnProperty (springdoc.group-configs[0].group) did not find property 'springdoc.group-configs[0].group'; NestedCondition on MultipleOpenApiGroupsCondition.OnGroupedOpenApiBean @ConditionalOnBean (types: org.springdoc.core.models.GroupedOpenApi; SearchStrategy: all) did not find any beans of type org.springdoc.core.models.GroupedOpenApi (MultipleOpenApiSupportCondition)
      Matched:
         - found 'session' scope (OnWebApplicationCondition)
         - @ConditionalOnProperty (springdoc.api-docs.enabled) matched (OnPropertyCondition)

   MultipleOpenApiSupportConfiguration.SpringDocWebMvcActuatorDifferentConfiguration:
      Did not match:
         - @ConditionalOnClass did not find required class 'org.springframework.boot.actuate.endpoint.web.servlet.WebMvcEndpointHandlerMapping' (OnClassCondition)
         - Ancestor org.springdoc.webmvc.core.configuration.MultipleOpenApiSupportConfiguration did not match (ConditionEvaluationReport.AncestorsMatchedCondition)

   MustacheAutoConfiguration:
      Did not match:
         - @ConditionalOnClass did not find required class 'com.samskivert.mustache.Mustache' (OnClassCondition)

   Neo4jAutoConfiguration:
      Did not match:
         - @ConditionalOnClass did not find required class 'org.neo4j.driver.Driver' (OnClassCondition)

   Neo4jDataAutoConfiguration:
      Did not match:
         - @ConditionalOnClass did not find required class 'org.neo4j.driver.Driver' (OnClassCondition)

   Neo4jReactiveDataAutoConfiguration:
      Did not match:
         - @ConditionalOnClass did not find required class 'org.neo4j.driver.Driver' (OnClassCondition)

   Neo4jReactiveRepositoriesAutoConfiguration:
      Did not match:
         - @ConditionalOnClass did not find required class 'org.neo4j.driver.Driver' (OnClassCondition)

   Neo4jRepositoriesAutoConfiguration:
      Did not match:
         - @ConditionalOnClass did not find required class 'org.neo4j.driver.Driver' (OnClassCondition)

   OAuth2AuthorizationServerAutoConfiguration:
      Did not match:
         - @ConditionalOnClass did not find required class 'org.springframework.security.oauth2.server.authorization.OAuth2Authorization' (OnClassCondition)

   OAuth2AuthorizationServerJwtAutoConfiguration:
      Did not match:
         - @ConditionalOnClass did not find required class 'org.springframework.security.oauth2.server.authorization.OAuth2Authorization' (OnClassCondition)

   OAuth2ClientAutoConfiguration:
      Did not match:
         - @ConditionalOnClass did not find required class 'org.springframework.security.oauth2.client.registration.ClientRegistration' (OnClassCondition)

   OAuth2ResourceServerJwtConfiguration.JwtConverterConfiguration:
      Did not match:
         - AnyNestedCondition 0 matched 3 did not; NestedCondition on OAuth2ResourceServerJwtConfiguration.JwtConverterPropertiesCondition.OnAuthoritiesClaimName @ConditionalOnProperty (spring.security.oauth2.resourceserver.jwt.authorities-claim-name) did not find property 'authorities-claim-name'; NestedCondition on OAuth2ResourceServerJwtConfiguration.JwtConverterPropertiesCondition.OnPrincipalClaimName @ConditionalOnProperty (spring.security.oauth2.resourceserver.jwt.principal-claim-name) did not find property 'principal-claim-name'; NestedCondition on OAuth2ResourceServerJwtConfiguration.JwtConverterPropertiesCondition.OnAuthorityPrefix @ConditionalOnProperty (spring.security.oauth2.resourceserver.jwt.authority-prefix) did not find property 'authority-prefix' (OAuth2ResourceServerJwtConfiguration.JwtConverterPropertiesCondition)

   OAuth2ResourceServerJwtConfiguration.JwtDecoderConfiguration#jwtDecoderByIssuerUri:
      Did not match:
         - OpenID Connect Issuer URI Condition did not find issuer-uri property (IssuerUriCondition)

   OAuth2ResourceServerJwtConfiguration.JwtDecoderConfiguration#jwtDecoderByJwkKeySetUri:
      Did not match:
         - @ConditionalOnProperty (spring.security.oauth2.resourceserver.jwt.jwk-set-uri) did not find property 'spring.security.oauth2.resourceserver.jwt.jwk-set-uri' (OnPropertyCondition)

   OAuth2ResourceServerJwtConfiguration.JwtDecoderConfiguration#jwtDecoderByPublicKeyValue:
      Did not match:
         - Public Key Value Condition did not find public-key-location property (KeyValueCondition)

   OAuth2ResourceServerJwtConfiguration.OAuth2SecurityFilterChainConfiguration:
      Did not match:
         - AllNestedConditions 1 matched 1 did not; NestedCondition on DefaultWebSecurityCondition.Beans @ConditionalOnMissingBean (types: org.springframework.security.web.SecurityFilterChain; SearchStrategy: all) found beans of type 'org.springframework.security.web.SecurityFilterChain' securityFilterChain; NestedCondition on DefaultWebSecurityCondition.Classes @ConditionalOnClass found required classes 'org.springframework.security.web.SecurityFilterChain', 'org.springframework.security.config.annotation.web.builders.HttpSecurity' (DefaultWebSecurityCondition)

   OAuth2ResourceServerOpaqueTokenConfiguration.OAuth2SecurityFilterChainConfiguration:
      Did not match:
         - AllNestedConditions 1 matched 1 did not; NestedCondition on DefaultWebSecurityCondition.Beans @ConditionalOnMissingBean (types: org.springframework.security.web.SecurityFilterChain; SearchStrategy: all) found beans of type 'org.springframework.security.web.SecurityFilterChain' securityFilterChain; NestedCondition on DefaultWebSecurityCondition.Classes @ConditionalOnClass found required classes 'org.springframework.security.web.SecurityFilterChain', 'org.springframework.security.config.annotation.web.builders.HttpSecurity' (DefaultWebSecurityCondition)

   OAuth2ResourceServerOpaqueTokenConfiguration.OpaqueTokenIntrospectionClientConfiguration#opaqueTokenIntrospector:
      Did not match:
         - @ConditionalOnProperty (spring.security.oauth2.resourceserver.opaquetoken.introspection-uri) did not find property 'spring.security.oauth2.resourceserver.opaquetoken.introspection-uri' (OnPropertyCondition)

   ProjectInfoAutoConfiguration#buildProperties:
      Did not match:
         - @ConditionalOnResource did not find resource '${spring.info.build.location:classpath:META-INF/build-info.properties}' (OnResourceCondition)

   ProjectInfoAutoConfiguration#gitProperties:
      Did not match:
         - GitResource did not find git info at classpath:git.properties (ProjectInfoAutoConfiguration.GitResourceAvailableCondition)

   PulsarAutoConfiguration:
      Did not match:
         - @ConditionalOnClass did not find required class 'org.apache.pulsar.client.api.PulsarClient' (OnClassCondition)

   PulsarReactiveAutoConfiguration:
      Did not match:
         - @ConditionalOnClass did not find required class 'org.apache.pulsar.client.api.PulsarClient' (OnClassCondition)

   QuartzAutoConfiguration:
      Did not match:
         - @ConditionalOnClass did not find required class 'org.quartz.Scheduler' (OnClassCondition)

   R2dbcAutoConfiguration:
      Did not match:
         - @ConditionalOnClass did not find required class 'io.r2dbc.spi.ConnectionFactory' (OnClassCondition)

   R2dbcDataAutoConfiguration:
      Did not match:
         - @ConditionalOnClass did not find required class 'org.springframework.data.r2dbc.core.R2dbcEntityTemplate' (OnClassCondition)

   R2dbcInitializationConfiguration:
      Did not match:
         - @ConditionalOnClass did not find required classes 'io.r2dbc.spi.ConnectionFactory', 'org.springframework.r2dbc.connection.init.DatabasePopulator' (OnClassCondition)

   R2dbcProxyAutoConfiguration:
      Did not match:
         - @ConditionalOnClass did not find required class 'io.r2dbc.proxy.ProxyConnectionFactory' (OnClassCondition)

   R2dbcRepositoriesAutoConfiguration:
      Did not match:
         - @ConditionalOnClass did not find required class 'io.r2dbc.spi.ConnectionFactory' (OnClassCondition)

   R2dbcTransactionManagerAutoConfiguration:
      Did not match:
         - @ConditionalOnClass did not find required class 'org.springframework.r2dbc.connection.R2dbcTransactionManager' (OnClassCondition)

   RSocketGraphQlClientAutoConfiguration:
      Did not match:
         - @ConditionalOnClass did not find required class 'graphql.GraphQL' (OnClassCondition)

   RSocketMessagingAutoConfiguration:
      Did not match:
         - @ConditionalOnClass did not find required class 'io.rsocket.RSocket' (OnClassCondition)

   RSocketRequesterAutoConfiguration:
      Did not match:
         - @ConditionalOnClass did not find required class 'io.rsocket.RSocket' (OnClassCondition)

   RSocketSecurityAutoConfiguration:
      Did not match:
         - @ConditionalOnClass did not find required class 'org.springframework.security.rsocket.core.SecuritySocketAcceptorInterceptor' (OnClassCondition)

   RSocketServerAutoConfiguration:
      Did not match:
         - @ConditionalOnClass did not find required class 'io.rsocket.core.RSocketServer' (OnClassCondition)

   RSocketStrategiesAutoConfiguration:
      Did not match:
         - @ConditionalOnClass did not find required class 'io.rsocket.RSocket' (OnClassCondition)

   RabbitAutoConfiguration:
      Did not match:
         - @ConditionalOnClass did not find required class 'com.rabbitmq.client.Channel' (OnClassCondition)

   ReactiveElasticsearchClientAutoConfiguration:
      Did not match:
         - @ConditionalOnClass did not find required class 'co.elastic.clients.transport.ElasticsearchTransport' (OnClassCondition)

   ReactiveElasticsearchRepositoriesAutoConfiguration:
      Did not match:
         - @ConditionalOnClass did not find required class 'org.springframework.data.elasticsearch.client.elc.ReactiveElasticsearchClient' (OnClassCondition)

   ReactiveMultipartAutoConfiguration:
      Did not match:
         - not a reactive web application (OnWebApplicationCondition)
      Matched:
         - @ConditionalOnClass found required classes 'org.springframework.http.codec.multipart.DefaultPartHttpMessageReader', 'org.springframework.web.reactive.config.WebFluxConfigurer' (OnClassCondition)

   ReactiveOAuth2ClientAutoConfiguration:
      Did not match:
         - @ConditionalOnClass did not find required class 'org.springframework.security.oauth2.client.registration.ClientRegistration' (OnClassCondition)

   ReactiveOAuth2ResourceServerAutoConfiguration:
      Did not match:
         - not a reactive web application (OnWebApplicationCondition)
      Matched:
         - @ConditionalOnClass found required class 'org.springframework.security.config.annotation.web.reactive.EnableWebFluxSecurity' (OnClassCondition)

   ReactiveSecurityAutoConfiguration.SpringBootWebFluxSecurityConfiguration:
      Did not match:
         - not a reactive web application (OnWebApplicationCondition)

   ReactiveUserDetailsServiceAutoConfiguration:
      Did not match:
         - AnyNestedCondition 0 matched 3 did not; NestedCondition on ReactiveUserDetailsServiceAutoConfiguration.MissingAlternativeOrUserPropertiesConfigured.PasswordConfigured @ConditionalOnProperty (spring.security.user.password) did not find property 'password'; NestedCondition on ReactiveUserDetailsServiceAutoConfiguration.MissingAlternativeOrUserPropertiesConfigured.NameConfigured @ConditionalOnProperty (spring.security.user.name) did not find property 'name'; NestedCondition on ReactiveUserDetailsServiceAutoConfiguration.MissingAlternativeOrUserPropertiesConfigured.MissingAlternative @ConditionalOnMissingClass found unwanted class 'org.springframework.security.oauth2.server.resource.introspection.ReactiveOpaqueTokenIntrospector' (ReactiveUserDetailsServiceAutoConfiguration.MissingAlternativeOrUserPropertiesConfigured)
      Matched:
         - @ConditionalOnClass found required class 'org.springframework.security.authentication.ReactiveAuthenticationManager' (OnClassCondition)

   ReactiveWebServerFactoryAutoConfiguration:
      Did not match:
         - not a reactive web application (OnWebApplicationCondition)
      Matched:
         - @ConditionalOnClass found required class 'org.springframework.http.ReactiveHttpInputMessage' (OnClassCondition)

   RedisAutoConfiguration:
      Did not match:
         - @ConditionalOnClass did not find required class 'org.springframework.data.redis.core.RedisOperations' (OnClassCondition)

   RedisCacheConfiguration:
      Did not match:
         - @ConditionalOnClass did not find required class 'org.springframework.data.redis.connection.RedisConnectionFactory' (OnClassCondition)

   RedisReactiveAutoConfiguration:
      Did not match:
         - @ConditionalOnClass did not find required class 'org.springframework.data.redis.connection.ReactiveRedisConnectionFactory' (OnClassCondition)

   RedisRepositoriesAutoConfiguration:
      Did not match:
         - @ConditionalOnClass did not find required class 'org.springframework.data.redis.repository.configuration.EnableRedisRepositories' (OnClassCondition)

   RemoteDevToolsAutoConfiguration:
      Did not match:
         - @ConditionalOnProperty (spring.devtools.remote.secret) did not find property 'secret' (OnPropertyCondition)
      Matched:
         - @ConditionalOnClass found required classes 'jakarta.servlet.Filter', 'org.springframework.http.server.ServerHttpRequest' (OnClassCondition)

   RepositoryRestMvcAutoConfiguration:
      Did not match:
         - @ConditionalOnClass did not find required class 'org.springframework.data.rest.webmvc.config.RepositoryRestMvcConfiguration' (OnClassCondition)

   Saml2RelyingPartyAutoConfiguration:
      Did not match:
         - @ConditionalOnClass did not find required class 'org.springframework.security.saml2.provider.service.registration.RelyingPartyRegistrationRepository' (OnClassCondition)

   SecurityDataConfiguration:
      Did not match:
         - @ConditionalOnClass did not find required class 'org.springframework.security.data.repository.query.SecurityEvaluationContextExtension' (OnClassCondition)

   SendGridAutoConfiguration:
      Did not match:
         - @ConditionalOnClass did not find required class 'com.sendgrid.SendGrid' (OnClassCondition)

   ServletWebServerFactoryAutoConfiguration.ForwardedHeaderFilterConfiguration:
      Did not match:
         - @ConditionalOnProperty (server.forward-headers-strategy=framework) did not find property 'server.forward-headers-strategy' (OnPropertyCondition)

   ServletWebServerFactoryConfiguration.EmbeddedJetty:
      Did not match:
         - @ConditionalOnClass did not find required classes 'org.eclipse.jetty.server.Server', 'org.eclipse.jetty.util.Loader', 'org.eclipse.jetty.ee10.webapp.WebAppContext' (OnClassCondition)

   ServletWebServerFactoryConfiguration.EmbeddedUndertow:
      Did not match:
         - @ConditionalOnClass did not find required classes 'io.undertow.Undertow', 'org.xnio.SslClientAuthMode' (OnClassCondition)

   SessionAutoConfiguration:
      Did not match:
         - @ConditionalOnClass did not find required class 'org.springframework.session.Session' (OnClassCondition)

   SpringApplicationAdminJmxAutoConfiguration:
      Did not match:
         - @ConditionalOnProperty (spring.application.admin.enabled=true) did not find property 'enabled' (OnPropertyCondition)

   SpringBootWebSecurityConfiguration.SecurityFilterChainConfiguration:
      Did not match:
         - AllNestedConditions 1 matched 1 did not; NestedCondition on DefaultWebSecurityCondition.Beans @ConditionalOnMissingBean (types: org.springframework.security.web.SecurityFilterChain; SearchStrategy: all) found beans of type 'org.springframework.security.web.SecurityFilterChain' securityFilterChain; NestedCondition on DefaultWebSecurityCondition.Classes @ConditionalOnClass found required classes 'org.springframework.security.web.SecurityFilterChain', 'org.springframework.security.config.annotation.web.builders.HttpSecurity' (DefaultWebSecurityCondition)

   SpringBootWebSecurityConfiguration.WebSecurityEnablerConfiguration:
      Did not match:
         - @ConditionalOnMissingBean (names: springSecurityFilterChain; SearchStrategy: all) found beans named springSecurityFilterChain (OnBeanCondition)
      Matched:
         - @ConditionalOnClass found required class 'org.springframework.security.config.annotation.web.configuration.EnableWebSecurity' (OnClassCondition)

   SpringDocConfiguration#propertiesResolverForSchema:
      Did not match:
         - @ConditionalOnProperty (springdoc.api-docs.resolve-schema-properties) did not find property 'springdoc.api-docs.resolve-schema-properties' (OnPropertyCondition)

   SpringDocConfiguration#propertyCustomizingConverter:
      Did not match:
         - @ConditionalOnBean (types: org.springdoc.core.customizers.PropertyCustomizer; SearchStrategy: all) did not find any beans of type org.springdoc.core.customizers.PropertyCustomizer (OnBeanCondition)

   SpringDocConfiguration#springdocBeanFactoryPostProcessor:
      Did not match:
         - AnyNestedCondition 0 matched 2 did not; NestedCondition on CacheOrGroupedOpenApiCondition.OnCacheDisabled found non-matching nested conditions @ConditionalOnProperty (springdoc.cache.disabled) did not find property 'springdoc.cache.disabled'; NestedCondition on CacheOrGroupedOpenApiCondition.OnMultipleOpenApiSupportCondition AnyNestedCondition 0 matched 2 did not; NestedCondition on MultipleOpenApiSupportCondition.OnActuatorDifferentPort @ConditionalOnProperty (springdoc.show-actuator) did not find property 'springdoc.show-actuator'; NestedCondition on MultipleOpenApiSupportCondition.OnMultipleOpenApiSupportCondition AnyNestedCondition 0 matched 3 did not; NestedCondition on MultipleOpenApiGroupsCondition.OnListGroupedOpenApiBean @ConditionalOnBean (types: org.springdoc.core.models.GroupedOpenApi; SearchStrategy: all) did not find any beans of type org.springdoc.core.models.GroupedOpenApi; NestedCondition on MultipleOpenApiGroupsCondition.OnGroupConfigProperty @ConditionalOnProperty (springdoc.group-configs[0].group) did not find property 'springdoc.group-configs[0].group'; NestedCondition on MultipleOpenApiGroupsCondition.OnGroupedOpenApiBean @ConditionalOnBean (types: org.springdoc.core.models.GroupedOpenApi; SearchStrategy: all) did not find any beans of type org.springdoc.core.models.GroupedOpenApi (CacheOrGroupedOpenApiCondition)
      Matched:
         - @ConditionalOnClass found required class 'org.springframework.boot.context.properties.bind.BindResult' (OnClassCondition)

   SpringDocConfiguration#springdocBeanFactoryPostProcessor2:
      Did not match:
         - @ConditionalOnMissingClass found unwanted class 'org.springframework.boot.context.properties.bind.BindResult' (OnClassCondition)

   SpringDocConfiguration.SpringDocActuatorConfiguration:
      Did not match:
         - @ConditionalOnClass did not find required class 'org.springframework.boot.actuate.autoconfigure.endpoint.web.WebEndpointProperties' (OnClassCondition)

   SpringDocConfiguration.SpringDocRepositoryRestConfiguration:
      Did not match:
         - @ConditionalOnClass did not find required class 'org.springframework.data.rest.core.config.RepositoryRestConfiguration' (OnClassCondition)

   SpringDocDataRestConfiguration:
      Did not match:
         - @ConditionalOnClass did not find required class 'org.springframework.data.rest.core.config.RepositoryRestConfiguration' (OnClassCondition)

   SpringDocFunctionCatalogConfiguration:
      Did not match:
         - @ConditionalOnClass did not find required class 'org.springframework.cloud.function.web.function.FunctionEndpointInitializer' (OnClassCondition)

   SpringDocGroovyConfiguration:
      Did not match:
         - @ConditionalOnClass did not find required class 'groovy.lang.MetaClass' (OnClassCondition)

   SpringDocHateoasConfiguration:
      Did not match:
         - @ConditionalOnClass did not find required class 'org.springframework.hateoas.server.LinkRelationProvider' (OnClassCondition)

   SpringDocJacksonKotlinModuleConfiguration:
      Did not match:
         - @ConditionalOnClass did not find required class 'com.fasterxml.jackson.module.kotlin.KotlinModule' (OnClassCondition)

   SpringDocJavadocConfiguration:
      Did not match:
         - @ConditionalOnClass did not find required class 'com.github.therapi.runtimejavadoc.CommentFormatter' (OnClassCondition)

   SpringDocKotlinConfiguration:
      Did not match:
         - @ConditionalOnClass did not find required class 'kotlin.coroutines.Continuation' (OnClassCondition)

   SpringDocKotlinxConfiguration:
      Did not match:
         - @ConditionalOnClass did not find required class 'kotlinx.coroutines.flow.Flow' (OnClassCondition)

   SpringDocSecurityConfiguration.SpringDocSecurityOAuth2ClientConfiguration:
      Did not match:
         - @ConditionalOnClass did not find required class 'org.springframework.security.oauth2.client.annotation.RegisteredOAuth2AuthorizedClient' (OnClassCondition)

   SpringDocSecurityConfiguration.SpringDocSecurityOAuth2Configuration:
      Did not match:
         - @ConditionalOnClass did not find required class 'org.springframework.security.oauth2.server.authorization.OAuth2AuthorizationService' (OnClassCondition)

   SpringDocSecurityConfiguration.SpringSecurityLoginEndpointConfiguration#springSecurityLoginEndpointCustomizer:
      Did not match:
         - @ConditionalOnProperty (springdoc.show-login-endpoint) did not find property 'springdoc.show-login-endpoint' (OnPropertyCondition)

   SpringDocSortConfiguration#dataRestDelegatingMethodParameterCustomizer:
      Did not match:
         - @ConditionalOnMissingBean (types: org.springdoc.core.customizers.DataRestDelegatingMethodParameterCustomizer; SearchStrategy: all) found beans of type 'org.springdoc.core.customizers.DataRestDelegatingMethodParameterCustomizer' dataRestDelegatingMethodParameterCustomizer (OnBeanCondition)

   SpringDocWebMvcConfiguration.SpringDocWebMvcActuatorConfiguration:
      Did not match:
         - @ConditionalOnClass did not find required class 'org.springframework.boot.actuate.endpoint.web.servlet.WebMvcEndpointHandlerMapping' (OnClassCondition)

   SwaggerConfig#springWebProvider:
      Did not match:
         - @ConditionalOnMissingBean (types: org.springdoc.core.providers.SpringWebProvider; SearchStrategy: all) found beans of type 'org.springdoc.core.providers.SpringWebProvider' springWebProvider (OnBeanCondition)

   SwaggerConfig#swaggerUiHome:
      Did not match:
         - @ConditionalOnProperty (springdoc.swagger-ui.use-root-path=true) did not find property 'springdoc.swagger-ui.use-root-path' (OnPropertyCondition)

   SwaggerConfig.SwaggerActuatorWelcomeConfiguration:
      Did not match:
         - @ConditionalOnClass did not find required class 'org.springframework.boot.actuate.endpoint.web.servlet.WebMvcEndpointHandlerMapping' (OnClassCondition)

   TaskExecutorConfigurations.SimpleAsyncTaskExecutorBuilderConfiguration#simpleAsyncTaskExecutorBuilderVirtualThreads:
      Did not match:
         - @ConditionalOnMissingBean (types: org.springframework.boot.task.SimpleAsyncTaskExecutorBuilder; SearchStrategy: all) found beans of type 'org.springframework.boot.task.SimpleAsyncTaskExecutorBuilder' simpleAsyncTaskExecutorBuilder (OnBeanCondition)

   TaskExecutorConfigurations.TaskExecutorConfiguration#applicationTaskExecutorVirtualThreads:
      Did not match:
         - @ConditionalOnThreading did not find VIRTUAL (OnThreadingCondition)

   TaskSchedulingAutoConfiguration#scheduledBeanLazyInitializationExcludeFilter:
      Did not match:
         - @ConditionalOnBean (names: org.springframework.context.annotation.internalScheduledAnnotationProcessor; SearchStrategy: all) did not find any beans named org.springframework.context.annotation.internalScheduledAnnotationProcessor (OnBeanCondition)

   TaskSchedulingConfigurations.SimpleAsyncTaskSchedulerBuilderConfiguration#simpleAsyncTaskSchedulerBuilderVirtualThreads:
      Did not match:
         - @ConditionalOnMissingBean (types: org.springframework.boot.task.SimpleAsyncTaskSchedulerBuilder; SearchStrategy: all) found beans of type 'org.springframework.boot.task.SimpleAsyncTaskSchedulerBuilder' simpleAsyncTaskSchedulerBuilder (OnBeanCondition)

   TaskSchedulingConfigurations.TaskSchedulerConfiguration:
      Did not match:
         - @ConditionalOnBean (names: org.springframework.context.annotation.internalScheduledAnnotationProcessor; SearchStrategy: all) did not find any beans named org.springframework.context.annotation.internalScheduledAnnotationProcessor (OnBeanCondition)

   ThymeleafAutoConfiguration:
      Did not match:
         - @ConditionalOnClass did not find required class 'org.thymeleaf.spring6.SpringTemplateEngine' (OnClassCondition)

   TransactionAutoConfiguration#transactionalOperator:
      Did not match:
         - @ConditionalOnSingleCandidate (types: org.springframework.transaction.ReactiveTransactionManager; SearchStrategy: all) did not find any beans (OnBeanCondition)

   TransactionAutoConfiguration.AspectJTransactionManagementConfiguration:
      Did not match:
         - @ConditionalOnBean (types: org.springframework.transaction.aspectj.AbstractTransactionAspect; SearchStrategy: all) did not find any beans of type org.springframework.transaction.aspectj.AbstractTransactionAspect (OnBeanCondition)

   TransactionAutoConfiguration.EnableTransactionManagementConfiguration.JdkDynamicAutoProxyConfiguration:
      Did not match:
         - @ConditionalOnProperty (spring.aop.proxy-target-class=false) did not find property 'proxy-target-class' (OnPropertyCondition)

   UserDetailsServiceAutoConfiguration:
      Did not match:
         - AnyNestedCondition 0 matched 3 did not; NestedCondition on UserDetailsServiceAutoConfiguration.MissingAlternativeOrUserPropertiesConfigured.PasswordConfigured @ConditionalOnProperty (spring.security.user.password) did not find property 'password'; NestedCondition on UserDetailsServiceAutoConfiguration.MissingAlternativeOrUserPropertiesConfigured.NameConfigured @ConditionalOnProperty (spring.security.user.name) did not find property 'name'; NestedCondition on UserDetailsServiceAutoConfiguration.MissingAlternativeOrUserPropertiesConfigured.MissingAlternative @ConditionalOnMissingClass found unwanted class 'org.springframework.security.oauth2.server.resource.introspection.OpaqueTokenIntrospector' (UserDetailsServiceAutoConfiguration.MissingAlternativeOrUserPropertiesConfigured)
      Matched:
         - @ConditionalOnClass found required class 'org.springframework.security.authentication.AuthenticationManager' (OnClassCondition)
         - found 'session' scope (OnWebApplicationCondition)

   WebFluxAutoConfiguration:
      Did not match:
         - not a reactive web application (OnWebApplicationCondition)
      Matched:
         - @ConditionalOnClass found required class 'org.springframework.web.reactive.config.WebFluxConfigurer' (OnClassCondition)

   WebMvcAutoConfiguration#hiddenHttpMethodFilter:
      Did not match:
         - @ConditionalOnProperty (spring.mvc.hiddenmethod.filter.enabled) did not find property 'enabled' (OnPropertyCondition)

   WebMvcAutoConfiguration.EnableWebMvcConfiguration#localeResolver:
      Did not match:
         - @ConditionalOnMissingBean (names: localeResolver; SearchStrategy: all) found beans named localeResolver (OnBeanCondition)

   WebMvcAutoConfiguration.ProblemDetailsErrorHandlingConfiguration:
      Did not match:
         - @ConditionalOnProperty (spring.mvc.problemdetails.enabled=true) did not find property 'enabled' (OnPropertyCondition)

   WebMvcAutoConfiguration.WebMvcAutoConfigurationAdapter#beanNameViewResolver:
      Did not match:
         - @ConditionalOnMissingBean (types: org.springframework.web.servlet.view.BeanNameViewResolver; SearchStrategy: all) found beans of type 'org.springframework.web.servlet.view.BeanNameViewResolver' beanNameViewResolver (OnBeanCondition)

   WebServiceTemplateAutoConfiguration:
      Did not match:
         - @ConditionalOnClass did not find required class 'org.springframework.oxm.Marshaller' (OnClassCondition)

   WebServicesAutoConfiguration:
      Did not match:
         - @ConditionalOnClass did not find required class 'org.springframework.ws.transport.http.MessageDispatcherServlet' (OnClassCondition)

   WebSessionIdResolverAutoConfiguration:
      Did not match:
         - not a reactive web application (OnWebApplicationCondition)
      Matched:
         - @ConditionalOnClass found required classes 'org.springframework.web.server.session.WebSessionManager', 'reactor.core.publisher.Mono' (OnClassCondition)

   WebSocketMessagingAutoConfiguration:
      Did not match:
         - @ConditionalOnClass did not find required class 'org.springframework.web.socket.config.annotation.WebSocketMessageBrokerConfigurer' (OnClassCondition)

   WebSocketReactiveAutoConfiguration:
      Did not match:
         - not a reactive web application (OnWebApplicationCondition)
      Matched:
         - @ConditionalOnClass found required classes 'jakarta.servlet.Servlet', 'jakarta.websocket.server.ServerContainer' (OnClassCondition)

   WebSocketServletAutoConfiguration.JettyWebSocketConfiguration:
      Did not match:
         - @ConditionalOnClass did not find required class 'org.eclipse.jetty.ee10.websocket.jakarta.server.config.JakartaWebSocketServletContainerInitializer' (OnClassCondition)

   WebSocketServletAutoConfiguration.UndertowWebSocketConfiguration:
      Did not match:
         - @ConditionalOnClass did not find required class 'io.undertow.websockets.jsr.Bootstrap' (OnClassCondition)

   XADataSourceAutoConfiguration:
      Did not match:
         - @ConditionalOnBean (types: org.springframework.boot.jdbc.XADataSourceWrapper; SearchStrategy: all) did not find any beans of type org.springframework.boot.jdbc.XADataSourceWrapper (OnBeanCondition)
      Matched:
         - @ConditionalOnClass found required classes 'javax.sql.DataSource', 'jakarta.transaction.TransactionManager', 'org.springframework.jdbc.datasource.embedded.EmbeddedDatabaseType' (OnClassCondition)


Exclusions:
-----------

    None


Unconditional classes:
----------------------

    org.springframework.boot.autoconfigure.context.ConfigurationPropertiesAutoConfiguration

    org.springframework.boot.autoconfigure.ssl.SslAutoConfiguration

    org.springframework.boot.autoconfigure.context.PropertyPlaceholderAutoConfiguration

    org.springframework.boot.autoconfigure.context.LifecycleAutoConfiguration

    org.springdoc.core.configuration.SpringDocSpecPropertiesConfiguration

    org.springframework.boot.autoconfigure.availability.ApplicationAvailabilityAutoConfiguration

    org.springframework.boot.autoconfigure.info.ProjectInfoAutoConfiguration



2025-08-28 14:06:24.188 [restartedMain] INFO  c.dailybrief.DailybriefApplication - Started DailybriefApplication in 13.445 seconds (process running for 14.137)
2025-08-28 14:06:24.191 [restartedMain] DEBUG o.s.b.a.ApplicationAvailabilityBean - Application availability state LivenessState changed to CORRECT
2025-08-28 14:06:24.195 [restartedMain] DEBUG o.s.boot.devtools.restart.Restarter - Creating new Restarter for thread Thread[#1,main,5,main]
2025-08-28 14:06:24.195 [restartedMain] DEBUG o.s.boot.devtools.restart.Restarter - Immediately restarting application
2025-08-28 14:06:24.195 [restartedMain] DEBUG o.s.boot.devtools.restart.Restarter - Starting application com.dailybrief.DailybriefApplication with URLs [file:/C:/Xandão/SpringBoot/dailybrief/target/classes/]
2025-08-28 14:06:24.196 [restartedMain] DEBUG o.s.b.a.ApplicationAvailabilityBean - Application availability state ReadinessState changed to ACCEPTING_TRAFFIC
2025-08-28 14:06:35.725 [http-nio-8080-exec-1] INFO  o.a.c.c.C.[Tomcat].[localhost].[/] - Initializing Spring DispatcherServlet 'dispatcherServlet'
2025-08-28 14:06:35.725 [http-nio-8080-exec-1] INFO  o.s.web.servlet.DispatcherServlet - Initializing Servlet 'dispatcherServlet'
2025-08-28 14:06:35.725 [http-nio-8080-exec-1] DEBUG o.s.web.servlet.DispatcherServlet - Detected StandardServletMultipartResolver
2025-08-28 14:06:35.726 [http-nio-8080-exec-1] DEBUG o.s.web.servlet.DispatcherServlet - Detected AcceptHeaderLocaleResolver
2025-08-28 14:06:35.726 [http-nio-8080-exec-1] DEBUG o.s.web.servlet.DispatcherServlet - Detected FixedThemeResolver
2025-08-28 14:06:35.727 [http-nio-8080-exec-1] DEBUG o.s.web.servlet.DispatcherServlet - Detected org.springframework.web.servlet.view.DefaultRequestToViewNameTranslator@f75d111
2025-08-28 14:06:35.727 [http-nio-8080-exec-1] DEBUG o.s.web.servlet.DispatcherServlet - Detected org.springframework.web.servlet.support.SessionFlashMapManager@2adf8e17
2025-08-28 14:06:35.727 [http-nio-8080-exec-1] DEBUG o.s.web.servlet.DispatcherServlet - enableLoggingRequestDetails='false': request parameters and headers will be masked to prevent unsafe logging of potentially sensitive data
2025-08-28 14:06:35.727 [http-nio-8080-exec-1] INFO  o.s.web.servlet.DispatcherServlet - Completed initialization in 2 ms
2025-08-28 14:06:35.754 [http-nio-8080-exec-1] DEBUG o.s.security.web.FilterChainProxy - Securing GET /swagger-ui/index.html
2025-08-28 14:06:35.770 [http-nio-8080-exec-1] DEBUG o.s.s.w.a.AnonymousAuthenticationFilter - Set SecurityContextHolder to anonymous SecurityContext
2025-08-28 14:06:35.774 [http-nio-8080-exec-1] DEBUG o.s.security.web.FilterChainProxy - Secured GET /swagger-ui/index.html
2025-08-28 14:06:35.778 [http-nio-8080-exec-1] DEBUG o.s.web.servlet.DispatcherServlet - GET "/swagger-ui/index.html", parameters={}
2025-08-28 14:06:35.780 [http-nio-8080-exec-1] DEBUG o.s.w.s.h.SimpleUrlHandlerMapping - Mapped to ResourceHttpRequestHandler [classpath [META-INF/resources/webjars/]]
2025-08-28 14:06:35.784 [http-nio-8080-exec-1] DEBUG o.s.o.j.s.OpenEntityManagerInViewInterceptor - Opening JPA EntityManager in OpenEntityManagerInViewInterceptor
2025-08-28 14:06:35.838 [http-nio-8080-exec-1] DEBUG o.s.o.j.s.OpenEntityManagerInViewInterceptor - Closing JPA EntityManager in OpenEntityManagerInViewInterceptor
2025-08-28 14:06:35.839 [http-nio-8080-exec-1] DEBUG o.s.web.servlet.DispatcherServlet - Completed 200 OK
2025-08-28 14:06:35.894 [http-nio-8080-exec-3] DEBUG o.s.security.web.FilterChainProxy - Securing GET /swagger-ui/swagger-ui.css
2025-08-28 14:06:35.895 [http-nio-8080-exec-4] DEBUG o.s.security.web.FilterChainProxy - Securing GET /swagger-ui/index.css
2025-08-28 14:06:35.897 [http-nio-8080-exec-4] DEBUG o.s.s.w.a.AnonymousAuthenticationFilter - Set SecurityContextHolder to anonymous SecurityContext
2025-08-28 14:06:35.897 [http-nio-8080-exec-3] DEBUG o.s.s.w.a.AnonymousAuthenticationFilter - Set SecurityContextHolder to anonymous SecurityContext
2025-08-28 14:06:35.898 [http-nio-8080-exec-3] DEBUG o.s.security.web.FilterChainProxy - Secured GET /swagger-ui/swagger-ui.css
2025-08-28 14:06:35.898 [http-nio-8080-exec-4] DEBUG o.s.security.web.FilterChainProxy - Secured GET /swagger-ui/index.css
2025-08-28 14:06:35.898 [http-nio-8080-exec-4] DEBUG o.s.web.servlet.DispatcherServlet - GET "/swagger-ui/index.css", parameters={}
2025-08-28 14:06:35.898 [http-nio-8080-exec-3] DEBUG o.s.web.servlet.DispatcherServlet - GET "/swagger-ui/swagger-ui.css", parameters={}
2025-08-28 14:06:35.898 [http-nio-8080-exec-4] DEBUG o.s.w.s.h.SimpleUrlHandlerMapping - Mapped to ResourceHttpRequestHandler [classpath [META-INF/resources/webjars/]]
2025-08-28 14:06:35.899 [http-nio-8080-exec-3] DEBUG o.s.w.s.h.SimpleUrlHandlerMapping - Mapped to ResourceHttpRequestHandler [classpath [META-INF/resources/webjars/]]
2025-08-28 14:06:35.899 [http-nio-8080-exec-4] DEBUG o.s.o.j.s.OpenEntityManagerInViewInterceptor - Opening JPA EntityManager in OpenEntityManagerInViewInterceptor
2025-08-28 14:06:35.899 [http-nio-8080-exec-3] DEBUG o.s.o.j.s.OpenEntityManagerInViewInterceptor - Opening JPA EntityManager in OpenEntityManagerInViewInterceptor
2025-08-28 14:06:35.904 [http-nio-8080-exec-5] DEBUG o.s.security.web.FilterChainProxy - Securing GET /swagger-ui/swagger-ui-standalone-preset.js
2025-08-28 14:06:35.904 [http-nio-8080-exec-6] DEBUG o.s.security.web.FilterChainProxy - Securing GET /swagger-ui/swagger-initializer.js
2025-08-28 14:06:35.904 [http-nio-8080-exec-2] DEBUG o.s.security.web.FilterChainProxy - Securing GET /swagger-ui/swagger-ui-bundle.js
2025-08-28 14:06:35.904 [http-nio-8080-exec-5] DEBUG o.s.s.w.a.AnonymousAuthenticationFilter - Set SecurityContextHolder to anonymous SecurityContext
2025-08-28 14:06:35.904 [http-nio-8080-exec-6] DEBUG o.s.s.w.a.AnonymousAuthenticationFilter - Set SecurityContextHolder to anonymous SecurityContext
2025-08-28 14:06:35.904 [http-nio-8080-exec-2] DEBUG o.s.s.w.a.AnonymousAuthenticationFilter - Set SecurityContextHolder to anonymous SecurityContext
2025-08-28 14:06:35.904 [http-nio-8080-exec-5] DEBUG o.s.security.web.FilterChainProxy - Secured GET /swagger-ui/swagger-ui-standalone-preset.js
2025-08-28 14:06:35.904 [http-nio-8080-exec-5] DEBUG o.s.web.servlet.DispatcherServlet - GET "/swagger-ui/swagger-ui-standalone-preset.js", parameters={}
2025-08-28 14:06:35.904 [http-nio-8080-exec-2] DEBUG o.s.security.web.FilterChainProxy - Secured GET /swagger-ui/swagger-ui-bundle.js
2025-08-28 14:06:35.904 [http-nio-8080-exec-4] DEBUG o.s.o.j.s.OpenEntityManagerInViewInterceptor - Closing JPA EntityManager in OpenEntityManagerInViewInterceptor
2025-08-28 14:06:35.904 [http-nio-8080-exec-2] DEBUG o.s.web.servlet.DispatcherServlet - GET "/swagger-ui/swagger-ui-bundle.js", parameters={}
2025-08-28 14:06:35.906 [http-nio-8080-exec-4] DEBUG o.s.web.servlet.DispatcherServlet - Completed 200 OK
2025-08-28 14:06:35.904 [http-nio-8080-exec-6] DEBUG o.s.security.web.FilterChainProxy - Secured GET /swagger-ui/swagger-initializer.js
2025-08-28 14:06:35.906 [http-nio-8080-exec-6] DEBUG o.s.web.servlet.DispatcherServlet - GET "/swagger-ui/swagger-initializer.js", parameters={}
2025-08-28 14:06:35.906 [http-nio-8080-exec-2] DEBUG o.s.w.s.h.SimpleUrlHandlerMapping - Mapped to ResourceHttpRequestHandler [classpath [META-INF/resources/webjars/]]
2025-08-28 14:06:35.906 [http-nio-8080-exec-5] DEBUG o.s.w.s.h.SimpleUrlHandlerMapping - Mapped to ResourceHttpRequestHandler [classpath [META-INF/resources/webjars/]]
2025-08-28 14:06:35.908 [http-nio-8080-exec-5] DEBUG o.s.o.j.s.OpenEntityManagerInViewInterceptor - Opening JPA EntityManager in OpenEntityManagerInViewInterceptor
2025-08-28 14:06:35.906 [http-nio-8080-exec-2] DEBUG o.s.o.j.s.OpenEntityManagerInViewInterceptor - Opening JPA EntityManager in OpenEntityManagerInViewInterceptor
2025-08-28 14:06:35.908 [http-nio-8080-exec-6] DEBUG o.s.w.s.h.SimpleUrlHandlerMapping - Mapped to ResourceHttpRequestHandler [classpath [META-INF/resources/webjars/]]
2025-08-28 14:06:35.911 [http-nio-8080-exec-3] DEBUG o.s.o.j.s.OpenEntityManagerInViewInterceptor - Closing JPA EntityManager in OpenEntityManagerInViewInterceptor
2025-08-28 14:06:35.911 [http-nio-8080-exec-3] DEBUG o.s.web.servlet.DispatcherServlet - Completed 200 OK
2025-08-28 14:06:35.911 [http-nio-8080-exec-6] DEBUG o.s.o.j.s.OpenEntityManagerInViewInterceptor - Opening JPA EntityManager in OpenEntityManagerInViewInterceptor
2025-08-28 14:06:35.922 [http-nio-8080-exec-5] DEBUG o.s.o.j.s.OpenEntityManagerInViewInterceptor - Closing JPA EntityManager in OpenEntityManagerInViewInterceptor
2025-08-28 14:06:35.923 [http-nio-8080-exec-5] DEBUG o.s.web.servlet.DispatcherServlet - Completed 200 OK
2025-08-28 14:06:35.940 [http-nio-8080-exec-2] DEBUG o.s.o.j.s.OpenEntityManagerInViewInterceptor - Closing JPA EntityManager in OpenEntityManagerInViewInterceptor
2025-08-28 14:06:35.941 [http-nio-8080-exec-2] DEBUG o.s.web.servlet.DispatcherServlet - Completed 200 OK
2025-08-28 14:06:35.943 [http-nio-8080-exec-6] DEBUG o.s.o.j.s.OpenEntityManagerInViewInterceptor - Closing JPA EntityManager in OpenEntityManagerInViewInterceptor
2025-08-28 14:06:35.943 [http-nio-8080-exec-6] DEBUG o.s.web.servlet.DispatcherServlet - Completed 200 OK
2025-08-28 14:06:36.059 [http-nio-8080-exec-7] DEBUG o.s.security.web.FilterChainProxy - Securing GET /api-docs/swagger-config
2025-08-28 14:06:36.060 [http-nio-8080-exec-7] DEBUG o.s.s.w.a.AnonymousAuthenticationFilter - Set SecurityContextHolder to anonymous SecurityContext
2025-08-28 14:06:36.061 [http-nio-8080-exec-7] DEBUG o.s.security.web.FilterChainProxy - Secured GET /api-docs/swagger-config
2025-08-28 14:06:36.061 [http-nio-8080-exec-7] DEBUG o.s.web.servlet.DispatcherServlet - GET "/api-docs/swagger-config", parameters={}
2025-08-28 14:06:36.062 [http-nio-8080-exec-7] DEBUG o.s.w.s.m.m.a.RequestMappingHandlerMapping - Mapped to org.springdoc.webmvc.ui.SwaggerConfigResource#openapiJson(HttpServletRequest)
2025-08-28 14:06:36.062 [http-nio-8080-exec-7] DEBUG o.s.o.j.s.OpenEntityManagerInViewInterceptor - Opening JPA EntityManager in OpenEntityManagerInViewInterceptor
2025-08-28 14:06:36.105 [http-nio-8080-exec-7] DEBUG o.s.w.s.m.m.a.RequestResponseBodyMethodProcessor - Using 'application/json', given [*/*] and supported [application/json]
2025-08-28 14:06:36.117 [http-nio-8080-exec-7] DEBUG o.s.w.s.m.m.a.RequestResponseBodyMethodProcessor - Writing [{configUrl=/api-docs/swagger-config, oauth2RedirectUrl=http://localhost:8080/swagger-ui/oauth2-redir (truncated)...]
2025-08-28 14:06:36.135 [http-nio-8080-exec-7] DEBUG o.s.o.j.s.OpenEntityManagerInViewInterceptor - Closing JPA EntityManager in OpenEntityManagerInViewInterceptor
2025-08-28 14:06:36.135 [http-nio-8080-exec-7] DEBUG o.s.web.servlet.DispatcherServlet - Completed 200 OK
2025-08-28 14:06:36.145 [http-nio-8080-exec-8] DEBUG o.s.security.web.FilterChainProxy - Securing GET /api-docs
2025-08-28 14:06:36.146 [http-nio-8080-exec-8] DEBUG o.s.s.w.a.AnonymousAuthenticationFilter - Set SecurityContextHolder to anonymous SecurityContext
2025-08-28 14:06:36.146 [http-nio-8080-exec-8] DEBUG o.s.security.web.FilterChainProxy - Secured GET /api-docs
2025-08-28 14:06:36.146 [http-nio-8080-exec-8] DEBUG o.s.web.servlet.DispatcherServlet - GET "/api-docs", parameters={}
2025-08-28 14:06:36.149 [http-nio-8080-exec-8] DEBUG o.s.w.s.m.m.a.RequestMappingHandlerMapping - Mapped to org.springdoc.webmvc.api.OpenApiWebMvcResource#openapiJson(HttpServletRequest, String, Locale)
2025-08-28 14:06:36.149 [http-nio-8080-exec-8] DEBUG o.s.o.j.s.OpenEntityManagerInViewInterceptor - Opening JPA EntityManager in OpenEntityManagerInViewInterceptor
2025-08-28 14:06:36.153 [http-nio-8080-exec-8] DEBUG o.s.c.e.PropertySourcesPropertyResolver - Found key 'springdoc.api-docs.path' in PropertySource 'environmentProperties' with value of type String
2025-08-28 14:06:38.341 [http-nio-8080-exec-8] INFO  o.s.api.AbstractOpenApiResource - Init duration for springdoc-openapi is: 2164 ms
2025-08-28 14:06:38.379 [http-nio-8080-exec-8] DEBUG o.s.w.s.m.m.a.RequestResponseBodyMethodProcessor - Using 'application/json', given [application/json, */*] and supported [application/json]
2025-08-28 14:06:38.389 [http-nio-8080-exec-8] DEBUG o.s.w.s.m.m.a.RequestResponseBodyMethodProcessor - Writing [{123, 34, 111, 112, 101, 110, 97, 112, 105, 34, 58, 34, 51, 46, 49, 46, 48, 34, 44, 34, 105, 110, 10 (truncated)...]
2025-08-28 14:06:38.389 [http-nio-8080-exec-8] DEBUG o.s.o.j.s.OpenEntityManagerInViewInterceptor - Closing JPA EntityManager in OpenEntityManagerInViewInterceptor
2025-08-28 14:06:38.391 [http-nio-8080-exec-8] DEBUG o.s.web.servlet.DispatcherServlet - Completed 200 OK
2025-08-28 14:07:21.813 [http-nio-8080-exec-9] DEBUG o.s.security.web.FilterChainProxy - Securing POST /api/auth/login
2025-08-28 14:07:21.815 [http-nio-8080-exec-9] DEBUG o.s.s.w.a.AnonymousAuthenticationFilter - Set SecurityContextHolder to anonymous SecurityContext
2025-08-28 14:07:21.815 [http-nio-8080-exec-9] DEBUG o.s.security.web.FilterChainProxy - Secured POST /api/auth/login
2025-08-28 14:07:21.815 [http-nio-8080-exec-9] DEBUG o.s.web.servlet.DispatcherServlet - POST "/api/auth/login", parameters={}
2025-08-28 14:07:21.815 [http-nio-8080-exec-9] DEBUG o.s.w.s.m.m.a.RequestMappingHandlerMapping - Mapped to com.dailybrief.controller.AuthController#login(LoginRequestDTO)
2025-08-28 14:07:21.815 [http-nio-8080-exec-9] DEBUG o.s.o.j.s.OpenEntityManagerInViewInterceptor - Opening JPA EntityManager in OpenEntityManagerInViewInterceptor
2025-08-28 14:07:21.865 [http-nio-8080-exec-9] DEBUG o.s.w.s.m.m.a.RequestResponseBodyMethodProcessor - Read "application/json;charset=UTF-8" to [LoginRequestDTO[email=admin_py@dailybrief.com, password=$botPyth0n##]]
2025-08-28 14:07:22.170 [http-nio-8080-exec-9] DEBUG org.hibernate.SQL - select u1_0.id,u1_0.email,u1_0.password from tbl_user u1_0 where u1_0.email=?
2025-08-28 14:07:22.924 [http-nio-8080-exec-9] DEBUG o.s.w.s.m.m.a.HttpEntityMethodProcessor - Using 'application/json', given [*/*] and supported [application/json, application/*+json, application/yaml]
2025-08-28 14:07:22.927 [http-nio-8080-exec-9] DEBUG o.s.w.s.m.m.a.HttpEntityMethodProcessor - Writing [LoginResponseDTO[token=eyJhbGciOiJIUzUxMiJ9.eyJzdWIiOiJhZG1pbl9weUBkYWlseWJyaWVmLmNvbSIsImlhdCI6MTc1 (truncated)...]
2025-08-28 14:07:22.928 [http-nio-8080-exec-9] DEBUG o.s.o.j.s.OpenEntityManagerInViewInterceptor - Closing JPA EntityManager in OpenEntityManagerInViewInterceptor
2025-08-28 14:07:22.928 [http-nio-8080-exec-9] DEBUG o.s.web.servlet.DispatcherServlet - Completed 200 OK
2025-08-28 14:08:46.681 [http-nio-8080-exec-2] DEBUG o.s.security.web.FilterChainProxy - Securing POST /api/logs
2025-08-28 14:08:46.681 [http-nio-8080-exec-2] DEBUG o.s.s.w.a.AnonymousAuthenticationFilter - Set SecurityContextHolder to anonymous SecurityContext
2025-08-28 14:08:46.682 [http-nio-8080-exec-2] DEBUG o.s.security.web.FilterChainProxy - Secured POST /api/logs
2025-08-28 14:08:46.682 [http-nio-8080-exec-2] DEBUG o.s.web.servlet.DispatcherServlet - POST "/api/logs", parameters={}
2025-08-28 14:08:46.682 [http-nio-8080-exec-2] DEBUG o.s.w.s.m.m.a.RequestMappingHandlerMapping - Mapped to com.dailybrief.controller.LogController#logAction(LogRequestDTO)
2025-08-28 14:08:46.683 [http-nio-8080-exec-2] DEBUG o.s.o.j.s.OpenEntityManagerInViewInterceptor - Opening JPA EntityManager in OpenEntityManagerInViewInterceptor
2025-08-28 14:08:46.700 [http-nio-8080-exec-2] DEBUG o.s.web.method.HandlerMethod - Could not resolve parameter [0] in public org.springframework.http.ResponseEntity<com.dailybrief.dto.LogResponseDTO> com.dailybrief.controller.LogController.logAction(com.dailybrief.dto.LogRequestDTO): JSON parse error: Cannot deserialize value of type `java.time.Instant` from String "2025-08-28T17:08:46.667554": Failed to deserialize java.time.Instant: (java.time.format.DateTimeParseException) Text '2025-08-28T17:08:46.667554' could not be parsed at index 26
2025-08-28 14:08:46.703 [http-nio-8080-exec-2] DEBUG o.s.w.s.m.m.a.ExceptionHandlerExceptionResolver - Using @ExceptionHandler com.dailybrief.exception.GlobalExceptionHandler#handleGenericException(Exception)
2025-08-28 14:08:46.710 [http-nio-8080-exec-2] DEBUG o.s.w.s.m.m.a.HttpEntityMethodProcessor - Using 'application/json', given [*/*] and supported [application/json, application/*+json, application/yaml]
2025-08-28 14:08:46.710 [http-nio-8080-exec-2] DEBUG o.s.w.s.m.m.a.HttpEntityMethodProcessor - Writing [com.dailybrief.exception.ErrorResponse@7356459f]
2025-08-28 14:08:46.714 [http-nio-8080-exec-2] WARN  o.s.w.s.m.m.a.ExceptionHandlerExceptionResolver - Resolved [org.springframework.http.converter.HttpMessageNotReadableException: JSON parse error: Cannot deserialize value of type `java.time.Instant` from String "2025-08-28T17:08:46.667554": Failed to deserialize java.time.Instant: (java.time.format.DateTimeParseException) Text '2025-08-28T17:08:46.667554' could not be parsed at index 26]
2025-08-28 14:08:46.714 [http-nio-8080-exec-2] DEBUG o.s.o.j.s.OpenEntityManagerInViewInterceptor - Closing JPA EntityManager in OpenEntityManagerInViewInterceptor
2025-08-28 14:08:46.716 [http-nio-8080-exec-2] DEBUG o.s.web.servlet.DispatcherServlet - Completed 500 INTERNAL_SERVER_ERROR
2025-08-28 14:50:10.664 [http-nio-8080-exec-6] DEBUG o.s.security.web.FilterChainProxy - Securing POST /api/auth/login
2025-08-28 14:50:10.669 [http-nio-8080-exec-6] DEBUG o.s.s.w.a.AnonymousAuthenticationFilter - Set SecurityContextHolder to anonymous SecurityContext
2025-08-28 14:50:10.669 [http-nio-8080-exec-6] DEBUG o.s.security.web.FilterChainProxy - Secured POST /api/auth/login
2025-08-28 14:50:10.675 [http-nio-8080-exec-6] DEBUG o.s.web.servlet.DispatcherServlet - POST "/api/auth/login", parameters={}
2025-08-28 14:50:10.676 [http-nio-8080-exec-6] DEBUG o.s.w.s.m.m.a.RequestMappingHandlerMapping - Mapped to com.dailybrief.controller.AuthController#login(LoginRequestDTO)
2025-08-28 14:50:10.677 [http-nio-8080-exec-6] DEBUG o.s.o.j.s.OpenEntityManagerInViewInterceptor - Opening JPA EntityManager in OpenEntityManagerInViewInterceptor
2025-08-28 14:50:10.693 [http-nio-8080-exec-6] DEBUG o.s.w.s.m.m.a.RequestResponseBodyMethodProcessor - Read "application/json;charset=UTF-8" to [LoginRequestDTO[email=admin_py@dailybrief.com, password=$botPyth0n##]]
2025-08-28 14:50:10.711 [http-nio-8080-exec-6] DEBUG org.hibernate.SQL - select u1_0.id,u1_0.email,u1_0.password from tbl_user u1_0 where u1_0.email=?
2025-08-28 14:50:11.234 [http-nio-8080-exec-6] DEBUG o.s.w.s.m.m.a.HttpEntityMethodProcessor - Using 'application/json', given [*/*] and supported [application/json, application/*+json, application/yaml]
2025-08-28 14:50:11.234 [http-nio-8080-exec-6] DEBUG o.s.w.s.m.m.a.HttpEntityMethodProcessor - Writing [LoginResponseDTO[token=eyJhbGciOiJIUzUxMiJ9.eyJzdWIiOiJhZG1pbl9weUBkYWlseWJyaWVmLmNvbSIsImlhdCI6MTc1 (truncated)...]
2025-08-28 14:50:11.242 [http-nio-8080-exec-6] DEBUG o.s.o.j.s.OpenEntityManagerInViewInterceptor - Closing JPA EntityManager in OpenEntityManagerInViewInterceptor
2025-08-28 14:50:11.243 [http-nio-8080-exec-6] DEBUG o.s.web.servlet.DispatcherServlet - Completed 200 OK
2025-08-28 15:17:29.359 [background-preinit] INFO  o.h.validator.internal.util.Version - HV000001: Hibernate Validator 8.0.2.Final
2025-08-28 15:17:29.550 [restartedMain] INFO  c.dailybrief.DailybriefApplication - Starting DailybriefApplication using Java 21.0.6 with PID 23652 (C:\Xandão\SpringBoot\dailybrief\target\classes started by plata in C:\Xandão\SpringBoot\dailybrief)
2025-08-28 15:17:29.552 [restartedMain] DEBUG c.dailybrief.DailybriefApplication - Running with Spring Boot v3.4.5, Spring v6.2.6
2025-08-28 15:17:29.554 [restartedMain] INFO  c.dailybrief.DailybriefApplication - The following 1 profile is active: "dev"
2025-08-28 15:17:29.555 [restartedMain] DEBUG o.s.boot.SpringApplication - Loading source class com.dailybrief.DailybriefApplication
2025-08-28 15:17:29.664 [restartedMain] DEBUG o.s.b.d.restart.ChangeableUrls - Matching URLs for reloading : [file:/C:/Xandão/SpringBoot/dailybrief/target/classes/]
2025-08-28 15:17:29.665 [restartedMain] DEBUG o.s.b.d.settings.DevToolsSettings - Included patterns for restart : []
2025-08-28 15:17:29.665 [restartedMain] DEBUG o.s.b.d.settings.DevToolsSettings - Excluded patterns for restart : [/spring-boot-starter-[\w-]+/, /spring-boot/(bin|build|out)/, /spring-boot-starter/(bin|build|out)/, /spring-boot-devtools/(bin|build|out)/, /spring-boot-actuator/(bin|build|out)/, /spring-boot-autoconfigure/(bin|build|out)/]
2025-08-28 15:17:29.665 [restartedMain] INFO  o.s.b.d.e.DevToolsPropertyDefaultsPostProcessor - Devtools property defaults active! Set 'spring.devtools.add-properties' to 'false' to disable
2025-08-28 15:17:29.665 [restartedMain] INFO  o.s.b.d.e.DevToolsPropertyDefaultsPostProcessor - For additional web related logging consider setting the 'logging.level.web' property to 'DEBUG'
2025-08-28 15:17:29.667 [restartedMain] DEBUG o.s.b.w.s.c.AnnotationConfigServletWebServerApplicationContext - Refreshing org.springframework.boot.web.servlet.context.AnnotationConfigServletWebServerApplicationContext@a3f2afd
2025-08-28 15:17:29.724 [restartedMain] DEBUG o.s.b.f.s.DefaultListableBeanFactory - Creating shared instance of singleton bean 'org.springframework.context.annotation.internalConfigurationAnnotationProcessor'
2025-08-28 15:17:29.770 [restartedMain] DEBUG o.s.b.f.s.DefaultListableBeanFactory - Creating shared instance of singleton bean 'org.springframework.boot.autoconfigure.internalCachingMetadataReaderFactory'
2025-08-28 15:17:29.931 [restartedMain] DEBUG o.s.c.a.ClassPathBeanDefinitionScanner - Identified candidate component class: file [C:\Xandão\SpringBoot\dailybrief\target\classes\com\dailybrief\config\ApplicationConfig.class]
2025-08-28 15:17:29.949 [restartedMain] DEBUG o.s.c.a.ClassPathBeanDefinitionScanner - Identified candidate component class: file [C:\Xandão\SpringBoot\dailybrief\target\classes\com\dailybrief\config\JwtAuthenticationFilter.class]
2025-08-28 15:17:29.970 [restartedMain] DEBUG o.s.c.a.ClassPathBeanDefinitionScanner - Identified candidate component class: file [C:\Xandão\SpringBoot\dailybrief\target\classes\com\dailybrief\config\JwtTokenProvider.class]
2025-08-28 15:17:29.984 [restartedMain] DEBUG o.s.c.a.ClassPathBeanDefinitionScanner - Identified candidate component class: file [C:\Xandão\SpringBoot\dailybrief\target\classes\com\dailybrief\config\LocaleConfig.class]
2025-08-28 15:17:30.032 [restartedMain] DEBUG o.s.c.a.ClassPathBeanDefinitionScanner - Identified candidate component class: file [C:\Xandão\SpringBoot\dailybrief\target\classes\com\dailybrief\config\SecurityConfig.class]
2025-08-28 15:17:30.051 [restartedMain] DEBUG o.s.c.a.ClassPathBeanDefinitionScanner - Identified candidate component class: file [C:\Xandão\SpringBoot\dailybrief\target\classes\com\dailybrief\config\SwaggerConfig.class]
2025-08-28 15:17:30.152 [restartedMain] DEBUG o.s.c.a.ClassPathBeanDefinitionScanner - Identified candidate component class: file [C:\Xandão\SpringBoot\dailybrief\target\classes\com\dailybrief\controller\AdminController.class]
2025-08-28 15:17:30.166 [restartedMain] DEBUG o.s.c.a.ClassPathBeanDefinitionScanner - Identified candidate component class: file [C:\Xandão\SpringBoot\dailybrief\target\classes\com\dailybrief\controller\AuthController.class]
2025-08-28 15:17:30.192 [restartedMain] DEBUG o.s.c.a.ClassPathBeanDefinitionScanner - Identified candidate component class: file [C:\Xandão\SpringBoot\dailybrief\target\classes\com\dailybrief\controller\AutomationController.class]
2025-08-28 15:17:30.207 [restartedMain] DEBUG o.s.c.a.ClassPathBeanDefinitionScanner - Identified candidate component class: file [C:\Xandão\SpringBoot\dailybrief\target\classes\com\dailybrief\controller\DashboardController.class]
2025-08-28 15:17:30.228 [restartedMain] DEBUG o.s.c.a.ClassPathBeanDefinitionScanner - Identified candidate component class: file [C:\Xandão\SpringBoot\dailybrief\target\classes\com\dailybrief\controller\LogController.class]
2025-08-28 15:17:30.242 [restartedMain] DEBUG o.s.c.a.ClassPathBeanDefinitionScanner - Identified candidate component class: file [C:\Xandão\SpringBoot\dailybrief\target\classes\com\dailybrief\controller\MaterialProcessController.class]
2025-08-28 15:17:30.261 [restartedMain] DEBUG o.s.c.a.ClassPathBeanDefinitionScanner - Identified candidate component class: file [C:\Xandão\SpringBoot\dailybrief\target\classes\com\dailybrief\controller\PostController.class]
2025-08-28 15:17:30.692 [restartedMain] DEBUG o.s.c.a.ClassPathBeanDefinitionScanner - Identified candidate component class: file [C:\Xandão\SpringBoot\dailybrief\target\classes\com\dailybrief\exception\GlobalExceptionHandler.class]
2025-08-28 15:17:30.724 [restartedMain] DEBUG o.s.c.a.ClassPathBeanDefinitionScanner - Identified candidate component class: file [C:\Xandão\SpringBoot\dailybrief\target\classes\com\dailybrief\mapper\AutomationMapperImpl.class]
2025-08-28 15:17:30.760 [restartedMain] DEBUG o.s.c.a.ClassPathBeanDefinitionScanner - Identified candidate component class: file [C:\Xandão\SpringBoot\dailybrief\target\classes\com\dailybrief\mapper\LogMapperImpl.class]
2025-08-28 15:17:30.791 [restartedMain] DEBUG o.s.c.a.ClassPathBeanDefinitionScanner - Identified candidate component class: file [C:\Xandão\SpringBoot\dailybrief\target\classes\com\dailybrief\mapper\MaterialProcessMapperImpl.class]
2025-08-28 15:17:30.807 [restartedMain] DEBUG o.s.c.a.ClassPathBeanDefinitionScanner - Identified candidate component class: file [C:\Xandão\SpringBoot\dailybrief\target\classes\com\dailybrief\mapper\PostMapper.class]
2025-08-28 15:17:30.838 [restartedMain] DEBUG o.s.c.a.ClassPathBeanDefinitionScanner - Identified candidate component class: file [C:\Xandão\SpringBoot\dailybrief\target\classes\com\dailybrief\mapper\TrendingTopicSuggestionMapperImpl.class]
2025-08-28 15:17:30.987 [restartedMain] DEBUG o.s.c.a.ClassPathBeanDefinitionScanner - Ignored because not a concrete top-level class: file [C:\Xandão\SpringBoot\dailybrief\target\classes\com\dailybrief\repository\MaterialProcessRepository.class]
2025-08-28 15:17:31.010 [restartedMain] DEBUG o.s.c.a.ClassPathBeanDefinitionScanner - Ignored because not a concrete top-level class: file [C:\Xandão\SpringBoot\dailybrief\target\classes\com\dailybrief\repository\PostRepository.class]
2025-08-28 15:17:31.026 [restartedMain] DEBUG o.s.c.a.ClassPathBeanDefinitionScanner - Ignored because not a concrete top-level class: file [C:\Xandão\SpringBoot\dailybrief\target\classes\com\dailybrief\repository\TrendingTopicSuggestionRepository.class]
2025-08-28 15:17:31.097 [restartedMain] DEBUG o.s.c.a.ClassPathBeanDefinitionScanner - Identified candidate component class: file [C:\Xandão\SpringBoot\dailybrief\target\classes\com\dailybrief\service\impl\AnalyticsServiceImpl.class]
2025-08-28 15:17:31.109 [restartedMain] DEBUG o.s.c.a.ClassPathBeanDefinitionScanner - Identified candidate component class: file [C:\Xandão\SpringBoot\dailybrief\target\classes\com\dailybrief\service\impl\AuthServiceImpl.class]
2025-08-28 15:17:31.124 [restartedMain] DEBUG o.s.c.a.ClassPathBeanDefinitionScanner - Identified candidate component class: file [C:\Xandão\SpringBoot\dailybrief\target\classes\com\dailybrief\service\impl\AutomationServiceImpl.class]
2025-08-28 15:17:31.135 [restartedMain] DEBUG o.s.c.a.ClassPathBeanDefinitionScanner - Identified candidate component class: file [C:\Xandão\SpringBoot\dailybrief\target\classes\com\dailybrief\service\impl\DashboardServiceImpl.class]
2025-08-28 15:17:31.146 [restartedMain] DEBUG o.s.c.a.ClassPathBeanDefinitionScanner - Identified candidate component class: file [C:\Xandão\SpringBoot\dailybrief\target\classes\com\dailybrief\service\impl\LogServiceImpl.class]
2025-08-28 15:17:31.188 [restartedMain] DEBUG o.s.c.a.ClassPathBeanDefinitionScanner - Identified candidate component class: file [C:\Xandão\SpringBoot\dailybrief\target\classes\com\dailybrief\service\impl\MaterialProcessServiceImpl.class]
2025-08-28 15:17:31.207 [restartedMain] DEBUG o.s.c.a.ClassPathBeanDefinitionScanner - Identified candidate component class: file [C:\Xandão\SpringBoot\dailybrief\target\classes\com\dailybrief\service\impl\PostServiceImpl.class]
2025-08-28 15:17:31.225 [restartedMain] DEBUG o.s.c.a.ClassPathBeanDefinitionScanner - Identified candidate component class: file [C:\Xandão\SpringBoot\dailybrief\target\classes\com\dailybrief\service\impl\UserServiceImpl.class]
2025-08-28 15:17:32.567 [restartedMain] INFO  o.s.d.r.c.RepositoryConfigurationDelegate - Bootstrapping Spring Data JPA repositories in DEFAULT mode.
2025-08-28 15:17:32.586 [restartedMain] DEBUG o.s.b.f.s.DefaultListableBeanFactory - Creating shared instance of singleton bean 'org.springframework.boot.autoconfigure.AutoConfigurationPackages'
2025-08-28 15:17:32.598 [restartedMain] DEBUG o.s.b.a.AutoConfigurationPackages - @EnableAutoConfiguration was declared on a class in the package 'com.dailybrief'. Automatic @Repository and @Entity scanning is enabled.
2025-08-28 15:17:32.598 [restartedMain] DEBUG o.s.d.r.c.RepositoryConfigurationDelegate - Scanning for JPA repositories in packages com.dailybrief.
2025-08-28 15:17:32.626 [restartedMain] DEBUG o.s.d.r.c.RepositoryComponentProvider - Identified candidate component class: file [C:\Xandão\SpringBoot\dailybrief\target\classes\com\dailybrief\repository\AutomationRepository.class]
2025-08-28 15:17:32.626 [restartedMain] DEBUG o.s.d.r.c.RepositoryComponentProvider - Identified candidate component class: file [C:\Xandão\SpringBoot\dailybrief\target\classes\com\dailybrief\repository\LogRepository.class]
2025-08-28 15:17:32.627 [restartedMain] DEBUG o.s.d.r.c.RepositoryComponentProvider - Identified candidate component class: file [C:\Xandão\SpringBoot\dailybrief\target\classes\com\dailybrief\repository\MaterialProcessRepository.class]
2025-08-28 15:17:32.627 [restartedMain] DEBUG o.s.d.r.c.RepositoryComponentProvider - Identified candidate component class: file [C:\Xandão\SpringBoot\dailybrief\target\classes\com\dailybrief\repository\PostRepository.class]
2025-08-28 15:17:32.627 [restartedMain] DEBUG o.s.d.r.c.RepositoryComponentProvider - Identified candidate component class: file [C:\Xandão\SpringBoot\dailybrief\target\classes\com\dailybrief\repository\TrendingTopicSuggestionRepository.class]
2025-08-28 15:17:32.627 [restartedMain] DEBUG o.s.d.r.c.RepositoryComponentProvider - Identified candidate component class: file [C:\Xandão\SpringBoot\dailybrief\target\classes\com\dailybrief\repository\UserRepository.class]
2025-08-28 15:17:32.837 [restartedMain] DEBUG o.s.c.a.ClassPathScanningCandidateComponentProvider - Identified candidate component class: file [C:\Xandão\SpringBoot\dailybrief\target\classes\com\dailybrief\mapper\AutomationMapperImpl.class]
2025-08-28 15:17:32.837 [restartedMain] DEBUG o.s.c.a.ClassPathScanningCandidateComponentProvider - Identified candidate component class: file [C:\Xandão\SpringBoot\dailybrief\target\classes\com\dailybrief\mapper\LogMapperImpl.class]
2025-08-28 15:17:32.837 [restartedMain] DEBUG o.s.c.a.ClassPathScanningCandidateComponentProvider - Identified candidate component class: file [C:\Xandão\SpringBoot\dailybrief\target\classes\com\dailybrief\mapper\MaterialProcessMapperImpl.class]
2025-08-28 15:17:32.838 [restartedMain] DEBUG o.s.c.a.ClassPathScanningCandidateComponentProvider - Identified candidate component class: file [C:\Xandão\SpringBoot\dailybrief\target\classes\com\dailybrief\mapper\TrendingTopicSuggestionMapperImpl.class]
2025-08-28 15:17:32.838 [restartedMain] DEBUG o.s.c.a.ClassPathScanningCandidateComponentProvider - Identified candidate component class: file [C:\Xandão\SpringBoot\dailybrief\target\classes\com\dailybrief\service\impl\AnalyticsServiceImpl.class]
2025-08-28 15:17:32.838 [restartedMain] DEBUG o.s.c.a.ClassPathScanningCandidateComponentProvider - Identified candidate component class: file [C:\Xandão\SpringBoot\dailybrief\target\classes\com\dailybrief\service\impl\AuthServiceImpl.class]
2025-08-28 15:17:32.838 [restartedMain] DEBUG o.s.c.a.ClassPathScanningCandidateComponentProvider - Identified candidate component class: file [C:\Xandão\SpringBoot\dailybrief\target\classes\com\dailybrief\service\impl\AutomationServiceImpl.class]
2025-08-28 15:17:32.838 [restartedMain] DEBUG o.s.c.a.ClassPathScanningCandidateComponentProvider - Identified candidate component class: file [C:\Xandão\SpringBoot\dailybrief\target\classes\com\dailybrief\service\impl\DashboardServiceImpl.class]
2025-08-28 15:17:32.838 [restartedMain] DEBUG o.s.c.a.ClassPathScanningCandidateComponentProvider - Identified candidate component class: file [C:\Xandão\SpringBoot\dailybrief\target\classes\com\dailybrief\service\impl\LogServiceImpl.class]
2025-08-28 15:17:32.838 [restartedMain] DEBUG o.s.c.a.ClassPathScanningCandidateComponentProvider - Identified candidate component class: file [C:\Xandão\SpringBoot\dailybrief\target\classes\com\dailybrief\service\impl\MaterialProcessServiceImpl.class]
2025-08-28 15:17:32.838 [restartedMain] DEBUG o.s.c.a.ClassPathScanningCandidateComponentProvider - Identified candidate component class: file [C:\Xandão\SpringBoot\dailybrief\target\classes\com\dailybrief\service\impl\PostServiceImpl.class]
2025-08-28 15:17:32.838 [restartedMain] DEBUG o.s.c.a.ClassPathScanningCandidateComponentProvider - Identified candidate component class: file [C:\Xandão\SpringBoot\dailybrief\target\classes\com\dailybrief\service\impl\UserServiceImpl.class]
2025-08-28 15:17:32.877 [restartedMain] INFO  o.s.d.r.c.RepositoryConfigurationDelegate - Finished Spring Data repository scanning in 274 ms. Found 6 JPA repository interfaces.
2025-08-28 15:17:33.178 [restartedMain] DEBUG o.s.b.f.s.DefaultListableBeanFactory - Creating shared instance of singleton bean 'springSecurityHandlerMappingIntrospectorBeanDefinitionRegistryPostProcessor'
2025-08-28 15:17:33.295 [restartedMain] DEBUG o.s.b.f.s.DefaultListableBeanFactory - Creating shared instance of singleton bean 'propertySourcesPlaceholderConfigurer'
2025-08-28 15:17:33.304 [restartedMain] DEBUG o.s.b.f.s.DefaultListableBeanFactory - Creating shared instance of singleton bean 'emBeanDefinitionRegistrarPostProcessor'
2025-08-28 15:17:33.305 [restartedMain] DEBUG o.s.b.f.s.DefaultListableBeanFactory - Creating shared instance of singleton bean 'org.springframework.boot.sql.init.dependency.DatabaseInitializationDependencyConfigurer$DependsOnDatabaseInitializationPostProcessor'
2025-08-28 15:17:33.305 [restartedMain] DEBUG o.s.b.f.s.DefaultListableBeanFactory - Creating shared instance of singleton bean 'org.springframework.boot.devtools.autoconfigure.DevToolsDataSourceAutoConfiguration$DatabaseShutdownExecutorEntityManagerFactoryDependsOnPostProcessor'
2025-08-28 15:17:33.400 [restartedMain] DEBUG o.s.b.f.s.DefaultListableBeanFactory - Creating shared instance of singleton bean 'org.springframework.context.event.internalEventListenerProcessor'
2025-08-28 15:17:33.405 [restartedMain] DEBUG o.s.b.f.s.DefaultListableBeanFactory - Creating shared instance of singleton bean 'conversionServicePostProcessor'
2025-08-28 15:17:33.425 [restartedMain] DEBUG o.s.b.f.s.DefaultListableBeanFactory - Creating shared instance of singleton bean 'preserveErrorControllerTargetClassPostProcessor'
2025-08-28 15:17:33.426 [restartedMain] DEBUG o.s.b.f.s.DefaultListableBeanFactory - Creating shared instance of singleton bean 'org.springframework.context.event.internalEventListenerFactory'
2025-08-28 15:17:33.427 [restartedMain] DEBUG o.s.b.f.s.DefaultListableBeanFactory - Creating shared instance of singleton bean 'org.springframework.transaction.config.internalTransactionalEventListenerFactory'
2025-08-28 15:17:33.441 [restartedMain] DEBUG o.s.b.f.s.DefaultListableBeanFactory - Creating shared instance of singleton bean 'org.springframework.context.annotation.internalAutowiredAnnotationProcessor'
2025-08-28 15:17:33.454 [restartedMain] DEBUG o.s.b.f.s.DefaultListableBeanFactory - Creating shared instance of singleton bean 'org.springframework.context.annotation.internalCommonAnnotationProcessor'
2025-08-28 15:17:33.470 [restartedMain] DEBUG o.s.b.f.s.DefaultListableBeanFactory - Creating shared instance of singleton bean 'org.springframework.context.annotation.internalPersistenceAnnotationProcessor'
2025-08-28 15:17:33.471 [restartedMain] DEBUG o.s.b.f.s.DefaultListableBeanFactory - Creating shared instance of singleton bean 'org.springframework.boot.context.properties.ConfigurationPropertiesBindingPostProcessor'
2025-08-28 15:17:33.471 [restartedMain] DEBUG o.s.b.f.s.DefaultListableBeanFactory - Creating shared instance of singleton bean 'org.springframework.boot.context.internalConfigurationPropertiesBinder'
2025-08-28 15:17:33.476 [restartedMain] DEBUG o.s.b.f.s.DefaultListableBeanFactory - Creating shared instance of singleton bean 'jdbcConnectionDetailsHikariBeanPostProcessor'
2025-08-28 15:17:33.482 [restartedMain] DEBUG o.s.b.f.s.DefaultListableBeanFactory - Creating shared instance of singleton bean 'methodValidationPostProcessor'
2025-08-28 15:17:33.488 [restartedMain] DEBUG o.s.b.f.s.DefaultListableBeanFactory - Autowiring by type from bean name 'methodValidationPostProcessor' via factory method to bean named 'environment'
2025-08-28 15:17:33.523 [restartedMain] DEBUG o.s.b.f.s.DefaultListableBeanFactory - Creating shared instance of singleton bean 'org.springframework.boot.context.properties.EnableConfigurationPropertiesRegistrar.methodValidationExcludeFilter'
2025-08-28 15:17:33.568 [restartedMain] DEBUG o.s.b.f.s.DefaultListableBeanFactory - Creating shared instance of singleton bean 'org.springframework.aop.config.internalAutoProxyCreator'
2025-08-28 15:17:33.596 [restartedMain] DEBUG o.s.b.f.s.DefaultListableBeanFactory - Creating shared instance of singleton bean 'persistenceExceptionTranslationPostProcessor'
2025-08-28 15:17:33.598 [restartedMain] DEBUG o.s.b.f.s.DefaultListableBeanFactory - Autowiring by type from bean name 'persistenceExceptionTranslationPostProcessor' via factory method to bean named 'environment'
2025-08-28 15:17:33.602 [restartedMain] DEBUG o.s.b.f.s.DefaultListableBeanFactory - Creating shared instance of singleton bean 'webServerFactoryCustomizerBeanPostProcessor'
2025-08-28 15:17:33.604 [restartedMain] DEBUG o.s.b.f.s.DefaultListableBeanFactory - Creating shared instance of singleton bean 'errorPageRegistrarBeanPostProcessor'
2025-08-28 15:17:33.604 [restartedMain] DEBUG o.s.b.f.s.DefaultListableBeanFactory - Creating shared instance of singleton bean 'projectingArgumentResolverBeanPostProcessor'
2025-08-28 15:17:33.607 [restartedMain] DEBUG o.s.b.f.s.DefaultListableBeanFactory - Creating shared instance of singleton bean 'org.springframework.transaction.config.internalTransactionAdvisor'
2025-08-28 15:17:33.607 [restartedMain] DEBUG o.s.b.f.s.DefaultListableBeanFactory - Creating shared instance of singleton bean 'org.springframework.transaction.annotation.ProxyTransactionManagementConfiguration'
2025-08-28 15:17:33.648 [restartedMain] DEBUG o.s.b.f.s.DefaultListableBeanFactory - Creating shared instance of singleton bean 'transactionAttributeSource'
2025-08-28 15:17:33.670 [restartedMain] DEBUG o.s.b.f.s.DefaultListableBeanFactory - Creating shared instance of singleton bean 'transactionInterceptor'
2025-08-28 15:17:33.671 [restartedMain] DEBUG o.s.b.f.s.DefaultListableBeanFactory - Autowiring by type from bean name 'transactionInterceptor' via factory method to bean named 'transactionAttributeSource'
2025-08-28 15:17:33.686 [restartedMain] DEBUG o.s.b.f.s.DefaultListableBeanFactory - Autowiring by type from bean name 'org.springframework.transaction.config.internalTransactionAdvisor' via factory method to bean named 'transactionAttributeSource'
2025-08-28 15:17:33.688 [restartedMain] DEBUG o.s.b.f.s.DefaultListableBeanFactory - Autowiring by type from bean name 'org.springframework.transaction.config.internalTransactionAdvisor' via factory method to bean named 'transactionInterceptor'
2025-08-28 15:17:33.751 [restartedMain] DEBUG o.s.u.c.s.UiApplicationContextUtils - Unable to locate ThemeSource with name 'themeSource': using default [org.springframework.ui.context.support.ResourceBundleThemeSource@2e9e0866]
2025-08-28 15:17:33.752 [restartedMain] DEBUG o.s.b.f.s.DefaultListableBeanFactory - Creating shared instance of singleton bean 'tomcatServletWebServerFactory'
2025-08-28 15:17:33.752 [restartedMain] DEBUG o.s.b.f.s.DefaultListableBeanFactory - Creating shared instance of singleton bean 'org.springframework.boot.autoconfigure.web.servlet.ServletWebServerFactoryConfiguration$EmbeddedTomcat'
2025-08-28 15:17:33.792 [restartedMain] DEBUG o.s.b.f.s.DefaultListableBeanFactory - Creating shared instance of singleton bean 'websocketServletWebServerCustomizer'
2025-08-28 15:17:33.793 [restartedMain] DEBUG o.s.b.f.s.DefaultListableBeanFactory - Creating shared instance of singleton bean 'org.springframework.boot.autoconfigure.websocket.servlet.WebSocketServletAutoConfiguration$TomcatWebSocketConfiguration'
2025-08-28 15:17:33.797 [restartedMain] DEBUG o.s.b.f.s.DefaultListableBeanFactory - Creating shared instance of singleton bean 'servletWebServerFactoryCustomizer'
2025-08-28 15:17:33.797 [restartedMain] DEBUG o.s.b.f.s.DefaultListableBeanFactory - Creating shared instance of singleton bean 'org.springframework.boot.autoconfigure.web.servlet.ServletWebServerFactoryAutoConfiguration'
2025-08-28 15:17:33.800 [restartedMain] DEBUG o.s.b.f.s.DefaultListableBeanFactory - Creating shared instance of singleton bean 'server-org.springframework.boot.autoconfigure.web.ServerProperties'
2025-08-28 15:17:33.822 [restartedMain] DEBUG o.s.b.f.s.DefaultListableBeanFactory - Creating shared instance of singleton bean 'org.springframework.boot.context.properties.BoundConfigurationProperties'
2025-08-28 15:17:33.834 [restartedMain] DEBUG o.s.b.f.s.DefaultListableBeanFactory - Creating shared instance of singleton bean 'stringOrNumberMigrationVersionConverter'
2025-08-28 15:17:33.835 [restartedMain] DEBUG o.s.b.f.s.DefaultListableBeanFactory - Creating shared instance of singleton bean 'org.springframework.boot.autoconfigure.flyway.FlywayAutoConfiguration'
2025-08-28 15:17:33.876 [restartedMain] DEBUG o.s.b.f.s.DefaultListableBeanFactory - Autowiring by type from bean name 'servletWebServerFactoryCustomizer' via factory method to bean named 'server-org.springframework.boot.autoconfigure.web.ServerProperties'
2025-08-28 15:17:33.881 [restartedMain] DEBUG o.s.b.f.s.DefaultListableBeanFactory - Creating shared instance of singleton bean 'sslBundleRegistry'
2025-08-28 15:17:33.881 [restartedMain] DEBUG o.s.b.f.s.DefaultListableBeanFactory - Creating shared instance of singleton bean 'org.springframework.boot.autoconfigure.ssl.SslAutoConfiguration'
2025-08-28 15:17:33.884 [restartedMain] DEBUG o.s.b.f.s.DefaultListableBeanFactory - Creating shared instance of singleton bean 'spring.ssl-org.springframework.boot.autoconfigure.ssl.SslProperties'
2025-08-28 15:17:33.887 [restartedMain] DEBUG o.s.b.f.s.DefaultListableBeanFactory - Autowiring by type from bean name 'org.springframework.boot.autoconfigure.ssl.SslAutoConfiguration' via constructor to bean named 'org.springframework.boot.web.servlet.context.AnnotationConfigServletWebServerApplicationContext@a3f2afd'
2025-08-28 15:17:33.889 [restartedMain] DEBUG o.s.b.f.s.DefaultListableBeanFactory - Autowiring by type from bean name 'org.springframework.boot.autoconfigure.ssl.SslAutoConfiguration' via constructor to bean named 'spring.ssl-org.springframework.boot.autoconfigure.ssl.SslProperties'
2025-08-28 15:17:33.894 [restartedMain] DEBUG o.s.b.f.s.DefaultListableBeanFactory - Creating shared instance of singleton bean 'sslPropertiesSslBundleRegistrar'
2025-08-28 15:17:33.894 [restartedMain] DEBUG o.s.b.f.s.DefaultListableBeanFactory - Creating shared instance of singleton bean 'fileWatcher'
2025-08-28 15:17:33.897 [restartedMain] DEBUG o.s.b.f.s.DefaultListableBeanFactory - Autowiring by type from bean name 'sslPropertiesSslBundleRegistrar' via factory method to bean named 'fileWatcher'
2025-08-28 15:17:33.931 [restartedMain] DEBUG o.s.b.f.s.DefaultListableBeanFactory - Creating shared instance of singleton bean 'tomcatServletWebServerFactoryCustomizer'
2025-08-28 15:17:33.933 [restartedMain] DEBUG o.s.b.f.s.DefaultListableBeanFactory - Autowiring by type from bean name 'tomcatServletWebServerFactoryCustomizer' via factory method to bean named 'server-org.springframework.boot.autoconfigure.web.ServerProperties'
2025-08-28 15:17:33.937 [restartedMain] DEBUG o.s.b.f.s.DefaultListableBeanFactory - Creating shared instance of singleton bean 'nettyWebServerFactoryCustomizer'
2025-08-28 15:17:33.937 [restartedMain] DEBUG o.s.b.f.s.DefaultListableBeanFactory - Creating shared instance of singleton bean 'org.springframework.boot.autoconfigure.web.embedded.EmbeddedWebServerFactoryCustomizerAutoConfiguration$NettyWebServerFactoryCustomizerConfiguration'
2025-08-28 15:17:33.939 [restartedMain] DEBUG o.s.b.f.s.DefaultListableBeanFactory - Autowiring by type from bean name 'nettyWebServerFactoryCustomizer' via factory method to bean named 'environment'
2025-08-28 15:17:33.940 [restartedMain] DEBUG o.s.b.f.s.DefaultListableBeanFactory - Autowiring by type from bean name 'nettyWebServerFactoryCustomizer' via factory method to bean named 'server-org.springframework.boot.autoconfigure.web.ServerProperties'
2025-08-28 15:17:33.945 [restartedMain] DEBUG o.s.b.f.s.DefaultListableBeanFactory - Creating shared instance of singleton bean 'tomcatWebServerFactoryCustomizer'
2025-08-28 15:17:33.946 [restartedMain] DEBUG o.s.b.f.s.DefaultListableBeanFactory - Creating shared instance of singleton bean 'org.springframework.boot.autoconfigure.web.embedded.EmbeddedWebServerFactoryCustomizerAutoConfiguration$TomcatWebServerFactoryCustomizerConfiguration'
2025-08-28 15:17:33.947 [restartedMain] DEBUG o.s.b.f.s.DefaultListableBeanFactory - Autowiring by type from bean name 'tomcatWebServerFactoryCustomizer' via factory method to bean named 'environment'
2025-08-28 15:17:33.947 [restartedMain] DEBUG o.s.b.f.s.DefaultListableBeanFactory - Autowiring by type from bean name 'tomcatWebServerFactoryCustomizer' via factory method to bean named 'server-org.springframework.boot.autoconfigure.web.ServerProperties'
2025-08-28 15:17:33.952 [restartedMain] DEBUG o.s.b.f.s.DefaultListableBeanFactory - Creating shared instance of singleton bean 'localeCharsetMappingsCustomizer'
2025-08-28 15:17:33.952 [restartedMain] DEBUG o.s.b.f.s.DefaultListableBeanFactory - Creating shared instance of singleton bean 'org.springframework.boot.autoconfigure.web.servlet.HttpEncodingAutoConfiguration'
2025-08-28 15:17:33.952 [restartedMain] DEBUG o.s.b.f.s.DefaultListableBeanFactory - Autowiring by type from bean name 'org.springframework.boot.autoconfigure.web.servlet.HttpEncodingAutoConfiguration' via constructor to bean named 'server-org.springframework.boot.autoconfigure.web.ServerProperties'
2025-08-28 15:17:34.088 [restartedMain] DEBUG o.s.b.f.s.DefaultListableBeanFactory - Creating shared instance of singleton bean 'errorPageCustomizer'
2025-08-28 15:17:34.088 [restartedMain] DEBUG o.s.b.f.s.DefaultListableBeanFactory - Creating shared instance of singleton bean 'org.springframework.boot.autoconfigure.web.servlet.error.ErrorMvcAutoConfiguration'
2025-08-28 15:17:34.090 [restartedMain] DEBUG o.s.b.f.s.DefaultListableBeanFactory - Autowiring by type from bean name 'org.springframework.boot.autoconfigure.web.servlet.error.ErrorMvcAutoConfiguration' via constructor to bean named 'server-org.springframework.boot.autoconfigure.web.ServerProperties'
2025-08-28 15:17:34.096 [restartedMain] DEBUG o.s.b.f.s.DefaultListableBeanFactory - Creating shared instance of singleton bean 'dispatcherServletRegistration'
2025-08-28 15:17:34.097 [restartedMain] DEBUG o.s.b.f.s.DefaultListableBeanFactory - Creating shared instance of singleton bean 'org.springframework.boot.autoconfigure.web.servlet.DispatcherServletAutoConfiguration$DispatcherServletRegistrationConfiguration'
2025-08-28 15:17:34.102 [restartedMain] DEBUG o.s.b.f.s.DefaultListableBeanFactory - Creating shared instance of singleton bean 'dispatcherServlet'
2025-08-28 15:17:34.104 [restartedMain] DEBUG o.s.b.f.s.DefaultListableBeanFactory - Creating shared instance of singleton bean 'org.springframework.boot.autoconfigure.web.servlet.DispatcherServletAutoConfiguration$DispatcherServletConfiguration'
2025-08-28 15:17:34.110 [restartedMain] DEBUG o.s.b.f.s.DefaultListableBeanFactory - Creating shared instance of singleton bean 'spring.mvc-org.springframework.boot.autoconfigure.web.servlet.WebMvcProperties'
2025-08-28 15:17:34.123 [restartedMain] DEBUG o.s.b.f.s.DefaultListableBeanFactory - Autowiring by type from bean name 'dispatcherServlet' via factory method to bean named 'spring.mvc-org.springframework.boot.autoconfigure.web.servlet.WebMvcProperties'
2025-08-28 15:17:34.198 [restartedMain] DEBUG o.s.b.f.s.DefaultListableBeanFactory - Autowiring by type from bean name 'dispatcherServletRegistration' via factory method to bean named 'dispatcherServlet'
2025-08-28 15:17:34.198 [restartedMain] DEBUG o.s.b.f.s.DefaultListableBeanFactory - Autowiring by type from bean name 'dispatcherServletRegistration' via factory method to bean named 'spring.mvc-org.springframework.boot.autoconfigure.web.servlet.WebMvcProperties'
2025-08-28 15:17:34.206 [restartedMain] DEBUG o.s.b.f.s.DefaultListableBeanFactory - Creating shared instance of singleton bean 'multipartConfigElement'
2025-08-28 15:17:34.206 [restartedMain] DEBUG o.s.b.f.s.DefaultListableBeanFactory - Creating shared instance of singleton bean 'org.springframework.boot.autoconfigure.web.servlet.MultipartAutoConfiguration'
2025-08-28 15:17:34.207 [restartedMain] DEBUG o.s.b.f.s.DefaultListableBeanFactory - Creating shared instance of singleton bean 'spring.servlet.multipart-org.springframework.boot.autoconfigure.web.servlet.MultipartProperties'
2025-08-28 15:17:34.232 [restartedMain] DEBUG o.s.b.f.s.DefaultListableBeanFactory - Autowiring by type from bean name 'org.springframework.boot.autoconfigure.web.servlet.MultipartAutoConfiguration' via constructor to bean named 'spring.servlet.multipart-org.springframework.boot.autoconfigure.web.servlet.MultipartProperties'
2025-08-28 15:17:34.244 [restartedMain] DEBUG o.s.b.f.s.DefaultListableBeanFactory - Autowiring by type from bean name 'errorPageCustomizer' via factory method to bean named 'dispatcherServletRegistration'
2025-08-28 15:17:34.438 [restartedMain] DEBUG o.s.b.w.e.t.TomcatServletWebServerFactory - Code archive: C:\Users\plata\.m2\repository\org\springframework\boot\spring-boot\3.4.5\spring-boot-3.4.5.jar
2025-08-28 15:17:34.438 [restartedMain] DEBUG o.s.b.w.e.t.TomcatServletWebServerFactory - Code archive: C:\Users\plata\.m2\repository\org\springframework\boot\spring-boot\3.4.5\spring-boot-3.4.5.jar
2025-08-28 15:17:34.438 [restartedMain] DEBUG o.s.b.w.e.t.TomcatServletWebServerFactory - None of the document roots [src/main/webapp, public, static] point to a directory and will be ignored.
2025-08-28 15:17:34.558 [restartedMain] INFO  o.s.b.w.e.tomcat.TomcatWebServer - Tomcat initialized with port 8080 (http)
2025-08-28 15:17:34.592 [restartedMain] INFO  o.a.coyote.http11.Http11NioProtocol - Initializing ProtocolHandler ["http-nio-8080"]
2025-08-28 15:17:34.596 [restartedMain] INFO  o.a.catalina.core.StandardService - Starting service [Tomcat]
2025-08-28 15:17:34.597 [restartedMain] INFO  o.a.catalina.core.StandardEngine - Starting Servlet engine: [Apache Tomcat/10.1.40]
2025-08-28 15:17:34.694 [restartedMain] INFO  o.a.c.c.C.[Tomcat].[localhost].[/] - Initializing Spring embedded WebApplicationContext
2025-08-28 15:17:34.695 [restartedMain] DEBUG o.s.b.w.s.c.ServletWebServerApplicationContext - Published root WebApplicationContext as ServletContext attribute with name [org.springframework.web.context.WebApplicationContext.ROOT]
2025-08-28 15:17:34.695 [restartedMain] INFO  o.s.b.w.s.c.ServletWebServerApplicationContext - Root WebApplicationContext: initialization completed in 5028 ms
2025-08-28 15:17:34.698 [restartedMain] DEBUG o.s.b.f.s.DefaultListableBeanFactory - Creating shared instance of singleton bean 'securityFilterChainRegistration'
2025-08-28 15:17:34.698 [restartedMain] DEBUG o.s.b.f.s.DefaultListableBeanFactory - Creating shared instance of singleton bean 'org.springframework.boot.autoconfigure.security.servlet.SecurityFilterAutoConfiguration'
2025-08-28 15:17:34.699 [restartedMain] DEBUG o.s.b.f.s.DefaultListableBeanFactory - Creating shared instance of singleton bean 'spring.security-org.springframework.boot.autoconfigure.security.SecurityProperties'
2025-08-28 15:17:34.702 [restartedMain] DEBUG o.s.b.f.s.DefaultListableBeanFactory - Autowiring by type from bean name 'securityFilterChainRegistration' via factory method to bean named 'spring.security-org.springframework.boot.autoconfigure.security.SecurityProperties'
2025-08-28 15:17:34.710 [restartedMain] DEBUG o.s.b.f.s.DefaultListableBeanFactory - Creating shared instance of singleton bean 'jwtAuthenticationFilter'
2025-08-28 15:17:34.717 [restartedMain] DEBUG o.s.b.f.s.DefaultListableBeanFactory - Creating shared instance of singleton bean 'jwtTokenProvider'
2025-08-28 15:17:34.724 [restartedMain] DEBUG o.s.c.e.PropertySourcesPropertyResolver - Found key 'jwt.secret' in PropertySource 'environmentProperties' with value of type String
2025-08-28 15:17:34.728 [restartedMain] DEBUG o.s.c.e.PropertySourcesPropertyResolver - Found key 'jwt.secret' in PropertySource 'environmentProperties' with value of type String
2025-08-28 15:17:34.733 [restartedMain] DEBUG o.s.b.f.s.DefaultListableBeanFactory - Creating shared instance of singleton bean 'requestContextFilter'
2025-08-28 15:17:34.737 [restartedMain] DEBUG o.s.b.f.s.DefaultListableBeanFactory - Creating shared instance of singleton bean 'formContentFilter'
2025-08-28 15:17:34.738 [restartedMain] DEBUG o.s.b.f.s.DefaultListableBeanFactory - Creating shared instance of singleton bean 'org.springframework.boot.autoconfigure.web.servlet.WebMvcAutoConfiguration'
2025-08-28 15:17:34.743 [restartedMain] DEBUG o.s.b.f.s.DefaultListableBeanFactory - Creating shared instance of singleton bean 'characterEncodingFilter'
2025-08-28 15:17:34.758 [restartedMain] DEBUG o.s.b.w.s.ServletContextInitializerBeans - Mapping filters: springSecurityFilterChain urls=[/*] order=-100, characterEncodingFilter urls=[/*] order=-2147483648, formContentFilter urls=[/*] order=-9900, requestContextFilter urls=[/*] order=-105, jwtAuthenticationFilter urls=[/*] order=2147483647
2025-08-28 15:17:34.760 [restartedMain] DEBUG o.s.b.w.s.ServletContextInitializerBeans - Mapping servlets: dispatcherServlet urls=[/]
2025-08-28 15:17:34.814 [restartedMain] DEBUG o.s.b.w.s.f.OrderedRequestContextFilter - Filter 'requestContextFilter' configured for use
2025-08-28 15:17:34.818 [restartedMain] DEBUG c.d.config.JwtAuthenticationFilter - Filter 'jwtAuthenticationFilter' configured for use
2025-08-28 15:17:34.819 [restartedMain] DEBUG o.s.b.w.s.f.OrderedCharacterEncodingFilter - Filter 'characterEncodingFilter' configured for use
2025-08-28 15:17:34.820 [restartedMain] DEBUG o.s.b.w.s.DelegatingFilterProxyRegistrationBean$1 - Filter 'springSecurityFilterChain' configured for use
2025-08-28 15:17:34.820 [restartedMain] DEBUG o.s.b.w.s.f.OrderedFormContentFilter - Filter 'formContentFilter' configured for use
2025-08-28 15:17:34.840 [restartedMain] DEBUG o.s.b.f.s.DefaultListableBeanFactory - Creating shared instance of singleton bean 'flyway'
2025-08-28 15:17:34.840 [restartedMain] DEBUG o.s.b.f.s.DefaultListableBeanFactory - Creating shared instance of singleton bean 'org.springframework.boot.autoconfigure.flyway.FlywayAutoConfiguration$FlywayConfiguration'
2025-08-28 15:17:34.841 [restartedMain] DEBUG o.s.b.f.s.DefaultListableBeanFactory - Creating shared instance of singleton bean 'spring.flyway-org.springframework.boot.autoconfigure.flyway.FlywayProperties'
2025-08-28 15:17:34.857 [restartedMain] DEBUG o.s.b.f.s.DefaultListableBeanFactory - Autowiring by type from bean name 'org.springframework.boot.autoconfigure.flyway.FlywayAutoConfiguration$FlywayConfiguration' via constructor to bean named 'spring.flyway-org.springframework.boot.autoconfigure.flyway.FlywayProperties'
2025-08-28 15:17:34.864 [restartedMain] DEBUG o.s.b.f.s.DefaultListableBeanFactory - Creating shared instance of singleton bean 'flywayConnectionDetails'
2025-08-28 15:17:34.867 [restartedMain] DEBUG o.s.b.f.s.DefaultListableBeanFactory - Creating shared instance of singleton bean 'resourceProviderCustomizer'
2025-08-28 15:17:34.872 [restartedMain] DEBUG o.s.b.f.s.DefaultListableBeanFactory - Autowiring by type from bean name 'flyway' via factory method to bean named 'flywayConnectionDetails'
2025-08-28 15:17:34.872 [restartedMain] DEBUG o.s.b.f.s.DefaultListableBeanFactory - Autowiring by type from bean name 'flyway' via factory method to bean named 'org.springframework.boot.web.servlet.context.AnnotationConfigServletWebServerApplicationContext@a3f2afd'
2025-08-28 15:17:34.872 [restartedMain] DEBUG o.s.b.f.s.DefaultListableBeanFactory - Autowiring by type from bean name 'flyway' via factory method to bean named 'resourceProviderCustomizer'
2025-08-28 15:17:34.925 [restartedMain] DEBUG o.s.b.f.s.DefaultListableBeanFactory - Creating shared instance of singleton bean 'dataSource'
2025-08-28 15:17:34.926 [restartedMain] DEBUG o.s.b.f.s.DefaultListableBeanFactory - Creating shared instance of singleton bean 'org.springframework.boot.autoconfigure.jdbc.DataSourceConfiguration$Hikari'
2025-08-28 15:17:34.927 [restartedMain] DEBUG o.s.b.f.s.DefaultListableBeanFactory - Creating shared instance of singleton bean 'spring.datasource-org.springframework.boot.autoconfigure.jdbc.DataSourceProperties'
2025-08-28 15:17:34.943 [restartedMain] DEBUG o.s.b.f.s.DefaultListableBeanFactory - Creating shared instance of singleton bean 'jdbcConnectionDetails'
2025-08-28 15:17:34.944 [restartedMain] DEBUG o.s.b.f.s.DefaultListableBeanFactory - Creating shared instance of singleton bean 'org.springframework.boot.autoconfigure.jdbc.DataSourceAutoConfiguration$PooledDataSourceConfiguration'
2025-08-28 15:17:34.945 [restartedMain] DEBUG o.s.b.f.s.DefaultListableBeanFactory - Autowiring by type from bean name 'jdbcConnectionDetails' via factory method to bean named 'spring.datasource-org.springframework.boot.autoconfigure.jdbc.DataSourceProperties'
2025-08-28 15:17:34.947 [restartedMain] DEBUG o.s.b.f.s.DefaultListableBeanFactory - Autowiring by type from bean name 'dataSource' via factory method to bean named 'spring.datasource-org.springframework.boot.autoconfigure.jdbc.DataSourceProperties'
2025-08-28 15:17:34.948 [restartedMain] DEBUG o.s.b.f.s.DefaultListableBeanFactory - Autowiring by type from bean name 'dataSource' via factory method to bean named 'jdbcConnectionDetails'
2025-08-28 15:17:34.948 [restartedMain] DEBUG o.s.b.f.s.DefaultListableBeanFactory - Autowiring by type from bean name 'dataSource' via factory method to bean named 'environment'
2025-08-28 15:17:35.012 [restartedMain] DEBUG o.s.b.f.s.DefaultListableBeanFactory - Creating shared instance of singleton bean 'postgresqlFlywayConfigurationCustomizer'
2025-08-28 15:17:35.252 [restartedMain] DEBUG o.s.b.f.s.DefaultListableBeanFactory - Creating shared instance of singleton bean 'flywayInitializer'
2025-08-28 15:17:35.253 [restartedMain] DEBUG o.s.b.f.s.DefaultListableBeanFactory - Autowiring by type from bean name 'flywayInitializer' via factory method to bean named 'flyway'
2025-08-28 15:17:35.300 [restartedMain] INFO  com.zaxxer.hikari.HikariDataSource - HikariPool-1 - Starting...
2025-08-28 15:17:35.741 [restartedMain] INFO  com.zaxxer.hikari.pool.HikariPool - HikariPool-1 - Added connection org.postgresql.jdbc.PgConnection@c227bf7
2025-08-28 15:17:35.744 [restartedMain] INFO  com.zaxxer.hikari.HikariDataSource - HikariPool-1 - Start completed.
2025-08-28 15:17:35.811 [restartedMain] INFO  org.flywaydb.core.FlywayExecutor - Database: jdbc:postgresql://localhost:5432/dailydb (PostgreSQL 17.5)
2025-08-28 15:17:36.006 [restartedMain] INFO  o.f.core.internal.command.DbValidate - Successfully validated 2 migrations (execution time 00:00.121s)
2025-08-28 15:17:36.039 [restartedMain] INFO  o.f.core.internal.command.DbMigrate - Current version of schema "public": 2
2025-08-28 15:17:36.046 [restartedMain] INFO  o.f.core.internal.command.DbMigrate - Schema "public" is up to date. No migration necessary.
2025-08-28 15:17:36.067 [restartedMain] DEBUG o.s.b.f.s.DefaultListableBeanFactory - Creating shared instance of singleton bean 'dataSourceScriptDatabaseInitializer'
2025-08-28 15:17:36.067 [restartedMain] DEBUG o.s.b.f.s.DefaultListableBeanFactory - Creating shared instance of singleton bean 'org.springframework.boot.autoconfigure.sql.init.DataSourceInitializationConfiguration'
2025-08-28 15:17:36.071 [restartedMain] DEBUG o.s.b.f.s.DefaultListableBeanFactory - Creating shared instance of singleton bean 'spring.sql.init-org.springframework.boot.autoconfigure.sql.init.SqlInitializationProperties'
2025-08-28 15:17:36.077 [restartedMain] DEBUG o.s.b.f.s.DefaultListableBeanFactory - Autowiring by type from bean name 'dataSourceScriptDatabaseInitializer' via factory method to bean named 'dataSource'
2025-08-28 15:17:36.077 [restartedMain] DEBUG o.s.b.f.s.DefaultListableBeanFactory - Autowiring by type from bean name 'dataSourceScriptDatabaseInitializer' via factory method to bean named 'spring.sql.init-org.springframework.boot.autoconfigure.sql.init.SqlInitializationProperties'
2025-08-28 15:17:36.088 [restartedMain] DEBUG o.s.b.f.s.DefaultListableBeanFactory - Creating shared instance of singleton bean 'inMemoryDatabaseShutdownExecutor'
2025-08-28 15:17:36.088 [restartedMain] DEBUG o.s.b.f.s.DefaultListableBeanFactory - Creating shared instance of singleton bean 'org.springframework.boot.devtools.autoconfigure.DevToolsDataSourceAutoConfiguration'
2025-08-28 15:17:36.090 [restartedMain] DEBUG o.s.b.f.s.DefaultListableBeanFactory - Autowiring by type from bean name 'inMemoryDatabaseShutdownExecutor' via factory method to bean named 'dataSource'
2025-08-28 15:17:36.090 [restartedMain] DEBUG o.s.b.f.s.DefaultListableBeanFactory - Autowiring by type from bean name 'inMemoryDatabaseShutdownExecutor' via factory method to bean named 'spring.datasource-org.springframework.boot.autoconfigure.jdbc.DataSourceProperties'
2025-08-28 15:17:36.092 [restartedMain] DEBUG o.s.b.f.s.DefaultListableBeanFactory - Creating shared instance of singleton bean 'entityManagerFactory'
2025-08-28 15:17:36.093 [restartedMain] DEBUG o.s.b.f.s.DefaultListableBeanFactory - Creating shared instance of singleton bean 'org.springframework.boot.autoconfigure.orm.jpa.HibernateJpaConfiguration'
2025-08-28 15:17:36.096 [restartedMain] DEBUG o.s.b.f.s.DefaultListableBeanFactory - Creating shared instance of singleton bean 'spring.jpa-org.springframework.boot.autoconfigure.orm.jpa.JpaProperties'
2025-08-28 15:17:36.106 [restartedMain] DEBUG o.s.b.f.s.DefaultListableBeanFactory - Creating shared instance of singleton bean 'spring.jpa.hibernate-org.springframework.boot.autoconfigure.orm.jpa.HibernateProperties'
2025-08-28 15:17:36.117 [restartedMain] DEBUG o.s.b.f.s.DefaultListableBeanFactory - Autowiring by type from bean name 'org.springframework.boot.autoconfigure.orm.jpa.HibernateJpaConfiguration' via constructor to bean named 'dataSource'
2025-08-28 15:17:36.119 [restartedMain] DEBUG o.s.b.f.s.DefaultListableBeanFactory - Autowiring by type from bean name 'org.springframework.boot.autoconfigure.orm.jpa.HibernateJpaConfiguration' via constructor to bean named 'spring.jpa-org.springframework.boot.autoconfigure.orm.jpa.JpaProperties'
2025-08-28 15:17:36.119 [restartedMain] DEBUG o.s.b.f.s.DefaultListableBeanFactory - Autowiring by type from bean name 'org.springframework.boot.autoconfigure.orm.jpa.HibernateJpaConfiguration' via constructor to bean named 'org.springframework.beans.factory.support.DefaultListableBeanFactory@5a88e5d1'
2025-08-28 15:17:36.119 [restartedMain] DEBUG o.s.b.f.s.DefaultListableBeanFactory - Autowiring by type from bean name 'org.springframework.boot.autoconfigure.orm.jpa.HibernateJpaConfiguration' via constructor to bean named 'spring.jpa.hibernate-org.springframework.boot.autoconfigure.orm.jpa.HibernateProperties'
2025-08-28 15:17:36.130 [restartedMain] DEBUG o.s.b.f.s.DefaultListableBeanFactory - Creating shared instance of singleton bean 'hikariPoolDataSourceMetadataProvider'
2025-08-28 15:17:36.131 [restartedMain] DEBUG o.s.b.f.s.DefaultListableBeanFactory - Creating shared instance of singleton bean 'org.springframework.boot.autoconfigure.jdbc.metadata.DataSourcePoolMetadataProvidersConfiguration$HikariPoolDataSourceMetadataProviderConfiguration'
2025-08-28 15:17:36.149 [restartedMain] DEBUG o.s.b.f.s.DefaultListableBeanFactory - Creating shared instance of singleton bean 'entityManagerFactoryBuilder'
2025-08-28 15:17:36.156 [restartedMain] DEBUG o.s.b.f.s.DefaultListableBeanFactory - Creating shared instance of singleton bean 'jpaVendorAdapter'
2025-08-28 15:17:36.187 [restartedMain] DEBUG o.s.b.f.s.DefaultListableBeanFactory - Autowiring by type from bean name 'entityManagerFactoryBuilder' via factory method to bean named 'jpaVendorAdapter'
2025-08-28 15:17:36.193 [restartedMain] DEBUG o.s.b.f.s.DefaultListableBeanFactory - Creating shared instance of singleton bean 'persistenceManagedTypes'
2025-08-28 15:17:36.196 [restartedMain] DEBUG o.s.b.f.s.DefaultListableBeanFactory - Autowiring by type from bean name 'persistenceManagedTypes' via factory method to bean named 'org.springframework.beans.factory.support.DefaultListableBeanFactory@5a88e5d1'
2025-08-28 15:17:36.196 [restartedMain] DEBUG o.s.b.f.s.DefaultListableBeanFactory - Autowiring by type from bean name 'persistenceManagedTypes' via factory method to bean named 'org.springframework.boot.web.servlet.context.AnnotationConfigServletWebServerApplicationContext@a3f2afd'
2025-08-28 15:17:36.227 [restartedMain] DEBUG o.s.b.f.s.DefaultListableBeanFactory - Autowiring by type from bean name 'entityManagerFactory' via factory method to bean named 'entityManagerFactoryBuilder'
2025-08-28 15:17:36.227 [restartedMain] DEBUG o.s.b.f.s.DefaultListableBeanFactory - Autowiring by type from bean name 'entityManagerFactory' via factory method to bean named 'persistenceManagedTypes'
2025-08-28 15:17:36.277 [restartedMain] DEBUG o.s.o.j.LocalContainerEntityManagerFactoryBean - Building JPA container EntityManagerFactory for persistence unit 'default'
2025-08-28 15:17:36.335 [restartedMain] INFO  o.h.jpa.internal.util.LogHelper - HHH000204: Processing PersistenceUnitInfo [name: default]
2025-08-28 15:17:36.627 [restartedMain] INFO  org.hibernate.Version - HHH000412: Hibernate ORM core version 6.6.13.Final
2025-08-28 15:17:36.757 [restartedMain] INFO  o.h.c.i.RegionFactoryInitiator - HHH000026: Second-level cache disabled
2025-08-28 15:17:37.132 [restartedMain] WARN  org.hibernate.orm.deprecation - HHH90000025: PostgreSQLDialect does not need to be specified explicitly using 'hibernate.dialect' (remove the property setting and it will be selected by default)
2025-08-28 15:17:37.158 [restartedMain] INFO  o.hibernate.orm.connections.pooling - HHH10001005: Database info:
	Database JDBC URL [Connecting through datasource 'HikariDataSource (HikariPool-1)']
	Database driver: undefined/unknown
	Database version: 17.5
	Autocommit mode: undefined/unknown
	Isolation level: undefined/unknown
	Minimum pool size: undefined/unknown
	Maximum pool size: undefined/unknown
2025-08-28 15:17:37.653 [restartedMain] INFO  o.s.o.j.p.SpringPersistenceUnitInfo - No LoadTimeWeaver setup: ignoring JPA class transformer
2025-08-28 15:17:39.589 [restartedMain] INFO  o.h.e.t.j.p.i.JtaPlatformInitiator - HHH000489: No JTA platform available (set 'hibernate.transaction.jta.platform' to enable JTA platform integration)
2025-08-28 15:17:40.237 [restartedMain] INFO  o.s.o.j.LocalContainerEntityManagerFactoryBean - Initialized JPA EntityManagerFactory for persistence unit 'default'
2025-08-28 15:17:40.246 [restartedMain] DEBUG o.s.b.f.s.DefaultListableBeanFactory - Creating shared instance of singleton bean 'dailybriefApplication'
2025-08-28 15:17:40.248 [restartedMain] DEBUG o.s.b.f.s.DefaultListableBeanFactory - Creating shared instance of singleton bean 'applicationConfig'
2025-08-28 15:17:40.252 [restartedMain] DEBUG o.s.c.e.PropertySourcesPropertyResolver - Found key 'python.api.url' in PropertySource 'environmentProperties' with value of type String
2025-08-28 15:17:40.253 [restartedMain] DEBUG o.s.b.f.s.DefaultListableBeanFactory - Creating shared instance of singleton bean 'localeConfig'
2025-08-28 15:17:40.255 [restartedMain] DEBUG o.s.b.f.s.DefaultListableBeanFactory - Creating shared instance of singleton bean 'securityConfig'
2025-08-28 15:17:40.257 [restartedMain] DEBUG o.s.b.f.s.DefaultListableBeanFactory - Creating shared instance of singleton bean 'swaggerConfig'
2025-08-28 15:17:40.258 [restartedMain] DEBUG o.s.b.f.s.DefaultListableBeanFactory - Creating shared instance of singleton bean 'adminController'
2025-08-28 15:17:40.277 [restartedMain] DEBUG o.s.b.f.s.DefaultListableBeanFactory - Creating shared instance of singleton bean 'logServiceImpl'
2025-08-28 15:17:40.280 [restartedMain] DEBUG o.s.b.f.s.DefaultListableBeanFactory - Creating shared instance of singleton bean 'logRepository'
2025-08-28 15:17:40.292 [restartedMain] DEBUG o.s.b.f.s.DefaultListableBeanFactory - Creating shared instance of singleton bean 'jpa.named-queries#4'
2025-08-28 15:17:40.297 [restartedMain] DEBUG o.s.b.f.s.DefaultListableBeanFactory - Creating shared instance of singleton bean 'jpa.LogRepository.fragments#0'
2025-08-28 15:17:40.310 [restartedMain] DEBUG o.s.b.f.s.DefaultListableBeanFactory - Creating shared instance of singleton bean 'jpaSharedEM_entityManagerFactory'
2025-08-28 15:17:40.371 [restartedMain] DEBUG o.s.b.f.s.DefaultListableBeanFactory - Creating shared instance of singleton bean 'jpaMappingContext'
2025-08-28 15:17:40.374 [restartedMain] DEBUG o.s.d.j.r.c.JpaMetamodelMappingContextFactoryBean - Initializing JpaMetamodelMappingContext…
2025-08-28 15:17:40.406 [restartedMain] DEBUG o.s.d.j.r.c.JpaMetamodelMappingContextFactoryBean - Finished initializing JpaMetamodelMappingContext
2025-08-28 15:17:40.472 [restartedMain] DEBUG o.s.o.j.SharedEntityManagerCreator$SharedEntityManagerInvocationHandler - Creating new EntityManager for shared EntityManager invocation
2025-08-28 15:17:40.569 [restartedMain] DEBUG o.s.o.j.SharedEntityManagerCreator$SharedEntityManagerInvocationHandler - Creating new EntityManager for shared EntityManager invocation
2025-08-28 15:17:40.610 [restartedMain] DEBUG o.s.beans.CachedIntrospectionResults - Not strongly caching class [com.dailybrief.model.Log] because it is not cache-safe
2025-08-28 15:17:40.686 [restartedMain] DEBUG o.s.d.r.c.s.RepositoryFactorySupport - Initializing repository instance for com.dailybrief.repository.LogRepository…
2025-08-28 15:17:40.718 [restartedMain] DEBUG o.s.o.j.SharedEntityManagerCreator$SharedEntityManagerInvocationHandler - Creating new EntityManager for shared EntityManager invocation
2025-08-28 15:17:40.840 [restartedMain] DEBUG o.s.d.j.repository.query.NamedQuery - Looking up named query 'Log.findAllByOrderByTimestampDesc'
2025-08-28 15:17:40.845 [restartedMain] DEBUG o.s.d.j.repository.query.NamedQuery - Did not find named query Log.findAllByOrderByTimestampDesc
2025-08-28 15:17:40.853 [restartedMain] DEBUG o.s.o.j.SharedEntityManagerCreator$SharedEntityManagerInvocationHandler - Creating new EntityManager for shared EntityManager invocation
2025-08-28 15:17:40.937 [restartedMain] DEBUG o.s.d.j.repository.query.NamedQuery - Looking up named query 'Log.findByTimestampAfter'
2025-08-28 15:17:40.938 [restartedMain] DEBUG o.s.d.j.repository.query.NamedQuery - Did not find named query Log.findByTimestampAfter
2025-08-28 15:17:40.938 [restartedMain] DEBUG o.s.o.j.SharedEntityManagerCreator$SharedEntityManagerInvocationHandler - Creating new EntityManager for shared EntityManager invocation
2025-08-28 15:17:40.990 [restartedMain] DEBUG o.s.d.j.repository.query.NamedQuery - Looking up named query 'Log.findByCreatedBy'
2025-08-28 15:17:40.990 [restartedMain] DEBUG o.s.d.j.repository.query.NamedQuery - Did not find named query Log.findByCreatedBy
2025-08-28 15:17:40.990 [restartedMain] DEBUG o.s.o.j.SharedEntityManagerCreator$SharedEntityManagerInvocationHandler - Creating new EntityManager for shared EntityManager invocation
2025-08-28 15:17:40.997 [restartedMain] DEBUG o.s.d.r.c.s.RepositoryFactorySupport - Finished creation of repository instance for com.dailybrief.repository.LogRepository.
2025-08-28 15:17:41.012 [restartedMain] DEBUG o.s.b.f.s.DefaultListableBeanFactory - Creating shared instance of singleton bean 'logMapperImpl'
2025-08-28 15:17:41.019 [restartedMain] DEBUG o.s.b.f.s.DefaultListableBeanFactory - Creating shared instance of singleton bean 'analyticsServiceImpl'
2025-08-28 15:17:41.020 [restartedMain] DEBUG o.s.b.f.s.DefaultListableBeanFactory - Creating shared instance of singleton bean 'userServiceImpl'
2025-08-28 15:17:41.021 [restartedMain] DEBUG o.s.b.f.s.DefaultListableBeanFactory - Creating shared instance of singleton bean 'userRepository'
2025-08-28 15:17:41.024 [restartedMain] DEBUG o.s.b.f.s.DefaultListableBeanFactory - Creating shared instance of singleton bean 'jpa.named-queries#2'
2025-08-28 15:17:41.030 [restartedMain] DEBUG o.s.b.f.s.DefaultListableBeanFactory - Creating shared instance of singleton bean 'jpa.UserRepository.fragments#0'
2025-08-28 15:17:41.038 [restartedMain] DEBUG o.s.o.j.SharedEntityManagerCreator$SharedEntityManagerInvocationHandler - Creating new EntityManager for shared EntityManager invocation
2025-08-28 15:17:41.039 [restartedMain] DEBUG o.s.beans.CachedIntrospectionResults - Not strongly caching class [com.dailybrief.model.User] because it is not cache-safe
2025-08-28 15:17:41.078 [restartedMain] DEBUG o.s.d.r.c.s.RepositoryFactorySupport - Initializing repository instance for com.dailybrief.repository.UserRepository…
2025-08-28 15:17:41.079 [restartedMain] DEBUG o.s.o.j.SharedEntityManagerCreator$SharedEntityManagerInvocationHandler - Creating new EntityManager for shared EntityManager invocation
2025-08-28 15:17:41.085 [restartedMain] DEBUG o.s.d.j.repository.query.NamedQuery - Looking up named query 'User.findByEmail'
2025-08-28 15:17:41.086 [restartedMain] DEBUG o.s.d.j.repository.query.NamedQuery - Did not find named query User.findByEmail
2025-08-28 15:17:41.086 [restartedMain] DEBUG o.s.o.j.SharedEntityManagerCreator$SharedEntityManagerInvocationHandler - Creating new EntityManager for shared EntityManager invocation
2025-08-28 15:17:41.092 [restartedMain] DEBUG o.s.d.r.c.s.RepositoryFactorySupport - Finished creation of repository instance for com.dailybrief.repository.UserRepository.
2025-08-28 15:17:41.095 [restartedMain] DEBUG o.s.b.f.s.DefaultListableBeanFactory - Creating shared instance of singleton bean 'passwordEncoder'
2025-08-28 15:17:41.102 [restartedMain] DEBUG o.s.b.f.s.DefaultListableBeanFactory - Creating shared instance of singleton bean 'postServiceImpl'
2025-08-28 15:17:41.110 [restartedMain] DEBUG o.s.b.f.s.DefaultListableBeanFactory - Creating shared instance of singleton bean 'postRepository'
2025-08-28 15:17:41.113 [restartedMain] DEBUG o.s.b.f.s.DefaultListableBeanFactory - Creating shared instance of singleton bean 'jpa.named-queries#5'
2025-08-28 15:17:41.118 [restartedMain] DEBUG o.s.b.f.s.DefaultListableBeanFactory - Creating shared instance of singleton bean 'jpa.PostRepository.fragments#0'
2025-08-28 15:17:41.123 [restartedMain] DEBUG o.s.o.j.SharedEntityManagerCreator$SharedEntityManagerInvocationHandler - Creating new EntityManager for shared EntityManager invocation
2025-08-28 15:17:41.125 [restartedMain] DEBUG o.s.beans.CachedIntrospectionResults - Not strongly caching class [com.dailybrief.model.Post] because it is not cache-safe
2025-08-28 15:17:41.152 [restartedMain] DEBUG o.s.d.r.c.s.RepositoryFactorySupport - Initializing repository instance for com.dailybrief.repository.PostRepository…
2025-08-28 15:17:41.154 [restartedMain] DEBUG o.s.o.j.SharedEntityManagerCreator$SharedEntityManagerInvocationHandler - Creating new EntityManager for shared EntityManager invocation
2025-08-28 15:17:41.171 [restartedMain] DEBUG o.s.d.j.repository.query.NamedQuery - Looking up named query 'Post.findAllByOrderByPublishedAtDesc'
2025-08-28 15:17:41.172 [restartedMain] DEBUG o.s.d.j.repository.query.NamedQuery - Did not find named query Post.findAllByOrderByPublishedAtDesc
2025-08-28 15:17:41.173 [restartedMain] DEBUG o.s.o.j.SharedEntityManagerCreator$SharedEntityManagerInvocationHandler - Creating new EntityManager for shared EntityManager invocation
2025-08-28 15:17:41.181 [restartedMain] DEBUG o.s.d.j.repository.query.NamedQuery - Did not find named query Post.findAllPostsWithTitlesAndExcerpts.count
2025-08-28 15:17:41.183 [restartedMain] DEBUG o.s.o.j.SharedEntityManagerCreator$SharedEntityManagerInvocationHandler - Creating new EntityManager for shared EntityManager invocation
2025-08-28 15:17:41.211 [restartedMain] INFO  o.s.d.j.r.query.QueryEnhancerFactory - Hibernate is in classpath; If applicable, HQL parser will be used.
2025-08-28 15:17:42.314 [restartedMain] DEBUG o.s.d.j.repository.query.NamedQuery - Looking up named query 'Post.findByIdAndStatus'
2025-08-28 15:17:42.315 [restartedMain] DEBUG o.s.d.j.repository.query.NamedQuery - Did not find named query Post.findByIdAndStatus
2025-08-28 15:17:42.315 [restartedMain] DEBUG o.s.o.j.SharedEntityManagerCreator$SharedEntityManagerInvocationHandler - Creating new EntityManager for shared EntityManager invocation
2025-08-28 15:17:42.322 [restartedMain] DEBUG o.s.d.j.repository.query.NamedQuery - Did not find named query Post.findByStatus.count
2025-08-28 15:17:42.322 [restartedMain] DEBUG o.s.o.j.SharedEntityManagerCreator$SharedEntityManagerInvocationHandler - Creating new EntityManager for shared EntityManager invocation
2025-08-28 15:17:42.427 [restartedMain] DEBUG o.s.d.j.repository.query.NamedQuery - Looking up named query 'Post.countByStatus'
2025-08-28 15:17:42.428 [restartedMain] DEBUG o.s.d.j.repository.query.NamedQuery - Did not find named query Post.countByStatus
2025-08-28 15:17:42.429 [restartedMain] DEBUG o.s.o.j.SharedEntityManagerCreator$SharedEntityManagerInvocationHandler - Creating new EntityManager for shared EntityManager invocation
2025-08-28 15:17:42.430 [restartedMain] DEBUG o.s.d.j.repository.query.NamedQuery - Did not find named query Post.findAllPostsWithAllDetails.count
2025-08-28 15:17:42.431 [restartedMain] DEBUG o.s.o.j.SharedEntityManagerCreator$SharedEntityManagerInvocationHandler - Creating new EntityManager for shared EntityManager invocation
2025-08-28 15:17:42.440 [restartedMain] DEBUG o.s.d.r.c.s.RepositoryFactorySupport - Finished creation of repository instance for com.dailybrief.repository.PostRepository.
2025-08-28 15:17:42.442 [restartedMain] DEBUG o.s.b.f.s.DefaultListableBeanFactory - Creating shared instance of singleton bean 'postMapper'
2025-08-28 15:17:42.446 [restartedMain] DEBUG o.s.b.f.s.DefaultListableBeanFactory - Autowiring by type from bean name 'postServiceImpl' via constructor to bean named 'postRepository'
2025-08-28 15:17:42.446 [restartedMain] DEBUG o.s.b.f.s.DefaultListableBeanFactory - Autowiring by type from bean name 'postServiceImpl' via constructor to bean named 'postMapper'
2025-08-28 15:17:42.510 [restartedMain] DEBUG o.s.b.f.s.DefaultListableBeanFactory - Creating shared instance of singleton bean 'authController'
2025-08-28 15:17:42.513 [restartedMain] DEBUG o.s.b.f.s.DefaultListableBeanFactory - Creating shared instance of singleton bean 'authServiceImpl'
2025-08-28 15:17:42.516 [restartedMain] DEBUG o.s.b.f.s.DefaultListableBeanFactory - Creating shared instance of singleton bean 'automationController'
2025-08-28 15:17:42.528 [restartedMain] DEBUG o.s.b.f.s.DefaultListableBeanFactory - Creating shared instance of singleton bean 'automationServiceImpl'
2025-08-28 15:17:42.532 [restartedMain] DEBUG o.s.b.f.s.DefaultListableBeanFactory - Creating shared instance of singleton bean 'automationRepository'
2025-08-28 15:17:42.534 [restartedMain] DEBUG o.s.b.f.s.DefaultListableBeanFactory - Creating shared instance of singleton bean 'jpa.named-queries#3'
2025-08-28 15:17:42.536 [restartedMain] DEBUG o.s.b.f.s.DefaultListableBeanFactory - Creating shared instance of singleton bean 'jpa.AutomationRepository.fragments#0'
2025-08-28 15:17:42.538 [restartedMain] DEBUG o.s.o.j.SharedEntityManagerCreator$SharedEntityManagerInvocationHandler - Creating new EntityManager for shared EntityManager invocation
2025-08-28 15:17:42.540 [restartedMain] DEBUG o.s.beans.CachedIntrospectionResults - Not strongly caching class [com.dailybrief.model.Automation] because it is not cache-safe
2025-08-28 15:17:42.545 [restartedMain] DEBUG o.s.d.r.c.s.RepositoryFactorySupport - Initializing repository instance for com.dailybrief.repository.AutomationRepository…
2025-08-28 15:17:42.546 [restartedMain] DEBUG o.s.o.j.SharedEntityManagerCreator$SharedEntityManagerInvocationHandler - Creating new EntityManager for shared EntityManager invocation
2025-08-28 15:17:42.555 [restartedMain] DEBUG o.s.d.r.c.s.RepositoryFactorySupport - Finished creation of repository instance for com.dailybrief.repository.AutomationRepository.
2025-08-28 15:17:42.557 [restartedMain] DEBUG o.s.b.f.s.DefaultListableBeanFactory - Creating shared instance of singleton bean 'automationMapperImpl'
2025-08-28 15:17:42.560 [restartedMain] DEBUG o.s.b.f.s.DefaultListableBeanFactory - Creating shared instance of singleton bean 'trendingTopicSuggestionRepository'
2025-08-28 15:17:42.562 [restartedMain] DEBUG o.s.b.f.s.DefaultListableBeanFactory - Creating shared instance of singleton bean 'jpa.named-queries#1'
2025-08-28 15:17:42.563 [restartedMain] DEBUG o.s.b.f.s.DefaultListableBeanFactory - Creating shared instance of singleton bean 'jpa.TrendingTopicSuggestionRepository.fragments#0'
2025-08-28 15:17:42.565 [restartedMain] DEBUG o.s.o.j.SharedEntityManagerCreator$SharedEntityManagerInvocationHandler - Creating new EntityManager for shared EntityManager invocation
2025-08-28 15:17:42.567 [restartedMain] DEBUG o.s.beans.CachedIntrospectionResults - Not strongly caching class [com.dailybrief.model.TrendingTopicSuggestion] because it is not cache-safe
2025-08-28 15:17:42.573 [restartedMain] DEBUG o.s.d.r.c.s.RepositoryFactorySupport - Initializing repository instance for com.dailybrief.repository.TrendingTopicSuggestionRepository…
2025-08-28 15:17:42.573 [restartedMain] DEBUG o.s.o.j.SharedEntityManagerCreator$SharedEntityManagerInvocationHandler - Creating new EntityManager for shared EntityManager invocation
2025-08-28 15:17:42.576 [restartedMain] DEBUG o.s.d.j.repository.query.NamedQuery - Looking up named query 'TrendingTopicSuggestion.findByTopicName'
2025-08-28 15:17:42.577 [restartedMain] DEBUG o.s.d.j.repository.query.NamedQuery - Did not find named query TrendingTopicSuggestion.findByTopicName
2025-08-28 15:17:42.577 [restartedMain] DEBUG o.s.o.j.SharedEntityManagerCreator$SharedEntityManagerInvocationHandler - Creating new EntityManager for shared EntityManager invocation
2025-08-28 15:17:42.580 [restartedMain] DEBUG o.s.d.j.repository.query.NamedQuery - Looking up named query 'TrendingTopicSuggestion.findByStatus'
2025-08-28 15:17:42.580 [restartedMain] DEBUG o.s.d.j.repository.query.NamedQuery - Did not find named query TrendingTopicSuggestion.findByStatus
2025-08-28 15:17:42.581 [restartedMain] DEBUG o.s.o.j.SharedEntityManagerCreator$SharedEntityManagerInvocationHandler - Creating new EntityManager for shared EntityManager invocation
2025-08-28 15:17:42.587 [restartedMain] DEBUG o.s.d.r.c.s.RepositoryFactorySupport - Finished creation of repository instance for com.dailybrief.repository.TrendingTopicSuggestionRepository.
2025-08-28 15:17:42.588 [restartedMain] DEBUG o.s.b.f.s.DefaultListableBeanFactory - Creating shared instance of singleton bean 'trendingTopicSuggestionMapperImpl'
2025-08-28 15:17:42.590 [restartedMain] DEBUG o.s.b.f.s.DefaultListableBeanFactory - Autowiring by type from bean name 'automationServiceImpl' via constructor to bean named 'automationRepository'
2025-08-28 15:17:42.590 [restartedMain] DEBUG o.s.b.f.s.DefaultListableBeanFactory - Autowiring by type from bean name 'automationServiceImpl' via constructor to bean named 'automationMapperImpl'
2025-08-28 15:17:42.590 [restartedMain] DEBUG o.s.b.f.s.DefaultListableBeanFactory - Autowiring by type from bean name 'automationServiceImpl' via constructor to bean named 'trendingTopicSuggestionRepository'
2025-08-28 15:17:42.590 [restartedMain] DEBUG o.s.b.f.s.DefaultListableBeanFactory - Autowiring by type from bean name 'automationServiceImpl' via constructor to bean named 'trendingTopicSuggestionMapperImpl'
2025-08-28 15:17:42.629 [restartedMain] DEBUG o.s.b.f.s.DefaultListableBeanFactory - Creating shared instance of singleton bean 'materialProcessServiceImpl'
2025-08-28 15:17:42.637 [restartedMain] DEBUG o.s.b.f.s.DefaultListableBeanFactory - Creating shared instance of singleton bean 'materialProcessRepository'
2025-08-28 15:17:42.640 [restartedMain] DEBUG o.s.b.f.s.DefaultListableBeanFactory - Creating shared instance of singleton bean 'jpa.named-queries#0'
2025-08-28 15:17:42.642 [restartedMain] DEBUG o.s.b.f.s.DefaultListableBeanFactory - Creating shared instance of singleton bean 'jpa.MaterialProcessRepository.fragments#0'
2025-08-28 15:17:42.644 [restartedMain] DEBUG o.s.o.j.SharedEntityManagerCreator$SharedEntityManagerInvocationHandler - Creating new EntityManager for shared EntityManager invocation
2025-08-28 15:17:42.646 [restartedMain] DEBUG o.s.beans.CachedIntrospectionResults - Not strongly caching class [com.dailybrief.model.MaterialProcess] because it is not cache-safe
2025-08-28 15:17:42.655 [restartedMain] DEBUG o.s.d.r.c.s.RepositoryFactorySupport - Initializing repository instance for com.dailybrief.repository.MaterialProcessRepository…
2025-08-28 15:17:42.656 [restartedMain] DEBUG o.s.o.j.SharedEntityManagerCreator$SharedEntityManagerInvocationHandler - Creating new EntityManager for shared EntityManager invocation
2025-08-28 15:17:42.658 [restartedMain] DEBUG o.s.d.j.repository.query.NamedQuery - Looking up named query 'MaterialProcess.findByTaskId'
2025-08-28 15:17:42.659 [restartedMain] DEBUG o.s.d.j.repository.query.NamedQuery - Did not find named query MaterialProcess.findByTaskId
2025-08-28 15:17:42.659 [restartedMain] DEBUG o.s.o.j.SharedEntityManagerCreator$SharedEntityManagerInvocationHandler - Creating new EntityManager for shared EntityManager invocation
2025-08-28 15:17:42.661 [restartedMain] DEBUG o.s.d.j.repository.query.NamedQuery - Looking up named query 'MaterialProcess.findByUserId'
2025-08-28 15:17:42.661 [restartedMain] DEBUG o.s.d.j.repository.query.NamedQuery - Did not find named query MaterialProcess.findByUserId
2025-08-28 15:17:42.661 [restartedMain] DEBUG o.s.o.j.SharedEntityManagerCreator$SharedEntityManagerInvocationHandler - Creating new EntityManager for shared EntityManager invocation
2025-08-28 15:17:42.663 [restartedMain] DEBUG o.s.d.j.repository.query.NamedQuery - Looking up named query 'MaterialProcess.findByStatus'
2025-08-28 15:17:42.664 [restartedMain] DEBUG o.s.d.j.repository.query.NamedQuery - Did not find named query MaterialProcess.findByStatus
2025-08-28 15:17:42.664 [restartedMain] DEBUG o.s.o.j.SharedEntityManagerCreator$SharedEntityManagerInvocationHandler - Creating new EntityManager for shared EntityManager invocation
2025-08-28 15:17:42.667 [restartedMain] DEBUG o.s.d.j.repository.query.NamedQuery - Looking up named query 'MaterialProcess.findByUserIdAndTaskId'
2025-08-28 15:17:42.667 [restartedMain] DEBUG o.s.d.j.repository.query.NamedQuery - Did not find named query MaterialProcess.findByUserIdAndTaskId
2025-08-28 15:17:42.667 [restartedMain] DEBUG o.s.o.j.SharedEntityManagerCreator$SharedEntityManagerInvocationHandler - Creating new EntityManager for shared EntityManager invocation
2025-08-28 15:17:42.674 [restartedMain] DEBUG o.s.d.r.c.s.RepositoryFactorySupport - Finished creation of repository instance for com.dailybrief.repository.MaterialProcessRepository.
2025-08-28 15:17:42.676 [restartedMain] DEBUG o.s.b.f.s.DefaultListableBeanFactory - Creating shared instance of singleton bean 'materialProcessMapperImpl'
2025-08-28 15:17:42.693 [restartedMain] DEBUG o.s.b.f.s.DefaultListableBeanFactory - Creating shared instance of singleton bean 'jacksonObjectMapper'
2025-08-28 15:17:42.693 [restartedMain] DEBUG o.s.b.f.s.DefaultListableBeanFactory - Creating shared instance of singleton bean 'org.springframework.boot.autoconfigure.jackson.JacksonAutoConfiguration$JacksonObjectMapperConfiguration'
2025-08-28 15:17:42.695 [restartedMain] DEBUG o.s.b.f.s.DefaultListableBeanFactory - Creating shared instance of singleton bean 'org.springframework.boot.autoconfigure.jackson.JacksonAutoConfiguration$JacksonObjectMapperBuilderConfiguration'
2025-08-28 15:17:42.698 [restartedMain] DEBUG o.s.b.f.s.DefaultListableBeanFactory - Creating shared instance of singleton bean 'standardJacksonObjectMapperBuilderCustomizer'
2025-08-28 15:17:42.700 [restartedMain] DEBUG o.s.b.f.s.DefaultListableBeanFactory - Creating shared instance of singleton bean 'org.springframework.boot.autoconfigure.jackson.JacksonAutoConfiguration$Jackson2ObjectMapperBuilderCustomizerConfiguration'
2025-08-28 15:17:42.703 [restartedMain] DEBUG o.s.b.f.s.DefaultListableBeanFactory - Creating shared instance of singleton bean 'spring.jackson-org.springframework.boot.autoconfigure.jackson.JacksonProperties'
2025-08-28 15:17:42.708 [restartedMain] DEBUG o.s.b.f.s.DefaultListableBeanFactory - Autowiring by type from bean name 'standardJacksonObjectMapperBuilderCustomizer' via factory method to bean named 'spring.jackson-org.springframework.boot.autoconfigure.jackson.JacksonProperties'
2025-08-28 15:17:42.711 [restartedMain] DEBUG o.s.b.f.s.DefaultListableBeanFactory - Creating shared instance of singleton bean 'parameterNamesModule'
2025-08-28 15:17:42.711 [restartedMain] DEBUG o.s.b.f.s.DefaultListableBeanFactory - Creating shared instance of singleton bean 'org.springframework.boot.autoconfigure.jackson.JacksonAutoConfiguration$ParameterNamesModuleConfiguration'
2025-08-28 15:17:42.718 [restartedMain] DEBUG o.s.b.f.s.DefaultListableBeanFactory - Creating shared instance of singleton bean 'jsonMixinModule'
2025-08-28 15:17:42.718 [restartedMain] DEBUG o.s.b.f.s.DefaultListableBeanFactory - Creating shared instance of singleton bean 'org.springframework.boot.autoconfigure.jackson.JacksonAutoConfiguration$JacksonMixinConfiguration'
2025-08-28 15:17:42.719 [restartedMain] DEBUG o.s.b.f.s.DefaultListableBeanFactory - Creating shared instance of singleton bean 'jsonMixinModuleEntries'
2025-08-28 15:17:42.719 [restartedMain] DEBUG o.s.b.f.s.DefaultListableBeanFactory - Autowiring by type from bean name 'jsonMixinModuleEntries' via factory method to bean named 'org.springframework.boot.web.servlet.context.AnnotationConfigServletWebServerApplicationContext@a3f2afd'
2025-08-28 15:17:42.736 [restartedMain] DEBUG o.s.b.f.s.DefaultListableBeanFactory - Autowiring by type from bean name 'jsonMixinModule' via factory method to bean named 'org.springframework.boot.web.servlet.context.AnnotationConfigServletWebServerApplicationContext@a3f2afd'
2025-08-28 15:17:42.737 [restartedMain] DEBUG o.s.b.f.s.DefaultListableBeanFactory - Autowiring by type from bean name 'jsonMixinModule' via factory method to bean named 'jsonMixinModuleEntries'
2025-08-28 15:17:42.739 [restartedMain] DEBUG o.s.b.f.s.DefaultListableBeanFactory - Creating shared instance of singleton bean 'jsonComponentModule'
2025-08-28 15:17:42.739 [restartedMain] DEBUG o.s.b.f.s.DefaultListableBeanFactory - Creating shared instance of singleton bean 'org.springframework.boot.autoconfigure.jackson.JacksonAutoConfiguration'
2025-08-28 15:17:42.747 [restartedMain] DEBUG o.s.b.f.s.DefaultListableBeanFactory - Creating shared instance of singleton bean 'jacksonGeoModule'
2025-08-28 15:17:42.748 [restartedMain] DEBUG o.s.b.f.s.DefaultListableBeanFactory - Creating shared instance of singleton bean 'org.springframework.data.web.config.SpringDataJacksonConfiguration'
2025-08-28 15:17:42.752 [restartedMain] DEBUG o.s.b.f.s.DefaultListableBeanFactory - Creating shared instance of singleton bean 'springDataWebSettings'
2025-08-28 15:17:42.752 [restartedMain] DEBUG o.s.b.f.s.DefaultListableBeanFactory - Creating shared instance of singleton bean 'org.springframework.boot.autoconfigure.data.web.SpringDataWebAutoConfiguration'
2025-08-28 15:17:42.753 [restartedMain] DEBUG o.s.b.f.s.DefaultListableBeanFactory - Creating shared instance of singleton bean 'spring.data.web-org.springframework.boot.autoconfigure.data.web.SpringDataWebProperties'
2025-08-28 15:17:42.756 [restartedMain] DEBUG o.s.b.f.s.DefaultListableBeanFactory - Autowiring by type from bean name 'org.springframework.boot.autoconfigure.data.web.SpringDataWebAutoConfiguration' via constructor to bean named 'spring.data.web-org.springframework.boot.autoconfigure.data.web.SpringDataWebProperties'
2025-08-28 15:17:42.767 [restartedMain] DEBUG o.s.b.f.s.DefaultListableBeanFactory - Creating shared instance of singleton bean 'pageModule'
2025-08-28 15:17:42.772 [restartedMain] DEBUG o.s.b.f.s.DefaultListableBeanFactory - Autowiring by type from bean name 'jacksonObjectMapperBuilder' via factory method to bean named 'org.springframework.boot.web.servlet.context.AnnotationConfigServletWebServerApplicationContext@a3f2afd'
2025-08-28 15:17:42.772 [restartedMain] DEBUG o.s.b.f.s.DefaultListableBeanFactory - Autowiring by type from bean name 'jacksonObjectMapperBuilder' via factory method to bean named 'standardJacksonObjectMapperBuilderCustomizer'
2025-08-28 15:17:42.776 [restartedMain] DEBUG o.s.b.f.s.DefaultListableBeanFactory - Autowiring by type from bean name 'jacksonObjectMapper' via factory method to bean named 'jacksonObjectMapperBuilder'
2025-08-28 15:17:42.792 [restartedMain] DEBUG o.s.b.f.s.DefaultListableBeanFactory - Creating shared instance of singleton bean 'org.springframework.boot.autoconfigure.web.reactive.function.client.WebClientAutoConfiguration'
2025-08-28 15:17:42.796 [restartedMain] DEBUG o.s.b.f.s.DefaultListableBeanFactory - Creating shared instance of singleton bean 'webClientHttpConnectorCustomizer'
2025-08-28 15:17:42.796 [restartedMain] DEBUG o.s.b.f.s.DefaultListableBeanFactory - Creating shared instance of singleton bean 'org.springframework.boot.autoconfigure.web.reactive.function.client.ClientHttpConnectorAutoConfiguration'
2025-08-28 15:17:42.797 [restartedMain] DEBUG o.s.b.f.s.DefaultListableBeanFactory - Creating shared instance of singleton bean 'webClientHttpConnector'
2025-08-28 15:17:42.803 [restartedMain] DEBUG o.s.b.f.s.DefaultListableBeanFactory - Creating shared instance of singleton bean 'reactorClientHttpConnectorFactory'
2025-08-28 15:17:42.804 [restartedMain] DEBUG o.s.b.f.s.DefaultListableBeanFactory - Creating shared instance of singleton bean 'org.springframework.boot.autoconfigure.web.reactive.function.client.ClientHttpConnectorFactoryConfiguration$ReactorNetty'
2025-08-28 15:17:42.806 [restartedMain] DEBUG o.s.b.f.s.DefaultListableBeanFactory - Creating shared instance of singleton bean 'reactorResourceFactory'
2025-08-28 15:17:42.806 [restartedMain] DEBUG o.s.b.f.s.DefaultListableBeanFactory - Creating shared instance of singleton bean 'org.springframework.boot.autoconfigure.reactor.netty.ReactorNettyConfigurations$ReactorResourceFactoryConfiguration'
2025-08-28 15:17:42.807 [restartedMain] DEBUG o.s.b.f.s.DefaultListableBeanFactory - Creating shared instance of singleton bean 'spring.reactor.netty-org.springframework.boot.autoconfigure.reactor.netty.ReactorNettyProperties'
2025-08-28 15:17:42.817 [restartedMain] DEBUG o.s.b.f.s.DefaultListableBeanFactory - Autowiring by type from bean name 'reactorResourceFactory' via factory method to bean named 'spring.reactor.netty-org.springframework.boot.autoconfigure.reactor.netty.ReactorNettyProperties'
2025-08-28 15:17:42.825 [restartedMain] DEBUG o.s.b.f.s.DefaultListableBeanFactory - Autowiring by type from bean name 'reactorClientHttpConnectorFactory' via factory method to bean named 'reactorResourceFactory'
2025-08-28 15:17:42.827 [restartedMain] DEBUG o.s.b.f.s.DefaultListableBeanFactory - Autowiring by type from bean name 'webClientHttpConnector' via factory method to bean named 'reactorClientHttpConnectorFactory'
2025-08-28 15:17:42.944 [restartedMain] DEBUG o.s.b.f.s.DefaultListableBeanFactory - Autowiring by type from bean name 'webClientHttpConnectorCustomizer' via factory method to bean named 'webClientHttpConnector'
2025-08-28 15:17:42.946 [restartedMain] DEBUG o.s.b.f.s.DefaultListableBeanFactory - Creating shared instance of singleton bean 'exchangeStrategiesCustomizer'
2025-08-28 15:17:42.946 [restartedMain] DEBUG o.s.b.f.s.DefaultListableBeanFactory - Creating shared instance of singleton bean 'org.springframework.boot.autoconfigure.web.reactive.function.client.WebClientAutoConfiguration$WebClientCodecsConfiguration'
2025-08-28 15:17:42.948 [restartedMain] DEBUG o.s.b.f.s.DefaultListableBeanFactory - Creating shared instance of singleton bean 'defaultCodecCustomizer'
2025-08-28 15:17:42.948 [restartedMain] DEBUG o.s.b.f.s.DefaultListableBeanFactory - Creating shared instance of singleton bean 'org.springframework.boot.autoconfigure.http.codec.CodecsAutoConfiguration$DefaultCodecsConfiguration'
2025-08-28 15:17:42.951 [restartedMain] DEBUG o.s.b.f.s.DefaultListableBeanFactory - Creating shared instance of singleton bean 'spring.codec-org.springframework.boot.autoconfigure.codec.CodecProperties'
2025-08-28 15:17:42.953 [restartedMain] DEBUG o.s.b.f.s.DefaultListableBeanFactory - Autowiring by type from bean name 'defaultCodecCustomizer' via factory method to bean named 'spring.codec-org.springframework.boot.autoconfigure.codec.CodecProperties'
2025-08-28 15:17:42.954 [restartedMain] DEBUG o.s.b.f.s.DefaultListableBeanFactory - Creating shared instance of singleton bean 'jacksonCodecCustomizer'
2025-08-28 15:17:42.956 [restartedMain] DEBUG o.s.b.f.s.DefaultListableBeanFactory - Creating shared instance of singleton bean 'org.springframework.boot.autoconfigure.http.codec.CodecsAutoConfiguration$JacksonCodecConfiguration'
2025-08-28 15:17:42.958 [restartedMain] DEBUG o.s.b.f.s.DefaultListableBeanFactory - Autowiring by type from bean name 'jacksonCodecCustomizer' via factory method to bean named 'jacksonObjectMapper'
2025-08-28 15:17:42.976 [restartedMain] DEBUG o.s.b.f.s.DefaultListableBeanFactory - Autowiring by type from bean name 'materialProcessServiceImpl' via constructor to bean named 'materialProcessRepository'
2025-08-28 15:17:42.976 [restartedMain] DEBUG o.s.b.f.s.DefaultListableBeanFactory - Autowiring by type from bean name 'materialProcessServiceImpl' via constructor to bean named 'materialProcessMapperImpl'
2025-08-28 15:17:42.976 [restartedMain] DEBUG o.s.b.f.s.DefaultListableBeanFactory - Autowiring by type from bean name 'materialProcessServiceImpl' via constructor to bean named 'webClientBuilder'
2025-08-28 15:17:42.976 [restartedMain] DEBUG o.s.b.f.s.DefaultListableBeanFactory - Autowiring by type from bean name 'materialProcessServiceImpl' via constructor to bean named 'applicationConfig'
2025-08-28 15:17:43.164 [restartedMain] DEBUG o.s.b.f.s.DefaultListableBeanFactory - Autowiring by type from bean name 'automationController' via constructor to bean named 'automationServiceImpl'
2025-08-28 15:17:43.164 [restartedMain] DEBUG o.s.b.f.s.DefaultListableBeanFactory - Autowiring by type from bean name 'automationController' via constructor to bean named 'materialProcessServiceImpl'
2025-08-28 15:17:43.165 [restartedMain] DEBUG o.s.b.f.s.DefaultListableBeanFactory - Creating shared instance of singleton bean 'dashboardController'
2025-08-28 15:17:43.168 [restartedMain] DEBUG o.s.b.f.s.DefaultListableBeanFactory - Creating shared instance of singleton bean 'dashboardServiceImpl'
2025-08-28 15:17:43.172 [restartedMain] DEBUG o.s.b.f.s.DefaultListableBeanFactory - Creating shared instance of singleton bean 'logController'
2025-08-28 15:17:43.173 [restartedMain] DEBUG o.s.b.f.s.DefaultListableBeanFactory - Creating shared instance of singleton bean 'materialProcessController'
2025-08-28 15:17:43.175 [restartedMain] DEBUG o.s.b.f.s.DefaultListableBeanFactory - Autowiring by type from bean name 'materialProcessController' via constructor to bean named 'materialProcessServiceImpl'
2025-08-28 15:17:43.175 [restartedMain] DEBUG o.s.b.f.s.DefaultListableBeanFactory - Creating shared instance of singleton bean 'postController'
2025-08-28 15:17:43.178 [restartedMain] DEBUG o.s.b.f.s.DefaultListableBeanFactory - Autowiring by type from bean name 'postController' via constructor to bean named 'postServiceImpl'
2025-08-28 15:17:43.180 [restartedMain] DEBUG o.s.b.f.s.DefaultListableBeanFactory - Creating shared instance of singleton bean 'globalExceptionHandler'
2025-08-28 15:17:43.184 [restartedMain] DEBUG o.s.b.f.s.DefaultListableBeanFactory - Creating shared instance of singleton bean 'localeResolver'
2025-08-28 15:17:43.186 [restartedMain] INFO  com.dailybrief.config.LocaleConfig - LocaleResolver configurado com idiomas suportados: [pt, en, es] e padrão: pt
2025-08-28 15:17:43.188 [restartedMain] DEBUG o.s.b.f.s.DefaultListableBeanFactory - Creating shared instance of singleton bean 'org.springframework.security.config.annotation.configuration.ObjectPostProcessorConfiguration'
2025-08-28 15:17:43.188 [restartedMain] DEBUG o.s.b.f.s.DefaultListableBeanFactory - Creating shared instance of singleton bean 'objectPostProcessor'
2025-08-28 15:17:43.190 [restartedMain] DEBUG o.s.b.f.s.DefaultListableBeanFactory - Autowiring by type from bean name 'objectPostProcessor' via factory method to bean named 'org.springframework.beans.factory.support.DefaultListableBeanFactory@5a88e5d1'
2025-08-28 15:17:43.191 [restartedMain] DEBUG o.s.b.f.s.DefaultListableBeanFactory - Creating shared instance of singleton bean 'org.springframework.security.config.annotation.authentication.configuration.AuthenticationConfiguration'
2025-08-28 15:17:43.195 [restartedMain] DEBUG o.s.b.f.s.DefaultListableBeanFactory - Creating shared instance of singleton bean 'enableGlobalAuthenticationAutowiredConfigurer'
2025-08-28 15:17:43.196 [restartedMain] DEBUG o.s.b.f.s.DefaultListableBeanFactory - Autowiring by type from bean name 'enableGlobalAuthenticationAutowiredConfigurer' via factory method to bean named 'org.springframework.boot.web.servlet.context.AnnotationConfigServletWebServerApplicationContext@a3f2afd'
2025-08-28 15:17:43.198 [restartedMain] DEBUG o.s.b.f.s.DefaultListableBeanFactory - Creating shared instance of singleton bean 'initializeUserDetailsBeanManagerConfigurer'
2025-08-28 15:17:43.200 [restartedMain] DEBUG o.s.b.f.s.DefaultListableBeanFactory - Autowiring by type from bean name 'initializeUserDetailsBeanManagerConfigurer' via factory method to bean named 'org.springframework.boot.web.servlet.context.AnnotationConfigServletWebServerApplicationContext@a3f2afd'
2025-08-28 15:17:43.203 [restartedMain] DEBUG o.s.b.f.s.DefaultListableBeanFactory - Creating shared instance of singleton bean 'initializeAuthenticationProviderBeanManagerConfigurer'
2025-08-28 15:17:43.203 [restartedMain] DEBUG o.s.b.f.s.DefaultListableBeanFactory - Autowiring by type from bean name 'initializeAuthenticationProviderBeanManagerConfigurer' via factory method to bean named 'org.springframework.boot.web.servlet.context.AnnotationConfigServletWebServerApplicationContext@a3f2afd'
2025-08-28 15:17:43.208 [restartedMain] DEBUG o.s.b.f.s.DefaultListableBeanFactory - Creating shared instance of singleton bean 'authenticationManagerBuilder'
2025-08-28 15:17:43.208 [restartedMain] DEBUG o.s.b.f.s.DefaultListableBeanFactory - Autowiring by type from bean name 'authenticationManagerBuilder' via factory method to bean named 'objectPostProcessor'
2025-08-28 15:17:43.209 [restartedMain] DEBUG o.s.b.f.s.DefaultListableBeanFactory - Autowiring by type from bean name 'authenticationManagerBuilder' via factory method to bean named 'org.springframework.boot.web.servlet.context.AnnotationConfigServletWebServerApplicationContext@a3f2afd'
2025-08-28 15:17:43.211 [restartedMain] DEBUG o.s.b.f.s.DefaultListableBeanFactory - Creating shared instance of singleton bean 'authenticationEventPublisher'
2025-08-28 15:17:43.212 [restartedMain] DEBUG o.s.b.f.s.DefaultListableBeanFactory - Creating shared instance of singleton bean 'org.springframework.boot.autoconfigure.security.servlet.SecurityAutoConfiguration'
2025-08-28 15:17:43.214 [restartedMain] DEBUG o.s.b.f.s.DefaultListableBeanFactory - Autowiring by type from bean name 'authenticationEventPublisher' via factory method to bean named 'org.springframework.boot.web.servlet.context.AnnotationConfigServletWebServerApplicationContext@a3f2afd'
2025-08-28 15:17:43.243 [restartedMain] DEBUG o.s.b.f.s.DefaultListableBeanFactory - Creating shared instance of singleton bean 'org.springframework.security.config.annotation.web.configuration.WebSecurityConfiguration'
2025-08-28 15:17:43.247 [restartedMain] DEBUG o.s.b.f.s.DefaultListableBeanFactory - Creating shared instance of singleton bean 'org.springframework.security.config.annotation.web.configuration.HttpSecurityConfiguration'
2025-08-28 15:17:43.265 [restartedMain] DEBUG o.s.b.f.s.DefaultListableBeanFactory - Creating shared instance of singleton bean 'mvcContentNegotiationManager'
2025-08-28 15:17:43.267 [restartedMain] DEBUG o.s.b.f.s.DefaultListableBeanFactory - Creating shared instance of singleton bean 'org.springframework.boot.autoconfigure.web.servlet.WebMvcAutoConfiguration$EnableWebMvcConfiguration'
2025-08-28 15:17:43.274 [restartedMain] DEBUG o.s.b.f.s.DefaultListableBeanFactory - Creating shared instance of singleton bean 'spring.web-org.springframework.boot.autoconfigure.web.WebProperties'
2025-08-28 15:17:43.292 [restartedMain] DEBUG o.s.b.f.s.DefaultListableBeanFactory - Autowiring by type from bean name 'org.springframework.boot.autoconfigure.web.servlet.WebMvcAutoConfiguration$EnableWebMvcConfiguration' via constructor to bean named 'spring.mvc-org.springframework.boot.autoconfigure.web.servlet.WebMvcProperties'
2025-08-28 15:17:43.293 [restartedMain] DEBUG o.s.b.f.s.DefaultListableBeanFactory - Autowiring by type from bean name 'org.springframework.boot.autoconfigure.web.servlet.WebMvcAutoConfiguration$EnableWebMvcConfiguration' via constructor to bean named 'spring.web-org.springframework.boot.autoconfigure.web.WebProperties'
2025-08-28 15:17:43.293 [restartedMain] DEBUG o.s.b.f.s.DefaultListableBeanFactory - Autowiring by type from bean name 'org.springframework.boot.autoconfigure.web.servlet.WebMvcAutoConfiguration$EnableWebMvcConfiguration' via constructor to bean named 'org.springframework.beans.factory.support.DefaultListableBeanFactory@5a88e5d1'
2025-08-28 15:17:43.301 [restartedMain] DEBUG o.s.b.f.s.DefaultListableBeanFactory - Creating shared instance of singleton bean 'org.springframework.security.config.annotation.web.configuration.WebMvcSecurityConfiguration'
2025-08-28 15:17:43.305 [restartedMain] DEBUG o.s.b.f.s.DefaultListableBeanFactory - Creating shared instance of singleton bean 'org.springframework.boot.autoconfigure.web.servlet.WebMvcAutoConfiguration$WebMvcAutoConfigurationAdapter'
2025-08-28 15:17:43.306 [restartedMain] DEBUG o.s.b.f.s.DefaultListableBeanFactory - Autowiring by type from bean name 'org.springframework.boot.autoconfigure.web.servlet.WebMvcAutoConfiguration$WebMvcAutoConfigurationAdapter' via constructor to bean named 'spring.web-org.springframework.boot.autoconfigure.web.WebProperties'
2025-08-28 15:17:43.306 [restartedMain] DEBUG o.s.b.f.s.DefaultListableBeanFactory - Autowiring by type from bean name 'org.springframework.boot.autoconfigure.web.servlet.WebMvcAutoConfiguration$WebMvcAutoConfigurationAdapter' via constructor to bean named 'spring.mvc-org.springframework.boot.autoconfigure.web.servlet.WebMvcProperties'
2025-08-28 15:17:43.306 [restartedMain] DEBUG o.s.b.f.s.DefaultListableBeanFactory - Autowiring by type from bean name 'org.springframework.boot.autoconfigure.web.servlet.WebMvcAutoConfiguration$WebMvcAutoConfigurationAdapter' via constructor to bean named 'org.springframework.beans.factory.support.DefaultListableBeanFactory@5a88e5d1'
2025-08-28 15:17:43.310 [restartedMain] DEBUG o.s.b.f.s.DefaultListableBeanFactory - Creating shared instance of singleton bean 'resourceHandlerRegistrationCustomizer'
2025-08-28 15:17:43.311 [restartedMain] DEBUG o.s.b.f.s.DefaultListableBeanFactory - Creating shared instance of singleton bean 'org.springframework.boot.autoconfigure.web.servlet.WebMvcAutoConfiguration$ResourceChainCustomizerConfiguration'
2025-08-28 15:17:43.312 [restartedMain] DEBUG o.s.b.f.s.DefaultListableBeanFactory - Autowiring by type from bean name 'resourceHandlerRegistrationCustomizer' via factory method to bean named 'spring.web-org.springframework.boot.autoconfigure.web.WebProperties'
2025-08-28 15:17:43.318 [restartedMain] DEBUG o.s.b.f.s.DefaultListableBeanFactory - Creating shared instance of singleton bean 'swaggerWebMvcConfigurer'
2025-08-28 15:17:43.318 [restartedMain] DEBUG o.s.b.f.s.DefaultListableBeanFactory - Creating shared instance of singleton bean 'org.springdoc.webmvc.ui.SwaggerConfig'
2025-08-28 15:17:43.322 [restartedMain] DEBUG o.s.b.f.s.DefaultListableBeanFactory - Creating shared instance of singleton bean 'org.springdoc.core.properties.SwaggerUiConfigProperties'
2025-08-28 15:17:43.352 [restartedMain] DEBUG o.s.b.f.s.DefaultListableBeanFactory - Creating shared instance of singleton bean 'indexPageTransformer'
2025-08-28 15:17:43.353 [restartedMain] DEBUG o.s.b.f.s.DefaultListableBeanFactory - Creating shared instance of singleton bean 'org.springdoc.core.properties.SwaggerUiOAuthProperties'
2025-08-28 15:17:43.359 [restartedMain] DEBUG o.s.b.f.s.DefaultListableBeanFactory - Creating shared instance of singleton bean 'swaggerWelcome'
2025-08-28 15:17:43.360 [restartedMain] DEBUG o.s.b.f.s.DefaultListableBeanFactory - Creating shared instance of singleton bean 'org.springdoc.core.properties.SpringDocConfigProperties'
2025-08-28 15:17:43.375 [restartedMain] DEBUG o.s.b.f.s.DefaultListableBeanFactory - Creating shared instance of singleton bean 'springWebProvider'
2025-08-28 15:17:43.376 [restartedMain] DEBUG o.s.b.f.s.DefaultListableBeanFactory - Creating shared instance of singleton bean 'org.springdoc.webmvc.core.configuration.SpringDocWebMvcConfiguration'
2025-08-28 15:17:43.396 [restartedMain] DEBUG o.s.b.f.s.DefaultListableBeanFactory - Autowiring by type from bean name 'swaggerWelcome' via factory method to bean named 'org.springdoc.core.properties.SwaggerUiConfigProperties'
2025-08-28 15:17:43.396 [restartedMain] DEBUG o.s.b.f.s.DefaultListableBeanFactory - Autowiring by type from bean name 'swaggerWelcome' via factory method to bean named 'org.springdoc.core.properties.SpringDocConfigProperties'
2025-08-28 15:17:43.396 [restartedMain] DEBUG o.s.b.f.s.DefaultListableBeanFactory - Autowiring by type from bean name 'swaggerWelcome' via factory method to bean named 'springWebProvider'
2025-08-28 15:17:43.405 [restartedMain] DEBUG o.s.b.f.s.DefaultListableBeanFactory - Creating shared instance of singleton bean 'springdocObjectMapperProvider'
2025-08-28 15:17:43.406 [restartedMain] DEBUG o.s.b.f.s.DefaultListableBeanFactory - Creating shared instance of singleton bean 'org.springdoc.core.configuration.SpringDocConfiguration'
2025-08-28 15:17:43.415 [restartedMain] DEBUG o.s.b.f.s.DefaultListableBeanFactory - Autowiring by type from bean name 'springdocObjectMapperProvider' via factory method to bean named 'org.springdoc.core.properties.SpringDocConfigProperties'
2025-08-28 15:17:43.463 [restartedMain] DEBUG o.s.b.f.s.DefaultListableBeanFactory - Autowiring by type from bean name 'indexPageTransformer' via factory method to bean named 'org.springdoc.core.properties.SwaggerUiConfigProperties'
2025-08-28 15:17:43.463 [restartedMain] DEBUG o.s.b.f.s.DefaultListableBeanFactory - Autowiring by type from bean name 'indexPageTransformer' via factory method to bean named 'org.springdoc.core.properties.SwaggerUiOAuthProperties'
2025-08-28 15:17:43.463 [restartedMain] DEBUG o.s.b.f.s.DefaultListableBeanFactory - Autowiring by type from bean name 'indexPageTransformer' via factory method to bean named 'swaggerWelcome'
2025-08-28 15:17:43.463 [restartedMain] DEBUG o.s.b.f.s.DefaultListableBeanFactory - Autowiring by type from bean name 'indexPageTransformer' via factory method to bean named 'springdocObjectMapperProvider'
2025-08-28 15:17:43.469 [restartedMain] DEBUG o.s.b.f.s.DefaultListableBeanFactory - Creating shared instance of singleton bean 'swaggerResourceResolver'
2025-08-28 15:17:43.470 [restartedMain] DEBUG o.s.b.f.s.DefaultListableBeanFactory - Autowiring by type from bean name 'swaggerResourceResolver' via factory method to bean named 'org.springdoc.core.properties.SwaggerUiConfigProperties'
2025-08-28 15:17:43.475 [restartedMain] DEBUG o.s.b.f.s.DefaultListableBeanFactory - Autowiring by type from bean name 'swaggerWebMvcConfigurer' via factory method to bean named 'org.springdoc.core.properties.SwaggerUiConfigProperties'
2025-08-28 15:17:43.475 [restartedMain] DEBUG o.s.b.f.s.DefaultListableBeanFactory - Autowiring by type from bean name 'swaggerWebMvcConfigurer' via factory method to bean named 'indexPageTransformer'
2025-08-28 15:17:43.475 [restartedMain] DEBUG o.s.b.f.s.DefaultListableBeanFactory - Autowiring by type from bean name 'swaggerWebMvcConfigurer' via factory method to bean named 'swaggerResourceResolver'
2025-08-28 15:17:43.479 [restartedMain] DEBUG o.s.b.f.s.DefaultListableBeanFactory - Creating shared instance of singleton bean 'openEntityManagerInViewInterceptorConfigurer'
2025-08-28 15:17:43.479 [restartedMain] DEBUG o.s.b.f.s.DefaultListableBeanFactory - Creating shared instance of singleton bean 'org.springframework.boot.autoconfigure.orm.jpa.JpaBaseConfiguration$JpaWebConfiguration'
2025-08-28 15:17:43.480 [restartedMain] DEBUG o.s.b.f.s.DefaultListableBeanFactory - Autowiring by type from bean name 'org.springframework.boot.autoconfigure.orm.jpa.JpaBaseConfiguration$JpaWebConfiguration' via constructor to bean named 'spring.jpa-org.springframework.boot.autoconfigure.orm.jpa.JpaProperties'
2025-08-28 15:17:43.481 [restartedMain] DEBUG o.s.b.f.s.DefaultListableBeanFactory - Creating shared instance of singleton bean 'openEntityManagerInViewInterceptor'
2025-08-28 15:17:43.484 [restartedMain] WARN  o.s.b.a.o.j.JpaBaseConfiguration$JpaWebConfiguration - spring.jpa.open-in-view is enabled by default. Therefore, database queries may be performed during view rendering. Explicitly configure spring.jpa.open-in-view to disable this warning
2025-08-28 15:17:43.488 [restartedMain] DEBUG o.s.b.f.s.DefaultListableBeanFactory - Autowiring by type from bean name 'openEntityManagerInViewInterceptorConfigurer' via factory method to bean named 'openEntityManagerInViewInterceptor'
2025-08-28 15:17:43.495 [restartedMain] DEBUG o.s.b.f.s.DefaultListableBeanFactory - Creating shared instance of singleton bean 'org.springframework.data.web.config.SpringDataWebConfiguration'
2025-08-28 15:17:43.496 [restartedMain] DEBUG o.s.b.f.s.DefaultListableBeanFactory - Autowiring by type from bean name 'org.springframework.data.web.config.SpringDataWebConfiguration' via constructor to bean named 'org.springframework.boot.web.servlet.context.AnnotationConfigServletWebServerApplicationContext@a3f2afd'
2025-08-28 15:17:43.525 [restartedMain] DEBUG o.s.s.c.a.a.c.AuthenticationConfiguration$DefaultPasswordEncoderAuthenticationManagerBuilder - No authenticationProviders and no parentAuthenticationManager defined. Returning null.
2025-08-28 15:17:43.535 [restartedMain] DEBUG o.s.aop.framework.ProxyFactoryBean - Advice has changed; re-caching singleton instance
2025-08-28 15:17:43.702 [restartedMain] DEBUG o.s.b.f.s.DefaultListableBeanFactory - Creating shared instance of singleton bean 'filterChainDecoratorPostProcessor'
2025-08-28 15:17:43.706 [restartedMain] DEBUG o.s.b.f.s.DefaultListableBeanFactory - Creating shared instance of singleton bean 'mvcHandlerMappingIntrospectorRequestTransformer'
2025-08-28 15:17:43.706 [restartedMain] DEBUG o.s.b.f.s.DefaultListableBeanFactory - Creating shared instance of singleton bean 'mvcHandlerMappingIntrospector'
2025-08-28 15:17:43.712 [restartedMain] DEBUG o.s.b.f.s.DefaultListableBeanFactory - Creating shared instance of singleton bean 'welcomePageHandlerMapping'
2025-08-28 15:17:43.713 [restartedMain] DEBUG o.s.b.f.s.DefaultListableBeanFactory - Creating shared instance of singleton bean 'mvcConversionService'
2025-08-28 15:17:43.728 [restartedMain] DEBUG o.s.b.f.s.DefaultListableBeanFactory - Creating shared instance of singleton bean 'mvcResourceUrlProvider'
2025-08-28 15:17:43.731 [restartedMain] DEBUG o.s.b.f.s.DefaultListableBeanFactory - Autowiring by type from bean name 'welcomePageHandlerMapping' via factory method to bean named 'org.springframework.boot.web.servlet.context.AnnotationConfigServletWebServerApplicationContext@a3f2afd'
2025-08-28 15:17:43.731 [restartedMain] DEBUG o.s.b.f.s.DefaultListableBeanFactory - Autowiring by type from bean name 'welcomePageHandlerMapping' via factory method to bean named 'mvcConversionService'
2025-08-28 15:17:43.731 [restartedMain] DEBUG o.s.b.f.s.DefaultListableBeanFactory - Autowiring by type from bean name 'welcomePageHandlerMapping' via factory method to bean named 'mvcResourceUrlProvider'
2025-08-28 15:17:43.768 [restartedMain] DEBUG o.s.b.f.s.DefaultListableBeanFactory - Creating shared instance of singleton bean 'welcomePageNotAcceptableHandlerMapping'
2025-08-28 15:17:43.768 [restartedMain] DEBUG o.s.b.f.s.DefaultListableBeanFactory - Autowiring by type from bean name 'welcomePageNotAcceptableHandlerMapping' via factory method to bean named 'org.springframework.boot.web.servlet.context.AnnotationConfigServletWebServerApplicationContext@a3f2afd'
2025-08-28 15:17:43.768 [restartedMain] DEBUG o.s.b.f.s.DefaultListableBeanFactory - Autowiring by type from bean name 'welcomePageNotAcceptableHandlerMapping' via factory method to bean named 'mvcConversionService'
2025-08-28 15:17:43.769 [restartedMain] DEBUG o.s.b.f.s.DefaultListableBeanFactory - Autowiring by type from bean name 'welcomePageNotAcceptableHandlerMapping' via factory method to bean named 'mvcResourceUrlProvider'
2025-08-28 15:17:43.775 [restartedMain] DEBUG o.s.b.f.s.DefaultListableBeanFactory - Creating shared instance of singleton bean 'requestMappingHandlerMapping'
2025-08-28 15:17:43.777 [restartedMain] DEBUG o.s.b.f.s.DefaultListableBeanFactory - Autowiring by type from bean name 'requestMappingHandlerMapping' via factory method to bean named 'mvcContentNegotiationManager'
2025-08-28 15:17:43.777 [restartedMain] DEBUG o.s.b.f.s.DefaultListableBeanFactory - Autowiring by type from bean name 'requestMappingHandlerMapping' via factory method to bean named 'mvcConversionService'
2025-08-28 15:17:43.777 [restartedMain] DEBUG o.s.b.f.s.DefaultListableBeanFactory - Autowiring by type from bean name 'requestMappingHandlerMapping' via factory method to bean named 'mvcResourceUrlProvider'
2025-08-28 15:17:44.005 [restartedMain] DEBUG o.s.c.e.PropertySourcesPropertyResolver - Found key 'springdoc.api-docs.path' in PropertySource 'environmentProperties' with value of type String
2025-08-28 15:17:44.007 [restartedMain] DEBUG o.s.c.e.PropertySourcesPropertyResolver - Found key 'springdoc.api-docs.path' in PropertySource 'environmentProperties' with value of type String
2025-08-28 15:17:44.008 [restartedMain] DEBUG o.s.c.e.PropertySourcesPropertyResolver - Found key 'springdoc.api-docs.path' in PropertySource 'environmentProperties' with value of type String
2025-08-28 15:17:44.010 [restartedMain] DEBUG o.s.c.e.PropertySourcesPropertyResolver - Found key 'springdoc.api-docs.path' in PropertySource 'environmentProperties' with value of type String
2025-08-28 15:17:44.013 [restartedMain] DEBUG o.s.c.e.PropertySourcesPropertyResolver - Found key 'springdoc.swagger-ui.path' in PropertySource 'environmentProperties' with value of type String
2025-08-28 15:17:44.014 [restartedMain] DEBUG o.s.c.e.PropertySourcesPropertyResolver - Found key 'springdoc.swagger-ui.path' in PropertySource 'environmentProperties' with value of type String
2025-08-28 15:17:44.018 [restartedMain] DEBUG o.s.c.e.PropertySourcesPropertyResolver - Found key 'springdoc.api-docs.path' in PropertySource 'environmentProperties' with value of type String
2025-08-28 15:17:44.022 [restartedMain] DEBUG o.s.w.s.m.m.a.RequestMappingHandlerMapping - 45 mappings in 'requestMappingHandlerMapping'
2025-08-28 15:17:44.028 [restartedMain] DEBUG o.s.b.f.s.DefaultListableBeanFactory - Creating shared instance of singleton bean 'viewControllerHandlerMapping'
2025-08-28 15:17:44.029 [restartedMain] DEBUG o.s.b.f.s.DefaultListableBeanFactory - Autowiring by type from bean name 'viewControllerHandlerMapping' via factory method to bean named 'mvcConversionService'
2025-08-28 15:17:44.029 [restartedMain] DEBUG o.s.b.f.s.DefaultListableBeanFactory - Autowiring by type from bean name 'viewControllerHandlerMapping' via factory method to bean named 'mvcResourceUrlProvider'
2025-08-28 15:17:44.031 [restartedMain] DEBUG o.s.b.f.s.DefaultListableBeanFactory - Creating shared instance of singleton bean 'beanNameHandlerMapping'
2025-08-28 15:17:44.031 [restartedMain] DEBUG o.s.b.f.s.DefaultListableBeanFactory - Autowiring by type from bean name 'beanNameHandlerMapping' via factory method to bean named 'mvcConversionService'
2025-08-28 15:17:44.031 [restartedMain] DEBUG o.s.b.f.s.DefaultListableBeanFactory - Autowiring by type from bean name 'beanNameHandlerMapping' via factory method to bean named 'mvcResourceUrlProvider'
2025-08-28 15:17:44.041 [restartedMain] DEBUG o.s.b.f.s.DefaultListableBeanFactory - Creating shared instance of singleton bean 'routerFunctionMapping'
2025-08-28 15:17:44.043 [restartedMain] DEBUG o.s.b.f.s.DefaultListableBeanFactory - Autowiring by type from bean name 'routerFunctionMapping' via factory method to bean named 'mvcConversionService'
2025-08-28 15:17:44.043 [restartedMain] DEBUG o.s.b.f.s.DefaultListableBeanFactory - Autowiring by type from bean name 'routerFunctionMapping' via factory method to bean named 'mvcResourceUrlProvider'
2025-08-28 15:17:44.047 [restartedMain] DEBUG o.s.b.f.s.DefaultListableBeanFactory - Creating shared instance of singleton bean 'messageConverters'
2025-08-28 15:17:44.047 [restartedMain] DEBUG o.s.b.f.s.DefaultListableBeanFactory - Creating shared instance of singleton bean 'org.springframework.boot.autoconfigure.http.HttpMessageConvertersAutoConfiguration'
2025-08-28 15:17:44.056 [restartedMain] DEBUG o.s.b.f.s.DefaultListableBeanFactory - Creating shared instance of singleton bean 'stringHttpMessageConverter'
2025-08-28 15:17:44.056 [restartedMain] DEBUG o.s.b.f.s.DefaultListableBeanFactory - Creating shared instance of singleton bean 'org.springframework.boot.autoconfigure.http.HttpMessageConvertersAutoConfiguration$StringHttpMessageConverterConfiguration'
2025-08-28 15:17:44.057 [restartedMain] DEBUG o.s.b.f.s.DefaultListableBeanFactory - Autowiring by type from bean name 'stringHttpMessageConverter' via factory method to bean named 'environment'
2025-08-28 15:17:44.065 [restartedMain] DEBUG o.s.b.f.s.DefaultListableBeanFactory - Creating shared instance of singleton bean 'mappingJackson2HttpMessageConverter'
2025-08-28 15:17:44.065 [restartedMain] DEBUG o.s.b.f.s.DefaultListableBeanFactory - Creating shared instance of singleton bean 'org.springframework.boot.autoconfigure.http.JacksonHttpMessageConvertersConfiguration$MappingJackson2HttpMessageConverterConfiguration'
2025-08-28 15:17:44.067 [restartedMain] DEBUG o.s.b.f.s.DefaultListableBeanFactory - Autowiring by type from bean name 'mappingJackson2HttpMessageConverter' via factory method to bean named 'jacksonObjectMapper'
2025-08-28 15:17:44.085 [restartedMain] DEBUG o.s.b.f.s.DefaultListableBeanFactory - Creating shared instance of singleton bean 'resourceHandlerMapping'
2025-08-28 15:17:44.086 [restartedMain] DEBUG o.s.b.f.s.DefaultListableBeanFactory - Autowiring by type from bean name 'resourceHandlerMapping' via factory method to bean named 'mvcContentNegotiationManager'
2025-08-28 15:17:44.086 [restartedMain] DEBUG o.s.b.f.s.DefaultListableBeanFactory - Autowiring by type from bean name 'resourceHandlerMapping' via factory method to bean named 'mvcConversionService'
2025-08-28 15:17:44.086 [restartedMain] DEBUG o.s.b.f.s.DefaultListableBeanFactory - Autowiring by type from bean name 'resourceHandlerMapping' via factory method to bean named 'mvcResourceUrlProvider'
2025-08-28 15:17:44.118 [restartedMain] DEBUG o.s.w.s.h.SimpleUrlHandlerMapping - Patterns [/webjars/**, /**, /swagger-ui*/*swagger-initializer.js, /swagger-ui*/**] in 'resourceHandlerMapping'
2025-08-28 15:17:44.119 [restartedMain] DEBUG o.s.b.f.s.DefaultListableBeanFactory - Creating shared instance of singleton bean 'defaultServletHandlerMapping'
2025-08-28 15:17:44.128 [restartedMain] DEBUG o.s.b.f.s.DefaultListableBeanFactory - Creating shared instance of singleton bean 'securityFilterChain'
2025-08-28 15:17:44.131 [restartedMain] DEBUG o.s.b.f.s.DefaultListableBeanFactory - Autowiring by type from bean name 'securityFilterChain' via factory method to bean named 'org.springframework.security.config.annotation.web.configuration.HttpSecurityConfiguration.httpSecurity'
2025-08-28 15:17:44.147 [restartedMain] DEBUG o.s.b.f.s.DefaultListableBeanFactory - Creating shared instance of singleton bean 'webAuthorizationManagerPostProcessor'
2025-08-28 15:17:44.208 [restartedMain] DEBUG o.s.b.f.s.DefaultListableBeanFactory - Creating shared instance of singleton bean 'authenticationManagerPostProcessor'
2025-08-28 15:17:44.243 [restartedMain] DEBUG o.s.s.web.DefaultSecurityFilterChain - Will secure any request with filters: DisableEncodeUrlFilter, WebAsyncManagerIntegrationFilter, SecurityContextHolderFilter, HeaderWriterFilter, CorsFilter, LogoutFilter, JwtAuthenticationFilter, RequestCacheAwareFilter, SecurityContextHolderAwareRequestFilter, AnonymousAuthenticationFilter, SessionManagementFilter, ExceptionTranslationFilter, AuthorizationFilter
2025-08-28 15:17:44.246 [restartedMain] DEBUG o.s.b.f.s.DefaultListableBeanFactory - Creating shared instance of singleton bean 'delegatingApplicationListener'
2025-08-28 15:17:44.248 [restartedMain] DEBUG o.s.b.f.s.DefaultListableBeanFactory - Creating shared instance of singleton bean 'springSecurityFilterChain'
2025-08-28 15:17:44.274 [restartedMain] DEBUG o.s.b.f.s.DefaultListableBeanFactory - Creating shared instance of singleton bean 'webSecurityExpressionHandler'
2025-08-28 15:17:44.276 [restartedMain] DEBUG o.s.b.f.s.DefaultListableBeanFactory - Creating shared instance of singleton bean 'privilegeEvaluator'
2025-08-28 15:17:44.276 [restartedMain] DEBUG o.s.b.f.s.DefaultListableBeanFactory - Creating shared instance of singleton bean 'requestDataValueProcessor'
2025-08-28 15:17:44.278 [restartedMain] DEBUG o.s.b.f.s.DefaultListableBeanFactory - Creating shared instance of singleton bean 'org.springframework.security.config.annotation.web.configuration.SecurityReactorContextConfiguration'
2025-08-28 15:17:44.280 [restartedMain] DEBUG o.s.b.f.s.DefaultListableBeanFactory - Creating shared instance of singleton bean 'securityReactorContextSubscriberRegistrar'
2025-08-28 15:17:44.295 [restartedMain] DEBUG o.s.b.f.s.DefaultListableBeanFactory - Creating shared instance of singleton bean 'org.springframework.security.config.annotation.web.configuration.ObservationConfiguration'
2025-08-28 15:17:44.296 [restartedMain] DEBUG o.s.b.f.s.DefaultListableBeanFactory - Creating shared instance of singleton bean 'authenticationManager'
2025-08-28 15:17:44.297 [restartedMain] DEBUG o.s.b.f.s.DefaultListableBeanFactory - Autowiring by type from bean name 'authenticationManager' via factory method to bean named 'org.springframework.security.config.annotation.authentication.configuration.AuthenticationConfiguration'
2025-08-28 15:17:44.301 [restartedMain] DEBUG o.s.b.f.s.DefaultListableBeanFactory - Creating shared instance of singleton bean 'customOpenAPI'
2025-08-28 15:17:44.309 [restartedMain] DEBUG o.s.b.f.s.DefaultListableBeanFactory - Creating shared instance of singleton bean 'org.springframework.boot.autoconfigure.context.PropertyPlaceholderAutoConfiguration'
2025-08-28 15:17:44.310 [restartedMain] DEBUG o.s.b.f.s.DefaultListableBeanFactory - Creating shared instance of singleton bean 'org.springframework.boot.autoconfigure.websocket.servlet.WebSocketServletAutoConfiguration'
2025-08-28 15:17:44.311 [restartedMain] DEBUG o.s.b.f.s.DefaultListableBeanFactory - Creating shared instance of singleton bean 'org.springframework.boot.autoconfigure.web.servlet.DispatcherServletAutoConfiguration'
2025-08-28 15:17:44.312 [restartedMain] DEBUG o.s.b.f.s.DefaultListableBeanFactory - Creating shared instance of singleton bean 'org.springframework.boot.autoconfigure.http.codec.CodecsAutoConfiguration'
2025-08-28 15:17:44.312 [restartedMain] DEBUG o.s.b.f.s.DefaultListableBeanFactory - Creating shared instance of singleton bean 'org.springframework.boot.autoconfigure.validation.ValidationAutoConfiguration'
2025-08-28 15:17:44.312 [restartedMain] DEBUG o.s.b.f.s.DefaultListableBeanFactory - Creating shared instance of singleton bean 'defaultValidator'
2025-08-28 15:17:44.313 [restartedMain] DEBUG o.s.b.f.s.DefaultListableBeanFactory - Autowiring by type from bean name 'defaultValidator' via factory method to bean named 'org.springframework.boot.web.servlet.context.AnnotationConfigServletWebServerApplicationContext@a3f2afd'
2025-08-28 15:17:44.340 [restartedMain] DEBUG o.s.b.f.s.DefaultListableBeanFactory - Creating shared instance of singleton bean 'org.springframework.boot.autoconfigure.task.TaskExecutorConfigurations$ThreadPoolTaskExecutorBuilderConfiguration'
2025-08-28 15:17:44.342 [restartedMain] DEBUG o.s.b.f.s.DefaultListableBeanFactory - Creating shared instance of singleton bean 'threadPoolTaskExecutorBuilder'
2025-08-28 15:17:44.347 [restartedMain] DEBUG o.s.b.f.s.DefaultListableBeanFactory - Creating shared instance of singleton bean 'spring.task.execution-org.springframework.boot.autoconfigure.task.TaskExecutionProperties'
2025-08-28 15:17:44.359 [restartedMain] DEBUG o.s.b.f.s.DefaultListableBeanFactory - Autowiring by type from bean name 'threadPoolTaskExecutorBuilder' via factory method to bean named 'spring.task.execution-org.springframework.boot.autoconfigure.task.TaskExecutionProperties'
2025-08-28 15:17:44.368 [restartedMain] DEBUG o.s.b.f.s.DefaultListableBeanFactory - Creating shared instance of singleton bean 'org.springframework.boot.autoconfigure.task.TaskExecutorConfigurations$SimpleAsyncTaskExecutorBuilderConfiguration'
2025-08-28 15:17:44.369 [restartedMain] DEBUG o.s.b.f.s.DefaultListableBeanFactory - Autowiring by type from bean name 'org.springframework.boot.autoconfigure.task.TaskExecutorConfigurations$SimpleAsyncTaskExecutorBuilderConfiguration' via constructor to bean named 'spring.task.execution-org.springframework.boot.autoconfigure.task.TaskExecutionProperties'
2025-08-28 15:17:44.374 [restartedMain] DEBUG o.s.b.f.s.DefaultListableBeanFactory - Creating shared instance of singleton bean 'simpleAsyncTaskExecutorBuilder'
2025-08-28 15:17:44.379 [restartedMain] DEBUG o.s.b.f.s.DefaultListableBeanFactory - Creating shared instance of singleton bean 'org.springframework.boot.autoconfigure.task.TaskExecutorConfigurations$TaskExecutorConfiguration'
2025-08-28 15:17:44.381 [restartedMain] DEBUG o.s.b.f.s.DefaultListableBeanFactory - Creating shared instance of singleton bean 'org.springframework.boot.autoconfigure.task.TaskExecutionAutoConfiguration'
2025-08-28 15:17:44.381 [restartedMain] DEBUG o.s.b.f.s.DefaultListableBeanFactory - Creating shared instance of singleton bean 'org.springframework.boot.autoconfigure.web.servlet.error.ErrorMvcAutoConfiguration$WhitelabelErrorViewConfiguration'
2025-08-28 15:17:44.385 [restartedMain] DEBUG o.s.b.f.s.DefaultListableBeanFactory - Creating shared instance of singleton bean 'error'
2025-08-28 15:17:44.387 [restartedMain] DEBUG o.s.b.f.s.DefaultListableBeanFactory - Creating shared instance of singleton bean 'beanNameViewResolver'
2025-08-28 15:17:44.388 [restartedMain] DEBUG o.s.b.f.s.DefaultListableBeanFactory - Creating shared instance of singleton bean 'org.springframework.boot.autoconfigure.web.servlet.error.ErrorMvcAutoConfiguration$DefaultErrorViewResolverConfiguration'
2025-08-28 15:17:44.390 [restartedMain] DEBUG o.s.b.f.s.DefaultListableBeanFactory - Autowiring by type from bean name 'org.springframework.boot.autoconfigure.web.servlet.error.ErrorMvcAutoConfiguration$DefaultErrorViewResolverConfiguration' via constructor to bean named 'org.springframework.boot.web.servlet.context.AnnotationConfigServletWebServerApplicationContext@a3f2afd'
2025-08-28 15:17:44.390 [restartedMain] DEBUG o.s.b.f.s.DefaultListableBeanFactory - Autowiring by type from bean name 'org.springframework.boot.autoconfigure.web.servlet.error.ErrorMvcAutoConfiguration$DefaultErrorViewResolverConfiguration' via constructor to bean named 'spring.web-org.springframework.boot.autoconfigure.web.WebProperties'
2025-08-28 15:17:44.391 [restartedMain] DEBUG o.s.b.f.s.DefaultListableBeanFactory - Creating shared instance of singleton bean 'conventionErrorViewResolver'
2025-08-28 15:17:44.392 [restartedMain] DEBUG o.s.b.f.s.DefaultListableBeanFactory - Creating shared instance of singleton bean 'errorAttributes'
2025-08-28 15:17:44.396 [restartedMain] DEBUG o.s.b.f.s.DefaultListableBeanFactory - Creating shared instance of singleton bean 'basicErrorController'
2025-08-28 15:17:44.397 [restartedMain] DEBUG o.s.b.f.s.DefaultListableBeanFactory - Autowiring by type from bean name 'basicErrorController' via factory method to bean named 'errorAttributes'
2025-08-28 15:17:44.401 [restartedMain] DEBUG o.s.b.f.s.DefaultListableBeanFactory - Creating shared instance of singleton bean 'themeResolver'
2025-08-28 15:17:44.405 [restartedMain] DEBUG o.s.b.f.s.DefaultListableBeanFactory - Creating shared instance of singleton bean 'flashMapManager'
2025-08-28 15:17:44.411 [restartedMain] DEBUG o.s.b.f.s.DefaultListableBeanFactory - Creating shared instance of singleton bean 'viewNameTranslator'
2025-08-28 15:17:44.414 [restartedMain] DEBUG o.s.b.f.s.DefaultListableBeanFactory - Creating shared instance of singleton bean 'mvcValidator'
2025-08-28 15:17:44.419 [restartedMain] DEBUG o.s.b.f.s.DefaultListableBeanFactory - Creating shared instance of singleton bean 'mvcPatternParser'
2025-08-28 15:17:44.420 [restartedMain] DEBUG o.s.b.f.s.DefaultListableBeanFactory - Creating shared instance of singleton bean 'mvcUrlPathHelper'
2025-08-28 15:17:44.422 [restartedMain] DEBUG o.s.b.f.s.DefaultListableBeanFactory - Creating shared instance of singleton bean 'mvcPathMatcher'
2025-08-28 15:17:44.424 [restartedMain] DEBUG o.s.b.f.s.DefaultListableBeanFactory - Creating shared instance of singleton bean 'requestMappingHandlerAdapter'
2025-08-28 15:17:44.427 [restartedMain] DEBUG o.s.b.f.s.DefaultListableBeanFactory - Autowiring by type from bean name 'requestMappingHandlerAdapter' via factory method to bean named 'mvcContentNegotiationManager'
2025-08-28 15:17:44.427 [restartedMain] DEBUG o.s.b.f.s.DefaultListableBeanFactory - Autowiring by type from bean name 'requestMappingHandlerAdapter' via factory method to bean named 'mvcConversionService'
2025-08-28 15:17:44.427 [restartedMain] DEBUG o.s.b.f.s.DefaultListableBeanFactory - Autowiring by type from bean name 'requestMappingHandlerAdapter' via factory method to bean named 'mvcValidator'
2025-08-28 15:17:44.455 [restartedMain] DEBUG o.s.b.f.s.DefaultListableBeanFactory - Creating shared instance of singleton bean 'sortResolver'
2025-08-28 15:17:44.458 [restartedMain] DEBUG o.s.b.f.s.DefaultListableBeanFactory - Creating shared instance of singleton bean 'sortCustomizer'
2025-08-28 15:17:44.463 [restartedMain] DEBUG o.s.b.f.s.DefaultListableBeanFactory - Creating shared instance of singleton bean 'pageableResolver'
2025-08-28 15:17:44.468 [restartedMain] DEBUG o.s.b.f.s.DefaultListableBeanFactory - Creating shared instance of singleton bean 'pageableCustomizer'
2025-08-28 15:17:44.477 [restartedMain] DEBUG o.s.b.f.s.DefaultListableBeanFactory - Creating shared instance of singleton bean 'applicationTaskExecutor'
2025-08-28 15:17:44.478 [restartedMain] DEBUG o.s.b.f.s.DefaultListableBeanFactory - Autowiring by type from bean name 'applicationTaskExecutor' via factory method to bean named 'threadPoolTaskExecutorBuilder'
2025-08-28 15:17:44.487 [restartedMain] DEBUG o.s.s.c.ThreadPoolTaskExecutor - Initializing ExecutorService 'applicationTaskExecutor'
2025-08-28 15:17:44.508 [restartedMain] DEBUG o.s.b.f.s.DefaultListableBeanFactory - Creating shared instance of singleton bean 'org.springdoc.core.configuration.SpringDocConfiguration$OpenApiResourceAdvice'
2025-08-28 15:17:44.510 [restartedMain] DEBUG o.s.b.f.s.DefaultListableBeanFactory - Autowiring by type from bean name 'org.springdoc.core.configuration.SpringDocConfiguration$OpenApiResourceAdvice' via constructor to bean named 'org.springdoc.core.configuration.SpringDocConfiguration'
2025-08-28 15:17:44.521 [restartedMain] DEBUG o.s.w.s.m.m.a.RequestMappingHandlerAdapter - ControllerAdvice beans: 0 @ModelAttribute, 0 @InitBinder, 1 RequestBodyAdvice, 1 ResponseBodyAdvice
2025-08-28 15:17:44.578 [restartedMain] DEBUG o.s.b.f.s.DefaultListableBeanFactory - Creating shared instance of singleton bean 'mvcViewResolver'
2025-08-28 15:17:44.579 [restartedMain] DEBUG o.s.b.f.s.DefaultListableBeanFactory - Autowiring by type from bean name 'mvcViewResolver' via factory method to bean named 'mvcContentNegotiationManager'
2025-08-28 15:17:44.585 [restartedMain] DEBUG o.s.b.f.s.DefaultListableBeanFactory - Creating shared instance of singleton bean 'defaultViewResolver'
2025-08-28 15:17:44.596 [restartedMain] DEBUG o.s.b.f.s.DefaultListableBeanFactory - Creating shared instance of singleton bean 'viewResolver'
2025-08-28 15:17:44.597 [restartedMain] DEBUG o.s.b.f.s.DefaultListableBeanFactory - Autowiring by type from bean name 'viewResolver' via factory method to bean named 'org.springframework.beans.factory.support.DefaultListableBeanFactory@5a88e5d1'
2025-08-28 15:17:44.601 [restartedMain] DEBUG o.s.b.f.s.DefaultListableBeanFactory - Creating shared instance of singleton bean 'viewResolver'
2025-08-28 15:17:44.618 [restartedMain] DEBUG o.s.b.f.s.DefaultListableBeanFactory - Creating shared instance of singleton bean 'handlerFunctionAdapter'
2025-08-28 15:17:44.621 [restartedMain] DEBUG o.s.b.f.s.DefaultListableBeanFactory - Creating shared instance of singleton bean 'mvcUriComponentsContributor'
2025-08-28 15:17:44.621 [restartedMain] DEBUG o.s.b.f.s.DefaultListableBeanFactory - Autowiring by type from bean name 'mvcUriComponentsContributor' via factory method to bean named 'mvcConversionService'
2025-08-28 15:17:44.622 [restartedMain] DEBUG o.s.b.f.s.DefaultListableBeanFactory - Autowiring by type from bean name 'mvcUriComponentsContributor' via factory method to bean named 'requestMappingHandlerAdapter'
2025-08-28 15:17:44.623 [restartedMain] DEBUG o.s.b.f.s.DefaultListableBeanFactory - Creating shared instance of singleton bean 'httpRequestHandlerAdapter'
2025-08-28 15:17:44.624 [restartedMain] DEBUG o.s.b.f.s.DefaultListableBeanFactory - Creating shared instance of singleton bean 'simpleControllerHandlerAdapter'
2025-08-28 15:17:44.625 [restartedMain] DEBUG o.s.b.f.s.DefaultListableBeanFactory - Creating shared instance of singleton bean 'handlerExceptionResolver'
2025-08-28 15:17:44.626 [restartedMain] DEBUG o.s.b.f.s.DefaultListableBeanFactory - Autowiring by type from bean name 'handlerExceptionResolver' via factory method to bean named 'mvcContentNegotiationManager'
2025-08-28 15:17:44.641 [restartedMain] DEBUG o.s.w.s.m.m.a.ExceptionHandlerExceptionResolver - ControllerAdvice beans: 2 @ExceptionHandler, 1 ResponseBodyAdvice
2025-08-28 15:17:44.646 [restartedMain] DEBUG o.s.b.f.s.DefaultListableBeanFactory - Creating shared instance of singleton bean 'org.springdoc.core.configuration.SpringDocConfiguration$QuerydslProvider'
2025-08-28 15:17:44.647 [restartedMain] DEBUG o.s.b.f.s.DefaultListableBeanFactory - Creating shared instance of singleton bean 'queryDslQuerydslPredicateOperationCustomizer'
2025-08-28 15:17:44.648 [restartedMain] DEBUG o.s.b.f.s.DefaultListableBeanFactory - Autowiring by type from bean name 'queryDslQuerydslPredicateOperationCustomizer' via factory method to bean named 'org.springdoc.core.properties.SpringDocConfigProperties'
2025-08-28 15:17:44.650 [restartedMain] DEBUG o.s.b.f.s.DefaultListableBeanFactory - Creating shared instance of singleton bean 'org.springdoc.core.configuration.SpringDocConfiguration$SpringDocWebFluxSupportConfiguration'
2025-08-28 15:17:44.651 [restartedMain] DEBUG o.s.b.f.s.DefaultListableBeanFactory - Creating shared instance of singleton bean 'webFluxSupportConverter'
2025-08-28 15:17:44.651 [restartedMain] DEBUG o.s.b.f.s.DefaultListableBeanFactory - Autowiring by type from bean name 'webFluxSupportConverter' via factory method to bean named 'springdocObjectMapperProvider'
2025-08-28 15:17:44.654 [restartedMain] DEBUG o.s.b.f.s.DefaultListableBeanFactory - Creating shared instance of singleton bean 'org.springdoc.core.configuration.SpringDocConfiguration$SpringDocSpringDataWebPropertiesProvider'
2025-08-28 15:17:44.654 [restartedMain] DEBUG o.s.b.f.s.DefaultListableBeanFactory - Creating shared instance of singleton bean 'springDataWebPropertiesProvider'
2025-08-28 15:17:44.655 [restartedMain] DEBUG o.s.b.f.s.DefaultListableBeanFactory - Creating shared instance of singleton bean 'org.springdoc.core.configuration.SpringDocConfiguration$WebConversionServiceConfiguration'
2025-08-28 15:17:44.656 [restartedMain] DEBUG o.s.b.f.s.DefaultListableBeanFactory - Creating shared instance of singleton bean 'webConversionServiceProvider'
2025-08-28 15:17:44.657 [restartedMain] DEBUG o.s.b.f.s.DefaultListableBeanFactory - Creating shared instance of singleton bean 'localSpringDocParameterNameDiscoverer'
2025-08-28 15:17:44.659 [restartedMain] DEBUG o.s.b.f.s.DefaultListableBeanFactory - Creating shared instance of singleton bean 'additionalModelsConverter'
2025-08-28 15:17:44.660 [restartedMain] DEBUG o.s.b.f.s.DefaultListableBeanFactory - Autowiring by type from bean name 'additionalModelsConverter' via factory method to bean named 'springdocObjectMapperProvider'
2025-08-28 15:17:44.660 [restartedMain] DEBUG o.s.b.f.s.DefaultListableBeanFactory - Creating shared instance of singleton bean 'fileSupportConverter'
2025-08-28 15:17:44.661 [restartedMain] DEBUG o.s.b.f.s.DefaultListableBeanFactory - Autowiring by type from bean name 'fileSupportConverter' via factory method to bean named 'springdocObjectMapperProvider'
2025-08-28 15:17:44.662 [restartedMain] DEBUG o.s.b.f.s.DefaultListableBeanFactory - Creating shared instance of singleton bean 'responseSupportConverter'
2025-08-28 15:17:44.663 [restartedMain] DEBUG o.s.b.f.s.DefaultListableBeanFactory - Autowiring by type from bean name 'responseSupportConverter' via factory method to bean named 'springdocObjectMapperProvider'
2025-08-28 15:17:44.664 [restartedMain] DEBUG o.s.b.f.s.DefaultListableBeanFactory - Creating shared instance of singleton bean 'schemaPropertyDeprecatingConverter'
2025-08-28 15:17:44.666 [restartedMain] DEBUG o.s.b.f.s.DefaultListableBeanFactory - Creating shared instance of singleton bean 'polymorphicModelConverter'
2025-08-28 15:17:44.667 [restartedMain] DEBUG o.s.b.f.s.DefaultListableBeanFactory - Autowiring by type from bean name 'polymorphicModelConverter' via factory method to bean named 'springdocObjectMapperProvider'
2025-08-28 15:17:44.669 [restartedMain] DEBUG o.s.b.f.s.DefaultListableBeanFactory - Creating shared instance of singleton bean 'openAPIBuilder'
2025-08-28 15:17:44.671 [restartedMain] DEBUG o.s.b.f.s.DefaultListableBeanFactory - Creating shared instance of singleton bean 'securityParser'
2025-08-28 15:17:44.671 [restartedMain] DEBUG o.s.b.f.s.DefaultListableBeanFactory - Creating shared instance of singleton bean 'propertyResolverUtils'
2025-08-28 15:17:44.672 [restartedMain] DEBUG o.s.b.f.s.DefaultListableBeanFactory - Autowiring by type from bean name 'propertyResolverUtils' via factory method to bean named 'org.springframework.beans.factory.support.DefaultListableBeanFactory@5a88e5d1'
2025-08-28 15:17:44.672 [restartedMain] DEBUG o.s.b.f.s.DefaultListableBeanFactory - Autowiring by type from bean name 'propertyResolverUtils' via factory method to bean named 'messageSource'
2025-08-28 15:17:44.672 [restartedMain] DEBUG o.s.b.f.s.DefaultListableBeanFactory - Autowiring by type from bean name 'propertyResolverUtils' via factory method to bean named 'org.springdoc.core.properties.SpringDocConfigProperties'
2025-08-28 15:17:44.673 [restartedMain] DEBUG o.s.b.f.s.DefaultListableBeanFactory - Autowiring by type from bean name 'securityParser' via factory method to bean named 'propertyResolverUtils'
2025-08-28 15:17:44.681 [restartedMain] DEBUG o.s.b.f.s.DefaultListableBeanFactory - Autowiring by type from bean name 'openAPIBuilder' via factory method to bean named 'securityParser'
2025-08-28 15:17:44.681 [restartedMain] DEBUG o.s.b.f.s.DefaultListableBeanFactory - Autowiring by type from bean name 'openAPIBuilder' via factory method to bean named 'org.springdoc.core.properties.SpringDocConfigProperties'
2025-08-28 15:17:44.681 [restartedMain] DEBUG o.s.b.f.s.DefaultListableBeanFactory - Autowiring by type from bean name 'openAPIBuilder' via factory method to bean named 'propertyResolverUtils'
2025-08-28 15:17:44.745 [restartedMain] DEBUG o.s.b.f.s.DefaultListableBeanFactory - Creating shared instance of singleton bean 'modelConverterRegistrar'
2025-08-28 15:17:44.747 [restartedMain] DEBUG o.s.b.f.s.DefaultListableBeanFactory - Creating shared instance of singleton bean 'oas31ModelConverter'
2025-08-28 15:17:44.747 [restartedMain] DEBUG o.s.b.f.s.DefaultListableBeanFactory - Autowiring by type from bean name 'oas31ModelConverter' via factory method to bean named 'org.springdoc.core.properties.SpringDocConfigProperties'
2025-08-28 15:17:44.749 [restartedMain] DEBUG o.s.b.f.s.DefaultListableBeanFactory - Creating shared instance of singleton bean 'pageableOpenAPIConverter'
2025-08-28 15:17:44.749 [restartedMain] DEBUG o.s.b.f.s.DefaultListableBeanFactory - Creating shared instance of singleton bean 'org.springdoc.core.configuration.SpringDocPageableConfiguration'
2025-08-28 15:17:44.753 [restartedMain] DEBUG o.s.b.f.s.DefaultListableBeanFactory - Autowiring by type from bean name 'pageableOpenAPIConverter' via factory method to bean named 'springdocObjectMapperProvider'
2025-08-28 15:17:44.756 [restartedMain] DEBUG o.s.b.f.s.DefaultListableBeanFactory - Creating shared instance of singleton bean 'pageOpenAPIConverter'
2025-08-28 15:17:44.757 [restartedMain] DEBUG o.s.b.f.s.DefaultListableBeanFactory - Autowiring by type from bean name 'pageOpenAPIConverter' via factory method to bean named 'springdocObjectMapperProvider'
2025-08-28 15:17:44.767 [restartedMain] DEBUG o.s.b.f.s.DefaultListableBeanFactory - Creating shared instance of singleton bean 'sortOpenAPIConverter'
2025-08-28 15:17:44.768 [restartedMain] DEBUG o.s.b.f.s.DefaultListableBeanFactory - Creating shared instance of singleton bean 'org.springdoc.core.configuration.SpringDocSortConfiguration'
2025-08-28 15:17:44.772 [restartedMain] DEBUG o.s.b.f.s.DefaultListableBeanFactory - Autowiring by type from bean name 'sortOpenAPIConverter' via factory method to bean named 'springdocObjectMapperProvider'
2025-08-28 15:17:44.776 [restartedMain] DEBUG o.s.b.f.s.DefaultListableBeanFactory - Autowiring by type from bean name 'modelConverterRegistrar' via factory method to bean named 'org.springdoc.core.properties.SpringDocConfigProperties'
2025-08-28 15:17:44.811 [restartedMain] DEBUG o.s.b.f.s.DefaultListableBeanFactory - Creating shared instance of singleton bean 'operationBuilder'
2025-08-28 15:17:44.812 [restartedMain] DEBUG o.s.b.f.s.DefaultListableBeanFactory - Creating shared instance of singleton bean 'parameterBuilder'
2025-08-28 15:17:44.814 [restartedMain] DEBUG o.s.b.f.s.DefaultListableBeanFactory - Creating shared instance of singleton bean 'parameterObjectNamingStrategyCustomizer'
2025-08-28 15:17:44.816 [restartedMain] DEBUG o.s.b.f.s.DefaultListableBeanFactory - Creating shared instance of singleton bean 'dataRestDelegatingMethodParameterCustomizer'
2025-08-28 15:17:44.823 [restartedMain] DEBUG o.s.b.f.s.DefaultListableBeanFactory - Autowiring by type from bean name 'parameterBuilder' via factory method to bean named 'propertyResolverUtils'
2025-08-28 15:17:44.824 [restartedMain] DEBUG o.s.b.f.s.DefaultListableBeanFactory - Autowiring by type from bean name 'parameterBuilder' via factory method to bean named 'springdocObjectMapperProvider'
2025-08-28 15:17:44.837 [restartedMain] DEBUG o.s.b.f.s.DefaultListableBeanFactory - Creating shared instance of singleton bean 'requestBodyBuilder'
2025-08-28 15:17:44.838 [restartedMain] DEBUG o.s.b.f.s.DefaultListableBeanFactory - Autowiring by type from bean name 'requestBodyBuilder' via factory method to bean named 'parameterBuilder'
2025-08-28 15:17:44.838 [restartedMain] DEBUG o.s.b.f.s.DefaultListableBeanFactory - Autowiring by type from bean name 'requestBodyBuilder' via factory method to bean named 'propertyResolverUtils'
2025-08-28 15:17:44.839 [restartedMain] DEBUG o.s.b.f.s.DefaultListableBeanFactory - Autowiring by type from bean name 'operationBuilder' via factory method to bean named 'parameterBuilder'
2025-08-28 15:17:44.840 [restartedMain] DEBUG o.s.b.f.s.DefaultListableBeanFactory - Autowiring by type from bean name 'operationBuilder' via factory method to bean named 'requestBodyBuilder'
2025-08-28 15:17:44.840 [restartedMain] DEBUG o.s.b.f.s.DefaultListableBeanFactory - Autowiring by type from bean name 'operationBuilder' via factory method to bean named 'securityParser'
2025-08-28 15:17:44.840 [restartedMain] DEBUG o.s.b.f.s.DefaultListableBeanFactory - Autowiring by type from bean name 'operationBuilder' via factory method to bean named 'propertyResolverUtils'
2025-08-28 15:17:44.845 [restartedMain] DEBUG o.s.b.f.s.DefaultListableBeanFactory - Creating shared instance of singleton bean 'springDocProviders'
2025-08-28 15:17:44.848 [restartedMain] DEBUG o.s.b.f.s.DefaultListableBeanFactory - Creating shared instance of singleton bean 'routerFunctionProvider'
2025-08-28 15:17:44.848 [restartedMain] DEBUG o.s.b.f.s.DefaultListableBeanFactory - Creating shared instance of singleton bean 'org.springdoc.webmvc.core.configuration.SpringDocWebMvcConfiguration$SpringDocWebMvcRouterConfiguration'
2025-08-28 15:17:44.852 [restartedMain] DEBUG o.s.b.f.s.DefaultListableBeanFactory - Autowiring by type from bean name 'springDocProviders' via factory method to bean named 'springdocObjectMapperProvider'
2025-08-28 15:17:44.862 [restartedMain] DEBUG o.s.b.f.s.DefaultListableBeanFactory - Creating shared instance of singleton bean 'springDocCustomizers'
2025-08-28 15:17:44.864 [restartedMain] DEBUG o.s.b.f.s.DefaultListableBeanFactory - Creating shared instance of singleton bean 'globalOpenApiCustomizer'
2025-08-28 15:17:44.879 [restartedMain] DEBUG o.s.b.f.s.DefaultListableBeanFactory - Creating shared instance of singleton bean 'org.springdoc.core.configuration.SpringDocSecurityConfiguration$SpringSecurityLoginEndpointConfiguration'
2025-08-28 15:17:44.880 [restartedMain] DEBUG o.s.b.f.s.DefaultListableBeanFactory - Creating shared instance of singleton bean 'org.springdoc.core.configuration.SpringDocSecurityConfiguration'
2025-08-28 15:17:44.892 [restartedMain] DEBUG o.s.b.f.s.DefaultListableBeanFactory - Autowiring by type from bean name 'org.springdoc.core.configuration.SpringDocSecurityConfiguration$SpringSecurityLoginEndpointConfiguration' via constructor to bean named 'org.springdoc.core.configuration.SpringDocSecurityConfiguration'
2025-08-28 15:17:44.894 [restartedMain] DEBUG o.s.b.f.s.DefaultListableBeanFactory - Creating shared instance of singleton bean 'openApiResource'
2025-08-28 15:17:44.895 [restartedMain] DEBUG o.s.b.f.s.DefaultListableBeanFactory - Creating shared instance of singleton bean 'requestBuilder'
2025-08-28 15:17:44.896 [restartedMain] DEBUG o.s.b.f.s.DefaultListableBeanFactory - Autowiring by type from bean name 'requestBuilder' via factory method to bean named 'parameterBuilder'
2025-08-28 15:17:44.897 [restartedMain] DEBUG o.s.b.f.s.DefaultListableBeanFactory - Autowiring by type from bean name 'requestBuilder' via factory method to bean named 'requestBodyBuilder'
2025-08-28 15:17:44.897 [restartedMain] DEBUG o.s.b.f.s.DefaultListableBeanFactory - Autowiring by type from bean name 'requestBuilder' via factory method to bean named 'localSpringDocParameterNameDiscoverer'
2025-08-28 15:17:44.901 [restartedMain] DEBUG o.s.b.f.s.DefaultListableBeanFactory - Creating shared instance of singleton bean 'responseBuilder'
2025-08-28 15:17:44.903 [restartedMain] DEBUG o.s.b.f.s.DefaultListableBeanFactory - Autowiring by type from bean name 'responseBuilder' via factory method to bean named 'operationBuilder'
2025-08-28 15:17:44.903 [restartedMain] DEBUG o.s.b.f.s.DefaultListableBeanFactory - Autowiring by type from bean name 'responseBuilder' via factory method to bean named 'org.springdoc.core.properties.SpringDocConfigProperties'
2025-08-28 15:17:44.903 [restartedMain] DEBUG o.s.b.f.s.DefaultListableBeanFactory - Autowiring by type from bean name 'responseBuilder' via factory method to bean named 'propertyResolverUtils'
2025-08-28 15:17:44.910 [restartedMain] DEBUG o.s.b.f.s.DefaultListableBeanFactory - Autowiring by type from bean name 'openApiResource' via factory method to bean named 'requestBuilder'
2025-08-28 15:17:44.910 [restartedMain] DEBUG o.s.b.f.s.DefaultListableBeanFactory - Autowiring by type from bean name 'openApiResource' via factory method to bean named 'responseBuilder'
2025-08-28 15:17:44.910 [restartedMain] DEBUG o.s.b.f.s.DefaultListableBeanFactory - Autowiring by type from bean name 'openApiResource' via factory method to bean named 'operationBuilder'
2025-08-28 15:17:44.910 [restartedMain] DEBUG o.s.b.f.s.DefaultListableBeanFactory - Autowiring by type from bean name 'openApiResource' via factory method to bean named 'org.springdoc.core.properties.SpringDocConfigProperties'
2025-08-28 15:17:44.910 [restartedMain] DEBUG o.s.b.f.s.DefaultListableBeanFactory - Autowiring by type from bean name 'openApiResource' via factory method to bean named 'springDocProviders'
2025-08-28 15:17:44.910 [restartedMain] DEBUG o.s.b.f.s.DefaultListableBeanFactory - Autowiring by type from bean name 'openApiResource' via factory method to bean named 'springDocCustomizers'
2025-08-28 15:17:44.920 [restartedMain] DEBUG o.s.b.f.s.DefaultListableBeanFactory - Creating shared instance of singleton bean 'swaggerConfigResource'
2025-08-28 15:17:44.920 [restartedMain] DEBUG o.s.b.f.s.DefaultListableBeanFactory - Autowiring by type from bean name 'swaggerConfigResource' via factory method to bean named 'swaggerWelcome'
2025-08-28 15:17:44.921 [restartedMain] DEBUG o.s.b.f.s.DefaultListableBeanFactory - Creating shared instance of singleton bean 'org.springframework.boot.autoconfigure.aop.AopAutoConfiguration$AspectJAutoProxyingConfiguration$CglibAutoProxyConfiguration'
2025-08-28 15:17:44.922 [restartedMain] DEBUG o.s.b.f.s.DefaultListableBeanFactory - Creating shared instance of singleton bean 'org.springframework.boot.autoconfigure.aop.AopAutoConfiguration$AspectJAutoProxyingConfiguration'
2025-08-28 15:17:44.923 [restartedMain] DEBUG o.s.b.f.s.DefaultListableBeanFactory - Creating shared instance of singleton bean 'org.springframework.boot.autoconfigure.aop.AopAutoConfiguration'
2025-08-28 15:17:44.924 [restartedMain] DEBUG o.s.b.f.s.DefaultListableBeanFactory - Creating shared instance of singleton bean 'org.springframework.boot.autoconfigure.availability.ApplicationAvailabilityAutoConfiguration'
2025-08-28 15:17:44.924 [restartedMain] DEBUG o.s.b.f.s.DefaultListableBeanFactory - Creating shared instance of singleton bean 'applicationAvailability'
2025-08-28 15:17:44.928 [restartedMain] DEBUG o.s.b.f.s.DefaultListableBeanFactory - Creating shared instance of singleton bean 'org.springframework.boot.autoconfigure.transaction.jta.JtaAutoConfiguration'
2025-08-28 15:17:44.928 [restartedMain] DEBUG o.s.b.f.s.DefaultListableBeanFactory - Creating shared instance of singleton bean 'org.springframework.boot.autoconfigure.jdbc.DataSourceJmxConfiguration$Hikari'
2025-08-28 15:17:44.930 [restartedMain] DEBUG o.s.b.f.s.DefaultListableBeanFactory - Autowiring by type from bean name 'org.springframework.boot.autoconfigure.jdbc.DataSourceJmxConfiguration$Hikari' via constructor to bean named 'dataSource'
2025-08-28 15:17:44.931 [restartedMain] DEBUG o.s.b.f.s.DefaultListableBeanFactory - Creating shared instance of singleton bean 'org.springframework.boot.autoconfigure.jdbc.DataSourceJmxConfiguration'
2025-08-28 15:17:44.932 [restartedMain] DEBUG o.s.b.f.s.DefaultListableBeanFactory - Creating shared instance of singleton bean 'org.springframework.boot.autoconfigure.jdbc.metadata.DataSourcePoolMetadataProvidersConfiguration'
2025-08-28 15:17:44.933 [restartedMain] DEBUG o.s.b.f.s.DefaultListableBeanFactory - Creating shared instance of singleton bean 'org.springframework.boot.autoconfigure.jdbc.DataSourceAutoConfiguration'
2025-08-28 15:17:44.934 [restartedMain] DEBUG o.s.b.f.s.DefaultListableBeanFactory - Creating shared instance of singleton bean 'org.springframework.boot.autoconfigure.transaction.TransactionManagerCustomizationAutoConfiguration'
2025-08-28 15:17:44.935 [restartedMain] DEBUG o.s.b.f.s.DefaultListableBeanFactory - Creating shared instance of singleton bean 'platformTransactionManagerCustomizers'
2025-08-28 15:17:44.938 [restartedMain] DEBUG o.s.b.f.s.DefaultListableBeanFactory - Creating shared instance of singleton bean 'transactionExecutionListeners'
2025-08-28 15:17:44.941 [restartedMain] DEBUG o.s.b.f.s.DefaultListableBeanFactory - Creating shared instance of singleton bean 'spring.transaction-org.springframework.boot.autoconfigure.transaction.TransactionProperties'
2025-08-28 15:17:44.944 [restartedMain] DEBUG o.s.b.f.s.DefaultListableBeanFactory - Creating shared instance of singleton bean 'org.springframework.boot.autoconfigure.orm.jpa.JpaBaseConfiguration$PersistenceManagedTypesConfiguration'
2025-08-28 15:17:44.945 [restartedMain] DEBUG o.s.b.f.s.DefaultListableBeanFactory - Creating shared instance of singleton bean 'transactionManager'
2025-08-28 15:17:44.960 [restartedMain] DEBUG o.s.b.f.s.DefaultListableBeanFactory - Creating shared instance of singleton bean 'org.springframework.boot.autoconfigure.orm.jpa.HibernateJpaAutoConfiguration'
2025-08-28 15:17:44.961 [restartedMain] DEBUG o.s.b.f.s.DefaultListableBeanFactory - Creating shared instance of singleton bean 'org.springframework.boot.autoconfigure.context.ConfigurationPropertiesAutoConfiguration'
2025-08-28 15:17:44.961 [restartedMain] DEBUG o.s.b.f.s.DefaultListableBeanFactory - Creating shared instance of singleton bean 'org.springframework.boot.autoconfigure.context.LifecycleAutoConfiguration'
2025-08-28 15:17:44.962 [restartedMain] DEBUG o.s.b.f.s.DefaultListableBeanFactory - Creating shared instance of singleton bean 'lifecycleProcessor'
2025-08-28 15:17:44.963 [restartedMain] DEBUG o.s.b.f.s.DefaultListableBeanFactory - Creating shared instance of singleton bean 'spring.lifecycle-org.springframework.boot.autoconfigure.context.LifecycleProperties'
2025-08-28 15:17:44.965 [restartedMain] DEBUG o.s.b.f.s.DefaultListableBeanFactory - Autowiring by type from bean name 'lifecycleProcessor' via factory method to bean named 'spring.lifecycle-org.springframework.boot.autoconfigure.context.LifecycleProperties'
2025-08-28 15:17:44.969 [restartedMain] DEBUG o.s.b.f.s.DefaultListableBeanFactory - Creating shared instance of singleton bean 'org.springframework.boot.autoconfigure.dao.PersistenceExceptionTranslationAutoConfiguration'
2025-08-28 15:17:44.969 [restartedMain] DEBUG o.s.b.f.s.DefaultListableBeanFactory - Creating shared instance of singleton bean 'org.springframework.boot.autoconfigure.data.jpa.JpaRepositoriesAutoConfiguration'
2025-08-28 15:17:44.970 [restartedMain] DEBUG o.s.b.f.s.DefaultListableBeanFactory - Creating shared instance of singleton bean 'org.springframework.data.jpa.util.JpaMetamodelCacheCleanup'
2025-08-28 15:17:44.971 [restartedMain] DEBUG o.s.b.f.s.DefaultListableBeanFactory - Creating shared instance of singleton bean 'org.springframework.data.jpa.repository.support.JpaEvaluationContextExtension'
2025-08-28 15:17:44.974 [restartedMain] DEBUG o.s.b.f.s.DefaultListableBeanFactory - Creating shared instance of singleton bean 'data-jpa.repository-aot-processor#0'
2025-08-28 15:17:44.986 [restartedMain] DEBUG o.s.b.f.s.DefaultListableBeanFactory - Creating shared instance of singleton bean 'org.springframework.boot.autoconfigure.http.JacksonHttpMessageConvertersConfiguration'
2025-08-28 15:17:44.987 [restartedMain] DEBUG o.s.b.f.s.DefaultListableBeanFactory - Creating shared instance of singleton bean 'org.springframework.data.web.config.ProjectingArgumentResolverRegistrar'
2025-08-28 15:17:44.988 [restartedMain] DEBUG o.s.b.f.s.DefaultListableBeanFactory - Creating shared instance of singleton bean 'offsetResolver'
2025-08-28 15:17:44.992 [restartedMain] DEBUG o.s.b.f.s.DefaultListableBeanFactory - Creating shared instance of singleton bean 'org.springframework.boot.autoconfigure.jdbc.JdbcTemplateConfiguration'
2025-08-28 15:17:44.993 [restartedMain] DEBUG o.s.b.f.s.DefaultListableBeanFactory - Creating shared instance of singleton bean 'jdbcTemplate'
2025-08-28 15:17:44.994 [restartedMain] DEBUG o.s.b.f.s.DefaultListableBeanFactory - Creating shared instance of singleton bean 'spring.jdbc-org.springframework.boot.autoconfigure.jdbc.JdbcProperties'
2025-08-28 15:17:44.996 [restartedMain] DEBUG o.s.b.f.s.DefaultListableBeanFactory - Autowiring by type from bean name 'jdbcTemplate' via factory method to bean named 'dataSource'
2025-08-28 15:17:44.997 [restartedMain] DEBUG o.s.b.f.s.DefaultListableBeanFactory - Autowiring by type from bean name 'jdbcTemplate' via factory method to bean named 'spring.jdbc-org.springframework.boot.autoconfigure.jdbc.JdbcProperties'
2025-08-28 15:17:45.014 [restartedMain] DEBUG o.s.b.f.s.DefaultListableBeanFactory - Creating shared instance of singleton bean 'org.springframework.boot.autoconfigure.jdbc.NamedParameterJdbcTemplateConfiguration'
2025-08-28 15:17:45.014 [restartedMain] DEBUG o.s.b.f.s.DefaultListableBeanFactory - Creating shared instance of singleton bean 'namedParameterJdbcTemplate'
2025-08-28 15:17:45.015 [restartedMain] DEBUG o.s.b.f.s.DefaultListableBeanFactory - Autowiring by type from bean name 'namedParameterJdbcTemplate' via factory method to bean named 'jdbcTemplate'
2025-08-28 15:17:45.023 [restartedMain] DEBUG o.s.b.f.s.DefaultListableBeanFactory - Creating shared instance of singleton bean 'org.springframework.boot.autoconfigure.jdbc.JdbcTemplateAutoConfiguration'
2025-08-28 15:17:45.023 [restartedMain] DEBUG o.s.b.f.s.DefaultListableBeanFactory - Creating shared instance of singleton bean 'flywayDefaultDdlModeProvider'
2025-08-28 15:17:45.025 [restartedMain] DEBUG o.s.b.f.s.DefaultListableBeanFactory - Creating shared instance of singleton bean 'org.springframework.boot.autoconfigure.http.client.HttpClientAutoConfiguration'
2025-08-28 15:17:45.026 [restartedMain] DEBUG o.s.b.f.s.DefaultListableBeanFactory - Creating shared instance of singleton bean 'clientHttpRequestFactoryBuilder'
2025-08-28 15:17:45.027 [restartedMain] DEBUG o.s.b.f.s.DefaultListableBeanFactory - Creating shared instance of singleton bean 'spring.http.client-org.springframework.boot.autoconfigure.http.client.HttpClientProperties'
2025-08-28 15:17:45.030 [restartedMain] DEBUG o.s.b.f.s.DefaultListableBeanFactory - Autowiring by type from bean name 'clientHttpRequestFactoryBuilder' via factory method to bean named 'spring.http.client-org.springframework.boot.autoconfigure.http.client.HttpClientProperties'
2025-08-28 15:17:45.045 [restartedMain] DEBUG o.s.b.f.s.DefaultListableBeanFactory - Creating shared instance of singleton bean 'clientHttpRequestFactorySettings'
2025-08-28 15:17:45.045 [restartedMain] DEBUG o.s.b.f.s.DefaultListableBeanFactory - Autowiring by type from bean name 'clientHttpRequestFactorySettings' via factory method to bean named 'spring.http.client-org.springframework.boot.autoconfigure.http.client.HttpClientProperties'
2025-08-28 15:17:45.053 [restartedMain] DEBUG o.s.b.f.s.DefaultListableBeanFactory - Creating shared instance of singleton bean 'org.springframework.boot.autoconfigure.info.ProjectInfoAutoConfiguration'
2025-08-28 15:17:45.058 [restartedMain] DEBUG o.s.b.f.s.DefaultListableBeanFactory - Creating shared instance of singleton bean 'spring.info-org.springframework.boot.autoconfigure.info.ProjectInfoProperties'
2025-08-28 15:17:45.061 [restartedMain] DEBUG o.s.b.f.s.DefaultListableBeanFactory - Autowiring by type from bean name 'org.springframework.boot.autoconfigure.info.ProjectInfoAutoConfiguration' via constructor to bean named 'spring.info-org.springframework.boot.autoconfigure.info.ProjectInfoProperties'
2025-08-28 15:17:45.061 [restartedMain] DEBUG o.s.b.f.s.DefaultListableBeanFactory - Creating shared instance of singleton bean 'org.springframework.boot.autoconfigure.jdbc.JdbcClientAutoConfiguration'
2025-08-28 15:17:45.062 [restartedMain] DEBUG o.s.b.f.s.DefaultListableBeanFactory - Creating shared instance of singleton bean 'jdbcClient'
2025-08-28 15:17:45.063 [restartedMain] DEBUG o.s.b.f.s.DefaultListableBeanFactory - Autowiring by type from bean name 'jdbcClient' via factory method to bean named 'namedParameterJdbcTemplate'
2025-08-28 15:17:45.068 [restartedMain] DEBUG o.s.b.f.s.DefaultListableBeanFactory - Creating shared instance of singleton bean 'org.springframework.boot.autoconfigure.netty.NettyAutoConfiguration'
2025-08-28 15:17:45.071 [restartedMain] DEBUG o.s.b.f.s.DefaultListableBeanFactory - Creating shared instance of singleton bean 'spring.netty-org.springframework.boot.autoconfigure.netty.NettyProperties'
2025-08-28 15:17:45.072 [restartedMain] DEBUG o.s.b.f.s.DefaultListableBeanFactory - Autowiring by type from bean name 'org.springframework.boot.autoconfigure.netty.NettyAutoConfiguration' via constructor to bean named 'spring.netty-org.springframework.boot.autoconfigure.netty.NettyProperties'
2025-08-28 15:17:45.073 [restartedMain] DEBUG o.s.b.f.s.DefaultListableBeanFactory - Creating shared instance of singleton bean 'org.springframework.boot.autoconfigure.reactor.ReactorAutoConfiguration'
2025-08-28 15:17:45.073 [restartedMain] DEBUG o.s.b.f.s.DefaultListableBeanFactory - Creating shared instance of singleton bean 'spring.reactor-org.springframework.boot.autoconfigure.reactor.ReactorProperties'
2025-08-28 15:17:45.075 [restartedMain] DEBUG o.s.b.f.s.DefaultListableBeanFactory - Autowiring by type from bean name 'org.springframework.boot.autoconfigure.reactor.ReactorAutoConfiguration' via constructor to bean named 'spring.reactor-org.springframework.boot.autoconfigure.reactor.ReactorProperties'
2025-08-28 15:17:45.076 [restartedMain] DEBUG o.s.b.f.s.DefaultListableBeanFactory - Creating shared instance of singleton bean 'org.springframework.boot.autoconfigure.security.oauth2.resource.servlet.OAuth2ResourceServerJwtConfiguration$JwtDecoderConfiguration'
2025-08-28 15:17:45.084 [restartedMain] DEBUG o.s.b.f.s.DefaultListableBeanFactory - Creating shared instance of singleton bean 'spring.security.oauth2.resourceserver-org.springframework.boot.autoconfigure.security.oauth2.resource.OAuth2ResourceServerProperties'
2025-08-28 15:17:45.086 [restartedMain] DEBUG o.s.b.f.s.DefaultListableBeanFactory - Autowiring by type from bean name 'org.springframework.boot.autoconfigure.security.oauth2.resource.servlet.OAuth2ResourceServerJwtConfiguration$JwtDecoderConfiguration' via constructor to bean named 'spring.security.oauth2.resourceserver-org.springframework.boot.autoconfigure.security.oauth2.resource.OAuth2ResourceServerProperties'
2025-08-28 15:17:45.088 [restartedMain] DEBUG o.s.b.f.s.DefaultListableBeanFactory - Creating shared instance of singleton bean 'org.springframework.boot.autoconfigure.security.oauth2.resource.servlet.Oauth2ResourceServerConfiguration$JwtConfiguration'
2025-08-28 15:17:45.089 [restartedMain] DEBUG o.s.b.f.s.DefaultListableBeanFactory - Creating shared instance of singleton bean 'org.springframework.boot.autoconfigure.security.oauth2.resource.servlet.OAuth2ResourceServerOpaqueTokenConfiguration$OpaqueTokenIntrospectionClientConfiguration'
2025-08-28 15:17:45.091 [restartedMain] DEBUG o.s.b.f.s.DefaultListableBeanFactory - Creating shared instance of singleton bean 'org.springframework.boot.autoconfigure.security.oauth2.resource.servlet.Oauth2ResourceServerConfiguration$OpaqueTokenConfiguration'
2025-08-28 15:17:45.092 [restartedMain] DEBUG o.s.b.f.s.DefaultListableBeanFactory - Creating shared instance of singleton bean 'org.springframework.boot.autoconfigure.security.oauth2.resource.servlet.OAuth2ResourceServerAutoConfiguration'
2025-08-28 15:17:45.093 [restartedMain] DEBUG o.s.b.f.s.DefaultListableBeanFactory - Creating shared instance of singleton bean 'org.springframework.boot.autoconfigure.security.reactive.ReactiveSecurityAutoConfiguration'
2025-08-28 15:17:45.094 [restartedMain] DEBUG o.s.b.f.s.DefaultListableBeanFactory - Creating shared instance of singleton bean 'org.springframework.boot.autoconfigure.security.servlet.SpringBootWebSecurityConfiguration'
2025-08-28 15:17:45.094 [restartedMain] DEBUG o.s.b.f.s.DefaultListableBeanFactory - Creating shared instance of singleton bean 'org.springframework.boot.autoconfigure.sql.init.SqlInitializationAutoConfiguration'
2025-08-28 15:17:45.095 [restartedMain] DEBUG o.s.b.f.s.DefaultListableBeanFactory - Creating shared instance of singleton bean 'org.springframework.boot.autoconfigure.task.TaskSchedulingConfigurations$ThreadPoolTaskSchedulerBuilderConfiguration'
2025-08-28 15:17:45.096 [restartedMain] DEBUG o.s.b.f.s.DefaultListableBeanFactory - Creating shared instance of singleton bean 'threadPoolTaskSchedulerBuilder'
2025-08-28 15:17:45.097 [restartedMain] DEBUG o.s.b.f.s.DefaultListableBeanFactory - Creating shared instance of singleton bean 'spring.task.scheduling-org.springframework.boot.autoconfigure.task.TaskSchedulingProperties'
2025-08-28 15:17:45.100 [restartedMain] DEBUG o.s.b.f.s.DefaultListableBeanFactory - Autowiring by type from bean name 'threadPoolTaskSchedulerBuilder' via factory method to bean named 'spring.task.scheduling-org.springframework.boot.autoconfigure.task.TaskSchedulingProperties'
2025-08-28 15:17:45.103 [restartedMain] DEBUG o.s.b.f.s.DefaultListableBeanFactory - Creating shared instance of singleton bean 'org.springframework.boot.autoconfigure.task.TaskSchedulingConfigurations$SimpleAsyncTaskSchedulerBuilderConfiguration'
2025-08-28 15:17:45.105 [restartedMain] DEBUG o.s.b.f.s.DefaultListableBeanFactory - Autowiring by type from bean name 'org.springframework.boot.autoconfigure.task.TaskSchedulingConfigurations$SimpleAsyncTaskSchedulerBuilderConfiguration' via constructor to bean named 'spring.task.scheduling-org.springframework.boot.autoconfigure.task.TaskSchedulingProperties'
2025-08-28 15:17:45.105 [restartedMain] DEBUG o.s.b.f.s.DefaultListableBeanFactory - Creating shared instance of singleton bean 'simpleAsyncTaskSchedulerBuilder'
2025-08-28 15:17:45.111 [restartedMain] DEBUG o.s.b.f.s.DefaultListableBeanFactory - Creating shared instance of singleton bean 'org.springframework.boot.autoconfigure.task.TaskSchedulingAutoConfiguration'
2025-08-28 15:17:45.113 [restartedMain] DEBUG o.s.b.f.s.DefaultListableBeanFactory - Creating shared instance of singleton bean 'org.springframework.boot.autoconfigure.jdbc.DataSourceTransactionManagerAutoConfiguration$JdbcTransactionManagerConfiguration'
2025-08-28 15:17:45.117 [restartedMain] DEBUG o.s.b.f.s.DefaultListableBeanFactory - Creating shared instance of singleton bean 'org.springframework.boot.autoconfigure.jdbc.DataSourceTransactionManagerAutoConfiguration'
2025-08-28 15:17:45.117 [restartedMain] DEBUG o.s.b.f.s.DefaultListableBeanFactory - Creating shared instance of singleton bean 'org.springframework.boot.autoconfigure.transaction.TransactionAutoConfiguration$EnableTransactionManagementConfiguration$CglibAutoProxyConfiguration'
2025-08-28 15:17:45.118 [restartedMain] DEBUG o.s.b.f.s.DefaultListableBeanFactory - Creating shared instance of singleton bean 'org.springframework.boot.autoconfigure.transaction.TransactionAutoConfiguration$EnableTransactionManagementConfiguration'
2025-08-28 15:17:45.118 [restartedMain] DEBUG o.s.b.f.s.DefaultListableBeanFactory - Creating shared instance of singleton bean 'org.springframework.boot.autoconfigure.transaction.TransactionAutoConfiguration$TransactionTemplateConfiguration'
2025-08-28 15:17:45.118 [restartedMain] DEBUG o.s.b.f.s.DefaultListableBeanFactory - Creating shared instance of singleton bean 'transactionTemplate'
2025-08-28 15:17:45.119 [restartedMain] DEBUG o.s.b.f.s.DefaultListableBeanFactory - Autowiring by type from bean name 'transactionTemplate' via factory method to bean named 'transactionManager'
2025-08-28 15:17:45.121 [restartedMain] DEBUG o.s.b.f.s.DefaultListableBeanFactory - Creating shared instance of singleton bean 'org.springframework.boot.autoconfigure.transaction.TransactionAutoConfiguration'
2025-08-28 15:17:45.123 [restartedMain] DEBUG o.s.b.f.s.DefaultListableBeanFactory - Creating shared instance of singleton bean 'org.springframework.boot.autoconfigure.web.client.RestClientAutoConfiguration'
2025-08-28 15:17:45.124 [restartedMain] DEBUG o.s.b.f.s.DefaultListableBeanFactory - Creating shared instance of singleton bean 'httpMessageConvertersRestClientCustomizer'
2025-08-28 15:17:45.126 [restartedMain] DEBUG o.s.b.f.s.DefaultListableBeanFactory - Creating shared instance of singleton bean 'restClientSsl'
2025-08-28 15:17:45.127 [restartedMain] DEBUG o.s.b.f.s.DefaultListableBeanFactory - Autowiring by type from bean name 'restClientSsl' via factory method to bean named 'sslBundleRegistry'
2025-08-28 15:17:45.130 [restartedMain] DEBUG o.s.b.f.s.DefaultListableBeanFactory - Creating shared instance of singleton bean 'restClientBuilderConfigurer'
2025-08-28 15:17:45.135 [restartedMain] DEBUG o.s.b.f.s.DefaultListableBeanFactory - Creating shared instance of singleton bean 'org.springframework.boot.autoconfigure.web.client.RestTemplateAutoConfiguration'
2025-08-28 15:17:45.136 [restartedMain] DEBUG o.s.b.f.s.DefaultListableBeanFactory - Creating shared instance of singleton bean 'org.springframework.boot.autoconfigure.web.embedded.EmbeddedWebServerFactoryCustomizerAutoConfiguration'
2025-08-28 15:17:45.137 [restartedMain] DEBUG o.s.b.f.s.DefaultListableBeanFactory - Creating shared instance of singleton bean 'webClientSsl'
2025-08-28 15:17:45.138 [restartedMain] DEBUG o.s.b.f.s.DefaultListableBeanFactory - Autowiring by type from bean name 'webClientSsl' via factory method to bean named 'reactorClientHttpConnectorFactory'
2025-08-28 15:17:45.138 [restartedMain] DEBUG o.s.b.f.s.DefaultListableBeanFactory - Autowiring by type from bean name 'webClientSsl' via factory method to bean named 'sslBundleRegistry'
2025-08-28 15:17:45.140 [restartedMain] DEBUG o.s.b.f.s.DefaultListableBeanFactory - Creating shared instance of singleton bean 'multipartResolver'
2025-08-28 15:17:45.142 [restartedMain] DEBUG o.s.b.f.s.DefaultListableBeanFactory - Creating shared instance of singleton bean 'org.springframework.boot.devtools.autoconfigure.LocalDevToolsAutoConfiguration$RestartConfiguration'
2025-08-28 15:17:45.144 [restartedMain] DEBUG o.s.b.f.s.DefaultListableBeanFactory - Creating shared instance of singleton bean 'spring.devtools-org.springframework.boot.devtools.autoconfigure.DevToolsProperties'
2025-08-28 15:17:45.147 [restartedMain] DEBUG o.s.b.f.s.DefaultListableBeanFactory - Autowiring by type from bean name 'org.springframework.boot.devtools.autoconfigure.LocalDevToolsAutoConfiguration$RestartConfiguration' via constructor to bean named 'spring.devtools-org.springframework.boot.devtools.autoconfigure.DevToolsProperties'
2025-08-28 15:17:45.148 [restartedMain] DEBUG o.s.b.f.s.DefaultListableBeanFactory - Creating shared instance of singleton bean 'restartingClassPathChangedEventListener'
2025-08-28 15:17:45.148 [restartedMain] DEBUG o.s.b.f.s.DefaultListableBeanFactory - Creating shared instance of singleton bean 'fileSystemWatcherFactory'
2025-08-28 15:17:45.150 [restartedMain] DEBUG o.s.b.f.s.DefaultListableBeanFactory - Autowiring by type from bean name 'restartingClassPathChangedEventListener' via factory method to bean named 'fileSystemWatcherFactory'
2025-08-28 15:17:45.152 [restartedMain] DEBUG o.s.b.f.s.DefaultListableBeanFactory - Creating shared instance of singleton bean 'classPathFileSystemWatcher'
2025-08-28 15:17:45.152 [restartedMain] DEBUG o.s.b.f.s.DefaultListableBeanFactory - Creating shared instance of singleton bean 'classPathRestartStrategy'
2025-08-28 15:17:45.155 [restartedMain] DEBUG o.s.b.f.s.DefaultListableBeanFactory - Autowiring by type from bean name 'classPathFileSystemWatcher' via factory method to bean named 'fileSystemWatcherFactory'
2025-08-28 15:17:45.155 [restartedMain] DEBUG o.s.b.f.s.DefaultListableBeanFactory - Autowiring by type from bean name 'classPathFileSystemWatcher' via factory method to bean named 'classPathRestartStrategy'
2025-08-28 15:17:45.203 [restartedMain] DEBUG o.s.b.f.s.DefaultListableBeanFactory - Creating shared instance of singleton bean 'conditionEvaluationDeltaLoggingListener'
2025-08-28 15:17:45.204 [restartedMain] DEBUG o.s.b.f.s.DefaultListableBeanFactory - Creating shared instance of singleton bean 'org.springframework.boot.devtools.autoconfigure.LocalDevToolsAutoConfiguration$LiveReloadConfiguration'
2025-08-28 15:17:45.204 [restartedMain] DEBUG o.s.b.f.s.DefaultListableBeanFactory - Creating shared instance of singleton bean 'optionalLiveReloadServer'
2025-08-28 15:17:45.206 [restartedMain] DEBUG o.s.b.f.s.DefaultListableBeanFactory - Autowiring by type from bean name 'liveReloadServer' via factory method to bean named 'spring.devtools-org.springframework.boot.devtools.autoconfigure.DevToolsProperties'
2025-08-28 15:17:45.210 [restartedMain] DEBUG o.s.b.f.s.DefaultListableBeanFactory - Autowiring by type from bean name 'optionalLiveReloadServer' via factory method to bean named 'liveReloadServer'
2025-08-28 15:17:45.211 [restartedMain] DEBUG o.s.b.d.livereload.LiveReloadServer - Starting live reload server on port 35729
2025-08-28 15:17:45.214 [restartedMain] INFO  o.s.b.d.a.OptionalLiveReloadServer - LiveReload server is running on port 35729
2025-08-28 15:17:45.214 [restartedMain] DEBUG o.s.b.f.s.DefaultListableBeanFactory - Creating shared instance of singleton bean 'liveReloadServerEventListener'
2025-08-28 15:17:45.216 [restartedMain] DEBUG o.s.b.f.s.DefaultListableBeanFactory - Autowiring by type from bean name 'liveReloadServerEventListener' via factory method to bean named 'optionalLiveReloadServer'
2025-08-28 15:17:45.218 [restartedMain] DEBUG o.s.b.f.s.DefaultListableBeanFactory - Creating shared instance of singleton bean 'org.springframework.boot.devtools.autoconfigure.LocalDevToolsAutoConfiguration'
2025-08-28 15:17:45.251 [restartedMain] DEBUG o.s.c.s.DefaultLifecycleProcessor - Starting beans in phase -2147483647
2025-08-28 15:17:45.252 [restartedMain] DEBUG o.s.c.s.DefaultLifecycleProcessor - Successfully started bean 'springBootLoggingLifecycle'
2025-08-28 15:17:45.252 [restartedMain] DEBUG o.s.c.s.DefaultLifecycleProcessor - Starting beans in phase 0
2025-08-28 15:17:45.280 [restartedMain] DEBUG o.s.c.s.DefaultLifecycleProcessor - Successfully started bean 'reactorResourceFactory'
2025-08-28 15:17:45.280 [restartedMain] DEBUG o.s.c.s.DefaultLifecycleProcessor - Starting beans in phase 1
2025-08-28 15:17:45.745 [restartedMain] DEBUG o.s.c.s.DefaultLifecycleProcessor - Successfully started bean 'webClientHttpConnector'
2025-08-28 15:17:45.745 [restartedMain] DEBUG o.s.c.s.DefaultLifecycleProcessor - Starting beans in phase 1073741823
2025-08-28 15:17:45.745 [restartedMain] DEBUG o.s.c.s.DefaultLifecycleProcessor - Starting beans in phase 2147481599
2025-08-28 15:17:45.745 [restartedMain] INFO  o.a.coyote.http11.Http11NioProtocol - Starting ProtocolHandler ["http-nio-8080"]
2025-08-28 15:17:45.765 [restartedMain] INFO  o.s.b.w.e.tomcat.TomcatWebServer - Tomcat started on port 8080 (http) with context path '/'
2025-08-28 15:17:45.768 [restartedMain] DEBUG o.s.c.s.DefaultLifecycleProcessor - Successfully started bean 'webServerStartStop'
2025-08-28 15:17:45.768 [restartedMain] DEBUG o.s.c.s.DefaultLifecycleProcessor - Starting beans in phase 2147482623
2025-08-28 15:17:45.768 [restartedMain] DEBUG o.s.c.s.DefaultLifecycleProcessor - Successfully started bean 'webServerGracefulShutdown'
2025-08-28 15:17:45.790 [restartedMain] DEBUG o.s.b.a.l.ConditionEvaluationReportLogger - 


============================
CONDITIONS EVALUATION REPORT
============================


Positive matches:
-----------------

   AopAutoConfiguration matched:
      - @ConditionalOnProperty (spring.aop.auto=true) matched (OnPropertyCondition)

   AopAutoConfiguration.AspectJAutoProxyingConfiguration matched:
      - @ConditionalOnClass found required class 'org.aspectj.weaver.Advice' (OnClassCondition)

   AopAutoConfiguration.AspectJAutoProxyingConfiguration.CglibAutoProxyConfiguration matched:
      - @ConditionalOnProperty (spring.aop.proxy-target-class=true) matched (OnPropertyCondition)

   ApplicationAvailabilityAutoConfiguration#applicationAvailability matched:
      - @ConditionalOnMissingBean (types: org.springframework.boot.availability.ApplicationAvailability; SearchStrategy: all) did not find any beans (OnBeanCondition)

   ClientHttpConnectorAutoConfiguration matched:
      - @ConditionalOnClass found required class 'org.springframework.web.reactive.function.client.WebClient' (OnClassCondition)

   ClientHttpConnectorAutoConfiguration#webClientHttpConnector matched:
      - @ConditionalOnMissingBean (types: org.springframework.http.client.reactive.ClientHttpConnector; SearchStrategy: all) did not find any beans (OnBeanCondition)

   ClientHttpConnectorAutoConfiguration#webClientHttpConnectorCustomizer matched:
      - @ConditionalOnBean (types: org.springframework.http.client.reactive.ClientHttpConnector; SearchStrategy: all) found bean 'webClientHttpConnector' (OnBeanCondition)

   ClientHttpConnectorFactoryConfiguration.ReactorNetty matched:
      - @ConditionalOnClass found required class 'reactor.netty.http.client.HttpClient' (OnClassCondition)
      - @ConditionalOnMissingBean (types: org.springframework.boot.autoconfigure.web.reactive.function.client.ClientHttpConnectorFactory; SearchStrategy: all) did not find any beans (OnBeanCondition)

   CodecsAutoConfiguration matched:
      - @ConditionalOnClass found required classes 'org.springframework.http.codec.CodecConfigurer', 'org.springframework.web.reactive.function.client.WebClient' (OnClassCondition)

   CodecsAutoConfiguration.JacksonCodecConfiguration matched:
      - @ConditionalOnClass found required class 'com.fasterxml.jackson.databind.ObjectMapper' (OnClassCondition)

   CodecsAutoConfiguration.JacksonCodecConfiguration#jacksonCodecCustomizer matched:
      - @ConditionalOnBean (types: com.fasterxml.jackson.databind.ObjectMapper; SearchStrategy: all) found bean 'jacksonObjectMapper' (OnBeanCondition)

   DataSourceAutoConfiguration matched:
      - @ConditionalOnClass found required classes 'javax.sql.DataSource', 'org.springframework.jdbc.datasource.embedded.EmbeddedDatabaseType' (OnClassCondition)
      - @ConditionalOnMissingBean (types: io.r2dbc.spi.ConnectionFactory; SearchStrategy: all) did not find any beans (OnBeanCondition)

   DataSourceAutoConfiguration.PooledDataSourceConfiguration matched:
      - AnyNestedCondition 1 matched 1 did not; NestedCondition on DataSourceAutoConfiguration.PooledDataSourceCondition.PooledDataSourceAvailable PooledDataSource found supported DataSource; NestedCondition on DataSourceAutoConfiguration.PooledDataSourceCondition.ExplicitType @ConditionalOnProperty (spring.datasource.type) did not find property 'type' (DataSourceAutoConfiguration.PooledDataSourceCondition)
      - @ConditionalOnMissingBean (types: javax.sql.DataSource,javax.sql.XADataSource; SearchStrategy: all) did not find any beans (OnBeanCondition)

   DataSourceAutoConfiguration.PooledDataSourceConfiguration#jdbcConnectionDetails matched:
      - @ConditionalOnMissingBean (types: org.springframework.boot.autoconfigure.jdbc.JdbcConnectionDetails; SearchStrategy: all) did not find any beans (OnBeanCondition)

   DataSourceConfiguration.Hikari matched:
      - @ConditionalOnClass found required class 'com.zaxxer.hikari.HikariDataSource' (OnClassCondition)
      - @ConditionalOnProperty (spring.datasource.type=com.zaxxer.hikari.HikariDataSource) matched (OnPropertyCondition)
      - @ConditionalOnMissingBean (types: javax.sql.DataSource; SearchStrategy: all) did not find any beans (OnBeanCondition)

   DataSourceInitializationConfiguration matched:
      - @ConditionalOnClass found required class 'org.springframework.jdbc.datasource.init.DatabasePopulator' (OnClassCondition)
      - @ConditionalOnSingleCandidate (types: javax.sql.DataSource; SearchStrategy: all) found a single bean 'dataSource'; @ConditionalOnMissingBean (types: org.springframework.boot.autoconfigure.sql.init.SqlDataSourceScriptDatabaseInitializer,org.springframework.boot.autoconfigure.sql.init.SqlR2dbcScriptDatabaseInitializer; SearchStrategy: all) did not find any beans (OnBeanCondition)

   DataSourceJmxConfiguration matched:
      - @ConditionalOnProperty (spring.jmx.enabled=true) matched (OnPropertyCondition)

   DataSourceJmxConfiguration.Hikari matched:
      - @ConditionalOnClass found required class 'com.zaxxer.hikari.HikariDataSource' (OnClassCondition)
      - @ConditionalOnSingleCandidate (types: javax.sql.DataSource; SearchStrategy: all) found a single bean 'dataSource' (OnBeanCondition)

   DataSourcePoolMetadataProvidersConfiguration.HikariPoolDataSourceMetadataProviderConfiguration matched:
      - @ConditionalOnClass found required class 'com.zaxxer.hikari.HikariDataSource' (OnClassCondition)

   DataSourceTransactionManagerAutoConfiguration matched:
      - @ConditionalOnClass found required classes 'javax.sql.DataSource', 'org.springframework.jdbc.core.JdbcTemplate', 'org.springframework.transaction.TransactionManager' (OnClassCondition)

   DataSourceTransactionManagerAutoConfiguration.JdbcTransactionManagerConfiguration matched:
      - @ConditionalOnSingleCandidate (types: javax.sql.DataSource; SearchStrategy: all) found a single bean 'dataSource' (OnBeanCondition)

   DevToolsDataSourceAutoConfiguration matched:
      - @ConditionalOnClass found required class 'javax.sql.DataSource' (OnClassCondition)
      - Devtools devtools enabled. (OnEnabledDevToolsCondition)
      - DevTools DataSource Condition found auto-configured DataSource (DevToolsDataSourceAutoConfiguration.DevToolsDataSourceCondition)

   DevToolsDataSourceAutoConfiguration.DatabaseShutdownExecutorEntityManagerFactoryDependsOnPostProcessor matched:
      - @ConditionalOnClass found required class 'org.springframework.orm.jpa.LocalContainerEntityManagerFactoryBean' (OnClassCondition)
      - @ConditionalOnBean (types: org.springframework.orm.jpa.AbstractEntityManagerFactoryBean; SearchStrategy: all) found bean '&entityManagerFactory' (OnBeanCondition)

   DispatcherServletAutoConfiguration matched:
      - @ConditionalOnClass found required class 'org.springframework.web.servlet.DispatcherServlet' (OnClassCondition)
      - found 'session' scope (OnWebApplicationCondition)

   DispatcherServletAutoConfiguration.DispatcherServletConfiguration matched:
      - @ConditionalOnClass found required class 'jakarta.servlet.ServletRegistration' (OnClassCondition)
      - Default DispatcherServlet did not find dispatcher servlet beans (DispatcherServletAutoConfiguration.DefaultDispatcherServletCondition)

   DispatcherServletAutoConfiguration.DispatcherServletRegistrationConfiguration matched:
      - @ConditionalOnClass found required class 'jakarta.servlet.ServletRegistration' (OnClassCondition)
      - DispatcherServlet Registration did not find servlet registration bean (DispatcherServletAutoConfiguration.DispatcherServletRegistrationCondition)

   DispatcherServletAutoConfiguration.DispatcherServletRegistrationConfiguration#dispatcherServletRegistration matched:
      - @ConditionalOnBean (names: dispatcherServlet types: org.springframework.web.servlet.DispatcherServlet; SearchStrategy: all) found bean 'dispatcherServlet' (OnBeanCondition)

   EmbeddedWebServerFactoryCustomizerAutoConfiguration matched:
      - @ConditionalOnWebApplication (required) found 'session' scope (OnWebApplicationCondition)
      - @ConditionalOnWarDeployment the application is not deployed as a WAR file. (OnWarDeploymentCondition)

   EmbeddedWebServerFactoryCustomizerAutoConfiguration.NettyWebServerFactoryCustomizerConfiguration matched:
      - @ConditionalOnClass found required class 'reactor.netty.http.server.HttpServer' (OnClassCondition)

   EmbeddedWebServerFactoryCustomizerAutoConfiguration.TomcatWebServerFactoryCustomizerConfiguration matched:
      - @ConditionalOnClass found required classes 'org.apache.catalina.startup.Tomcat', 'org.apache.coyote.UpgradeProtocol' (OnClassCondition)

   ErrorMvcAutoConfiguration matched:
      - @ConditionalOnClass found required classes 'jakarta.servlet.Servlet', 'org.springframework.web.servlet.DispatcherServlet' (OnClassCondition)
      - found 'session' scope (OnWebApplicationCondition)

   ErrorMvcAutoConfiguration#basicErrorController matched:
      - @ConditionalOnMissingBean (types: org.springframework.boot.web.servlet.error.ErrorController; SearchStrategy: current) did not find any beans (OnBeanCondition)

   ErrorMvcAutoConfiguration#errorAttributes matched:
      - @ConditionalOnMissingBean (types: org.springframework.boot.web.servlet.error.ErrorAttributes; SearchStrategy: current) did not find any beans (OnBeanCondition)

   ErrorMvcAutoConfiguration.DefaultErrorViewResolverConfiguration#conventionErrorViewResolver matched:
      - @ConditionalOnBean (types: org.springframework.web.servlet.DispatcherServlet; SearchStrategy: all) found bean 'dispatcherServlet'; @ConditionalOnMissingBean (types: org.springframework.boot.autoconfigure.web.servlet.error.ErrorViewResolver; SearchStrategy: all) did not find any beans (OnBeanCondition)

   ErrorMvcAutoConfiguration.WhitelabelErrorViewConfiguration matched:
      - @ConditionalOnProperty (server.error.whitelabel.enabled) matched (OnPropertyCondition)
      - ErrorTemplate Missing did not find error template view (ErrorMvcAutoConfiguration.ErrorTemplateMissingCondition)

   ErrorMvcAutoConfiguration.WhitelabelErrorViewConfiguration#beanNameViewResolver matched:
      - @ConditionalOnMissingBean (types: org.springframework.web.servlet.view.BeanNameViewResolver; SearchStrategy: all) did not find any beans (OnBeanCondition)

   ErrorMvcAutoConfiguration.WhitelabelErrorViewConfiguration#defaultErrorView matched:
      - @ConditionalOnMissingBean (names: error; SearchStrategy: all) did not find any beans (OnBeanCondition)

   FlywayAutoConfiguration matched:
      - @ConditionalOnClass found required class 'org.flywaydb.core.Flyway' (OnClassCondition)
      - @ConditionalOnProperty (spring.flyway.enabled) matched (OnPropertyCondition)
      - AnyNestedCondition 2 matched 1 did not; NestedCondition on FlywayAutoConfiguration.FlywayDataSourceCondition.FlywayUrlCondition @ConditionalOnProperty (spring.flyway.url) did not find property 'url'; NestedCondition on FlywayAutoConfiguration.FlywayDataSourceCondition.JdbcConnectionDetailsCondition @ConditionalOnBean (types: org.springframework.boot.autoconfigure.jdbc.JdbcConnectionDetails; SearchStrategy: all) found bean 'jdbcConnectionDetails'; NestedCondition on FlywayAutoConfiguration.FlywayDataSourceCondition.DataSourceBeanCondition @ConditionalOnBean (types: javax.sql.DataSource; SearchStrategy: all) found bean 'dataSource' (FlywayAutoConfiguration.FlywayDataSourceCondition)

   FlywayAutoConfiguration.FlywayConfiguration matched:
      - @ConditionalOnClass found required class 'org.springframework.jdbc.support.JdbcUtils' (OnClassCondition)
      - @ConditionalOnMissingBean (types: org.flywaydb.core.Flyway; SearchStrategy: all) did not find any beans (OnBeanCondition)

   FlywayAutoConfiguration.FlywayConfiguration#flywayConnectionDetails matched:
      - @ConditionalOnMissingBean (types: org.springframework.boot.autoconfigure.flyway.FlywayConnectionDetails; SearchStrategy: all) did not find any beans (OnBeanCondition)

   FlywayAutoConfiguration.FlywayConfiguration#flywayInitializer matched:
      - @ConditionalOnMissingBean (types: org.springframework.boot.autoconfigure.flyway.FlywayMigrationInitializer; SearchStrategy: all) did not find any beans (OnBeanCondition)

   FlywayAutoConfiguration.FlywayConfiguration#postgresqlFlywayConfigurationCustomizer matched:
      - @ConditionalOnClass found required class 'org.flywaydb.database.postgresql.PostgreSQLConfigurationExtension' (OnClassCondition)

   GenericCacheConfiguration matched:
      - Cache org.springframework.boot.autoconfigure.cache.GenericCacheConfiguration automatic cache type (CacheCondition)

   HibernateJpaAutoConfiguration matched:
      - @ConditionalOnClass found required classes 'org.springframework.orm.jpa.LocalContainerEntityManagerFactoryBean', 'jakarta.persistence.EntityManager', 'org.hibernate.engine.spi.SessionImplementor' (OnClassCondition)

   HibernateJpaConfiguration matched:
      - @ConditionalOnSingleCandidate (types: javax.sql.DataSource; SearchStrategy: all) found a single bean 'dataSource' (OnBeanCondition)

   HttpClientAutoConfiguration matched:
      - @ConditionalOnClass found required class 'org.springframework.http.client.ClientHttpRequestFactory' (OnClassCondition)
      - NoneNestedConditions 0 matched 1 did not; NestedCondition on NotReactiveWebApplicationCondition.ReactiveWebApplication not a reactive web application (NotReactiveWebApplicationCondition)

   HttpClientAutoConfiguration#clientHttpRequestFactoryBuilder matched:
      - @ConditionalOnMissingBean (types: org.springframework.boot.http.client.ClientHttpRequestFactoryBuilder; SearchStrategy: all) did not find any beans (OnBeanCondition)

   HttpClientAutoConfiguration#clientHttpRequestFactorySettings matched:
      - @ConditionalOnMissingBean (types: org.springframework.boot.http.client.ClientHttpRequestFactorySettings; SearchStrategy: all) did not find any beans (OnBeanCondition)

   HttpEncodingAutoConfiguration matched:
      - @ConditionalOnClass found required class 'org.springframework.web.filter.CharacterEncodingFilter' (OnClassCondition)
      - found 'session' scope (OnWebApplicationCondition)
      - @ConditionalOnProperty (server.servlet.encoding.enabled) matched (OnPropertyCondition)

   HttpEncodingAutoConfiguration#characterEncodingFilter matched:
      - @ConditionalOnMissingBean (types: org.springframework.web.filter.CharacterEncodingFilter; SearchStrategy: all) did not find any beans (OnBeanCondition)

   HttpMessageConvertersAutoConfiguration matched:
      - @ConditionalOnClass found required class 'org.springframework.http.converter.HttpMessageConverter' (OnClassCondition)
      - NoneNestedConditions 0 matched 1 did not; NestedCondition on HttpMessageConvertersAutoConfiguration.NotReactiveWebApplicationCondition.ReactiveWebApplication not a reactive web application (HttpMessageConvertersAutoConfiguration.NotReactiveWebApplicationCondition)

   HttpMessageConvertersAutoConfiguration#messageConverters matched:
      - @ConditionalOnMissingBean (types: org.springframework.boot.autoconfigure.http.HttpMessageConverters; SearchStrategy: all) did not find any beans (OnBeanCondition)

   HttpMessageConvertersAutoConfiguration.StringHttpMessageConverterConfiguration matched:
      - @ConditionalOnClass found required class 'org.springframework.http.converter.StringHttpMessageConverter' (OnClassCondition)

   HttpMessageConvertersAutoConfiguration.StringHttpMessageConverterConfiguration#stringHttpMessageConverter matched:
      - @ConditionalOnMissingBean (types: org.springframework.http.converter.StringHttpMessageConverter; SearchStrategy: all) did not find any beans (OnBeanCondition)

   JacksonAutoConfiguration matched:
      - @ConditionalOnClass found required class 'com.fasterxml.jackson.databind.ObjectMapper' (OnClassCondition)

   JacksonAutoConfiguration.Jackson2ObjectMapperBuilderCustomizerConfiguration matched:
      - @ConditionalOnClass found required class 'org.springframework.http.converter.json.Jackson2ObjectMapperBuilder' (OnClassCondition)

   JacksonAutoConfiguration.JacksonObjectMapperBuilderConfiguration matched:
      - @ConditionalOnClass found required class 'org.springframework.http.converter.json.Jackson2ObjectMapperBuilder' (OnClassCondition)

   JacksonAutoConfiguration.JacksonObjectMapperBuilderConfiguration#jacksonObjectMapperBuilder matched:
      - @ConditionalOnMissingBean (types: org.springframework.http.converter.json.Jackson2ObjectMapperBuilder; SearchStrategy: all) did not find any beans (OnBeanCondition)

   JacksonAutoConfiguration.JacksonObjectMapperConfiguration matched:
      - @ConditionalOnClass found required class 'org.springframework.http.converter.json.Jackson2ObjectMapperBuilder' (OnClassCondition)

   JacksonAutoConfiguration.JacksonObjectMapperConfiguration#jacksonObjectMapper matched:
      - @ConditionalOnMissingBean (types: com.fasterxml.jackson.databind.ObjectMapper; SearchStrategy: all) did not find any beans (OnBeanCondition)

   JacksonAutoConfiguration.ParameterNamesModuleConfiguration matched:
      - @ConditionalOnClass found required class 'com.fasterxml.jackson.module.paramnames.ParameterNamesModule' (OnClassCondition)

   JacksonAutoConfiguration.ParameterNamesModuleConfiguration#parameterNamesModule matched:
      - @ConditionalOnMissingBean (types: com.fasterxml.jackson.module.paramnames.ParameterNamesModule; SearchStrategy: all) did not find any beans (OnBeanCondition)

   JacksonHttpMessageConvertersConfiguration.MappingJackson2HttpMessageConverterConfiguration matched:
      - @ConditionalOnClass found required class 'com.fasterxml.jackson.databind.ObjectMapper' (OnClassCondition)
      - @ConditionalOnProperty (spring.mvc.converters.preferred-json-mapper=jackson) matched (OnPropertyCondition)
      - @ConditionalOnBean (types: com.fasterxml.jackson.databind.ObjectMapper; SearchStrategy: all) found bean 'jacksonObjectMapper' (OnBeanCondition)

   JacksonHttpMessageConvertersConfiguration.MappingJackson2HttpMessageConverterConfiguration#mappingJackson2HttpMessageConverter matched:
      - @ConditionalOnMissingBean (types: org.springframework.http.converter.json.MappingJackson2HttpMessageConverter ignored: org.springframework.hateoas.server.mvc.TypeConstrainedMappingJackson2HttpMessageConverter,org.springframework.data.rest.webmvc.alps.AlpsJsonHttpMessageConverter; SearchStrategy: all) did not find any beans (OnBeanCondition)

   JdbcClientAutoConfiguration matched:
      - @ConditionalOnSingleCandidate (types: org.springframework.jdbc.core.namedparam.NamedParameterJdbcTemplate; SearchStrategy: all) found a single bean 'namedParameterJdbcTemplate'; @ConditionalOnMissingBean (types: org.springframework.jdbc.core.simple.JdbcClient; SearchStrategy: all) did not find any beans (OnBeanCondition)

   JdbcTemplateAutoConfiguration matched:
      - @ConditionalOnClass found required classes 'javax.sql.DataSource', 'org.springframework.jdbc.core.JdbcTemplate' (OnClassCondition)
      - @ConditionalOnSingleCandidate (types: javax.sql.DataSource; SearchStrategy: all) found a single bean 'dataSource' (OnBeanCondition)

   JdbcTemplateConfiguration matched:
      - @ConditionalOnMissingBean (types: org.springframework.jdbc.core.JdbcOperations; SearchStrategy: all) did not find any beans (OnBeanCondition)

   JpaBaseConfiguration#entityManagerFactory matched:
      - @ConditionalOnMissingBean (types: org.springframework.orm.jpa.LocalContainerEntityManagerFactoryBean,jakarta.persistence.EntityManagerFactory; SearchStrategy: all) did not find any beans (OnBeanCondition)

   JpaBaseConfiguration#entityManagerFactoryBuilder matched:
      - @ConditionalOnMissingBean (types: org.springframework.boot.orm.jpa.EntityManagerFactoryBuilder; SearchStrategy: all) did not find any beans (OnBeanCondition)

   JpaBaseConfiguration#jpaVendorAdapter matched:
      - @ConditionalOnMissingBean (types: org.springframework.orm.jpa.JpaVendorAdapter; SearchStrategy: all) did not find any beans (OnBeanCondition)

   JpaBaseConfiguration#transactionManager matched:
      - @ConditionalOnMissingBean (types: org.springframework.transaction.TransactionManager; SearchStrategy: all) did not find any beans (OnBeanCondition)

   JpaBaseConfiguration.JpaWebConfiguration matched:
      - @ConditionalOnClass found required class 'org.springframework.web.servlet.config.annotation.WebMvcConfigurer' (OnClassCondition)
      - found 'session' scope (OnWebApplicationCondition)
      - @ConditionalOnProperty (spring.jpa.open-in-view=true) matched (OnPropertyCondition)
      - @ConditionalOnMissingBean (types: org.springframework.orm.jpa.support.OpenEntityManagerInViewInterceptor,org.springframework.orm.jpa.support.OpenEntityManagerInViewFilter; SearchStrategy: all) did not find any beans (OnBeanCondition)

   JpaBaseConfiguration.PersistenceManagedTypesConfiguration matched:
      - @ConditionalOnMissingBean (types: org.springframework.orm.jpa.LocalContainerEntityManagerFactoryBean,jakarta.persistence.EntityManagerFactory; SearchStrategy: all) did not find any beans (OnBeanCondition)

   JpaBaseConfiguration.PersistenceManagedTypesConfiguration#persistenceManagedTypes matched:
      - @ConditionalOnMissingBean (types: org.springframework.orm.jpa.persistenceunit.PersistenceManagedTypes; SearchStrategy: all) did not find any beans (OnBeanCondition)

   JpaRepositoriesAutoConfiguration matched:
      - @ConditionalOnClass found required class 'org.springframework.data.jpa.repository.JpaRepository' (OnClassCondition)
      - @ConditionalOnProperty (spring.data.jpa.repositories.enabled=true) matched (OnPropertyCondition)
      - @ConditionalOnBean (types: javax.sql.DataSource; SearchStrategy: all) found bean 'dataSource'; @ConditionalOnMissingBean (types: org.springframework.data.jpa.repository.support.JpaRepositoryFactoryBean,org.springframework.data.jpa.repository.config.JpaRepositoryConfigExtension; SearchStrategy: all) did not find any beans (OnBeanCondition)

   JtaAutoConfiguration matched:
      - @ConditionalOnClass found required class 'jakarta.transaction.Transaction' (OnClassCondition)
      - @ConditionalOnProperty (spring.jta.enabled) matched (OnPropertyCondition)

   LifecycleAutoConfiguration#defaultLifecycleProcessor matched:
      - @ConditionalOnMissingBean (names: lifecycleProcessor; SearchStrategy: current) did not find any beans (OnBeanCondition)

   LocalDevToolsAutoConfiguration matched:
      - Initialized Restarter Condition available and initialized (OnInitializedRestarterCondition)

   LocalDevToolsAutoConfiguration.LiveReloadConfiguration matched:
      - @ConditionalOnProperty (spring.devtools.livereload.enabled) matched (OnPropertyCondition)

   LocalDevToolsAutoConfiguration.LiveReloadConfiguration#liveReloadServer matched:
      - @ConditionalOnMissingBean (types: org.springframework.boot.devtools.livereload.LiveReloadServer; SearchStrategy: all) did not find any beans (OnBeanCondition)

   LocalDevToolsAutoConfiguration.RestartConfiguration matched:
      - @ConditionalOnProperty (spring.devtools.restart.enabled) matched (OnPropertyCondition)

   LocalDevToolsAutoConfiguration.RestartConfiguration#classPathFileSystemWatcher matched:
      - @ConditionalOnMissingBean (types: org.springframework.boot.devtools.classpath.ClassPathFileSystemWatcher; SearchStrategy: all) did not find any beans (OnBeanCondition)

   LocalDevToolsAutoConfiguration.RestartConfiguration#classPathRestartStrategy matched:
      - @ConditionalOnMissingBean (types: org.springframework.boot.devtools.classpath.ClassPathRestartStrategy; SearchStrategy: all) did not find any beans (OnBeanCondition)

   LocalDevToolsAutoConfiguration.RestartConfiguration#conditionEvaluationDeltaLoggingListener matched:
      - @ConditionalOnProperty (spring.devtools.restart.log-condition-evaluation-delta) matched (OnPropertyCondition)

   MultipartAutoConfiguration matched:
      - @ConditionalOnClass found required classes 'jakarta.servlet.Servlet', 'org.springframework.web.multipart.support.StandardServletMultipartResolver', 'jakarta.servlet.MultipartConfigElement' (OnClassCondition)
      - found 'session' scope (OnWebApplicationCondition)
      - @ConditionalOnProperty (spring.servlet.multipart.enabled) matched (OnPropertyCondition)

   MultipartAutoConfiguration#multipartConfigElement matched:
      - @ConditionalOnMissingBean (types: jakarta.servlet.MultipartConfigElement; SearchStrategy: all) did not find any beans (OnBeanCondition)

   MultipartAutoConfiguration#multipartResolver matched:
      - @ConditionalOnMissingBean (types: org.springframework.web.multipart.MultipartResolver; SearchStrategy: all) did not find any beans (OnBeanCondition)

   NamedParameterJdbcTemplateConfiguration matched:
      - @ConditionalOnSingleCandidate (types: org.springframework.jdbc.core.JdbcTemplate; SearchStrategy: all) found a single bean 'jdbcTemplate'; @ConditionalOnMissingBean (types: org.springframework.jdbc.core.namedparam.NamedParameterJdbcOperations; SearchStrategy: all) did not find any beans (OnBeanCondition)

   NettyAutoConfiguration matched:
      - @ConditionalOnClass found required class 'io.netty.util.NettyRuntime' (OnClassCondition)

   NoOpCacheConfiguration matched:
      - Cache org.springframework.boot.autoconfigure.cache.NoOpCacheConfiguration automatic cache type (CacheCondition)

   OAuth2ResourceServerAutoConfiguration matched:
      - @ConditionalOnClass found required class 'org.springframework.security.oauth2.server.resource.authentication.BearerTokenAuthenticationToken' (OnClassCondition)
      - found 'session' scope (OnWebApplicationCondition)

   OAuth2ResourceServerJwtConfiguration.JwtDecoderConfiguration matched:
      - @ConditionalOnMissingBean (types: org.springframework.security.oauth2.jwt.JwtDecoder; SearchStrategy: all) did not find any beans (OnBeanCondition)

   OAuth2ResourceServerOpaqueTokenConfiguration.OpaqueTokenIntrospectionClientConfiguration matched:
      - @ConditionalOnMissingBean (types: org.springframework.security.oauth2.server.resource.introspection.OpaqueTokenIntrospector; SearchStrategy: all) did not find any beans (OnBeanCondition)

   Oauth2ResourceServerConfiguration.JwtConfiguration matched:
      - @ConditionalOnClass found required class 'org.springframework.security.oauth2.jwt.JwtDecoder' (OnClassCondition)

   PersistenceExceptionTranslationAutoConfiguration matched:
      - @ConditionalOnClass found required class 'org.springframework.dao.annotation.PersistenceExceptionTranslationPostProcessor' (OnClassCondition)

   PersistenceExceptionTranslationAutoConfiguration#persistenceExceptionTranslationPostProcessor matched:
      - @ConditionalOnProperty (spring.dao.exceptiontranslation.enabled) matched (OnPropertyCondition)
      - @ConditionalOnMissingBean (types: org.springframework.dao.annotation.PersistenceExceptionTranslationPostProcessor; SearchStrategy: all) did not find any beans (OnBeanCondition)

   PropertyPlaceholderAutoConfiguration#propertySourcesPlaceholderConfigurer matched:
      - @ConditionalOnMissingBean (types: org.springframework.context.support.PropertySourcesPlaceholderConfigurer; SearchStrategy: current) did not find any beans (OnBeanCondition)

   ReactiveSecurityAutoConfiguration matched:
      - @ConditionalOnClass found required classes 'reactor.core.publisher.Flux', 'org.springframework.security.config.annotation.web.reactive.EnableWebFluxSecurity', 'org.springframework.security.web.server.WebFilterChainProxy', 'org.springframework.web.reactive.config.WebFluxConfigurer' (OnClassCondition)

   ReactorAutoConfiguration matched:
      - @ConditionalOnClass found required class 'reactor.core.publisher.Hooks' (OnClassCondition)

   ReactorNettyConfigurations.ReactorResourceFactoryConfiguration#reactorResourceFactory matched:
      - @ConditionalOnMissingBean (types: org.springframework.http.client.ReactorResourceFactory; SearchStrategy: all) did not find any beans (OnBeanCondition)

   RestClientAutoConfiguration matched:
      - @ConditionalOnClass found required class 'org.springframework.web.client.RestClient' (OnClassCondition)
      - NoneNestedConditions 0 matched 1 did not; NestedCondition on NotReactiveWebApplicationCondition.ReactiveWebApplication not a reactive web application (NotReactiveWebApplicationCondition)

   RestClientAutoConfiguration#httpMessageConvertersRestClientCustomizer matched:
      - @ConditionalOnMissingBean (types: org.springframework.boot.autoconfigure.web.client.HttpMessageConvertersRestClientCustomizer; SearchStrategy: all) did not find any beans (OnBeanCondition)

   RestClientAutoConfiguration#restClientBuilder matched:
      - @ConditionalOnMissingBean (types: org.springframework.web.client.RestClient$Builder; SearchStrategy: all) did not find any beans (OnBeanCondition)

   RestClientAutoConfiguration#restClientBuilderConfigurer matched:
      - @ConditionalOnMissingBean (types: org.springframework.boot.autoconfigure.web.client.RestClientBuilderConfigurer; SearchStrategy: all) did not find any beans (OnBeanCondition)

   RestClientAutoConfiguration#restClientSsl matched:
      - @ConditionalOnBean (types: org.springframework.boot.ssl.SslBundles; SearchStrategy: all) found bean 'sslBundleRegistry'; @ConditionalOnMissingBean (types: org.springframework.boot.autoconfigure.web.client.RestClientSsl; SearchStrategy: all) did not find any beans (OnBeanCondition)

   RestTemplateAutoConfiguration matched:
      - @ConditionalOnClass found required class 'org.springframework.web.client.RestTemplate' (OnClassCondition)
      - NoneNestedConditions 0 matched 1 did not; NestedCondition on NotReactiveWebApplicationCondition.ReactiveWebApplication not a reactive web application (NotReactiveWebApplicationCondition)

   RestTemplateAutoConfiguration#restTemplateBuilder matched:
      - @ConditionalOnMissingBean (types: org.springframework.boot.web.client.RestTemplateBuilder; SearchStrategy: all) did not find any beans (OnBeanCondition)

   SecurityAutoConfiguration matched:
      - @ConditionalOnClass found required class 'org.springframework.security.authentication.DefaultAuthenticationEventPublisher' (OnClassCondition)

   SecurityAutoConfiguration#authenticationEventPublisher matched:
      - @ConditionalOnMissingBean (types: org.springframework.security.authentication.AuthenticationEventPublisher; SearchStrategy: all) did not find any beans (OnBeanCondition)

   SecurityFilterAutoConfiguration matched:
      - @ConditionalOnClass found required classes 'org.springframework.security.web.context.AbstractSecurityWebApplicationInitializer', 'org.springframework.security.config.http.SessionCreationPolicy' (OnClassCondition)
      - found 'session' scope (OnWebApplicationCondition)

   SecurityFilterAutoConfiguration#securityFilterChainRegistration matched:
      - @ConditionalOnBean (names: springSecurityFilterChain; SearchStrategy: all) found bean 'springSecurityFilterChain' (OnBeanCondition)

   ServletWebServerFactoryAutoConfiguration matched:
      - @ConditionalOnClass found required class 'jakarta.servlet.ServletRequest' (OnClassCondition)
      - found 'session' scope (OnWebApplicationCondition)

   ServletWebServerFactoryAutoConfiguration#tomcatServletWebServerFactoryCustomizer matched:
      - @ConditionalOnClass found required class 'org.apache.catalina.startup.Tomcat' (OnClassCondition)

   ServletWebServerFactoryConfiguration.EmbeddedTomcat matched:
      - @ConditionalOnClass found required classes 'jakarta.servlet.Servlet', 'org.apache.catalina.startup.Tomcat', 'org.apache.coyote.UpgradeProtocol' (OnClassCondition)
      - @ConditionalOnMissingBean (types: org.springframework.boot.web.servlet.server.ServletWebServerFactory; SearchStrategy: current) did not find any beans (OnBeanCondition)

   SimpleCacheConfiguration matched:
      - Cache org.springframework.boot.autoconfigure.cache.SimpleCacheConfiguration automatic cache type (CacheCondition)

   SpringBootWebSecurityConfiguration matched:
      - found 'session' scope (OnWebApplicationCondition)

   SpringDataWebAutoConfiguration matched:
      - @ConditionalOnClass found required classes 'org.springframework.data.web.PageableHandlerMethodArgumentResolver', 'org.springframework.web.servlet.config.annotation.WebMvcConfigurer' (OnClassCondition)
      - found 'session' scope (OnWebApplicationCondition)
      - @ConditionalOnMissingBean (types: org.springframework.data.web.PageableHandlerMethodArgumentResolver; SearchStrategy: all) did not find any beans (OnBeanCondition)

   SpringDataWebAutoConfiguration#pageableCustomizer matched:
      - @ConditionalOnMissingBean (types: org.springframework.data.web.config.PageableHandlerMethodArgumentResolverCustomizer; SearchStrategy: all) did not find any beans (OnBeanCondition)

   SpringDataWebAutoConfiguration#sortCustomizer matched:
      - @ConditionalOnMissingBean (types: org.springframework.data.web.config.SortHandlerMethodArgumentResolverCustomizer; SearchStrategy: all) did not find any beans (OnBeanCondition)

   SpringDataWebAutoConfiguration#springDataWebSettings matched:
      - @ConditionalOnMissingBean (types: org.springframework.data.web.config.SpringDataWebSettings; SearchStrategy: all) did not find any beans (OnBeanCondition)

   SpringDocConfigProperties matched:
      - @ConditionalOnProperty (springdoc.api-docs.enabled) matched (OnPropertyCondition)
      - @ConditionalOnBean (types: org.springdoc.core.configuration.SpringDocConfiguration; SearchStrategy: all) found bean 'org.springdoc.core.configuration.SpringDocConfiguration' (OnBeanCondition)

   SpringDocConfiguration matched:
      - @ConditionalOnWebApplication (required) found 'session' scope (OnWebApplicationCondition)
      - @ConditionalOnProperty (springdoc.api-docs.enabled) matched (OnPropertyCondition)

   SpringDocConfiguration#fileSupportConverter matched:
      - @ConditionalOnMissingBean (types: org.springdoc.core.converters.FileSupportConverter; SearchStrategy: all) did not find any beans (OnBeanCondition)

   SpringDocConfiguration#globalOpenApiCustomizer matched:
      - @ConditionalOnMissingBean (names: globalOpenApiCustomizer; SearchStrategy: all) did not find any beans (OnBeanCondition)

   SpringDocConfiguration#oas31ModelConverter matched:
      - @ConditionalOnMissingBean (types: org.springdoc.core.converters.OAS31ModelConverter; SearchStrategy: all) did not find any beans (OnBeanCondition)

   SpringDocConfiguration#openAPIBuilder matched:
      - @ConditionalOnMissingBean (types: org.springdoc.core.service.OpenAPIService; SearchStrategy: all) did not find any beans (OnBeanCondition)

   SpringDocConfiguration#operationBuilder matched:
      - @ConditionalOnMissingBean (types: org.springdoc.core.service.OperationService; SearchStrategy: all) did not find any beans (OnBeanCondition)

   SpringDocConfiguration#parameterBuilder matched:
      - @ConditionalOnMissingBean (types: org.springdoc.core.service.GenericParameterService; SearchStrategy: all) did not find any beans (OnBeanCondition)

   SpringDocConfiguration#parameterObjectNamingStrategyCustomizer matched:
      - @ConditionalOnMissingBean (types: org.springdoc.core.customizers.ParameterObjectNamingStrategyCustomizer; SearchStrategy: all) did not find any beans (OnBeanCondition)

   SpringDocConfiguration#polymorphicModelConverter matched:
      - @ConditionalOnProperty (springdoc.model-converters.polymorphic-converter.enabled) matched (OnPropertyCondition)
      - @ConditionalOnMissingBean (types: org.springdoc.core.converters.PolymorphicModelConverter; SearchStrategy: all) did not find any beans (OnBeanCondition)

   SpringDocConfiguration#requestBodyBuilder matched:
      - @ConditionalOnMissingBean (types: org.springdoc.core.service.RequestBodyService; SearchStrategy: all) did not find any beans (OnBeanCondition)

   SpringDocConfiguration#responseSupportConverter matched:
      - @ConditionalOnMissingBean (types: org.springdoc.core.converters.ResponseSupportConverter; SearchStrategy: all) did not find any beans (OnBeanCondition)

   SpringDocConfiguration#schemaPropertyDeprecatingConverter matched:
      - @ConditionalOnProperty (springdoc.model-converters.deprecating-converter.enabled) matched (OnPropertyCondition)
      - @ConditionalOnMissingBean (types: org.springdoc.core.converters.SchemaPropertyDeprecatingConverter; SearchStrategy: all) did not find any beans (OnBeanCondition)

   SpringDocConfiguration#securityParser matched:
      - @ConditionalOnMissingBean (types: org.springdoc.core.service.SecurityService; SearchStrategy: all) did not find any beans (OnBeanCondition)

   SpringDocConfiguration#springDocCustomizers matched:
      - @ConditionalOnMissingBean (types: org.springdoc.core.customizers.SpringDocCustomizers; SearchStrategy: all) did not find any beans (OnBeanCondition)

   SpringDocConfiguration#springDocProviders matched:
      - @ConditionalOnMissingBean (types: org.springdoc.core.providers.SpringDocProviders; SearchStrategy: all) did not find any beans (OnBeanCondition)

   SpringDocConfiguration#springdocObjectMapperProvider matched:
      - @ConditionalOnMissingBean (types: org.springdoc.core.providers.ObjectMapperProvider; SearchStrategy: all) did not find any beans (OnBeanCondition)

   SpringDocConfiguration.QuerydslProvider matched:
      - @ConditionalOnClass found required class 'org.springframework.data.querydsl.binding.QuerydslBindingsFactory' (OnClassCondition)

   SpringDocConfiguration.QuerydslProvider#queryDslQuerydslPredicateOperationCustomizer matched:
      - @ConditionalOnMissingBean (types: org.springdoc.core.customizers.QuerydslPredicateOperationCustomizer; SearchStrategy: all) did not find any beans (OnBeanCondition)

   SpringDocConfiguration.SpringDocSpringDataWebPropertiesProvider matched:
      - @ConditionalOnClass found required class 'org.springframework.boot.autoconfigure.data.web.SpringDataWebProperties' (OnClassCondition)

   SpringDocConfiguration.SpringDocSpringDataWebPropertiesProvider#springDataWebPropertiesProvider matched:
      - @ConditionalOnMissingBean (types: org.springdoc.core.providers.SpringDataWebPropertiesProvider; SearchStrategy: all) did not find any beans (OnBeanCondition)

   SpringDocConfiguration.SpringDocWebFluxSupportConfiguration matched:
      - @ConditionalOnClass found required class 'reactor.core.publisher.Flux' (OnClassCondition)

   SpringDocConfiguration.SpringDocWebFluxSupportConfiguration#webFluxSupportConverter matched:
      - @ConditionalOnMissingBean (types: org.springdoc.core.converters.WebFluxSupportConverter; SearchStrategy: all) did not find any beans (OnBeanCondition)

   SpringDocConfiguration.WebConversionServiceConfiguration matched:
      - @ConditionalOnClass found required class 'org.springframework.boot.autoconfigure.web.format.WebConversionService' (OnClassCondition)

   SpringDocPageableConfiguration matched:
      - @ConditionalOnClass found required class 'org.springframework.data.domain.Pageable' (OnClassCondition)
      - @ConditionalOnWebApplication (required) found 'session' scope (OnWebApplicationCondition)
      - @ConditionalOnProperty (springdoc.api-docs.enabled) matched (OnPropertyCondition)
      - @ConditionalOnBean (types: org.springdoc.core.configuration.SpringDocConfiguration; SearchStrategy: all) found bean 'org.springdoc.core.configuration.SpringDocConfiguration' (OnBeanCondition)

   SpringDocPageableConfiguration#dataRestDelegatingMethodParameterCustomizer matched:
      - @ConditionalOnMissingBean (types: org.springdoc.core.customizers.DataRestDelegatingMethodParameterCustomizer; SearchStrategy: all) did not find any beans (OnBeanCondition)

   SpringDocPageableConfiguration#pageOpenAPIConverter matched:
      - @ConditionalOnClass found required classes 'org.springframework.data.web.PagedModel', 'org.springframework.data.web.config.SpringDataWebSettings' (OnClassCondition)
      - @ConditionalOnMissingBean (types: org.springdoc.core.converters.PageOpenAPIConverter; SearchStrategy: all) did not find any beans (OnBeanCondition)

   SpringDocPageableConfiguration#pageableOpenAPIConverter matched:
      - @ConditionalOnProperty (springdoc.model-converters.pageable-converter.enabled) matched (OnPropertyCondition)
      - @ConditionalOnMissingBean (types: org.springdoc.core.converters.PageableOpenAPIConverter; SearchStrategy: all) did not find any beans (OnBeanCondition)

   SpringDocSecurityConfiguration matched:
      - @ConditionalOnClass found required class 'org.springframework.security.web.SecurityFilterChain' (OnClassCondition)
      - @ConditionalOnWebApplication (required) found 'session' scope (OnWebApplicationCondition)
      - @ConditionalOnExpression (#{${springdoc.api-docs.enabled:true} and ${springdoc.enable-spring-security:true}}) resulted in true (OnExpressionCondition)
      - @ConditionalOnBean (types: org.springdoc.core.configuration.SpringDocConfiguration; SearchStrategy: all) found bean 'org.springdoc.core.configuration.SpringDocConfiguration' (OnBeanCondition)

   SpringDocSecurityConfiguration.SpringSecurityLoginEndpointConfiguration matched:
      - @ConditionalOnClass found required class 'jakarta.servlet.Filter' (OnClassCondition)

   SpringDocSortConfiguration matched:
      - @ConditionalOnClass found required class 'org.springframework.data.domain.Sort' (OnClassCondition)
      - @ConditionalOnWebApplication (required) found 'session' scope (OnWebApplicationCondition)
      - @ConditionalOnProperty (springdoc.api-docs.enabled) matched (OnPropertyCondition)
      - @ConditionalOnBean (types: org.springdoc.core.configuration.SpringDocConfiguration; SearchStrategy: all) found bean 'org.springdoc.core.configuration.SpringDocConfiguration' (OnBeanCondition)

   SpringDocSortConfiguration#sortOpenAPIConverter matched:
      - @ConditionalOnProperty (springdoc.sort-converter.enabled) matched (OnPropertyCondition)
      - @ConditionalOnMissingBean (types: org.springdoc.core.converters.SortOpenAPIConverter; SearchStrategy: all) did not find any beans (OnBeanCondition)

   SpringDocWebMvcConfiguration matched:
      - found 'session' scope (OnWebApplicationCondition)
      - @ConditionalOnProperty (springdoc.api-docs.enabled) matched (OnPropertyCondition)
      - @ConditionalOnBean (types: org.springdoc.core.configuration.SpringDocConfiguration; SearchStrategy: all) found bean 'org.springdoc.core.configuration.SpringDocConfiguration' (OnBeanCondition)

   SpringDocWebMvcConfiguration#openApiResource matched:
      - @ConditionalOnExpression (#{(${springdoc.use-management-port:false} == false ) and ${springdoc.enable-default-api-docs:true}}) resulted in true (OnExpressionCondition)
      - @ConditionalOnMissingBean (types: org.springdoc.webmvc.api.OpenApiWebMvcResource; SearchStrategy: all) did not find any beans (OnBeanCondition)

   SpringDocWebMvcConfiguration#requestBuilder matched:
      - @ConditionalOnMissingBean (types: org.springdoc.webmvc.core.service.RequestService; SearchStrategy: all) did not find any beans (OnBeanCondition)

   SpringDocWebMvcConfiguration#responseBuilder matched:
      - @ConditionalOnMissingBean (types: org.springdoc.core.service.GenericResponseService; SearchStrategy: all) did not find any beans (OnBeanCondition)

   SpringDocWebMvcConfiguration#springWebProvider matched:
      - @ConditionalOnMissingBean (types: org.springdoc.core.providers.SpringWebProvider; SearchStrategy: all) did not find any beans (OnBeanCondition)

   SpringDocWebMvcConfiguration.SpringDocWebMvcRouterConfiguration matched:
      - @ConditionalOnClass found required class 'org.springframework.web.servlet.function.RouterFunction' (OnClassCondition)

   SpringDocWebMvcConfiguration.SpringDocWebMvcRouterConfiguration#routerFunctionProvider matched:
      - @ConditionalOnMissingBean (types: org.springdoc.webmvc.core.providers.RouterFunctionWebMvcProvider; SearchStrategy: all) did not find any beans (OnBeanCondition)

   SqlInitializationAutoConfiguration matched:
      - @ConditionalOnProperty (spring.sql.init.enabled) matched (OnPropertyCondition)
      - NoneNestedConditions 0 matched 1 did not; NestedCondition on SqlInitializationAutoConfiguration.SqlInitializationModeCondition.ModeIsNever @ConditionalOnProperty (spring.sql.init.mode=never) did not find property 'mode' (SqlInitializationAutoConfiguration.SqlInitializationModeCondition)

   SslAutoConfiguration#sslBundleRegistry matched:
      - @ConditionalOnMissingBean (types: org.springframework.boot.ssl.SslBundleRegistry,org.springframework.boot.ssl.SslBundles; SearchStrategy: all) did not find any beans (OnBeanCondition)

   SwaggerConfig matched:
      - found 'session' scope (OnWebApplicationCondition)
      - @ConditionalOnProperty (springdoc.swagger-ui.enabled) matched (OnPropertyCondition)
      - @ConditionalOnBean (types: org.springdoc.core.configuration.SpringDocConfiguration; SearchStrategy: all) found bean 'org.springdoc.core.configuration.SpringDocConfiguration' (OnBeanCondition)

   SwaggerConfig#indexPageTransformer matched:
      - @ConditionalOnMissingBean (types: org.springdoc.webmvc.ui.SwaggerIndexTransformer; SearchStrategy: all) did not find any beans (OnBeanCondition)

   SwaggerConfig#swaggerConfigResource matched:
      - @ConditionalOnProperty (springdoc.use-management-port=false) matched (OnPropertyCondition)
      - @ConditionalOnMissingBean (types: org.springdoc.webmvc.ui.SwaggerConfigResource; SearchStrategy: all) did not find any beans (OnBeanCondition)

   SwaggerConfig#swaggerResourceResolver matched:
      - @ConditionalOnMissingBean (types: org.springdoc.webmvc.ui.SwaggerResourceResolver; SearchStrategy: all) did not find any beans (OnBeanCondition)

   SwaggerConfig#swaggerWebMvcConfigurer matched:
      - @ConditionalOnMissingBean (types: org.springdoc.webmvc.ui.SwaggerWebMvcConfigurer; SearchStrategy: all) did not find any beans (OnBeanCondition)

   SwaggerConfig#swaggerWelcome matched:
      - @ConditionalOnProperty (springdoc.use-management-port=false) matched (OnPropertyCondition)
      - @ConditionalOnMissingBean (types: org.springdoc.webmvc.ui.SwaggerWelcomeWebMvc; SearchStrategy: all) did not find any beans (OnBeanCondition)

   SwaggerUiConfigProperties matched:
      - @ConditionalOnProperty (springdoc.swagger-ui.enabled) matched (OnPropertyCondition)
      - @ConditionalOnBean (types: org.springdoc.core.configuration.SpringDocConfiguration; SearchStrategy: all) found bean 'org.springdoc.core.configuration.SpringDocConfiguration' (OnBeanCondition)

   SwaggerUiOAuthProperties matched:
      - @ConditionalOnProperty (springdoc.swagger-ui.enabled) matched (OnPropertyCondition)
      - @ConditionalOnBean (types: org.springdoc.core.configuration.SpringDocConfiguration; SearchStrategy: all) found bean 'org.springdoc.core.configuration.SpringDocConfiguration' (OnBeanCondition)

   TaskExecutionAutoConfiguration matched:
      - @ConditionalOnClass found required class 'org.springframework.scheduling.concurrent.ThreadPoolTaskExecutor' (OnClassCondition)

   TaskExecutorConfigurations.SimpleAsyncTaskExecutorBuilderConfiguration#simpleAsyncTaskExecutorBuilder matched:
      - @ConditionalOnMissingBean (types: org.springframework.boot.task.SimpleAsyncTaskExecutorBuilder; SearchStrategy: all) did not find any beans (OnBeanCondition)
      - @ConditionalOnThreading found PLATFORM (OnThreadingCondition)

   TaskExecutorConfigurations.TaskExecutorConfiguration matched:
      - @ConditionalOnMissingBean (types: java.util.concurrent.Executor; SearchStrategy: all) did not find any beans (OnBeanCondition)

   TaskExecutorConfigurations.TaskExecutorConfiguration#applicationTaskExecutor matched:
      - @ConditionalOnThreading found PLATFORM (OnThreadingCondition)

   TaskExecutorConfigurations.ThreadPoolTaskExecutorBuilderConfiguration#threadPoolTaskExecutorBuilder matched:
      - @ConditionalOnMissingBean (types: org.springframework.boot.task.ThreadPoolTaskExecutorBuilder; SearchStrategy: all) did not find any beans (OnBeanCondition)

   TaskSchedulingAutoConfiguration matched:
      - @ConditionalOnClass found required class 'org.springframework.scheduling.concurrent.ThreadPoolTaskScheduler' (OnClassCondition)

   TaskSchedulingConfigurations.SimpleAsyncTaskSchedulerBuilderConfiguration#simpleAsyncTaskSchedulerBuilder matched:
      - @ConditionalOnMissingBean (types: org.springframework.boot.task.SimpleAsyncTaskSchedulerBuilder; SearchStrategy: all) did not find any beans (OnBeanCondition)
      - @ConditionalOnThreading found PLATFORM (OnThreadingCondition)

   TaskSchedulingConfigurations.ThreadPoolTaskSchedulerBuilderConfiguration#threadPoolTaskSchedulerBuilder matched:
      - @ConditionalOnMissingBean (types: org.springframework.boot.task.ThreadPoolTaskSchedulerBuilder; SearchStrategy: all) did not find any beans (OnBeanCondition)

   TransactionAutoConfiguration matched:
      - @ConditionalOnClass found required class 'org.springframework.transaction.PlatformTransactionManager' (OnClassCondition)

   TransactionAutoConfiguration.EnableTransactionManagementConfiguration matched:
      - @ConditionalOnBean (types: org.springframework.transaction.TransactionManager; SearchStrategy: all) found bean 'transactionManager'; @ConditionalOnMissingBean (types: org.springframework.transaction.annotation.AbstractTransactionManagementConfiguration; SearchStrategy: all) did not find any beans (OnBeanCondition)

   TransactionAutoConfiguration.EnableTransactionManagementConfiguration.CglibAutoProxyConfiguration matched:
      - @ConditionalOnProperty (spring.aop.proxy-target-class=true) matched (OnPropertyCondition)

   TransactionAutoConfiguration.TransactionTemplateConfiguration matched:
      - @ConditionalOnSingleCandidate (types: org.springframework.transaction.PlatformTransactionManager; SearchStrategy: all) found a single bean 'transactionManager' (OnBeanCondition)

   TransactionAutoConfiguration.TransactionTemplateConfiguration#transactionTemplate matched:
      - @ConditionalOnMissingBean (types: org.springframework.transaction.support.TransactionOperations; SearchStrategy: all) did not find any beans (OnBeanCondition)

   TransactionManagerCustomizationAutoConfiguration matched:
      - @ConditionalOnClass found required class 'org.springframework.transaction.PlatformTransactionManager' (OnClassCondition)

   TransactionManagerCustomizationAutoConfiguration#platformTransactionManagerCustomizers matched:
      - @ConditionalOnMissingBean (types: org.springframework.boot.autoconfigure.transaction.TransactionManagerCustomizers; SearchStrategy: all) did not find any beans (OnBeanCondition)

   ValidationAutoConfiguration matched:
      - @ConditionalOnClass found required class 'jakarta.validation.executable.ExecutableValidator' (OnClassCondition)
      - @ConditionalOnResource found location classpath:META-INF/services/jakarta.validation.spi.ValidationProvider (OnResourceCondition)

   ValidationAutoConfiguration#defaultValidator matched:
      - @ConditionalOnMissingBean (types: jakarta.validation.Validator; SearchStrategy: all) did not find any beans (OnBeanCondition)

   ValidationAutoConfiguration#methodValidationPostProcessor matched:
      - @ConditionalOnMissingBean (types: org.springframework.validation.beanvalidation.MethodValidationPostProcessor; SearchStrategy: current) did not find any beans (OnBeanCondition)

   WebClientAutoConfiguration matched:
      - @ConditionalOnClass found required class 'org.springframework.web.reactive.function.client.WebClient' (OnClassCondition)

   WebClientAutoConfiguration#webClientBuilder matched:
      - @ConditionalOnMissingBean (types: org.springframework.web.reactive.function.client.WebClient$Builder; SearchStrategy: all) did not find any beans (OnBeanCondition)

   WebClientAutoConfiguration#webClientSsl matched:
      - @ConditionalOnBean (types: org.springframework.boot.ssl.SslBundles; SearchStrategy: all) found bean 'sslBundleRegistry'; @ConditionalOnMissingBean (types: org.springframework.boot.autoconfigure.web.reactive.function.client.WebClientSsl; SearchStrategy: all) did not find any beans (OnBeanCondition)

   WebClientAutoConfiguration.WebClientCodecsConfiguration matched:
      - @ConditionalOnBean (types: org.springframework.boot.web.codec.CodecCustomizer; SearchStrategy: all) found beans 'jacksonCodecCustomizer', 'defaultCodecCustomizer' (OnBeanCondition)

   WebClientAutoConfiguration.WebClientCodecsConfiguration#exchangeStrategiesCustomizer matched:
      - @ConditionalOnMissingBean (types: org.springframework.boot.autoconfigure.web.reactive.function.client.WebClientCodecCustomizer; SearchStrategy: all) did not find any beans (OnBeanCondition)

   WebMvcAutoConfiguration matched:
      - @ConditionalOnClass found required classes 'jakarta.servlet.Servlet', 'org.springframework.web.servlet.DispatcherServlet', 'org.springframework.web.servlet.config.annotation.WebMvcConfigurer' (OnClassCondition)
      - found 'session' scope (OnWebApplicationCondition)
      - @ConditionalOnMissingBean (types: org.springframework.web.servlet.config.annotation.WebMvcConfigurationSupport; SearchStrategy: all) did not find any beans (OnBeanCondition)

   WebMvcAutoConfiguration#formContentFilter matched:
      - @ConditionalOnProperty (spring.mvc.formcontent.filter.enabled) matched (OnPropertyCondition)
      - @ConditionalOnMissingBean (types: org.springframework.web.filter.FormContentFilter; SearchStrategy: all) did not find any beans (OnBeanCondition)

   WebMvcAutoConfiguration.EnableWebMvcConfiguration#flashMapManager matched:
      - @ConditionalOnMissingBean (names: flashMapManager; SearchStrategy: all) did not find any beans (OnBeanCondition)

   WebMvcAutoConfiguration.EnableWebMvcConfiguration#themeResolver matched:
      - @ConditionalOnMissingBean (names: themeResolver; SearchStrategy: all) did not find any beans (OnBeanCondition)

   WebMvcAutoConfiguration.EnableWebMvcConfiguration#viewNameTranslator matched:
      - @ConditionalOnMissingBean (names: viewNameTranslator; SearchStrategy: all) did not find any beans (OnBeanCondition)

   WebMvcAutoConfiguration.ResourceChainCustomizerConfiguration matched:
      - @ConditionalOnEnabledResourceChain found class org.webjars.WebJarVersionLocator (OnEnabledResourceChainCondition)

   WebMvcAutoConfiguration.WebMvcAutoConfigurationAdapter#defaultViewResolver matched:
      - @ConditionalOnMissingBean (types: org.springframework.web.servlet.view.InternalResourceViewResolver; SearchStrategy: all) did not find any beans (OnBeanCondition)

   WebMvcAutoConfiguration.WebMvcAutoConfigurationAdapter#requestContextFilter matched:
      - @ConditionalOnMissingBean (types: org.springframework.web.context.request.RequestContextListener,org.springframework.web.filter.RequestContextFilter; SearchStrategy: all) did not find any beans (OnBeanCondition)

   WebMvcAutoConfiguration.WebMvcAutoConfigurationAdapter#viewResolver matched:
      - @ConditionalOnBean (types: org.springframework.web.servlet.ViewResolver; SearchStrategy: all) found beans 'defaultViewResolver', 'beanNameViewResolver', 'mvcViewResolver'; @ConditionalOnMissingBean (names: viewResolver types: org.springframework.web.servlet.view.ContentNegotiatingViewResolver; SearchStrategy: all) did not find any beans (OnBeanCondition)

   WebSocketServletAutoConfiguration matched:
      - @ConditionalOnClass found required classes 'jakarta.servlet.Servlet', 'jakarta.websocket.server.ServerContainer' (OnClassCondition)
      - found 'session' scope (OnWebApplicationCondition)

   WebSocketServletAutoConfiguration.TomcatWebSocketConfiguration matched:
      - @ConditionalOnClass found required classes 'org.apache.catalina.startup.Tomcat', 'org.apache.tomcat.websocket.server.WsSci' (OnClassCondition)

   WebSocketServletAutoConfiguration.TomcatWebSocketConfiguration#websocketServletWebServerCustomizer matched:
      - @ConditionalOnMissingBean (names: websocketServletWebServerCustomizer; SearchStrategy: all) did not find any beans (OnBeanCondition)


Negative matches:
-----------------

   ActiveMQAutoConfiguration:
      Did not match:
         - @ConditionalOnClass did not find required class 'jakarta.jms.ConnectionFactory' (OnClassCondition)

   AopAutoConfiguration.AspectJAutoProxyingConfiguration.JdkDynamicAutoProxyConfiguration:
      Did not match:
         - @ConditionalOnProperty (spring.aop.proxy-target-class=false) did not find property 'proxy-target-class' (OnPropertyCondition)

   AopAutoConfiguration.ClassProxyingConfiguration:
      Did not match:
         - @ConditionalOnMissingClass found unwanted class 'org.aspectj.weaver.Advice' (OnClassCondition)

   ArtemisAutoConfiguration:
      Did not match:
         - @ConditionalOnClass did not find required class 'jakarta.jms.ConnectionFactory' (OnClassCondition)

   BatchAutoConfiguration:
      Did not match:
         - @ConditionalOnClass did not find required class 'org.springframework.batch.core.launch.JobLauncher' (OnClassCondition)

   Cache2kCacheConfiguration:
      Did not match:
         - @ConditionalOnClass did not find required class 'org.cache2k.Cache2kBuilder' (OnClassCondition)

   CacheAutoConfiguration:
      Did not match:
         - @ConditionalOnBean (types: org.springframework.cache.interceptor.CacheAspectSupport; SearchStrategy: all) did not find any beans of type org.springframework.cache.interceptor.CacheAspectSupport (OnBeanCondition)
      Matched:
         - @ConditionalOnClass found required class 'org.springframework.cache.CacheManager' (OnClassCondition)

   CacheAutoConfiguration.CacheManagerEntityManagerFactoryDependsOnPostProcessor:
      Did not match:
         - Ancestor org.springframework.boot.autoconfigure.cache.CacheAutoConfiguration did not match (ConditionEvaluationReport.AncestorsMatchedCondition)
      Matched:
         - @ConditionalOnClass found required class 'org.springframework.orm.jpa.LocalContainerEntityManagerFactoryBean' (OnClassCondition)

   CaffeineCacheConfiguration:
      Did not match:
         - @ConditionalOnClass did not find required class 'com.github.benmanes.caffeine.cache.Caffeine' (OnClassCondition)

   CassandraAutoConfiguration:
      Did not match:
         - @ConditionalOnClass did not find required class 'com.datastax.oss.driver.api.core.CqlSession' (OnClassCondition)

   CassandraDataAutoConfiguration:
      Did not match:
         - @ConditionalOnClass did not find required class 'com.datastax.oss.driver.api.core.CqlSession' (OnClassCondition)

   CassandraReactiveDataAutoConfiguration:
      Did not match:
         - @ConditionalOnClass did not find required class 'com.datastax.oss.driver.api.core.CqlSession' (OnClassCondition)

   CassandraReactiveRepositoriesAutoConfiguration:
      Did not match:
         - @ConditionalOnClass did not find required class 'org.springframework.data.cassandra.ReactiveSession' (OnClassCondition)

   CassandraRepositoriesAutoConfiguration:
      Did not match:
         - @ConditionalOnClass did not find required class 'com.datastax.oss.driver.api.core.CqlSession' (OnClassCondition)

   ClientHttpConnectorFactoryConfiguration.HttpClient5:
      Did not match:
         - @ConditionalOnClass did not find required classes 'org.apache.hc.client5.http.impl.async.HttpAsyncClients', 'org.apache.hc.core5.http.nio.AsyncRequestProducer', 'org.apache.hc.core5.reactive.ReactiveResponseConsumer' (OnClassCondition)

   ClientHttpConnectorFactoryConfiguration.JdkClient:
      Did not match:
         - @ConditionalOnMissingBean (types: org.springframework.boot.autoconfigure.web.reactive.function.client.ClientHttpConnectorFactory; SearchStrategy: all) found beans of type 'org.springframework.boot.autoconfigure.web.reactive.function.client.ClientHttpConnectorFactory' reactorClientHttpConnectorFactory (OnBeanCondition)
      Matched:
         - @ConditionalOnClass found required class 'java.net.http.HttpClient' (OnClassCondition)

   CouchbaseAutoConfiguration:
      Did not match:
         - @ConditionalOnClass did not find required class 'com.couchbase.client.java.Cluster' (OnClassCondition)

   CouchbaseCacheConfiguration:
      Did not match:
         - @ConditionalOnClass did not find required class 'com.couchbase.client.java.Cluster' (OnClassCondition)

   CouchbaseDataAutoConfiguration:
      Did not match:
         - @ConditionalOnClass did not find required class 'com.couchbase.client.java.Bucket' (OnClassCondition)

   CouchbaseReactiveDataAutoConfiguration:
      Did not match:
         - @ConditionalOnClass did not find required class 'com.couchbase.client.java.Cluster' (OnClassCondition)

   CouchbaseReactiveRepositoriesAutoConfiguration:
      Did not match:
         - @ConditionalOnClass did not find required class 'com.couchbase.client.java.Cluster' (OnClassCondition)

   CouchbaseRepositoriesAutoConfiguration:
      Did not match:
         - @ConditionalOnClass did not find required class 'com.couchbase.client.java.Bucket' (OnClassCondition)

   DataSourceAutoConfiguration.EmbeddedDatabaseConfiguration:
      Did not match:
         - EmbeddedDataSource spring.datasource.url is set (DataSourceAutoConfiguration.EmbeddedDatabaseCondition)

   DataSourceCheckpointRestoreConfiguration:
      Did not match:
         - @ConditionalOnClass did not find required class 'org.crac.Resource' (OnClassCondition)

   DataSourceConfiguration.Dbcp2:
      Did not match:
         - @ConditionalOnClass did not find required class 'org.apache.commons.dbcp2.BasicDataSource' (OnClassCondition)

   DataSourceConfiguration.Generic:
      Did not match:
         - @ConditionalOnProperty (spring.datasource.type) did not find property 'spring.datasource.type' (OnPropertyCondition)

   DataSourceConfiguration.OracleUcp:
      Did not match:
         - @ConditionalOnClass did not find required classes 'oracle.ucp.jdbc.PoolDataSourceImpl', 'oracle.jdbc.OracleConnection' (OnClassCondition)

   DataSourceConfiguration.Tomcat:
      Did not match:
         - @ConditionalOnClass did not find required class 'org.apache.tomcat.jdbc.pool.DataSource' (OnClassCondition)

   DataSourceJmxConfiguration.TomcatDataSourceJmxConfiguration:
      Did not match:
         - @ConditionalOnClass did not find required class 'org.apache.tomcat.jdbc.pool.DataSourceProxy' (OnClassCondition)

   DataSourcePoolMetadataProvidersConfiguration.CommonsDbcp2PoolDataSourceMetadataProviderConfiguration:
      Did not match:
         - @ConditionalOnClass did not find required class 'org.apache.commons.dbcp2.BasicDataSource' (OnClassCondition)

   DataSourcePoolMetadataProvidersConfiguration.OracleUcpPoolDataSourceMetadataProviderConfiguration:
      Did not match:
         - @ConditionalOnClass did not find required classes 'oracle.ucp.jdbc.PoolDataSource', 'oracle.jdbc.OracleConnection' (OnClassCondition)

   DataSourcePoolMetadataProvidersConfiguration.TomcatDataSourcePoolMetadataProviderConfiguration:
      Did not match:
         - @ConditionalOnClass did not find required class 'org.apache.tomcat.jdbc.pool.DataSource' (OnClassCondition)

   DataSourceTransactionManagerAutoConfiguration.JdbcTransactionManagerConfiguration#transactionManager:
      Did not match:
         - @ConditionalOnMissingBean (types: org.springframework.transaction.TransactionManager; SearchStrategy: all) found beans of type 'org.springframework.transaction.TransactionManager' transactionManager (OnBeanCondition)

   DevToolsR2dbcAutoConfiguration:
      Did not match:
         - @ConditionalOnClass did not find required class 'io.r2dbc.spi.ConnectionFactory' (OnClassCondition)

   DispatcherServletAutoConfiguration.DispatcherServletConfiguration#multipartResolver:
      Did not match:
         - @ConditionalOnBean (types: org.springframework.web.multipart.MultipartResolver; SearchStrategy: all) did not find any beans of type org.springframework.web.multipart.MultipartResolver (OnBeanCondition)

   ElasticsearchClientAutoConfiguration:
      Did not match:
         - @ConditionalOnClass did not find required class 'co.elastic.clients.elasticsearch.ElasticsearchClient' (OnClassCondition)

   ElasticsearchDataAutoConfiguration:
      Did not match:
         - @ConditionalOnClass did not find required class 'org.springframework.data.elasticsearch.client.elc.ElasticsearchTemplate' (OnClassCondition)

   ElasticsearchRepositoriesAutoConfiguration:
      Did not match:
         - @ConditionalOnClass did not find required class 'org.springframework.data.elasticsearch.repository.ElasticsearchRepository' (OnClassCondition)

   ElasticsearchRestClientAutoConfiguration:
      Did not match:
         - @ConditionalOnClass did not find required class 'org.elasticsearch.client.RestClientBuilder' (OnClassCondition)

   EmbeddedLdapAutoConfiguration:
      Did not match:
         - @ConditionalOnClass did not find required class 'com.unboundid.ldap.listener.InMemoryDirectoryServer' (OnClassCondition)

   EmbeddedWebServerFactoryCustomizerAutoConfiguration.JettyWebServerFactoryCustomizerConfiguration:
      Did not match:
         - @ConditionalOnClass did not find required classes 'org.eclipse.jetty.server.Server', 'org.eclipse.jetty.util.Loader', 'org.eclipse.jetty.ee10.webapp.WebAppContext' (OnClassCondition)

   EmbeddedWebServerFactoryCustomizerAutoConfiguration.TomcatWebServerFactoryCustomizerConfiguration#tomcatVirtualThreadsProtocolHandlerCustomizer:
      Did not match:
         - @ConditionalOnThreading did not find VIRTUAL (OnThreadingCondition)

   EmbeddedWebServerFactoryCustomizerAutoConfiguration.UndertowWebServerFactoryCustomizerConfiguration:
      Did not match:
         - @ConditionalOnClass did not find required classes 'io.undertow.Undertow', 'org.xnio.SslClientAuthMode' (OnClassCondition)

   ErrorWebFluxAutoConfiguration:
      Did not match:
         - not a reactive web application (OnWebApplicationCondition)
      Matched:
         - @ConditionalOnClass found required class 'org.springframework.web.reactive.config.WebFluxConfigurer' (OnClassCondition)

   FlywayAutoConfiguration.FlywayConfiguration#oracleFlywayConfigurationCustomizer:
      Did not match:
         - @ConditionalOnClass did not find required class 'org.flywaydb.database.oracle.OracleConfigurationExtension' (OnClassCondition)

   FlywayAutoConfiguration.FlywayConfiguration#sqlServerFlywayConfigurationCustomizer:
      Did not match:
         - @ConditionalOnClass did not find required class 'org.flywaydb.database.sqlserver.SQLServerConfigurationExtension' (OnClassCondition)

   FreeMarkerAutoConfiguration:
      Did not match:
         - @ConditionalOnClass did not find required class 'freemarker.template.Configuration' (OnClassCondition)

   GraphQlAutoConfiguration:
      Did not match:
         - @ConditionalOnClass did not find required class 'graphql.GraphQL' (OnClassCondition)

   GraphQlQueryByExampleAutoConfiguration:
      Did not match:
         - @ConditionalOnClass did not find required class 'graphql.GraphQL' (OnClassCondition)

   GraphQlQuerydslAutoConfiguration:
      Did not match:
         - @ConditionalOnClass did not find required class 'com.querydsl.core.Query' (OnClassCondition)

   GraphQlRSocketAutoConfiguration:
      Did not match:
         - @ConditionalOnClass did not find required class 'graphql.GraphQL' (OnClassCondition)

   GraphQlReactiveQueryByExampleAutoConfiguration:
      Did not match:
         - @ConditionalOnClass did not find required class 'graphql.GraphQL' (OnClassCondition)

   GraphQlReactiveQuerydslAutoConfiguration:
      Did not match:
         - @ConditionalOnClass did not find required class 'com.querydsl.core.Query' (OnClassCondition)

   GraphQlWebFluxAutoConfiguration:
      Did not match:
         - @ConditionalOnClass did not find required class 'graphql.GraphQL' (OnClassCondition)

   GraphQlWebFluxSecurityAutoConfiguration:
      Did not match:
         - @ConditionalOnClass did not find required class 'graphql.GraphQL' (OnClassCondition)

   GraphQlWebMvcAutoConfiguration:
      Did not match:
         - @ConditionalOnClass did not find required class 'graphql.GraphQL' (OnClassCondition)

   GraphQlWebMvcSecurityAutoConfiguration:
      Did not match:
         - @ConditionalOnClass did not find required class 'graphql.GraphQL' (OnClassCondition)

   GroovyTemplateAutoConfiguration:
      Did not match:
         - @ConditionalOnClass did not find required class 'groovy.text.markup.MarkupTemplateEngine' (OnClassCondition)

   GsonAutoConfiguration:
      Did not match:
         - @ConditionalOnClass did not find required class 'com.google.gson.Gson' (OnClassCondition)

   GsonHttpMessageConvertersConfiguration:
      Did not match:
         - @ConditionalOnClass did not find required class 'com.google.gson.Gson' (OnClassCondition)

   H2ConsoleAutoConfiguration:
      Did not match:
         - @ConditionalOnClass did not find required class 'org.h2.server.web.JakartaWebServlet' (OnClassCondition)

   HazelcastAutoConfiguration:
      Did not match:
         - @ConditionalOnClass did not find required class 'com.hazelcast.core.HazelcastInstance' (OnClassCondition)

   HazelcastCacheConfiguration:
      Did not match:
         - @ConditionalOnClass did not find required class 'com.hazelcast.core.HazelcastInstance' (OnClassCondition)

   HazelcastJpaDependencyAutoConfiguration:
      Did not match:
         - @ConditionalOnClass did not find required class 'com.hazelcast.core.HazelcastInstance' (OnClassCondition)

   HttpHandlerAutoConfiguration:
      Did not match:
         - not a reactive web application (OnWebApplicationCondition)
      Matched:
         - @ConditionalOnClass found required classes 'org.springframework.web.reactive.DispatcherHandler', 'org.springframework.http.server.reactive.HttpHandler' (OnClassCondition)

   HypermediaAutoConfiguration:
      Did not match:
         - @ConditionalOnClass did not find required class 'org.springframework.hateoas.EntityModel' (OnClassCondition)

   InfinispanCacheConfiguration:
      Did not match:
         - @ConditionalOnClass did not find required class 'org.infinispan.spring.embedded.provider.SpringEmbeddedCacheManager' (OnClassCondition)

   IntegrationAutoConfiguration:
      Did not match:
         - @ConditionalOnClass did not find required class 'org.springframework.integration.config.EnableIntegration' (OnClassCondition)

   JCacheCacheConfiguration:
      Did not match:
         - @ConditionalOnClass did not find required class 'javax.cache.Caching' (OnClassCondition)

   JacksonHttpMessageConvertersConfiguration.MappingJackson2XmlHttpMessageConverterConfiguration:
      Did not match:
         - @ConditionalOnClass did not find required class 'com.fasterxml.jackson.dataformat.xml.XmlMapper' (OnClassCondition)

   JdbcRepositoriesAutoConfiguration:
      Did not match:
         - @ConditionalOnClass did not find required class 'org.springframework.data.jdbc.repository.config.AbstractJdbcConfiguration' (OnClassCondition)

   JerseyAutoConfiguration:
      Did not match:
         - @ConditionalOnClass did not find required class 'org.glassfish.jersey.server.spring.SpringComponentProvider' (OnClassCondition)

   JmsAutoConfiguration:
      Did not match:
         - @ConditionalOnClass did not find required class 'jakarta.jms.Message' (OnClassCondition)

   JmxAutoConfiguration:
      Did not match:
         - @ConditionalOnProperty (spring.jmx.enabled=true) did not find property 'enabled' (OnPropertyCondition)
      Matched:
         - @ConditionalOnClass found required class 'org.springframework.jmx.export.MBeanExporter' (OnClassCondition)

   JndiConnectionFactoryAutoConfiguration:
      Did not match:
         - @ConditionalOnClass did not find required class 'org.springframework.jms.core.JmsTemplate' (OnClassCondition)

   JndiDataSourceAutoConfiguration:
      Did not match:
         - @ConditionalOnProperty (spring.datasource.jndi-name) did not find property 'jndi-name' (OnPropertyCondition)
      Matched:
         - @ConditionalOnClass found required classes 'javax.sql.DataSource', 'org.springframework.jdbc.datasource.embedded.EmbeddedDatabaseType' (OnClassCondition)

   JndiJtaConfiguration:
      Did not match:
         - @ConditionalOnJndi JNDI environment is not available (OnJndiCondition)
      Matched:
         - @ConditionalOnClass found required class 'org.springframework.transaction.jta.JtaTransactionManager' (OnClassCondition)

   JooqAutoConfiguration:
      Did not match:
         - @ConditionalOnClass did not find required class 'org.jooq.DSLContext' (OnClassCondition)

   JpaRepositoriesAutoConfiguration#entityManagerFactoryBootstrapExecutorCustomizer:
      Did not match:
         - AnyNestedCondition 0 matched 2 did not; NestedCondition on JpaRepositoriesAutoConfiguration.BootstrapExecutorCondition.LazyBootstrapMode @ConditionalOnProperty (spring.data.jpa.repositories.bootstrap-mode=lazy) did not find property 'bootstrap-mode'; NestedCondition on JpaRepositoriesAutoConfiguration.BootstrapExecutorCondition.DeferredBootstrapMode @ConditionalOnProperty (spring.data.jpa.repositories.bootstrap-mode=deferred) did not find property 'bootstrap-mode' (JpaRepositoriesAutoConfiguration.BootstrapExecutorCondition)

   JsonbAutoConfiguration:
      Did not match:
         - @ConditionalOnClass did not find required class 'jakarta.json.bind.Jsonb' (OnClassCondition)

   JsonbHttpMessageConvertersConfiguration:
      Did not match:
         - @ConditionalOnClass did not find required class 'jakarta.json.bind.Jsonb' (OnClassCondition)

   KafkaAutoConfiguration:
      Did not match:
         - @ConditionalOnClass did not find required class 'org.springframework.kafka.core.KafkaTemplate' (OnClassCondition)

   LdapAutoConfiguration:
      Did not match:
         - @ConditionalOnClass did not find required class 'org.springframework.ldap.core.ContextSource' (OnClassCondition)

   LdapRepositoriesAutoConfiguration:
      Did not match:
         - @ConditionalOnClass did not find required class 'org.springframework.data.ldap.repository.LdapRepository' (OnClassCondition)

   LiquibaseAutoConfiguration:
      Did not match:
         - @ConditionalOnClass did not find required class 'liquibase.change.DatabaseChange' (OnClassCondition)

   MailSenderAutoConfiguration:
      Did not match:
         - @ConditionalOnClass did not find required class 'jakarta.mail.internet.MimeMessage' (OnClassCondition)

   MailSenderValidatorAutoConfiguration:
      Did not match:
         - @ConditionalOnSingleCandidate did not find required type 'org.springframework.mail.javamail.JavaMailSenderImpl' (OnBeanCondition)

   MessageSourceAutoConfiguration:
      Did not match:
         - ResourceBundle did not find bundle with basename messages (MessageSourceAutoConfiguration.ResourceBundleCondition)

   MongoAutoConfiguration:
      Did not match:
         - @ConditionalOnClass did not find required class 'com.mongodb.client.MongoClient' (OnClassCondition)

   MongoDataAutoConfiguration:
      Did not match:
         - @ConditionalOnClass did not find required class 'com.mongodb.client.MongoClient' (OnClassCondition)

   MongoReactiveAutoConfiguration:
      Did not match:
         - @ConditionalOnClass did not find required class 'com.mongodb.reactivestreams.client.MongoClient' (OnClassCondition)

   MongoReactiveDataAutoConfiguration:
      Did not match:
         - @ConditionalOnClass did not find required class 'com.mongodb.reactivestreams.client.MongoClient' (OnClassCondition)

   MongoReactiveRepositoriesAutoConfiguration:
      Did not match:
         - @ConditionalOnClass did not find required class 'com.mongodb.reactivestreams.client.MongoClient' (OnClassCondition)

   MongoRepositoriesAutoConfiguration:
      Did not match:
         - @ConditionalOnClass did not find required class 'com.mongodb.client.MongoClient' (OnClassCondition)

   MultipleOpenApiSupportConfiguration:
      Did not match:
         - AnyNestedCondition 0 matched 2 did not; NestedCondition on MultipleOpenApiSupportCondition.OnActuatorDifferentPort @ConditionalOnProperty (springdoc.show-actuator) did not find property 'springdoc.show-actuator'; NestedCondition on MultipleOpenApiSupportCondition.OnMultipleOpenApiSupportCondition AnyNestedCondition 0 matched 3 did not; NestedCondition on MultipleOpenApiGroupsCondition.OnListGroupedOpenApiBean @ConditionalOnBean (types: org.springdoc.core.models.GroupedOpenApi; SearchStrategy: all) did not find any beans of type org.springdoc.core.models.GroupedOpenApi; NestedCondition on MultipleOpenApiGroupsCondition.OnGroupConfigProperty @ConditionalOnProperty (springdoc.group-configs[0].group) did not find property 'springdoc.group-configs[0].group'; NestedCondition on MultipleOpenApiGroupsCondition.OnGroupedOpenApiBean @ConditionalOnBean (types: org.springdoc.core.models.GroupedOpenApi; SearchStrategy: all) did not find any beans of type org.springdoc.core.models.GroupedOpenApi (MultipleOpenApiSupportCondition)
      Matched:
         - found 'session' scope (OnWebApplicationCondition)
         - @ConditionalOnProperty (springdoc.api-docs.enabled) matched (OnPropertyCondition)

   MultipleOpenApiSupportConfiguration.SpringDocWebMvcActuatorDifferentConfiguration:
      Did not match:
         - @ConditionalOnClass did not find required class 'org.springframework.boot.actuate.endpoint.web.servlet.WebMvcEndpointHandlerMapping' (OnClassCondition)
         - Ancestor org.springdoc.webmvc.core.configuration.MultipleOpenApiSupportConfiguration did not match (ConditionEvaluationReport.AncestorsMatchedCondition)

   MustacheAutoConfiguration:
      Did not match:
         - @ConditionalOnClass did not find required class 'com.samskivert.mustache.Mustache' (OnClassCondition)

   Neo4jAutoConfiguration:
      Did not match:
         - @ConditionalOnClass did not find required class 'org.neo4j.driver.Driver' (OnClassCondition)

   Neo4jDataAutoConfiguration:
      Did not match:
         - @ConditionalOnClass did not find required class 'org.neo4j.driver.Driver' (OnClassCondition)

   Neo4jReactiveDataAutoConfiguration:
      Did not match:
         - @ConditionalOnClass did not find required class 'org.neo4j.driver.Driver' (OnClassCondition)

   Neo4jReactiveRepositoriesAutoConfiguration:
      Did not match:
         - @ConditionalOnClass did not find required class 'org.neo4j.driver.Driver' (OnClassCondition)

   Neo4jRepositoriesAutoConfiguration:
      Did not match:
         - @ConditionalOnClass did not find required class 'org.neo4j.driver.Driver' (OnClassCondition)

   OAuth2AuthorizationServerAutoConfiguration:
      Did not match:
         - @ConditionalOnClass did not find required class 'org.springframework.security.oauth2.server.authorization.OAuth2Authorization' (OnClassCondition)

   OAuth2AuthorizationServerJwtAutoConfiguration:
      Did not match:
         - @ConditionalOnClass did not find required class 'org.springframework.security.oauth2.server.authorization.OAuth2Authorization' (OnClassCondition)

   OAuth2ClientAutoConfiguration:
      Did not match:
         - @ConditionalOnClass did not find required class 'org.springframework.security.oauth2.client.registration.ClientRegistration' (OnClassCondition)

   OAuth2ResourceServerJwtConfiguration.JwtConverterConfiguration:
      Did not match:
         - AnyNestedCondition 0 matched 3 did not; NestedCondition on OAuth2ResourceServerJwtConfiguration.JwtConverterPropertiesCondition.OnAuthoritiesClaimName @ConditionalOnProperty (spring.security.oauth2.resourceserver.jwt.authorities-claim-name) did not find property 'authorities-claim-name'; NestedCondition on OAuth2ResourceServerJwtConfiguration.JwtConverterPropertiesCondition.OnPrincipalClaimName @ConditionalOnProperty (spring.security.oauth2.resourceserver.jwt.principal-claim-name) did not find property 'principal-claim-name'; NestedCondition on OAuth2ResourceServerJwtConfiguration.JwtConverterPropertiesCondition.OnAuthorityPrefix @ConditionalOnProperty (spring.security.oauth2.resourceserver.jwt.authority-prefix) did not find property 'authority-prefix' (OAuth2ResourceServerJwtConfiguration.JwtConverterPropertiesCondition)

   OAuth2ResourceServerJwtConfiguration.JwtDecoderConfiguration#jwtDecoderByIssuerUri:
      Did not match:
         - OpenID Connect Issuer URI Condition did not find issuer-uri property (IssuerUriCondition)

   OAuth2ResourceServerJwtConfiguration.JwtDecoderConfiguration#jwtDecoderByJwkKeySetUri:
      Did not match:
         - @ConditionalOnProperty (spring.security.oauth2.resourceserver.jwt.jwk-set-uri) did not find property 'spring.security.oauth2.resourceserver.jwt.jwk-set-uri' (OnPropertyCondition)

   OAuth2ResourceServerJwtConfiguration.JwtDecoderConfiguration#jwtDecoderByPublicKeyValue:
      Did not match:
         - Public Key Value Condition did not find public-key-location property (KeyValueCondition)

   OAuth2ResourceServerJwtConfiguration.OAuth2SecurityFilterChainConfiguration:
      Did not match:
         - AllNestedConditions 1 matched 1 did not; NestedCondition on DefaultWebSecurityCondition.Beans @ConditionalOnMissingBean (types: org.springframework.security.web.SecurityFilterChain; SearchStrategy: all) found beans of type 'org.springframework.security.web.SecurityFilterChain' securityFilterChain; NestedCondition on DefaultWebSecurityCondition.Classes @ConditionalOnClass found required classes 'org.springframework.security.web.SecurityFilterChain', 'org.springframework.security.config.annotation.web.builders.HttpSecurity' (DefaultWebSecurityCondition)

   OAuth2ResourceServerOpaqueTokenConfiguration.OAuth2SecurityFilterChainConfiguration:
      Did not match:
         - AllNestedConditions 1 matched 1 did not; NestedCondition on DefaultWebSecurityCondition.Beans @ConditionalOnMissingBean (types: org.springframework.security.web.SecurityFilterChain; SearchStrategy: all) found beans of type 'org.springframework.security.web.SecurityFilterChain' securityFilterChain; NestedCondition on DefaultWebSecurityCondition.Classes @ConditionalOnClass found required classes 'org.springframework.security.web.SecurityFilterChain', 'org.springframework.security.config.annotation.web.builders.HttpSecurity' (DefaultWebSecurityCondition)

   OAuth2ResourceServerOpaqueTokenConfiguration.OpaqueTokenIntrospectionClientConfiguration#opaqueTokenIntrospector:
      Did not match:
         - @ConditionalOnProperty (spring.security.oauth2.resourceserver.opaquetoken.introspection-uri) did not find property 'spring.security.oauth2.resourceserver.opaquetoken.introspection-uri' (OnPropertyCondition)

   ProjectInfoAutoConfiguration#buildProperties:
      Did not match:
         - @ConditionalOnResource did not find resource '${spring.info.build.location:classpath:META-INF/build-info.properties}' (OnResourceCondition)

   ProjectInfoAutoConfiguration#gitProperties:
      Did not match:
         - GitResource did not find git info at classpath:git.properties (ProjectInfoAutoConfiguration.GitResourceAvailableCondition)

   PulsarAutoConfiguration:
      Did not match:
         - @ConditionalOnClass did not find required class 'org.apache.pulsar.client.api.PulsarClient' (OnClassCondition)

   PulsarReactiveAutoConfiguration:
      Did not match:
         - @ConditionalOnClass did not find required class 'org.apache.pulsar.client.api.PulsarClient' (OnClassCondition)

   QuartzAutoConfiguration:
      Did not match:
         - @ConditionalOnClass did not find required class 'org.quartz.Scheduler' (OnClassCondition)

   R2dbcAutoConfiguration:
      Did not match:
         - @ConditionalOnClass did not find required class 'io.r2dbc.spi.ConnectionFactory' (OnClassCondition)

   R2dbcDataAutoConfiguration:
      Did not match:
         - @ConditionalOnClass did not find required class 'org.springframework.data.r2dbc.core.R2dbcEntityTemplate' (OnClassCondition)

   R2dbcInitializationConfiguration:
      Did not match:
         - @ConditionalOnClass did not find required classes 'io.r2dbc.spi.ConnectionFactory', 'org.springframework.r2dbc.connection.init.DatabasePopulator' (OnClassCondition)

   R2dbcProxyAutoConfiguration:
      Did not match:
         - @ConditionalOnClass did not find required class 'io.r2dbc.proxy.ProxyConnectionFactory' (OnClassCondition)

   R2dbcRepositoriesAutoConfiguration:
      Did not match:
         - @ConditionalOnClass did not find required class 'io.r2dbc.spi.ConnectionFactory' (OnClassCondition)

   R2dbcTransactionManagerAutoConfiguration:
      Did not match:
         - @ConditionalOnClass did not find required class 'org.springframework.r2dbc.connection.R2dbcTransactionManager' (OnClassCondition)

   RSocketGraphQlClientAutoConfiguration:
      Did not match:
         - @ConditionalOnClass did not find required class 'graphql.GraphQL' (OnClassCondition)

   RSocketMessagingAutoConfiguration:
      Did not match:
         - @ConditionalOnClass did not find required class 'io.rsocket.RSocket' (OnClassCondition)

   RSocketRequesterAutoConfiguration:
      Did not match:
         - @ConditionalOnClass did not find required class 'io.rsocket.RSocket' (OnClassCondition)

   RSocketSecurityAutoConfiguration:
      Did not match:
         - @ConditionalOnClass did not find required class 'org.springframework.security.rsocket.core.SecuritySocketAcceptorInterceptor' (OnClassCondition)

   RSocketServerAutoConfiguration:
      Did not match:
         - @ConditionalOnClass did not find required class 'io.rsocket.core.RSocketServer' (OnClassCondition)

   RSocketStrategiesAutoConfiguration:
      Did not match:
         - @ConditionalOnClass did not find required class 'io.rsocket.RSocket' (OnClassCondition)

   RabbitAutoConfiguration:
      Did not match:
         - @ConditionalOnClass did not find required class 'com.rabbitmq.client.Channel' (OnClassCondition)

   ReactiveElasticsearchClientAutoConfiguration:
      Did not match:
         - @ConditionalOnClass did not find required class 'co.elastic.clients.transport.ElasticsearchTransport' (OnClassCondition)

   ReactiveElasticsearchRepositoriesAutoConfiguration:
      Did not match:
         - @ConditionalOnClass did not find required class 'org.springframework.data.elasticsearch.client.elc.ReactiveElasticsearchClient' (OnClassCondition)

   ReactiveMultipartAutoConfiguration:
      Did not match:
         - not a reactive web application (OnWebApplicationCondition)
      Matched:
         - @ConditionalOnClass found required classes 'org.springframework.http.codec.multipart.DefaultPartHttpMessageReader', 'org.springframework.web.reactive.config.WebFluxConfigurer' (OnClassCondition)

   ReactiveOAuth2ClientAutoConfiguration:
      Did not match:
         - @ConditionalOnClass did not find required class 'org.springframework.security.oauth2.client.registration.ClientRegistration' (OnClassCondition)

   ReactiveOAuth2ResourceServerAutoConfiguration:
      Did not match:
         - not a reactive web application (OnWebApplicationCondition)
      Matched:
         - @ConditionalOnClass found required class 'org.springframework.security.config.annotation.web.reactive.EnableWebFluxSecurity' (OnClassCondition)

   ReactiveSecurityAutoConfiguration.SpringBootWebFluxSecurityConfiguration:
      Did not match:
         - not a reactive web application (OnWebApplicationCondition)

   ReactiveUserDetailsServiceAutoConfiguration:
      Did not match:
         - AnyNestedCondition 0 matched 3 did not; NestedCondition on ReactiveUserDetailsServiceAutoConfiguration.MissingAlternativeOrUserPropertiesConfigured.PasswordConfigured @ConditionalOnProperty (spring.security.user.password) did not find property 'password'; NestedCondition on ReactiveUserDetailsServiceAutoConfiguration.MissingAlternativeOrUserPropertiesConfigured.NameConfigured @ConditionalOnProperty (spring.security.user.name) did not find property 'name'; NestedCondition on ReactiveUserDetailsServiceAutoConfiguration.MissingAlternativeOrUserPropertiesConfigured.MissingAlternative @ConditionalOnMissingClass found unwanted class 'org.springframework.security.oauth2.server.resource.introspection.ReactiveOpaqueTokenIntrospector' (ReactiveUserDetailsServiceAutoConfiguration.MissingAlternativeOrUserPropertiesConfigured)
      Matched:
         - @ConditionalOnClass found required class 'org.springframework.security.authentication.ReactiveAuthenticationManager' (OnClassCondition)

   ReactiveWebServerFactoryAutoConfiguration:
      Did not match:
         - not a reactive web application (OnWebApplicationCondition)
      Matched:
         - @ConditionalOnClass found required class 'org.springframework.http.ReactiveHttpInputMessage' (OnClassCondition)

   RedisAutoConfiguration:
      Did not match:
         - @ConditionalOnClass did not find required class 'org.springframework.data.redis.core.RedisOperations' (OnClassCondition)

   RedisCacheConfiguration:
      Did not match:
         - @ConditionalOnClass did not find required class 'org.springframework.data.redis.connection.RedisConnectionFactory' (OnClassCondition)

   RedisReactiveAutoConfiguration:
      Did not match:
         - @ConditionalOnClass did not find required class 'org.springframework.data.redis.connection.ReactiveRedisConnectionFactory' (OnClassCondition)

   RedisRepositoriesAutoConfiguration:
      Did not match:
         - @ConditionalOnClass did not find required class 'org.springframework.data.redis.repository.configuration.EnableRedisRepositories' (OnClassCondition)

   RemoteDevToolsAutoConfiguration:
      Did not match:
         - @ConditionalOnProperty (spring.devtools.remote.secret) did not find property 'secret' (OnPropertyCondition)
      Matched:
         - @ConditionalOnClass found required classes 'jakarta.servlet.Filter', 'org.springframework.http.server.ServerHttpRequest' (OnClassCondition)

   RepositoryRestMvcAutoConfiguration:
      Did not match:
         - @ConditionalOnClass did not find required class 'org.springframework.data.rest.webmvc.config.RepositoryRestMvcConfiguration' (OnClassCondition)

   Saml2RelyingPartyAutoConfiguration:
      Did not match:
         - @ConditionalOnClass did not find required class 'org.springframework.security.saml2.provider.service.registration.RelyingPartyRegistrationRepository' (OnClassCondition)

   SecurityDataConfiguration:
      Did not match:
         - @ConditionalOnClass did not find required class 'org.springframework.security.data.repository.query.SecurityEvaluationContextExtension' (OnClassCondition)

   SendGridAutoConfiguration:
      Did not match:
         - @ConditionalOnClass did not find required class 'com.sendgrid.SendGrid' (OnClassCondition)

   ServletWebServerFactoryAutoConfiguration.ForwardedHeaderFilterConfiguration:
      Did not match:
         - @ConditionalOnProperty (server.forward-headers-strategy=framework) did not find property 'server.forward-headers-strategy' (OnPropertyCondition)

   ServletWebServerFactoryConfiguration.EmbeddedJetty:
      Did not match:
         - @ConditionalOnClass did not find required classes 'org.eclipse.jetty.server.Server', 'org.eclipse.jetty.util.Loader', 'org.eclipse.jetty.ee10.webapp.WebAppContext' (OnClassCondition)

   ServletWebServerFactoryConfiguration.EmbeddedUndertow:
      Did not match:
         - @ConditionalOnClass did not find required classes 'io.undertow.Undertow', 'org.xnio.SslClientAuthMode' (OnClassCondition)

   SessionAutoConfiguration:
      Did not match:
         - @ConditionalOnClass did not find required class 'org.springframework.session.Session' (OnClassCondition)

   SpringApplicationAdminJmxAutoConfiguration:
      Did not match:
         - @ConditionalOnProperty (spring.application.admin.enabled=true) did not find property 'enabled' (OnPropertyCondition)

   SpringBootWebSecurityConfiguration.SecurityFilterChainConfiguration:
      Did not match:
         - AllNestedConditions 1 matched 1 did not; NestedCondition on DefaultWebSecurityCondition.Beans @ConditionalOnMissingBean (types: org.springframework.security.web.SecurityFilterChain; SearchStrategy: all) found beans of type 'org.springframework.security.web.SecurityFilterChain' securityFilterChain; NestedCondition on DefaultWebSecurityCondition.Classes @ConditionalOnClass found required classes 'org.springframework.security.web.SecurityFilterChain', 'org.springframework.security.config.annotation.web.builders.HttpSecurity' (DefaultWebSecurityCondition)

   SpringBootWebSecurityConfiguration.WebSecurityEnablerConfiguration:
      Did not match:
         - @ConditionalOnMissingBean (names: springSecurityFilterChain; SearchStrategy: all) found beans named springSecurityFilterChain (OnBeanCondition)
      Matched:
         - @ConditionalOnClass found required class 'org.springframework.security.config.annotation.web.configuration.EnableWebSecurity' (OnClassCondition)

   SpringDocConfiguration#propertiesResolverForSchema:
      Did not match:
         - @ConditionalOnProperty (springdoc.api-docs.resolve-schema-properties) did not find property 'springdoc.api-docs.resolve-schema-properties' (OnPropertyCondition)

   SpringDocConfiguration#propertyCustomizingConverter:
      Did not match:
         - @ConditionalOnBean (types: org.springdoc.core.customizers.PropertyCustomizer; SearchStrategy: all) did not find any beans of type org.springdoc.core.customizers.PropertyCustomizer (OnBeanCondition)

   SpringDocConfiguration#springdocBeanFactoryPostProcessor:
      Did not match:
         - AnyNestedCondition 0 matched 2 did not; NestedCondition on CacheOrGroupedOpenApiCondition.OnCacheDisabled found non-matching nested conditions @ConditionalOnProperty (springdoc.cache.disabled) did not find property 'springdoc.cache.disabled'; NestedCondition on CacheOrGroupedOpenApiCondition.OnMultipleOpenApiSupportCondition AnyNestedCondition 0 matched 2 did not; NestedCondition on MultipleOpenApiSupportCondition.OnActuatorDifferentPort @ConditionalOnProperty (springdoc.show-actuator) did not find property 'springdoc.show-actuator'; NestedCondition on MultipleOpenApiSupportCondition.OnMultipleOpenApiSupportCondition AnyNestedCondition 0 matched 3 did not; NestedCondition on MultipleOpenApiGroupsCondition.OnListGroupedOpenApiBean @ConditionalOnBean (types: org.springdoc.core.models.GroupedOpenApi; SearchStrategy: all) did not find any beans of type org.springdoc.core.models.GroupedOpenApi; NestedCondition on MultipleOpenApiGroupsCondition.OnGroupConfigProperty @ConditionalOnProperty (springdoc.group-configs[0].group) did not find property 'springdoc.group-configs[0].group'; NestedCondition on MultipleOpenApiGroupsCondition.OnGroupedOpenApiBean @ConditionalOnBean (types: org.springdoc.core.models.GroupedOpenApi; SearchStrategy: all) did not find any beans of type org.springdoc.core.models.GroupedOpenApi (CacheOrGroupedOpenApiCondition)
      Matched:
         - @ConditionalOnClass found required class 'org.springframework.boot.context.properties.bind.BindResult' (OnClassCondition)

   SpringDocConfiguration#springdocBeanFactoryPostProcessor2:
      Did not match:
         - @ConditionalOnMissingClass found unwanted class 'org.springframework.boot.context.properties.bind.BindResult' (OnClassCondition)

   SpringDocConfiguration.SpringDocActuatorConfiguration:
      Did not match:
         - @ConditionalOnClass did not find required class 'org.springframework.boot.actuate.autoconfigure.endpoint.web.WebEndpointProperties' (OnClassCondition)

   SpringDocConfiguration.SpringDocRepositoryRestConfiguration:
      Did not match:
         - @ConditionalOnClass did not find required class 'org.springframework.data.rest.core.config.RepositoryRestConfiguration' (OnClassCondition)

   SpringDocDataRestConfiguration:
      Did not match:
         - @ConditionalOnClass did not find required class 'org.springframework.data.rest.core.config.RepositoryRestConfiguration' (OnClassCondition)

   SpringDocFunctionCatalogConfiguration:
      Did not match:
         - @ConditionalOnClass did not find required class 'org.springframework.cloud.function.web.function.FunctionEndpointInitializer' (OnClassCondition)

   SpringDocGroovyConfiguration:
      Did not match:
         - @ConditionalOnClass did not find required class 'groovy.lang.MetaClass' (OnClassCondition)

   SpringDocHateoasConfiguration:
      Did not match:
         - @ConditionalOnClass did not find required class 'org.springframework.hateoas.server.LinkRelationProvider' (OnClassCondition)

   SpringDocJacksonKotlinModuleConfiguration:
      Did not match:
         - @ConditionalOnClass did not find required class 'com.fasterxml.jackson.module.kotlin.KotlinModule' (OnClassCondition)

   SpringDocJavadocConfiguration:
      Did not match:
         - @ConditionalOnClass did not find required class 'com.github.therapi.runtimejavadoc.CommentFormatter' (OnClassCondition)

   SpringDocKotlinConfiguration:
      Did not match:
         - @ConditionalOnClass did not find required class 'kotlin.coroutines.Continuation' (OnClassCondition)

   SpringDocKotlinxConfiguration:
      Did not match:
         - @ConditionalOnClass did not find required class 'kotlinx.coroutines.flow.Flow' (OnClassCondition)

   SpringDocSecurityConfiguration.SpringDocSecurityOAuth2ClientConfiguration:
      Did not match:
         - @ConditionalOnClass did not find required class 'org.springframework.security.oauth2.client.annotation.RegisteredOAuth2AuthorizedClient' (OnClassCondition)

   SpringDocSecurityConfiguration.SpringDocSecurityOAuth2Configuration:
      Did not match:
         - @ConditionalOnClass did not find required class 'org.springframework.security.oauth2.server.authorization.OAuth2AuthorizationService' (OnClassCondition)

   SpringDocSecurityConfiguration.SpringSecurityLoginEndpointConfiguration#springSecurityLoginEndpointCustomizer:
      Did not match:
         - @ConditionalOnProperty (springdoc.show-login-endpoint) did not find property 'springdoc.show-login-endpoint' (OnPropertyCondition)

   SpringDocSortConfiguration#dataRestDelegatingMethodParameterCustomizer:
      Did not match:
         - @ConditionalOnMissingBean (types: org.springdoc.core.customizers.DataRestDelegatingMethodParameterCustomizer; SearchStrategy: all) found beans of type 'org.springdoc.core.customizers.DataRestDelegatingMethodParameterCustomizer' dataRestDelegatingMethodParameterCustomizer (OnBeanCondition)

   SpringDocWebMvcConfiguration.SpringDocWebMvcActuatorConfiguration:
      Did not match:
         - @ConditionalOnClass did not find required class 'org.springframework.boot.actuate.endpoint.web.servlet.WebMvcEndpointHandlerMapping' (OnClassCondition)

   SwaggerConfig#springWebProvider:
      Did not match:
         - @ConditionalOnMissingBean (types: org.springdoc.core.providers.SpringWebProvider; SearchStrategy: all) found beans of type 'org.springdoc.core.providers.SpringWebProvider' springWebProvider (OnBeanCondition)

   SwaggerConfig#swaggerUiHome:
      Did not match:
         - @ConditionalOnProperty (springdoc.swagger-ui.use-root-path=true) did not find property 'springdoc.swagger-ui.use-root-path' (OnPropertyCondition)

   SwaggerConfig.SwaggerActuatorWelcomeConfiguration:
      Did not match:
         - @ConditionalOnClass did not find required class 'org.springframework.boot.actuate.endpoint.web.servlet.WebMvcEndpointHandlerMapping' (OnClassCondition)

   TaskExecutorConfigurations.SimpleAsyncTaskExecutorBuilderConfiguration#simpleAsyncTaskExecutorBuilderVirtualThreads:
      Did not match:
         - @ConditionalOnMissingBean (types: org.springframework.boot.task.SimpleAsyncTaskExecutorBuilder; SearchStrategy: all) found beans of type 'org.springframework.boot.task.SimpleAsyncTaskExecutorBuilder' simpleAsyncTaskExecutorBuilder (OnBeanCondition)

   TaskExecutorConfigurations.TaskExecutorConfiguration#applicationTaskExecutorVirtualThreads:
      Did not match:
         - @ConditionalOnThreading did not find VIRTUAL (OnThreadingCondition)

   TaskSchedulingAutoConfiguration#scheduledBeanLazyInitializationExcludeFilter:
      Did not match:
         - @ConditionalOnBean (names: org.springframework.context.annotation.internalScheduledAnnotationProcessor; SearchStrategy: all) did not find any beans named org.springframework.context.annotation.internalScheduledAnnotationProcessor (OnBeanCondition)

   TaskSchedulingConfigurations.SimpleAsyncTaskSchedulerBuilderConfiguration#simpleAsyncTaskSchedulerBuilderVirtualThreads:
      Did not match:
         - @ConditionalOnMissingBean (types: org.springframework.boot.task.SimpleAsyncTaskSchedulerBuilder; SearchStrategy: all) found beans of type 'org.springframework.boot.task.SimpleAsyncTaskSchedulerBuilder' simpleAsyncTaskSchedulerBuilder (OnBeanCondition)

   TaskSchedulingConfigurations.TaskSchedulerConfiguration:
      Did not match:
         - @ConditionalOnBean (names: org.springframework.context.annotation.internalScheduledAnnotationProcessor; SearchStrategy: all) did not find any beans named org.springframework.context.annotation.internalScheduledAnnotationProcessor (OnBeanCondition)

   ThymeleafAutoConfiguration:
      Did not match:
         - @ConditionalOnClass did not find required class 'org.thymeleaf.spring6.SpringTemplateEngine' (OnClassCondition)

   TransactionAutoConfiguration#transactionalOperator:
      Did not match:
         - @ConditionalOnSingleCandidate (types: org.springframework.transaction.ReactiveTransactionManager; SearchStrategy: all) did not find any beans (OnBeanCondition)

   TransactionAutoConfiguration.AspectJTransactionManagementConfiguration:
      Did not match:
         - @ConditionalOnBean (types: org.springframework.transaction.aspectj.AbstractTransactionAspect; SearchStrategy: all) did not find any beans of type org.springframework.transaction.aspectj.AbstractTransactionAspect (OnBeanCondition)

   TransactionAutoConfiguration.EnableTransactionManagementConfiguration.JdkDynamicAutoProxyConfiguration:
      Did not match:
         - @ConditionalOnProperty (spring.aop.proxy-target-class=false) did not find property 'proxy-target-class' (OnPropertyCondition)

   UserDetailsServiceAutoConfiguration:
      Did not match:
         - AnyNestedCondition 0 matched 3 did not; NestedCondition on UserDetailsServiceAutoConfiguration.MissingAlternativeOrUserPropertiesConfigured.PasswordConfigured @ConditionalOnProperty (spring.security.user.password) did not find property 'password'; NestedCondition on UserDetailsServiceAutoConfiguration.MissingAlternativeOrUserPropertiesConfigured.NameConfigured @ConditionalOnProperty (spring.security.user.name) did not find property 'name'; NestedCondition on UserDetailsServiceAutoConfiguration.MissingAlternativeOrUserPropertiesConfigured.MissingAlternative @ConditionalOnMissingClass found unwanted class 'org.springframework.security.oauth2.server.resource.introspection.OpaqueTokenIntrospector' (UserDetailsServiceAutoConfiguration.MissingAlternativeOrUserPropertiesConfigured)
      Matched:
         - @ConditionalOnClass found required class 'org.springframework.security.authentication.AuthenticationManager' (OnClassCondition)
         - found 'session' scope (OnWebApplicationCondition)

   WebFluxAutoConfiguration:
      Did not match:
         - not a reactive web application (OnWebApplicationCondition)
      Matched:
         - @ConditionalOnClass found required class 'org.springframework.web.reactive.config.WebFluxConfigurer' (OnClassCondition)

   WebMvcAutoConfiguration#hiddenHttpMethodFilter:
      Did not match:
         - @ConditionalOnProperty (spring.mvc.hiddenmethod.filter.enabled) did not find property 'enabled' (OnPropertyCondition)

   WebMvcAutoConfiguration.EnableWebMvcConfiguration#localeResolver:
      Did not match:
         - @ConditionalOnMissingBean (names: localeResolver; SearchStrategy: all) found beans named localeResolver (OnBeanCondition)

   WebMvcAutoConfiguration.ProblemDetailsErrorHandlingConfiguration:
      Did not match:
         - @ConditionalOnProperty (spring.mvc.problemdetails.enabled=true) did not find property 'enabled' (OnPropertyCondition)

   WebMvcAutoConfiguration.WebMvcAutoConfigurationAdapter#beanNameViewResolver:
      Did not match:
         - @ConditionalOnMissingBean (types: org.springframework.web.servlet.view.BeanNameViewResolver; SearchStrategy: all) found beans of type 'org.springframework.web.servlet.view.BeanNameViewResolver' beanNameViewResolver (OnBeanCondition)

   WebServiceTemplateAutoConfiguration:
      Did not match:
         - @ConditionalOnClass did not find required class 'org.springframework.oxm.Marshaller' (OnClassCondition)

   WebServicesAutoConfiguration:
      Did not match:
         - @ConditionalOnClass did not find required class 'org.springframework.ws.transport.http.MessageDispatcherServlet' (OnClassCondition)

   WebSessionIdResolverAutoConfiguration:
      Did not match:
         - not a reactive web application (OnWebApplicationCondition)
      Matched:
         - @ConditionalOnClass found required classes 'org.springframework.web.server.session.WebSessionManager', 'reactor.core.publisher.Mono' (OnClassCondition)

   WebSocketMessagingAutoConfiguration:
      Did not match:
         - @ConditionalOnClass did not find required class 'org.springframework.web.socket.config.annotation.WebSocketMessageBrokerConfigurer' (OnClassCondition)

   WebSocketReactiveAutoConfiguration:
      Did not match:
         - not a reactive web application (OnWebApplicationCondition)
      Matched:
         - @ConditionalOnClass found required classes 'jakarta.servlet.Servlet', 'jakarta.websocket.server.ServerContainer' (OnClassCondition)

   WebSocketServletAutoConfiguration.JettyWebSocketConfiguration:
      Did not match:
         - @ConditionalOnClass did not find required class 'org.eclipse.jetty.ee10.websocket.jakarta.server.config.JakartaWebSocketServletContainerInitializer' (OnClassCondition)

   WebSocketServletAutoConfiguration.UndertowWebSocketConfiguration:
      Did not match:
         - @ConditionalOnClass did not find required class 'io.undertow.websockets.jsr.Bootstrap' (OnClassCondition)

   XADataSourceAutoConfiguration:
      Did not match:
         - @ConditionalOnBean (types: org.springframework.boot.jdbc.XADataSourceWrapper; SearchStrategy: all) did not find any beans of type org.springframework.boot.jdbc.XADataSourceWrapper (OnBeanCondition)
      Matched:
         - @ConditionalOnClass found required classes 'javax.sql.DataSource', 'jakarta.transaction.TransactionManager', 'org.springframework.jdbc.datasource.embedded.EmbeddedDatabaseType' (OnClassCondition)


Exclusions:
-----------

    None


Unconditional classes:
----------------------

    org.springframework.boot.autoconfigure.context.ConfigurationPropertiesAutoConfiguration

    org.springframework.boot.autoconfigure.ssl.SslAutoConfiguration

    org.springframework.boot.autoconfigure.context.PropertyPlaceholderAutoConfiguration

    org.springframework.boot.autoconfigure.context.LifecycleAutoConfiguration

    org.springdoc.core.configuration.SpringDocSpecPropertiesConfiguration

    org.springframework.boot.autoconfigure.availability.ApplicationAvailabilityAutoConfiguration

    org.springframework.boot.autoconfigure.info.ProjectInfoAutoConfiguration



2025-08-28 15:17:45.795 [restartedMain] INFO  c.dailybrief.DailybriefApplication - Started DailybriefApplication in 17.487 seconds (process running for 18.484)
2025-08-28 15:17:45.797 [restartedMain] DEBUG o.s.b.a.ApplicationAvailabilityBean - Application availability state LivenessState changed to CORRECT
2025-08-28 15:17:45.802 [restartedMain] DEBUG o.s.boot.devtools.restart.Restarter - Creating new Restarter for thread Thread[#1,main,5,main]
2025-08-28 15:17:45.802 [restartedMain] DEBUG o.s.boot.devtools.restart.Restarter - Immediately restarting application
2025-08-28 15:17:45.802 [restartedMain] DEBUG o.s.boot.devtools.restart.Restarter - Starting application com.dailybrief.DailybriefApplication with URLs [file:/C:/Xandão/SpringBoot/dailybrief/target/classes/]
2025-08-28 15:17:45.802 [restartedMain] DEBUG o.s.b.a.ApplicationAvailabilityBean - Application availability state ReadinessState changed to ACCEPTING_TRAFFIC
2025-08-28 15:17:56.509 [http-nio-8080-exec-1] INFO  o.a.c.c.C.[Tomcat].[localhost].[/] - Initializing Spring DispatcherServlet 'dispatcherServlet'
2025-08-28 15:17:56.512 [http-nio-8080-exec-1] INFO  o.s.web.servlet.DispatcherServlet - Initializing Servlet 'dispatcherServlet'
2025-08-28 15:17:56.512 [http-nio-8080-exec-1] DEBUG o.s.web.servlet.DispatcherServlet - Detected StandardServletMultipartResolver
2025-08-28 15:17:56.512 [http-nio-8080-exec-1] DEBUG o.s.web.servlet.DispatcherServlet - Detected AcceptHeaderLocaleResolver
2025-08-28 15:17:56.512 [http-nio-8080-exec-1] DEBUG o.s.web.servlet.DispatcherServlet - Detected FixedThemeResolver
2025-08-28 15:17:56.520 [http-nio-8080-exec-1] DEBUG o.s.web.servlet.DispatcherServlet - Detected org.springframework.web.servlet.view.DefaultRequestToViewNameTranslator@2bc0aee1
2025-08-28 15:17:56.520 [http-nio-8080-exec-1] DEBUG o.s.web.servlet.DispatcherServlet - Detected org.springframework.web.servlet.support.SessionFlashMapManager@75c8e1cd
2025-08-28 15:17:56.520 [http-nio-8080-exec-1] DEBUG o.s.web.servlet.DispatcherServlet - enableLoggingRequestDetails='false': request parameters and headers will be masked to prevent unsafe logging of potentially sensitive data
2025-08-28 15:17:56.520 [http-nio-8080-exec-1] INFO  o.s.web.servlet.DispatcherServlet - Completed initialization in 8 ms
2025-08-28 15:17:56.643 [http-nio-8080-exec-1] DEBUG o.s.security.web.FilterChainProxy - Securing GET /swagger-ui/index.html
2025-08-28 15:17:56.684 [http-nio-8080-exec-1] DEBUG o.s.s.w.a.AnonymousAuthenticationFilter - Set SecurityContextHolder to anonymous SecurityContext
2025-08-28 15:17:56.695 [http-nio-8080-exec-1] DEBUG o.s.security.web.FilterChainProxy - Secured GET /swagger-ui/index.html
2025-08-28 15:17:56.705 [http-nio-8080-exec-1] DEBUG o.s.web.servlet.DispatcherServlet - GET "/swagger-ui/index.html", parameters={}
2025-08-28 15:17:56.717 [http-nio-8080-exec-1] DEBUG o.s.w.s.h.SimpleUrlHandlerMapping - Mapped to ResourceHttpRequestHandler [classpath [META-INF/resources/webjars/]]
2025-08-28 15:17:56.746 [http-nio-8080-exec-1] DEBUG o.s.o.j.s.OpenEntityManagerInViewInterceptor - Opening JPA EntityManager in OpenEntityManagerInViewInterceptor
2025-08-28 15:17:56.816 [http-nio-8080-exec-1] DEBUG o.s.o.j.s.OpenEntityManagerInViewInterceptor - Closing JPA EntityManager in OpenEntityManagerInViewInterceptor
2025-08-28 15:17:56.818 [http-nio-8080-exec-1] DEBUG o.s.web.servlet.DispatcherServlet - Completed 200 OK
2025-08-28 15:17:56.899 [http-nio-8080-exec-2] DEBUG o.s.security.web.FilterChainProxy - Securing GET /swagger-ui/swagger-ui.css
2025-08-28 15:17:56.899 [http-nio-8080-exec-3] DEBUG o.s.security.web.FilterChainProxy - Securing GET /swagger-ui/index.css
2025-08-28 15:17:56.899 [http-nio-8080-exec-2] DEBUG o.s.s.w.a.AnonymousAuthenticationFilter - Set SecurityContextHolder to anonymous SecurityContext
2025-08-28 15:17:56.900 [http-nio-8080-exec-3] DEBUG o.s.s.w.a.AnonymousAuthenticationFilter - Set SecurityContextHolder to anonymous SecurityContext
2025-08-28 15:17:56.900 [http-nio-8080-exec-3] DEBUG o.s.security.web.FilterChainProxy - Secured GET /swagger-ui/index.css
2025-08-28 15:17:56.900 [http-nio-8080-exec-3] DEBUG o.s.web.servlet.DispatcherServlet - GET "/swagger-ui/index.css", parameters={}
2025-08-28 15:17:56.906 [http-nio-8080-exec-2] DEBUG o.s.security.web.FilterChainProxy - Secured GET /swagger-ui/swagger-ui.css
2025-08-28 15:17:56.907 [http-nio-8080-exec-2] DEBUG o.s.web.servlet.DispatcherServlet - GET "/swagger-ui/swagger-ui.css", parameters={}
2025-08-28 15:17:56.909 [http-nio-8080-exec-4] DEBUG o.s.security.web.FilterChainProxy - Securing GET /swagger-ui/swagger-ui-bundle.js
2025-08-28 15:17:56.911 [http-nio-8080-exec-5] DEBUG o.s.security.web.FilterChainProxy - Securing GET /swagger-ui/swagger-initializer.js
2025-08-28 15:17:56.912 [http-nio-8080-exec-5] DEBUG o.s.s.w.a.AnonymousAuthenticationFilter - Set SecurityContextHolder to anonymous SecurityContext
2025-08-28 15:17:56.912 [http-nio-8080-exec-5] DEBUG o.s.security.web.FilterChainProxy - Secured GET /swagger-ui/swagger-initializer.js
2025-08-28 15:17:56.912 [http-nio-8080-exec-6] DEBUG o.s.security.web.FilterChainProxy - Securing GET /swagger-ui/swagger-ui-standalone-preset.js
2025-08-28 15:17:56.912 [http-nio-8080-exec-5] DEBUG o.s.web.servlet.DispatcherServlet - GET "/swagger-ui/swagger-initializer.js", parameters={}
2025-08-28 15:17:56.912 [http-nio-8080-exec-3] DEBUG o.s.w.s.h.SimpleUrlHandlerMapping - Mapped to ResourceHttpRequestHandler [classpath [META-INF/resources/webjars/]]
2025-08-28 15:17:56.914 [http-nio-8080-exec-3] DEBUG o.s.o.j.s.OpenEntityManagerInViewInterceptor - Opening JPA EntityManager in OpenEntityManagerInViewInterceptor
2025-08-28 15:17:56.919 [http-nio-8080-exec-4] DEBUG o.s.s.w.a.AnonymousAuthenticationFilter - Set SecurityContextHolder to anonymous SecurityContext
2025-08-28 15:17:56.921 [http-nio-8080-exec-4] DEBUG o.s.security.web.FilterChainProxy - Secured GET /swagger-ui/swagger-ui-bundle.js
2025-08-28 15:17:56.921 [http-nio-8080-exec-2] DEBUG o.s.w.s.h.SimpleUrlHandlerMapping - Mapped to ResourceHttpRequestHandler [classpath [META-INF/resources/webjars/]]
2025-08-28 15:17:56.921 [http-nio-8080-exec-5] DEBUG o.s.w.s.h.SimpleUrlHandlerMapping - Mapped to ResourceHttpRequestHandler [classpath [META-INF/resources/webjars/]]
2025-08-28 15:17:56.923 [http-nio-8080-exec-6] DEBUG o.s.s.w.a.AnonymousAuthenticationFilter - Set SecurityContextHolder to anonymous SecurityContext
2025-08-28 15:17:56.924 [http-nio-8080-exec-2] DEBUG o.s.o.j.s.OpenEntityManagerInViewInterceptor - Opening JPA EntityManager in OpenEntityManagerInViewInterceptor
2025-08-28 15:17:56.924 [http-nio-8080-exec-5] DEBUG o.s.o.j.s.OpenEntityManagerInViewInterceptor - Opening JPA EntityManager in OpenEntityManagerInViewInterceptor
2025-08-28 15:17:56.924 [http-nio-8080-exec-6] DEBUG o.s.security.web.FilterChainProxy - Secured GET /swagger-ui/swagger-ui-standalone-preset.js
2025-08-28 15:17:56.924 [http-nio-8080-exec-6] DEBUG o.s.web.servlet.DispatcherServlet - GET "/swagger-ui/swagger-ui-standalone-preset.js", parameters={}
2025-08-28 15:17:56.926 [http-nio-8080-exec-4] DEBUG o.s.web.servlet.DispatcherServlet - GET "/swagger-ui/swagger-ui-bundle.js", parameters={}
2025-08-28 15:17:56.928 [http-nio-8080-exec-4] DEBUG o.s.w.s.h.SimpleUrlHandlerMapping - Mapped to ResourceHttpRequestHandler [classpath [META-INF/resources/webjars/]]
2025-08-28 15:17:56.928 [http-nio-8080-exec-4] DEBUG o.s.o.j.s.OpenEntityManagerInViewInterceptor - Opening JPA EntityManager in OpenEntityManagerInViewInterceptor
2025-08-28 15:17:56.929 [http-nio-8080-exec-6] DEBUG o.s.w.s.h.SimpleUrlHandlerMapping - Mapped to ResourceHttpRequestHandler [classpath [META-INF/resources/webjars/]]
2025-08-28 15:17:56.929 [http-nio-8080-exec-6] DEBUG o.s.o.j.s.OpenEntityManagerInViewInterceptor - Opening JPA EntityManager in OpenEntityManagerInViewInterceptor
2025-08-28 15:17:56.945 [http-nio-8080-exec-3] DEBUG o.s.o.j.s.OpenEntityManagerInViewInterceptor - Closing JPA EntityManager in OpenEntityManagerInViewInterceptor
2025-08-28 15:17:56.948 [http-nio-8080-exec-3] DEBUG o.s.web.servlet.DispatcherServlet - Completed 200 OK
2025-08-28 15:17:56.958 [http-nio-8080-exec-2] DEBUG o.s.o.j.s.OpenEntityManagerInViewInterceptor - Closing JPA EntityManager in OpenEntityManagerInViewInterceptor
2025-08-28 15:17:56.958 [http-nio-8080-exec-2] DEBUG o.s.web.servlet.DispatcherServlet - Completed 200 OK
2025-08-28 15:17:56.972 [http-nio-8080-exec-6] DEBUG o.s.o.j.s.OpenEntityManagerInViewInterceptor - Closing JPA EntityManager in OpenEntityManagerInViewInterceptor
2025-08-28 15:17:56.972 [http-nio-8080-exec-6] DEBUG o.s.web.servlet.DispatcherServlet - Completed 200 OK
2025-08-28 15:17:56.995 [http-nio-8080-exec-5] DEBUG o.s.o.j.s.OpenEntityManagerInViewInterceptor - Closing JPA EntityManager in OpenEntityManagerInViewInterceptor
2025-08-28 15:17:57.000 [http-nio-8080-exec-5] DEBUG o.s.web.servlet.DispatcherServlet - Completed 200 OK
2025-08-28 15:17:57.009 [http-nio-8080-exec-4] DEBUG o.s.o.j.s.OpenEntityManagerInViewInterceptor - Closing JPA EntityManager in OpenEntityManagerInViewInterceptor
2025-08-28 15:17:57.011 [http-nio-8080-exec-4] DEBUG o.s.web.servlet.DispatcherServlet - Completed 200 OK
2025-08-28 15:17:57.207 [http-nio-8080-exec-7] DEBUG o.s.security.web.FilterChainProxy - Securing GET /api-docs/swagger-config
2025-08-28 15:17:57.210 [http-nio-8080-exec-7] DEBUG o.s.s.w.a.AnonymousAuthenticationFilter - Set SecurityContextHolder to anonymous SecurityContext
2025-08-28 15:17:57.212 [http-nio-8080-exec-7] DEBUG o.s.security.web.FilterChainProxy - Secured GET /api-docs/swagger-config
2025-08-28 15:17:57.212 [http-nio-8080-exec-7] DEBUG o.s.web.servlet.DispatcherServlet - GET "/api-docs/swagger-config", parameters={}
2025-08-28 15:17:57.212 [http-nio-8080-exec-7] DEBUG o.s.w.s.m.m.a.RequestMappingHandlerMapping - Mapped to org.springdoc.webmvc.ui.SwaggerConfigResource#openapiJson(HttpServletRequest)
2025-08-28 15:17:57.212 [http-nio-8080-exec-7] DEBUG o.s.o.j.s.OpenEntityManagerInViewInterceptor - Opening JPA EntityManager in OpenEntityManagerInViewInterceptor
2025-08-28 15:17:57.259 [http-nio-8080-exec-7] DEBUG o.s.w.s.m.m.a.RequestResponseBodyMethodProcessor - Using 'application/json', given [*/*] and supported [application/json]
2025-08-28 15:17:57.269 [http-nio-8080-exec-7] DEBUG o.s.w.s.m.m.a.RequestResponseBodyMethodProcessor - Writing [{configUrl=/api-docs/swagger-config, oauth2RedirectUrl=http://localhost:8080/swagger-ui/oauth2-redir (truncated)...]
2025-08-28 15:17:57.285 [http-nio-8080-exec-7] DEBUG o.s.o.j.s.OpenEntityManagerInViewInterceptor - Closing JPA EntityManager in OpenEntityManagerInViewInterceptor
2025-08-28 15:17:57.285 [http-nio-8080-exec-7] DEBUG o.s.web.servlet.DispatcherServlet - Completed 200 OK
2025-08-28 15:17:57.300 [http-nio-8080-exec-8] DEBUG o.s.security.web.FilterChainProxy - Securing GET /api-docs
2025-08-28 15:17:57.302 [http-nio-8080-exec-8] DEBUG o.s.s.w.a.AnonymousAuthenticationFilter - Set SecurityContextHolder to anonymous SecurityContext
2025-08-28 15:17:57.302 [http-nio-8080-exec-8] DEBUG o.s.security.web.FilterChainProxy - Secured GET /api-docs
2025-08-28 15:17:57.302 [http-nio-8080-exec-8] DEBUG o.s.web.servlet.DispatcherServlet - GET "/api-docs", parameters={}
2025-08-28 15:17:57.302 [http-nio-8080-exec-8] DEBUG o.s.w.s.m.m.a.RequestMappingHandlerMapping - Mapped to org.springdoc.webmvc.api.OpenApiWebMvcResource#openapiJson(HttpServletRequest, String, Locale)
2025-08-28 15:17:57.304 [http-nio-8080-exec-8] DEBUG o.s.o.j.s.OpenEntityManagerInViewInterceptor - Opening JPA EntityManager in OpenEntityManagerInViewInterceptor
2025-08-28 15:17:57.306 [http-nio-8080-exec-8] DEBUG o.s.c.e.PropertySourcesPropertyResolver - Found key 'springdoc.api-docs.path' in PropertySource 'environmentProperties' with value of type String
2025-08-28 15:18:02.704 [http-nio-8080-exec-8] INFO  o.s.api.AbstractOpenApiResource - Init duration for springdoc-openapi is: 5381 ms
2025-08-28 15:18:03.028 [http-nio-8080-exec-8] DEBUG o.s.w.s.m.m.a.RequestResponseBodyMethodProcessor - Using 'application/json', given [application/json, */*] and supported [application/json]
2025-08-28 15:18:03.174 [http-nio-8080-exec-8] DEBUG o.s.w.s.m.m.a.RequestResponseBodyMethodProcessor - Writing [{123, 34, 111, 112, 101, 110, 97, 112, 105, 34, 58, 34, 51, 46, 49, 46, 48, 34, 44, 34, 105, 110, 10 (truncated)...]
2025-08-28 15:18:03.180 [http-nio-8080-exec-8] DEBUG o.s.o.j.s.OpenEntityManagerInViewInterceptor - Closing JPA EntityManager in OpenEntityManagerInViewInterceptor
2025-08-28 15:18:03.180 [http-nio-8080-exec-8] DEBUG o.s.web.servlet.DispatcherServlet - Completed 200 OK
2025-08-28 15:18:49.182 [http-nio-8080-exec-9] DEBUG o.s.security.web.FilterChainProxy - Securing POST /api/auth/login
2025-08-28 15:18:49.183 [http-nio-8080-exec-9] DEBUG o.s.s.w.a.AnonymousAuthenticationFilter - Set SecurityContextHolder to anonymous SecurityContext
2025-08-28 15:18:49.183 [http-nio-8080-exec-9] DEBUG o.s.security.web.FilterChainProxy - Secured POST /api/auth/login
2025-08-28 15:18:49.183 [http-nio-8080-exec-9] DEBUG o.s.web.servlet.DispatcherServlet - POST "/api/auth/login", parameters={}
2025-08-28 15:18:49.183 [http-nio-8080-exec-9] DEBUG o.s.w.s.m.m.a.RequestMappingHandlerMapping - Mapped to com.dailybrief.controller.AuthController#login(LoginRequestDTO)
2025-08-28 15:18:49.183 [http-nio-8080-exec-9] DEBUG o.s.o.j.s.OpenEntityManagerInViewInterceptor - Opening JPA EntityManager in OpenEntityManagerInViewInterceptor
2025-08-28 15:18:49.228 [http-nio-8080-exec-9] DEBUG o.s.w.s.m.m.a.RequestResponseBodyMethodProcessor - Read "application/json;charset=UTF-8" to [LoginRequestDTO[email=admin_py@dailybrief.com, password=$botPyth0n##]]
2025-08-28 15:18:49.609 [http-nio-8080-exec-9] DEBUG org.hibernate.SQL - select u1_0.id,u1_0.email,u1_0.password from tbl_user u1_0 where u1_0.email=?
2025-08-28 15:18:50.477 [http-nio-8080-exec-9] DEBUG o.s.w.s.m.m.a.HttpEntityMethodProcessor - Using 'application/json', given [*/*] and supported [application/json, application/*+json, application/yaml]
2025-08-28 15:18:50.482 [http-nio-8080-exec-9] DEBUG o.s.w.s.m.m.a.HttpEntityMethodProcessor - Writing [LoginResponseDTO[token=eyJhbGciOiJIUzUxMiJ9.eyJzdWIiOiJhZG1pbl9weUBkYWlseWJyaWVmLmNvbSIsImlhdCI6MTc1 (truncated)...]
2025-08-28 15:18:50.486 [http-nio-8080-exec-9] DEBUG o.s.o.j.s.OpenEntityManagerInViewInterceptor - Closing JPA EntityManager in OpenEntityManagerInViewInterceptor
2025-08-28 15:18:50.487 [http-nio-8080-exec-9] DEBUG o.s.web.servlet.DispatcherServlet - Completed 200 OK
