2025-11-13 08:07:11.319 [background-preinit] INFO  o.h.validator.internal.util.Version - HV000001: Hibernate Validator 8.0.2.Final
2025-11-13 08:07:11.459 [restartedMain] INFO  c.dailybrief.DailybriefApplication - Starting DailybriefApplication using Java 21.0.6 with PID 556 (C:\Xandão\SpringBoot\dailybrief\target\classes started by plata in C:\Xandão\SpringBoot\dailybrief)
2025-11-13 08:07:11.460 [restartedMain] DEBUG c.dailybrief.DailybriefApplication - Running with Spring Boot v3.4.5, Spring v6.2.6
2025-11-13 08:07:11.461 [restartedMain] INFO  c.dailybrief.DailybriefApplication - The following 1 profile is active: "dev"
2025-11-13 08:07:11.463 [restartedMain] DEBUG o.s.boot.SpringApplication - Loading source class com.dailybrief.DailybriefApplication
2025-11-13 08:07:11.612 [restartedMain] DEBUG o.s.b.d.restart.ChangeableUrls - Matching URLs for reloading : [file:/C:/Xandão/SpringBoot/dailybrief/target/classes/]
2025-11-13 08:07:11.613 [restartedMain] DEBUG o.s.b.d.settings.DevToolsSettings - Included patterns for restart : []
2025-11-13 08:07:11.613 [restartedMain] DEBUG o.s.b.d.settings.DevToolsSettings - Excluded patterns for restart : [/spring-boot-starter-[\w-]+/, /spring-boot/(bin|build|out)/, /spring-boot-starter/(bin|build|out)/, /spring-boot-devtools/(bin|build|out)/, /spring-boot-actuator/(bin|build|out)/, /spring-boot-autoconfigure/(bin|build|out)/]
2025-11-13 08:07:11.613 [restartedMain] INFO  o.s.b.d.e.DevToolsPropertyDefaultsPostProcessor - Devtools property defaults active! Set 'spring.devtools.add-properties' to 'false' to disable
2025-11-13 08:07:11.613 [restartedMain] INFO  o.s.b.d.e.DevToolsPropertyDefaultsPostProcessor - For additional web related logging consider setting the 'logging.level.web' property to 'DEBUG'
2025-11-13 08:07:11.616 [restartedMain] DEBUG o.s.b.w.s.c.AnnotationConfigServletWebServerApplicationContext - Refreshing org.springframework.boot.web.servlet.context.AnnotationConfigServletWebServerApplicationContext@16254e02
2025-11-13 08:07:11.674 [restartedMain] DEBUG o.s.b.f.s.DefaultListableBeanFactory - Creating shared instance of singleton bean 'org.springframework.context.annotation.internalConfigurationAnnotationProcessor'
2025-11-13 08:07:11.718 [restartedMain] DEBUG o.s.b.f.s.DefaultListableBeanFactory - Creating shared instance of singleton bean 'org.springframework.boot.autoconfigure.internalCachingMetadataReaderFactory'
2025-11-13 08:07:11.953 [restartedMain] DEBUG o.s.c.a.ClassPathBeanDefinitionScanner - Identified candidate component class: file [C:\Xandão\SpringBoot\dailybrief\target\classes\com\dailybrief\config\CloudinaryConfig.class]
2025-11-13 08:07:11.981 [restartedMain] DEBUG o.s.c.a.ClassPathBeanDefinitionScanner - Identified candidate component class: file [C:\Xandão\SpringBoot\dailybrief\target\classes\com\dailybrief\config\JwtAuthenticationFilter.class]
2025-11-13 08:07:12.009 [restartedMain] DEBUG o.s.c.a.ClassPathBeanDefinitionScanner - Identified candidate component class: file [C:\Xandão\SpringBoot\dailybrief\target\classes\com\dailybrief\config\JwtTokenProvider.class]
2025-11-13 08:07:12.033 [restartedMain] DEBUG o.s.c.a.ClassPathBeanDefinitionScanner - Identified candidate component class: file [C:\Xandão\SpringBoot\dailybrief\target\classes\com\dailybrief\config\LocaleConfig.class]
2025-11-13 08:07:12.085 [restartedMain] DEBUG o.s.c.a.ClassPathBeanDefinitionScanner - Identified candidate component class: file [C:\Xandão\SpringBoot\dailybrief\target\classes\com\dailybrief\config\SecurityConfig.class]
2025-11-13 08:07:12.110 [restartedMain] DEBUG o.s.c.a.ClassPathBeanDefinitionScanner - Identified candidate component class: file [C:\Xandão\SpringBoot\dailybrief\target\classes\com\dailybrief\config\SwaggerConfig.class]
2025-11-13 08:07:12.139 [restartedMain] DEBUG o.s.c.a.ClassPathBeanDefinitionScanner - Identified candidate component class: file [C:\Xandão\SpringBoot\dailybrief\target\classes\com\dailybrief\config\WebClientConfig.class]
2025-11-13 08:07:12.279 [restartedMain] DEBUG o.s.c.a.ClassPathBeanDefinitionScanner - Identified candidate component class: file [C:\Xandão\SpringBoot\dailybrief\target\classes\com\dailybrief\controller\AdminController.class]
2025-11-13 08:07:12.305 [restartedMain] DEBUG o.s.c.a.ClassPathBeanDefinitionScanner - Identified candidate component class: file [C:\Xandão\SpringBoot\dailybrief\target\classes\com\dailybrief\controller\AuthController.class]
2025-11-13 08:07:12.335 [restartedMain] DEBUG o.s.c.a.ClassPathBeanDefinitionScanner - Identified candidate component class: file [C:\Xandão\SpringBoot\dailybrief\target\classes\com\dailybrief\controller\AutomationController.class]
2025-11-13 08:07:12.363 [restartedMain] DEBUG o.s.c.a.ClassPathBeanDefinitionScanner - Identified candidate component class: file [C:\Xandão\SpringBoot\dailybrief\target\classes\com\dailybrief\controller\CategoryController.class]
2025-11-13 08:07:12.385 [restartedMain] DEBUG o.s.c.a.ClassPathBeanDefinitionScanner - Identified candidate component class: file [C:\Xandão\SpringBoot\dailybrief\target\classes\com\dailybrief\controller\DashboardController.class]
2025-11-13 08:07:12.410 [restartedMain] DEBUG o.s.c.a.ClassPathBeanDefinitionScanner - Identified candidate component class: file [C:\Xandão\SpringBoot\dailybrief\target\classes\com\dailybrief\controller\LogController.class]
2025-11-13 08:07:12.444 [restartedMain] DEBUG o.s.c.a.ClassPathBeanDefinitionScanner - Identified candidate component class: file [C:\Xandão\SpringBoot\dailybrief\target\classes\com\dailybrief\controller\PostController.class]
2025-11-13 08:07:13.138 [restartedMain] DEBUG o.s.c.a.ClassPathBeanDefinitionScanner - Identified candidate component class: file [C:\Xandão\SpringBoot\dailybrief\target\classes\com\dailybrief\exception\GlobalExceptionHandler.class]
2025-11-13 08:07:13.234 [restartedMain] DEBUG o.s.c.a.ClassPathBeanDefinitionScanner - Identified candidate component class: file [C:\Xandão\SpringBoot\dailybrief\target\classes\com\dailybrief\mapper\AutomationConfigMapperImpl.class]
2025-11-13 08:07:13.270 [restartedMain] DEBUG o.s.c.a.ClassPathBeanDefinitionScanner - Identified candidate component class: file [C:\Xandão\SpringBoot\dailybrief\target\classes\com\dailybrief\mapper\AutomationMapperImpl.class]
2025-11-13 08:07:13.309 [restartedMain] DEBUG o.s.c.a.ClassPathBeanDefinitionScanner - Identified candidate component class: file [C:\Xandão\SpringBoot\dailybrief\target\classes\com\dailybrief\mapper\CategoryMapperImpl.class]
2025-11-13 08:07:13.371 [restartedMain] DEBUG o.s.c.a.ClassPathBeanDefinitionScanner - Identified candidate component class: file [C:\Xandão\SpringBoot\dailybrief\target\classes\com\dailybrief\mapper\LogMapperImpl.class]
2025-11-13 08:07:13.404 [restartedMain] DEBUG o.s.c.a.ClassPathBeanDefinitionScanner - Identified candidate component class: file [C:\Xandão\SpringBoot\dailybrief\target\classes\com\dailybrief\mapper\MaterialMapperImpl.class]
2025-11-13 08:07:13.429 [restartedMain] DEBUG o.s.c.a.ClassPathBeanDefinitionScanner - Identified candidate component class: file [C:\Xandão\SpringBoot\dailybrief\target\classes\com\dailybrief\mapper\PostMapper.class]
2025-11-13 08:07:13.468 [restartedMain] DEBUG o.s.c.a.ClassPathBeanDefinitionScanner - Identified candidate component class: file [C:\Xandão\SpringBoot\dailybrief\target\classes\com\dailybrief\mapper\RawMaterialMapperImpl.class]
2025-11-13 08:07:13.499 [restartedMain] DEBUG o.s.c.a.ClassPathBeanDefinitionScanner - Identified candidate component class: file [C:\Xandão\SpringBoot\dailybrief\target\classes\com\dailybrief\mapper\StatusMapperImpl.class]
2025-11-13 08:07:13.534 [restartedMain] DEBUG o.s.c.a.ClassPathBeanDefinitionScanner - Identified candidate component class: file [C:\Xandão\SpringBoot\dailybrief\target\classes\com\dailybrief\mapper\TrendingTopicSuggestionMapperImpl.class]
2025-11-13 08:07:13.749 [restartedMain] DEBUG o.s.c.a.ClassPathBeanDefinitionScanner - Ignored because not a concrete top-level class: file [C:\Xandão\SpringBoot\dailybrief\target\classes\com\dailybrief\repository\AutomationConfigRepository.class]
2025-11-13 08:07:13.763 [restartedMain] DEBUG o.s.c.a.ClassPathBeanDefinitionScanner - Ignored because not a concrete top-level class: file [C:\Xandão\SpringBoot\dailybrief\target\classes\com\dailybrief\repository\CategoryRepository.class]
2025-11-13 08:07:13.813 [restartedMain] DEBUG o.s.c.a.ClassPathBeanDefinitionScanner - Ignored because not a concrete top-level class: file [C:\Xandão\SpringBoot\dailybrief\target\classes\com\dailybrief\repository\MaterialRepository.class]
2025-11-13 08:07:13.829 [restartedMain] DEBUG o.s.c.a.ClassPathBeanDefinitionScanner - Ignored because not a concrete top-level class: file [C:\Xandão\SpringBoot\dailybrief\target\classes\com\dailybrief\repository\PostRepository.class]
2025-11-13 08:07:13.846 [restartedMain] DEBUG o.s.c.a.ClassPathBeanDefinitionScanner - Ignored because not a concrete top-level class: file [C:\Xandão\SpringBoot\dailybrief\target\classes\com\dailybrief\repository\RawMaterialRepository.class]
2025-11-13 08:07:13.876 [restartedMain] DEBUG o.s.c.a.ClassPathBeanDefinitionScanner - Ignored because not a concrete top-level class: file [C:\Xandão\SpringBoot\dailybrief\target\classes\com\dailybrief\repository\TrendingTopicSuggestionRepository.class]
2025-11-13 08:07:13.988 [restartedMain] DEBUG o.s.c.a.ClassPathBeanDefinitionScanner - Identified candidate component class: file [C:\Xandão\SpringBoot\dailybrief\target\classes\com\dailybrief\service\impl\AnalyticsServiceImpl.class]
2025-11-13 08:07:14.006 [restartedMain] DEBUG o.s.c.a.ClassPathBeanDefinitionScanner - Identified candidate component class: file [C:\Xandão\SpringBoot\dailybrief\target\classes\com\dailybrief\service\impl\AuthServiceImpl.class]
2025-11-13 08:07:14.030 [restartedMain] DEBUG o.s.c.a.ClassPathBeanDefinitionScanner - Identified candidate component class: file [C:\Xandão\SpringBoot\dailybrief\target\classes\com\dailybrief\service\impl\AutomationServiceImpl.class]
2025-11-13 08:07:14.056 [restartedMain] DEBUG o.s.c.a.ClassPathBeanDefinitionScanner - Identified candidate component class: file [C:\Xandão\SpringBoot\dailybrief\target\classes\com\dailybrief\service\impl\CategoryServiceImpl.class]
2025-11-13 08:07:14.083 [restartedMain] DEBUG o.s.c.a.ClassPathBeanDefinitionScanner - Identified candidate component class: file [C:\Xandão\SpringBoot\dailybrief\target\classes\com\dailybrief\service\impl\CustomUserDetailsService.class]
2025-11-13 08:07:14.108 [restartedMain] DEBUG o.s.c.a.ClassPathBeanDefinitionScanner - Identified candidate component class: file [C:\Xandão\SpringBoot\dailybrief\target\classes\com\dailybrief\service\impl\DashboardServiceImpl.class]
2025-11-13 08:07:14.134 [restartedMain] DEBUG o.s.c.a.ClassPathBeanDefinitionScanner - Identified candidate component class: file [C:\Xandão\SpringBoot\dailybrief\target\classes\com\dailybrief\service\impl\LogServiceImpl.class]
2025-11-13 08:07:14.156 [restartedMain] DEBUG o.s.c.a.ClassPathBeanDefinitionScanner - Identified candidate component class: file [C:\Xandão\SpringBoot\dailybrief\target\classes\com\dailybrief\service\impl\PostServiceImpl.class]
2025-11-13 08:07:14.177 [restartedMain] DEBUG o.s.c.a.ClassPathBeanDefinitionScanner - Identified candidate component class: file [C:\Xandão\SpringBoot\dailybrief\target\classes\com\dailybrief\service\impl\UserServiceImpl.class]
2025-11-13 08:07:15.679 [restartedMain] INFO  o.s.d.r.c.RepositoryConfigurationDelegate - Bootstrapping Spring Data JPA repositories in DEFAULT mode.
2025-11-13 08:07:15.695 [restartedMain] DEBUG o.s.b.f.s.DefaultListableBeanFactory - Creating shared instance of singleton bean 'org.springframework.boot.autoconfigure.AutoConfigurationPackages'
2025-11-13 08:07:15.713 [restartedMain] DEBUG o.s.b.a.AutoConfigurationPackages - @EnableAutoConfiguration was declared on a class in the package 'com.dailybrief'. Automatic @Repository and @Entity scanning is enabled.
2025-11-13 08:07:15.714 [restartedMain] DEBUG o.s.d.r.c.RepositoryConfigurationDelegate - Scanning for JPA repositories in packages com.dailybrief.
2025-11-13 08:07:15.744 [restartedMain] DEBUG o.s.d.r.c.RepositoryComponentProvider - Identified candidate component class: file [C:\Xandão\SpringBoot\dailybrief\target\classes\com\dailybrief\repository\AutomationConfigRepository.class]
2025-11-13 08:07:15.744 [restartedMain] DEBUG o.s.d.r.c.RepositoryComponentProvider - Identified candidate component class: file [C:\Xandão\SpringBoot\dailybrief\target\classes\com\dailybrief\repository\CategoryRepository.class]
2025-11-13 08:07:15.745 [restartedMain] DEBUG o.s.d.r.c.RepositoryComponentProvider - Identified candidate component class: file [C:\Xandão\SpringBoot\dailybrief\target\classes\com\dailybrief\repository\ImageRepository.class]
2025-11-13 08:07:15.745 [restartedMain] DEBUG o.s.d.r.c.RepositoryComponentProvider - Identified candidate component class: file [C:\Xandão\SpringBoot\dailybrief\target\classes\com\dailybrief\repository\LogRepository.class]
2025-11-13 08:07:15.745 [restartedMain] DEBUG o.s.d.r.c.RepositoryComponentProvider - Identified candidate component class: file [C:\Xandão\SpringBoot\dailybrief\target\classes\com\dailybrief\repository\MaterialRepository.class]
2025-11-13 08:07:15.745 [restartedMain] DEBUG o.s.d.r.c.RepositoryComponentProvider - Identified candidate component class: file [C:\Xandão\SpringBoot\dailybrief\target\classes\com\dailybrief\repository\PostRepository.class]
2025-11-13 08:07:15.746 [restartedMain] DEBUG o.s.d.r.c.RepositoryComponentProvider - Identified candidate component class: file [C:\Xandão\SpringBoot\dailybrief\target\classes\com\dailybrief\repository\RawMaterialRepository.class]
2025-11-13 08:07:15.746 [restartedMain] DEBUG o.s.d.r.c.RepositoryComponentProvider - Identified candidate component class: file [C:\Xandão\SpringBoot\dailybrief\target\classes\com\dailybrief\repository\StatusRepository.class]
2025-11-13 08:07:15.747 [restartedMain] DEBUG o.s.d.r.c.RepositoryComponentProvider - Identified candidate component class: file [C:\Xandão\SpringBoot\dailybrief\target\classes\com\dailybrief\repository\TrendingTopicSuggestionRepository.class]
2025-11-13 08:07:15.747 [restartedMain] DEBUG o.s.d.r.c.RepositoryComponentProvider - Identified candidate component class: file [C:\Xandão\SpringBoot\dailybrief\target\classes\com\dailybrief\repository\UserRepository.class]
2025-11-13 08:07:15.987 [restartedMain] DEBUG o.s.c.a.ClassPathScanningCandidateComponentProvider - Identified candidate component class: file [C:\Xandão\SpringBoot\dailybrief\target\classes\com\dailybrief\mapper\AutomationConfigMapperImpl.class]
2025-11-13 08:07:15.987 [restartedMain] DEBUG o.s.c.a.ClassPathScanningCandidateComponentProvider - Identified candidate component class: file [C:\Xandão\SpringBoot\dailybrief\target\classes\com\dailybrief\mapper\AutomationMapperImpl.class]
2025-11-13 08:07:15.987 [restartedMain] DEBUG o.s.c.a.ClassPathScanningCandidateComponentProvider - Identified candidate component class: file [C:\Xandão\SpringBoot\dailybrief\target\classes\com\dailybrief\mapper\CategoryMapperImpl.class]
2025-11-13 08:07:15.987 [restartedMain] DEBUG o.s.c.a.ClassPathScanningCandidateComponentProvider - Identified candidate component class: file [C:\Xandão\SpringBoot\dailybrief\target\classes\com\dailybrief\mapper\LogMapperImpl.class]
2025-11-13 08:07:15.987 [restartedMain] DEBUG o.s.c.a.ClassPathScanningCandidateComponentProvider - Identified candidate component class: file [C:\Xandão\SpringBoot\dailybrief\target\classes\com\dailybrief\mapper\MaterialMapperImpl.class]
2025-11-13 08:07:15.988 [restartedMain] DEBUG o.s.c.a.ClassPathScanningCandidateComponentProvider - Identified candidate component class: file [C:\Xandão\SpringBoot\dailybrief\target\classes\com\dailybrief\mapper\RawMaterialMapperImpl.class]
2025-11-13 08:07:15.988 [restartedMain] DEBUG o.s.c.a.ClassPathScanningCandidateComponentProvider - Identified candidate component class: file [C:\Xandão\SpringBoot\dailybrief\target\classes\com\dailybrief\mapper\StatusMapperImpl.class]
2025-11-13 08:07:15.988 [restartedMain] DEBUG o.s.c.a.ClassPathScanningCandidateComponentProvider - Identified candidate component class: file [C:\Xandão\SpringBoot\dailybrief\target\classes\com\dailybrief\mapper\TrendingTopicSuggestionMapperImpl.class]
2025-11-13 08:07:15.988 [restartedMain] DEBUG o.s.c.a.ClassPathScanningCandidateComponentProvider - Identified candidate component class: file [C:\Xandão\SpringBoot\dailybrief\target\classes\com\dailybrief\service\impl\AnalyticsServiceImpl.class]
2025-11-13 08:07:15.988 [restartedMain] DEBUG o.s.c.a.ClassPathScanningCandidateComponentProvider - Identified candidate component class: file [C:\Xandão\SpringBoot\dailybrief\target\classes\com\dailybrief\service\impl\AuthServiceImpl.class]
2025-11-13 08:07:15.988 [restartedMain] DEBUG o.s.c.a.ClassPathScanningCandidateComponentProvider - Identified candidate component class: file [C:\Xandão\SpringBoot\dailybrief\target\classes\com\dailybrief\service\impl\AutomationServiceImpl.class]
2025-11-13 08:07:15.988 [restartedMain] DEBUG o.s.c.a.ClassPathScanningCandidateComponentProvider - Identified candidate component class: file [C:\Xandão\SpringBoot\dailybrief\target\classes\com\dailybrief\service\impl\CategoryServiceImpl.class]
2025-11-13 08:07:15.988 [restartedMain] DEBUG o.s.c.a.ClassPathScanningCandidateComponentProvider - Identified candidate component class: file [C:\Xandão\SpringBoot\dailybrief\target\classes\com\dailybrief\service\impl\DashboardServiceImpl.class]
2025-11-13 08:07:15.988 [restartedMain] DEBUG o.s.c.a.ClassPathScanningCandidateComponentProvider - Identified candidate component class: file [C:\Xandão\SpringBoot\dailybrief\target\classes\com\dailybrief\service\impl\LogServiceImpl.class]
2025-11-13 08:07:15.988 [restartedMain] DEBUG o.s.c.a.ClassPathScanningCandidateComponentProvider - Identified candidate component class: file [C:\Xandão\SpringBoot\dailybrief\target\classes\com\dailybrief\service\impl\PostServiceImpl.class]
2025-11-13 08:07:15.990 [restartedMain] DEBUG o.s.c.a.ClassPathScanningCandidateComponentProvider - Identified candidate component class: file [C:\Xandão\SpringBoot\dailybrief\target\classes\com\dailybrief\service\impl\UserServiceImpl.class]
2025-11-13 08:07:16.037 [restartedMain] INFO  o.s.d.r.c.RepositoryConfigurationDelegate - Finished Spring Data repository scanning in 318 ms. Found 10 JPA repository interfaces.
2025-11-13 08:07:16.405 [restartedMain] DEBUG o.s.b.f.s.DefaultListableBeanFactory - Creating shared instance of singleton bean 'springSecurityHandlerMappingIntrospectorBeanDefinitionRegistryPostProcessor'
2025-11-13 08:07:16.591 [restartedMain] DEBUG o.s.b.f.s.DefaultListableBeanFactory - Creating shared instance of singleton bean 'propertySourcesPlaceholderConfigurer'
2025-11-13 08:07:16.609 [restartedMain] DEBUG o.s.b.f.s.DefaultListableBeanFactory - Creating shared instance of singleton bean 'emBeanDefinitionRegistrarPostProcessor'
2025-11-13 08:07:16.610 [restartedMain] DEBUG o.s.b.f.s.DefaultListableBeanFactory - Creating shared instance of singleton bean 'org.springframework.boot.sql.init.dependency.DatabaseInitializationDependencyConfigurer$DependsOnDatabaseInitializationPostProcessor'
2025-11-13 08:07:16.610 [restartedMain] DEBUG o.s.b.f.s.DefaultListableBeanFactory - Creating shared instance of singleton bean 'org.springframework.boot.devtools.autoconfigure.DevToolsDataSourceAutoConfiguration$DatabaseShutdownExecutorEntityManagerFactoryDependsOnPostProcessor'
2025-11-13 08:07:16.693 [restartedMain] DEBUG o.s.b.f.s.DefaultListableBeanFactory - Creating shared instance of singleton bean 'org.springframework.context.event.internalEventListenerProcessor'
2025-11-13 08:07:16.696 [restartedMain] DEBUG o.s.b.f.s.DefaultListableBeanFactory - Creating shared instance of singleton bean 'conversionServicePostProcessor'
2025-11-13 08:07:16.712 [restartedMain] DEBUG o.s.b.f.s.DefaultListableBeanFactory - Creating shared instance of singleton bean 'preserveErrorControllerTargetClassPostProcessor'
2025-11-13 08:07:16.714 [restartedMain] DEBUG o.s.b.f.s.DefaultListableBeanFactory - Creating shared instance of singleton bean 'org.springframework.context.event.internalEventListenerFactory'
2025-11-13 08:07:16.715 [restartedMain] DEBUG o.s.b.f.s.DefaultListableBeanFactory - Creating shared instance of singleton bean 'org.springframework.transaction.config.internalTransactionalEventListenerFactory'
2025-11-13 08:07:16.720 [restartedMain] DEBUG o.s.b.f.s.DefaultListableBeanFactory - Creating shared instance of singleton bean 'org.springframework.context.annotation.internalAutowiredAnnotationProcessor'
2025-11-13 08:07:16.722 [restartedMain] DEBUG o.s.b.f.s.DefaultListableBeanFactory - Creating shared instance of singleton bean 'org.springframework.context.annotation.internalCommonAnnotationProcessor'
2025-11-13 08:07:16.726 [restartedMain] DEBUG o.s.b.f.s.DefaultListableBeanFactory - Creating shared instance of singleton bean 'org.springframework.context.annotation.internalPersistenceAnnotationProcessor'
2025-11-13 08:07:16.727 [restartedMain] DEBUG o.s.b.f.s.DefaultListableBeanFactory - Creating shared instance of singleton bean 'org.springframework.boot.context.properties.ConfigurationPropertiesBindingPostProcessor'
2025-11-13 08:07:16.728 [restartedMain] DEBUG o.s.b.f.s.DefaultListableBeanFactory - Creating shared instance of singleton bean 'org.springframework.boot.context.internalConfigurationPropertiesBinder'
2025-11-13 08:07:16.733 [restartedMain] DEBUG o.s.b.f.s.DefaultListableBeanFactory - Creating shared instance of singleton bean 'jdbcConnectionDetailsHikariBeanPostProcessor'
2025-11-13 08:07:16.740 [restartedMain] DEBUG o.s.b.f.s.DefaultListableBeanFactory - Creating shared instance of singleton bean 'methodValidationPostProcessor'
2025-11-13 08:07:16.744 [restartedMain] DEBUG o.s.b.f.s.DefaultListableBeanFactory - Autowiring by type from bean name 'methodValidationPostProcessor' via factory method to bean named 'environment'
2025-11-13 08:07:16.776 [restartedMain] DEBUG o.s.b.f.s.DefaultListableBeanFactory - Creating shared instance of singleton bean 'org.springframework.boot.context.properties.EnableConfigurationPropertiesRegistrar.methodValidationExcludeFilter'
2025-11-13 08:07:16.814 [restartedMain] DEBUG o.s.b.f.s.DefaultListableBeanFactory - Creating shared instance of singleton bean 'org.springframework.aop.config.internalAutoProxyCreator'
2025-11-13 08:07:16.846 [restartedMain] DEBUG o.s.b.f.s.DefaultListableBeanFactory - Creating shared instance of singleton bean 'persistenceExceptionTranslationPostProcessor'
2025-11-13 08:07:16.846 [restartedMain] DEBUG o.s.b.f.s.DefaultListableBeanFactory - Autowiring by type from bean name 'persistenceExceptionTranslationPostProcessor' via factory method to bean named 'environment'
2025-11-13 08:07:16.851 [restartedMain] DEBUG o.s.b.f.s.DefaultListableBeanFactory - Creating shared instance of singleton bean 'webServerFactoryCustomizerBeanPostProcessor'
2025-11-13 08:07:16.853 [restartedMain] DEBUG o.s.b.f.s.DefaultListableBeanFactory - Creating shared instance of singleton bean 'errorPageRegistrarBeanPostProcessor'
2025-11-13 08:07:16.854 [restartedMain] DEBUG o.s.b.f.s.DefaultListableBeanFactory - Creating shared instance of singleton bean 'projectingArgumentResolverBeanPostProcessor'
2025-11-13 08:07:16.858 [restartedMain] DEBUG o.s.b.f.s.DefaultListableBeanFactory - Creating shared instance of singleton bean 'org.springframework.transaction.config.internalTransactionAdvisor'
2025-11-13 08:07:16.859 [restartedMain] DEBUG o.s.b.f.s.DefaultListableBeanFactory - Creating shared instance of singleton bean 'org.springframework.transaction.annotation.ProxyTransactionManagementConfiguration'
2025-11-13 08:07:16.885 [restartedMain] DEBUG o.s.b.f.s.DefaultListableBeanFactory - Creating shared instance of singleton bean 'transactionAttributeSource'
2025-11-13 08:07:16.894 [restartedMain] DEBUG o.s.b.f.s.DefaultListableBeanFactory - Creating shared instance of singleton bean 'transactionInterceptor'
2025-11-13 08:07:16.895 [restartedMain] DEBUG o.s.b.f.s.DefaultListableBeanFactory - Autowiring by type from bean name 'transactionInterceptor' via factory method to bean named 'transactionAttributeSource'
2025-11-13 08:07:16.912 [restartedMain] DEBUG o.s.b.f.s.DefaultListableBeanFactory - Autowiring by type from bean name 'org.springframework.transaction.config.internalTransactionAdvisor' via factory method to bean named 'transactionAttributeSource'
2025-11-13 08:07:16.913 [restartedMain] DEBUG o.s.b.f.s.DefaultListableBeanFactory - Autowiring by type from bean name 'org.springframework.transaction.config.internalTransactionAdvisor' via factory method to bean named 'transactionInterceptor'
2025-11-13 08:07:16.963 [restartedMain] DEBUG o.s.u.c.s.UiApplicationContextUtils - Unable to locate ThemeSource with name 'themeSource': using default [org.springframework.ui.context.support.ResourceBundleThemeSource@672ff569]
2025-11-13 08:07:16.964 [restartedMain] DEBUG o.s.b.f.s.DefaultListableBeanFactory - Creating shared instance of singleton bean 'tomcatServletWebServerFactory'
2025-11-13 08:07:16.964 [restartedMain] DEBUG o.s.b.f.s.DefaultListableBeanFactory - Creating shared instance of singleton bean 'org.springframework.boot.autoconfigure.web.servlet.ServletWebServerFactoryConfiguration$EmbeddedTomcat'
2025-11-13 08:07:17.007 [restartedMain] DEBUG o.s.b.f.s.DefaultListableBeanFactory - Creating shared instance of singleton bean 'websocketServletWebServerCustomizer'
2025-11-13 08:07:17.007 [restartedMain] DEBUG o.s.b.f.s.DefaultListableBeanFactory - Creating shared instance of singleton bean 'org.springframework.boot.autoconfigure.websocket.servlet.WebSocketServletAutoConfiguration$TomcatWebSocketConfiguration'
2025-11-13 08:07:17.010 [restartedMain] DEBUG o.s.b.f.s.DefaultListableBeanFactory - Creating shared instance of singleton bean 'servletWebServerFactoryCustomizer'
2025-11-13 08:07:17.011 [restartedMain] DEBUG o.s.b.f.s.DefaultListableBeanFactory - Creating shared instance of singleton bean 'org.springframework.boot.autoconfigure.web.servlet.ServletWebServerFactoryAutoConfiguration'
2025-11-13 08:07:17.013 [restartedMain] DEBUG o.s.b.f.s.DefaultListableBeanFactory - Creating shared instance of singleton bean 'server-org.springframework.boot.autoconfigure.web.ServerProperties'
2025-11-13 08:07:17.030 [restartedMain] DEBUG o.s.b.f.s.DefaultListableBeanFactory - Creating shared instance of singleton bean 'org.springframework.boot.context.properties.BoundConfigurationProperties'
2025-11-13 08:07:17.074 [restartedMain] DEBUG o.s.b.f.s.DefaultListableBeanFactory - Creating shared instance of singleton bean 'stringOrNumberMigrationVersionConverter'
2025-11-13 08:07:17.075 [restartedMain] DEBUG o.s.b.f.s.DefaultListableBeanFactory - Creating shared instance of singleton bean 'org.springframework.boot.autoconfigure.flyway.FlywayAutoConfiguration'
2025-11-13 08:07:17.116 [restartedMain] DEBUG o.s.b.f.s.DefaultListableBeanFactory - Autowiring by type from bean name 'servletWebServerFactoryCustomizer' via factory method to bean named 'server-org.springframework.boot.autoconfigure.web.ServerProperties'
2025-11-13 08:07:17.122 [restartedMain] DEBUG o.s.b.f.s.DefaultListableBeanFactory - Creating shared instance of singleton bean 'sslBundleRegistry'
2025-11-13 08:07:17.122 [restartedMain] DEBUG o.s.b.f.s.DefaultListableBeanFactory - Creating shared instance of singleton bean 'org.springframework.boot.autoconfigure.ssl.SslAutoConfiguration'
2025-11-13 08:07:17.125 [restartedMain] DEBUG o.s.b.f.s.DefaultListableBeanFactory - Creating shared instance of singleton bean 'spring.ssl-org.springframework.boot.autoconfigure.ssl.SslProperties'
2025-11-13 08:07:17.128 [restartedMain] DEBUG o.s.b.f.s.DefaultListableBeanFactory - Autowiring by type from bean name 'org.springframework.boot.autoconfigure.ssl.SslAutoConfiguration' via constructor to bean named 'org.springframework.boot.web.servlet.context.AnnotationConfigServletWebServerApplicationContext@16254e02'
2025-11-13 08:07:17.129 [restartedMain] DEBUG o.s.b.f.s.DefaultListableBeanFactory - Autowiring by type from bean name 'org.springframework.boot.autoconfigure.ssl.SslAutoConfiguration' via constructor to bean named 'spring.ssl-org.springframework.boot.autoconfigure.ssl.SslProperties'
2025-11-13 08:07:17.135 [restartedMain] DEBUG o.s.b.f.s.DefaultListableBeanFactory - Creating shared instance of singleton bean 'sslPropertiesSslBundleRegistrar'
2025-11-13 08:07:17.136 [restartedMain] DEBUG o.s.b.f.s.DefaultListableBeanFactory - Creating shared instance of singleton bean 'fileWatcher'
2025-11-13 08:07:17.139 [restartedMain] DEBUG o.s.b.f.s.DefaultListableBeanFactory - Autowiring by type from bean name 'sslPropertiesSslBundleRegistrar' via factory method to bean named 'fileWatcher'
2025-11-13 08:07:17.153 [restartedMain] DEBUG o.s.b.f.s.DefaultListableBeanFactory - Creating shared instance of singleton bean 'tomcatServletWebServerFactoryCustomizer'
2025-11-13 08:07:17.154 [restartedMain] DEBUG o.s.b.f.s.DefaultListableBeanFactory - Autowiring by type from bean name 'tomcatServletWebServerFactoryCustomizer' via factory method to bean named 'server-org.springframework.boot.autoconfigure.web.ServerProperties'
2025-11-13 08:07:17.155 [restartedMain] DEBUG o.s.b.f.s.DefaultListableBeanFactory - Creating shared instance of singleton bean 'nettyWebServerFactoryCustomizer'
2025-11-13 08:07:17.156 [restartedMain] DEBUG o.s.b.f.s.DefaultListableBeanFactory - Creating shared instance of singleton bean 'org.springframework.boot.autoconfigure.web.embedded.EmbeddedWebServerFactoryCustomizerAutoConfiguration$NettyWebServerFactoryCustomizerConfiguration'
2025-11-13 08:07:17.157 [restartedMain] DEBUG o.s.b.f.s.DefaultListableBeanFactory - Autowiring by type from bean name 'nettyWebServerFactoryCustomizer' via factory method to bean named 'environment'
2025-11-13 08:07:17.158 [restartedMain] DEBUG o.s.b.f.s.DefaultListableBeanFactory - Autowiring by type from bean name 'nettyWebServerFactoryCustomizer' via factory method to bean named 'server-org.springframework.boot.autoconfigure.web.ServerProperties'
2025-11-13 08:07:17.169 [restartedMain] DEBUG o.s.b.f.s.DefaultListableBeanFactory - Creating shared instance of singleton bean 'tomcatWebServerFactoryCustomizer'
2025-11-13 08:07:17.169 [restartedMain] DEBUG o.s.b.f.s.DefaultListableBeanFactory - Creating shared instance of singleton bean 'org.springframework.boot.autoconfigure.web.embedded.EmbeddedWebServerFactoryCustomizerAutoConfiguration$TomcatWebServerFactoryCustomizerConfiguration'
2025-11-13 08:07:17.171 [restartedMain] DEBUG o.s.b.f.s.DefaultListableBeanFactory - Autowiring by type from bean name 'tomcatWebServerFactoryCustomizer' via factory method to bean named 'environment'
2025-11-13 08:07:17.171 [restartedMain] DEBUG o.s.b.f.s.DefaultListableBeanFactory - Autowiring by type from bean name 'tomcatWebServerFactoryCustomizer' via factory method to bean named 'server-org.springframework.boot.autoconfigure.web.ServerProperties'
2025-11-13 08:07:17.174 [restartedMain] DEBUG o.s.b.f.s.DefaultListableBeanFactory - Creating shared instance of singleton bean 'localeCharsetMappingsCustomizer'
2025-11-13 08:07:17.175 [restartedMain] DEBUG o.s.b.f.s.DefaultListableBeanFactory - Creating shared instance of singleton bean 'org.springframework.boot.autoconfigure.web.servlet.HttpEncodingAutoConfiguration'
2025-11-13 08:07:17.176 [restartedMain] DEBUG o.s.b.f.s.DefaultListableBeanFactory - Autowiring by type from bean name 'org.springframework.boot.autoconfigure.web.servlet.HttpEncodingAutoConfiguration' via constructor to bean named 'server-org.springframework.boot.autoconfigure.web.ServerProperties'
2025-11-13 08:07:17.257 [restartedMain] DEBUG o.s.b.f.s.DefaultListableBeanFactory - Creating shared instance of singleton bean 'errorPageCustomizer'
2025-11-13 08:07:17.257 [restartedMain] DEBUG o.s.b.f.s.DefaultListableBeanFactory - Creating shared instance of singleton bean 'org.springframework.boot.autoconfigure.web.servlet.error.ErrorMvcAutoConfiguration'
2025-11-13 08:07:17.258 [restartedMain] DEBUG o.s.b.f.s.DefaultListableBeanFactory - Autowiring by type from bean name 'org.springframework.boot.autoconfigure.web.servlet.error.ErrorMvcAutoConfiguration' via constructor to bean named 'server-org.springframework.boot.autoconfigure.web.ServerProperties'
2025-11-13 08:07:17.261 [restartedMain] DEBUG o.s.b.f.s.DefaultListableBeanFactory - Creating shared instance of singleton bean 'dispatcherServletRegistration'
2025-11-13 08:07:17.261 [restartedMain] DEBUG o.s.b.f.s.DefaultListableBeanFactory - Creating shared instance of singleton bean 'org.springframework.boot.autoconfigure.web.servlet.DispatcherServletAutoConfiguration$DispatcherServletRegistrationConfiguration'
2025-11-13 08:07:17.262 [restartedMain] DEBUG o.s.b.f.s.DefaultListableBeanFactory - Creating shared instance of singleton bean 'dispatcherServlet'
2025-11-13 08:07:17.262 [restartedMain] DEBUG o.s.b.f.s.DefaultListableBeanFactory - Creating shared instance of singleton bean 'org.springframework.boot.autoconfigure.web.servlet.DispatcherServletAutoConfiguration$DispatcherServletConfiguration'
2025-11-13 08:07:17.263 [restartedMain] DEBUG o.s.b.f.s.DefaultListableBeanFactory - Creating shared instance of singleton bean 'spring.mvc-org.springframework.boot.autoconfigure.web.servlet.WebMvcProperties'
2025-11-13 08:07:17.269 [restartedMain] DEBUG o.s.b.f.s.DefaultListableBeanFactory - Autowiring by type from bean name 'dispatcherServlet' via factory method to bean named 'spring.mvc-org.springframework.boot.autoconfigure.web.servlet.WebMvcProperties'
2025-11-13 08:07:17.306 [restartedMain] DEBUG o.s.b.f.s.DefaultListableBeanFactory - Autowiring by type from bean name 'dispatcherServletRegistration' via factory method to bean named 'dispatcherServlet'
2025-11-13 08:07:17.306 [restartedMain] DEBUG o.s.b.f.s.DefaultListableBeanFactory - Autowiring by type from bean name 'dispatcherServletRegistration' via factory method to bean named 'spring.mvc-org.springframework.boot.autoconfigure.web.servlet.WebMvcProperties'
2025-11-13 08:07:17.312 [restartedMain] DEBUG o.s.b.f.s.DefaultListableBeanFactory - Creating shared instance of singleton bean 'multipartConfigElement'
2025-11-13 08:07:17.313 [restartedMain] DEBUG o.s.b.f.s.DefaultListableBeanFactory - Creating shared instance of singleton bean 'org.springframework.boot.autoconfigure.web.servlet.MultipartAutoConfiguration'
2025-11-13 08:07:17.314 [restartedMain] DEBUG o.s.b.f.s.DefaultListableBeanFactory - Creating shared instance of singleton bean 'spring.servlet.multipart-org.springframework.boot.autoconfigure.web.servlet.MultipartProperties'
2025-11-13 08:07:17.327 [restartedMain] DEBUG o.s.b.f.s.DefaultListableBeanFactory - Autowiring by type from bean name 'org.springframework.boot.autoconfigure.web.servlet.MultipartAutoConfiguration' via constructor to bean named 'spring.servlet.multipart-org.springframework.boot.autoconfigure.web.servlet.MultipartProperties'
2025-11-13 08:07:17.339 [restartedMain] DEBUG o.s.b.f.s.DefaultListableBeanFactory - Autowiring by type from bean name 'errorPageCustomizer' via factory method to bean named 'dispatcherServletRegistration'
2025-11-13 08:07:17.583 [restartedMain] DEBUG o.s.b.w.e.t.TomcatServletWebServerFactory - Code archive: C:\Users\plata\.m2\repository\org\springframework\boot\spring-boot\3.4.5\spring-boot-3.4.5.jar
2025-11-13 08:07:17.583 [restartedMain] DEBUG o.s.b.w.e.t.TomcatServletWebServerFactory - Code archive: C:\Users\plata\.m2\repository\org\springframework\boot\spring-boot\3.4.5\spring-boot-3.4.5.jar
2025-11-13 08:07:17.584 [restartedMain] DEBUG o.s.b.w.e.t.TomcatServletWebServerFactory - None of the document roots [src/main/webapp, public, static] point to a directory and will be ignored.
2025-11-13 08:07:17.708 [restartedMain] INFO  o.s.b.w.e.tomcat.TomcatWebServer - Tomcat initialized with port 8080 (http)
2025-11-13 08:07:17.748 [restartedMain] INFO  o.a.coyote.http11.Http11NioProtocol - Initializing ProtocolHandler ["http-nio-8080"]
2025-11-13 08:07:17.753 [restartedMain] INFO  o.a.catalina.core.StandardService - Starting service [Tomcat]
2025-11-13 08:07:17.754 [restartedMain] INFO  o.a.catalina.core.StandardEngine - Starting Servlet engine: [Apache Tomcat/10.1.40]
2025-11-13 08:07:17.895 [restartedMain] INFO  o.a.c.c.C.[Tomcat].[localhost].[/] - Initializing Spring embedded WebApplicationContext
2025-11-13 08:07:17.895 [restartedMain] DEBUG o.s.b.w.s.c.ServletWebServerApplicationContext - Published root WebApplicationContext as ServletContext attribute with name [org.springframework.web.context.WebApplicationContext.ROOT]
2025-11-13 08:07:17.895 [restartedMain] INFO  o.s.b.w.s.c.ServletWebServerApplicationContext - Root WebApplicationContext: initialization completed in 6281 ms
2025-11-13 08:07:17.899 [restartedMain] DEBUG o.s.b.f.s.DefaultListableBeanFactory - Creating shared instance of singleton bean 'securityFilterChainRegistration'
2025-11-13 08:07:17.900 [restartedMain] DEBUG o.s.b.f.s.DefaultListableBeanFactory - Creating shared instance of singleton bean 'org.springframework.boot.autoconfigure.security.servlet.SecurityFilterAutoConfiguration'
2025-11-13 08:07:17.902 [restartedMain] DEBUG o.s.b.f.s.DefaultListableBeanFactory - Creating shared instance of singleton bean 'spring.security-org.springframework.boot.autoconfigure.security.SecurityProperties'
2025-11-13 08:07:17.906 [restartedMain] DEBUG o.s.b.f.s.DefaultListableBeanFactory - Autowiring by type from bean name 'securityFilterChainRegistration' via factory method to bean named 'spring.security-org.springframework.boot.autoconfigure.security.SecurityProperties'
2025-11-13 08:07:17.917 [restartedMain] DEBUG o.s.b.f.s.DefaultListableBeanFactory - Creating shared instance of singleton bean 'jwtAuthenticationFilter'
2025-11-13 08:07:17.924 [restartedMain] DEBUG o.s.b.f.s.DefaultListableBeanFactory - Creating shared instance of singleton bean 'jwtTokenProvider'
2025-11-13 08:07:17.929 [restartedMain] DEBUG o.s.c.e.PropertySourcesPropertyResolver - Found key 'jwt.secret' in PropertySource 'environmentProperties' with value of type String
2025-11-13 08:07:17.935 [restartedMain] DEBUG o.s.c.e.PropertySourcesPropertyResolver - Found key 'jwt.secret' in PropertySource 'environmentProperties' with value of type String
2025-11-13 08:07:17.939 [restartedMain] DEBUG o.s.b.f.s.DefaultListableBeanFactory - Creating shared instance of singleton bean 'customUserDetailsService'
2025-11-13 08:07:17.942 [restartedMain] DEBUG o.s.b.f.s.DefaultListableBeanFactory - Creating shared instance of singleton bean 'userRepository'
2025-11-13 08:07:17.957 [restartedMain] DEBUG o.s.b.f.s.DefaultListableBeanFactory - Creating shared instance of singleton bean 'jpa.named-queries#3'
2025-11-13 08:07:17.965 [restartedMain] DEBUG o.s.b.f.s.DefaultListableBeanFactory - Creating shared instance of singleton bean 'jpa.UserRepository.fragments#0'
2025-11-13 08:07:17.977 [restartedMain] DEBUG o.s.b.f.s.DefaultListableBeanFactory - Creating shared instance of singleton bean 'jpaSharedEM_entityManagerFactory'
2025-11-13 08:07:17.977 [restartedMain] DEBUG o.s.b.f.s.DefaultListableBeanFactory - Creating shared instance of singleton bean 'flyway'
2025-11-13 08:07:17.978 [restartedMain] DEBUG o.s.b.f.s.DefaultListableBeanFactory - Creating shared instance of singleton bean 'org.springframework.boot.autoconfigure.flyway.FlywayAutoConfiguration$FlywayConfiguration'
2025-11-13 08:07:17.979 [restartedMain] DEBUG o.s.b.f.s.DefaultListableBeanFactory - Creating shared instance of singleton bean 'spring.flyway-org.springframework.boot.autoconfigure.flyway.FlywayProperties'
2025-11-13 08:07:17.996 [restartedMain] DEBUG o.s.b.f.s.DefaultListableBeanFactory - Autowiring by type from bean name 'org.springframework.boot.autoconfigure.flyway.FlywayAutoConfiguration$FlywayConfiguration' via constructor to bean named 'spring.flyway-org.springframework.boot.autoconfigure.flyway.FlywayProperties'
2025-11-13 08:07:18.002 [restartedMain] DEBUG o.s.b.f.s.DefaultListableBeanFactory - Creating shared instance of singleton bean 'flywayConnectionDetails'
2025-11-13 08:07:18.010 [restartedMain] DEBUG o.s.b.f.s.DefaultListableBeanFactory - Creating shared instance of singleton bean 'resourceProviderCustomizer'
2025-11-13 08:07:18.012 [restartedMain] DEBUG o.s.b.f.s.DefaultListableBeanFactory - Autowiring by type from bean name 'flyway' via factory method to bean named 'flywayConnectionDetails'
2025-11-13 08:07:18.014 [restartedMain] DEBUG o.s.b.f.s.DefaultListableBeanFactory - Autowiring by type from bean name 'flyway' via factory method to bean named 'org.springframework.boot.web.servlet.context.AnnotationConfigServletWebServerApplicationContext@16254e02'
2025-11-13 08:07:18.014 [restartedMain] DEBUG o.s.b.f.s.DefaultListableBeanFactory - Autowiring by type from bean name 'flyway' via factory method to bean named 'resourceProviderCustomizer'
2025-11-13 08:07:18.056 [restartedMain] DEBUG o.s.b.f.s.DefaultListableBeanFactory - Creating shared instance of singleton bean 'dataSource'
2025-11-13 08:07:18.056 [restartedMain] DEBUG o.s.b.f.s.DefaultListableBeanFactory - Creating shared instance of singleton bean 'org.springframework.boot.autoconfigure.jdbc.DataSourceConfiguration$Hikari'
2025-11-13 08:07:18.057 [restartedMain] DEBUG o.s.b.f.s.DefaultListableBeanFactory - Creating shared instance of singleton bean 'spring.datasource-org.springframework.boot.autoconfigure.jdbc.DataSourceProperties'
2025-11-13 08:07:18.071 [restartedMain] DEBUG o.s.b.f.s.DefaultListableBeanFactory - Creating shared instance of singleton bean 'jdbcConnectionDetails'
2025-11-13 08:07:18.071 [restartedMain] DEBUG o.s.b.f.s.DefaultListableBeanFactory - Creating shared instance of singleton bean 'org.springframework.boot.autoconfigure.jdbc.DataSourceAutoConfiguration$PooledDataSourceConfiguration'
2025-11-13 08:07:18.073 [restartedMain] DEBUG o.s.b.f.s.DefaultListableBeanFactory - Autowiring by type from bean name 'jdbcConnectionDetails' via factory method to bean named 'spring.datasource-org.springframework.boot.autoconfigure.jdbc.DataSourceProperties'
2025-11-13 08:07:18.075 [restartedMain] DEBUG o.s.b.f.s.DefaultListableBeanFactory - Autowiring by type from bean name 'dataSource' via factory method to bean named 'spring.datasource-org.springframework.boot.autoconfigure.jdbc.DataSourceProperties'
2025-11-13 08:07:18.076 [restartedMain] DEBUG o.s.b.f.s.DefaultListableBeanFactory - Autowiring by type from bean name 'dataSource' via factory method to bean named 'jdbcConnectionDetails'
2025-11-13 08:07:18.076 [restartedMain] DEBUG o.s.b.f.s.DefaultListableBeanFactory - Autowiring by type from bean name 'dataSource' via factory method to bean named 'environment'
2025-11-13 08:07:18.160 [restartedMain] DEBUG o.s.b.f.s.DefaultListableBeanFactory - Creating shared instance of singleton bean 'postgresqlFlywayConfigurationCustomizer'
2025-11-13 08:07:18.410 [restartedMain] DEBUG o.s.b.f.s.DefaultListableBeanFactory - Creating shared instance of singleton bean 'flywayInitializer'
2025-11-13 08:07:18.412 [restartedMain] DEBUG o.s.b.f.s.DefaultListableBeanFactory - Autowiring by type from bean name 'flywayInitializer' via factory method to bean named 'flyway'
2025-11-13 08:07:18.454 [restartedMain] INFO  com.zaxxer.hikari.HikariDataSource - HikariPool-1 - Starting...
2025-11-13 08:07:18.833 [restartedMain] INFO  com.zaxxer.hikari.pool.HikariPool - HikariPool-1 - Added connection org.postgresql.jdbc.PgConnection@2b98ca17
2025-11-13 08:07:18.834 [restartedMain] INFO  com.zaxxer.hikari.HikariDataSource - HikariPool-1 - Start completed.
2025-11-13 08:07:18.886 [restartedMain] INFO  org.flywaydb.core.FlywayExecutor - Database: jdbc:postgresql://localhost:5432/dailydb (PostgreSQL 17.6)
2025-11-13 08:07:19.026 [restartedMain] INFO  o.f.core.internal.command.DbValidate - Successfully validated 1 migration (execution time 00:00.096s)
2025-11-13 08:07:19.094 [restartedMain] INFO  o.f.core.internal.command.DbMigrate - Current version of schema "public": 1
2025-11-13 08:07:19.101 [restartedMain] INFO  o.f.core.internal.command.DbMigrate - Schema "public" is up to date. No migration necessary.
2025-11-13 08:07:19.122 [restartedMain] DEBUG o.s.b.f.s.DefaultListableBeanFactory - Creating shared instance of singleton bean 'dataSourceScriptDatabaseInitializer'
2025-11-13 08:07:19.122 [restartedMain] DEBUG o.s.b.f.s.DefaultListableBeanFactory - Creating shared instance of singleton bean 'org.springframework.boot.autoconfigure.sql.init.DataSourceInitializationConfiguration'
2025-11-13 08:07:19.124 [restartedMain] DEBUG o.s.b.f.s.DefaultListableBeanFactory - Creating shared instance of singleton bean 'spring.sql.init-org.springframework.boot.autoconfigure.sql.init.SqlInitializationProperties'
2025-11-13 08:07:19.127 [restartedMain] DEBUG o.s.b.f.s.DefaultListableBeanFactory - Autowiring by type from bean name 'dataSourceScriptDatabaseInitializer' via factory method to bean named 'dataSource'
2025-11-13 08:07:19.127 [restartedMain] DEBUG o.s.b.f.s.DefaultListableBeanFactory - Autowiring by type from bean name 'dataSourceScriptDatabaseInitializer' via factory method to bean named 'spring.sql.init-org.springframework.boot.autoconfigure.sql.init.SqlInitializationProperties'
2025-11-13 08:07:19.140 [restartedMain] DEBUG o.s.b.f.s.DefaultListableBeanFactory - Creating shared instance of singleton bean 'inMemoryDatabaseShutdownExecutor'
2025-11-13 08:07:19.141 [restartedMain] DEBUG o.s.b.f.s.DefaultListableBeanFactory - Creating shared instance of singleton bean 'org.springframework.boot.devtools.autoconfigure.DevToolsDataSourceAutoConfiguration'
2025-11-13 08:07:19.142 [restartedMain] DEBUG o.s.b.f.s.DefaultListableBeanFactory - Autowiring by type from bean name 'inMemoryDatabaseShutdownExecutor' via factory method to bean named 'dataSource'
2025-11-13 08:07:19.142 [restartedMain] DEBUG o.s.b.f.s.DefaultListableBeanFactory - Autowiring by type from bean name 'inMemoryDatabaseShutdownExecutor' via factory method to bean named 'spring.datasource-org.springframework.boot.autoconfigure.jdbc.DataSourceProperties'
2025-11-13 08:07:19.143 [restartedMain] DEBUG o.s.b.f.s.DefaultListableBeanFactory - Creating shared instance of singleton bean 'entityManagerFactory'
2025-11-13 08:07:19.144 [restartedMain] DEBUG o.s.b.f.s.DefaultListableBeanFactory - Creating shared instance of singleton bean 'org.springframework.boot.autoconfigure.orm.jpa.HibernateJpaConfiguration'
2025-11-13 08:07:19.145 [restartedMain] DEBUG o.s.b.f.s.DefaultListableBeanFactory - Creating shared instance of singleton bean 'spring.jpa-org.springframework.boot.autoconfigure.orm.jpa.JpaProperties'
2025-11-13 08:07:19.150 [restartedMain] DEBUG o.s.b.f.s.DefaultListableBeanFactory - Creating shared instance of singleton bean 'spring.jpa.hibernate-org.springframework.boot.autoconfigure.orm.jpa.HibernateProperties'
2025-11-13 08:07:19.154 [restartedMain] DEBUG o.s.b.f.s.DefaultListableBeanFactory - Autowiring by type from bean name 'org.springframework.boot.autoconfigure.orm.jpa.HibernateJpaConfiguration' via constructor to bean named 'dataSource'
2025-11-13 08:07:19.155 [restartedMain] DEBUG o.s.b.f.s.DefaultListableBeanFactory - Autowiring by type from bean name 'org.springframework.boot.autoconfigure.orm.jpa.HibernateJpaConfiguration' via constructor to bean named 'spring.jpa-org.springframework.boot.autoconfigure.orm.jpa.JpaProperties'
2025-11-13 08:07:19.155 [restartedMain] DEBUG o.s.b.f.s.DefaultListableBeanFactory - Autowiring by type from bean name 'org.springframework.boot.autoconfigure.orm.jpa.HibernateJpaConfiguration' via constructor to bean named 'org.springframework.beans.factory.support.DefaultListableBeanFactory@2115359d'
2025-11-13 08:07:19.155 [restartedMain] DEBUG o.s.b.f.s.DefaultListableBeanFactory - Autowiring by type from bean name 'org.springframework.boot.autoconfigure.orm.jpa.HibernateJpaConfiguration' via constructor to bean named 'spring.jpa.hibernate-org.springframework.boot.autoconfigure.orm.jpa.HibernateProperties'
2025-11-13 08:07:19.164 [restartedMain] DEBUG o.s.b.f.s.DefaultListableBeanFactory - Creating shared instance of singleton bean 'hikariPoolDataSourceMetadataProvider'
2025-11-13 08:07:19.165 [restartedMain] DEBUG o.s.b.f.s.DefaultListableBeanFactory - Creating shared instance of singleton bean 'org.springframework.boot.autoconfigure.jdbc.metadata.DataSourcePoolMetadataProvidersConfiguration$HikariPoolDataSourceMetadataProviderConfiguration'
2025-11-13 08:07:19.188 [restartedMain] DEBUG o.s.b.f.s.DefaultListableBeanFactory - Creating shared instance of singleton bean 'entityManagerFactoryBuilder'
2025-11-13 08:07:19.189 [restartedMain] DEBUG o.s.b.f.s.DefaultListableBeanFactory - Creating shared instance of singleton bean 'jpaVendorAdapter'
2025-11-13 08:07:19.221 [restartedMain] DEBUG o.s.b.f.s.DefaultListableBeanFactory - Autowiring by type from bean name 'entityManagerFactoryBuilder' via factory method to bean named 'jpaVendorAdapter'
2025-11-13 08:07:19.227 [restartedMain] DEBUG o.s.b.f.s.DefaultListableBeanFactory - Creating shared instance of singleton bean 'persistenceManagedTypes'
2025-11-13 08:07:19.229 [restartedMain] DEBUG o.s.b.f.s.DefaultListableBeanFactory - Autowiring by type from bean name 'persistenceManagedTypes' via factory method to bean named 'org.springframework.beans.factory.support.DefaultListableBeanFactory@2115359d'
2025-11-13 08:07:19.229 [restartedMain] DEBUG o.s.b.f.s.DefaultListableBeanFactory - Autowiring by type from bean name 'persistenceManagedTypes' via factory method to bean named 'org.springframework.boot.web.servlet.context.AnnotationConfigServletWebServerApplicationContext@16254e02'
2025-11-13 08:07:19.258 [restartedMain] DEBUG o.s.b.f.s.DefaultListableBeanFactory - Autowiring by type from bean name 'entityManagerFactory' via factory method to bean named 'entityManagerFactoryBuilder'
2025-11-13 08:07:19.258 [restartedMain] DEBUG o.s.b.f.s.DefaultListableBeanFactory - Autowiring by type from bean name 'entityManagerFactory' via factory method to bean named 'persistenceManagedTypes'
2025-11-13 08:07:19.295 [restartedMain] DEBUG o.s.o.j.LocalContainerEntityManagerFactoryBean - Building JPA container EntityManagerFactory for persistence unit 'default'
2025-11-13 08:07:19.354 [restartedMain] INFO  o.h.jpa.internal.util.LogHelper - HHH000204: Processing PersistenceUnitInfo [name: default]
2025-11-13 08:07:19.517 [restartedMain] INFO  org.hibernate.Version - HHH000412: Hibernate ORM core version 6.6.13.Final
2025-11-13 08:07:19.596 [restartedMain] INFO  o.h.c.i.RegionFactoryInitiator - HHH000026: Second-level cache disabled
2025-11-13 08:07:19.857 [restartedMain] WARN  org.hibernate.orm.deprecation - HHH90000025: PostgreSQLDialect does not need to be specified explicitly using 'hibernate.dialect' (remove the property setting and it will be selected by default)
2025-11-13 08:07:19.883 [restartedMain] INFO  o.hibernate.orm.connections.pooling - HHH10001005: Database info:
	Database JDBC URL [Connecting through datasource 'HikariDataSource (HikariPool-1)']
	Database driver: undefined/unknown
	Database version: 17.6
	Autocommit mode: undefined/unknown
	Isolation level: undefined/unknown
	Minimum pool size: undefined/unknown
	Maximum pool size: undefined/unknown
2025-11-13 08:07:20.305 [restartedMain] INFO  o.s.o.j.p.SpringPersistenceUnitInfo - No LoadTimeWeaver setup: ignoring JPA class transformer
2025-11-13 08:07:22.415 [restartedMain] INFO  o.h.e.t.j.p.i.JtaPlatformInitiator - HHH000489: No JTA platform available (set 'hibernate.transaction.jta.platform' to enable JTA platform integration)
2025-11-13 08:07:22.421 [restartedMain] INFO  o.s.o.j.LocalContainerEntityManagerFactoryBean - Initialized JPA EntityManagerFactory for persistence unit 'default'
2025-11-13 08:07:22.510 [restartedMain] DEBUG o.s.b.f.s.DefaultListableBeanFactory - Creating shared instance of singleton bean 'jpaMappingContext'
2025-11-13 08:07:22.511 [restartedMain] DEBUG o.s.d.j.r.c.JpaMetamodelMappingContextFactoryBean - Initializing JpaMetamodelMappingContext…
2025-11-13 08:07:22.544 [restartedMain] DEBUG o.s.d.j.r.c.JpaMetamodelMappingContextFactoryBean - Finished initializing JpaMetamodelMappingContext
2025-11-13 08:07:22.598 [restartedMain] DEBUG o.s.o.j.SharedEntityManagerCreator$SharedEntityManagerInvocationHandler - Creating new EntityManager for shared EntityManager invocation
2025-11-13 08:07:22.655 [restartedMain] DEBUG o.s.o.j.SharedEntityManagerCreator$SharedEntityManagerInvocationHandler - Creating new EntityManager for shared EntityManager invocation
2025-11-13 08:07:22.687 [restartedMain] DEBUG o.s.beans.CachedIntrospectionResults - Not strongly caching class [com.dailybrief.model.User] because it is not cache-safe
2025-11-13 08:07:22.723 [restartedMain] DEBUG o.s.d.r.c.s.RepositoryFactorySupport - Initializing repository instance for com.dailybrief.repository.UserRepository…
2025-11-13 08:07:22.743 [restartedMain] DEBUG o.s.o.j.SharedEntityManagerCreator$SharedEntityManagerInvocationHandler - Creating new EntityManager for shared EntityManager invocation
2025-11-13 08:07:22.812 [restartedMain] DEBUG o.s.d.j.repository.query.NamedQuery - Looking up named query 'User.findByEmail'
2025-11-13 08:07:22.816 [restartedMain] DEBUG o.s.d.j.repository.query.NamedQuery - Did not find named query User.findByEmail
2025-11-13 08:07:22.821 [restartedMain] DEBUG o.s.o.j.SharedEntityManagerCreator$SharedEntityManagerInvocationHandler - Creating new EntityManager for shared EntityManager invocation
2025-11-13 08:07:22.901 [restartedMain] DEBUG o.s.d.r.c.s.RepositoryFactorySupport - Finished creation of repository instance for com.dailybrief.repository.UserRepository.
2025-11-13 08:07:22.911 [restartedMain] DEBUG o.s.b.f.s.DefaultListableBeanFactory - Creating shared instance of singleton bean 'requestContextFilter'
2025-11-13 08:07:22.918 [restartedMain] DEBUG o.s.b.f.s.DefaultListableBeanFactory - Creating shared instance of singleton bean 'formContentFilter'
2025-11-13 08:07:22.919 [restartedMain] DEBUG o.s.b.f.s.DefaultListableBeanFactory - Creating shared instance of singleton bean 'org.springframework.boot.autoconfigure.web.servlet.WebMvcAutoConfiguration'
2025-11-13 08:07:22.922 [restartedMain] DEBUG o.s.b.f.s.DefaultListableBeanFactory - Creating shared instance of singleton bean 'characterEncodingFilter'
2025-11-13 08:07:22.938 [restartedMain] DEBUG o.s.b.w.s.ServletContextInitializerBeans - Mapping filters: springSecurityFilterChain urls=[/*] order=-100, characterEncodingFilter urls=[/*] order=-2147483648, formContentFilter urls=[/*] order=-9900, requestContextFilter urls=[/*] order=-105, jwtAuthenticationFilter urls=[/*] order=2147483647
2025-11-13 08:07:22.938 [restartedMain] DEBUG o.s.b.w.s.ServletContextInitializerBeans - Mapping servlets: dispatcherServlet urls=[/]
2025-11-13 08:07:22.984 [restartedMain] DEBUG o.s.b.w.s.f.OrderedRequestContextFilter - Filter 'requestContextFilter' configured for use
2025-11-13 08:07:22.986 [restartedMain] DEBUG c.d.config.JwtAuthenticationFilter - Filter 'jwtAuthenticationFilter' configured for use
2025-11-13 08:07:22.987 [restartedMain] DEBUG o.s.b.w.s.f.OrderedCharacterEncodingFilter - Filter 'characterEncodingFilter' configured for use
2025-11-13 08:07:22.987 [restartedMain] DEBUG o.s.b.w.s.DelegatingFilterProxyRegistrationBean$1 - Filter 'springSecurityFilterChain' configured for use
2025-11-13 08:07:22.987 [restartedMain] DEBUG o.s.b.w.s.f.OrderedFormContentFilter - Filter 'formContentFilter' configured for use
2025-11-13 08:07:23.003 [restartedMain] DEBUG o.s.b.f.s.DefaultListableBeanFactory - Creating shared instance of singleton bean 'dailybriefApplication'
2025-11-13 08:07:23.004 [restartedMain] DEBUG o.s.b.f.s.DefaultListableBeanFactory - Creating shared instance of singleton bean 'cloudinaryConfig'
2025-11-13 08:07:23.006 [restartedMain] DEBUG o.s.b.f.s.DefaultListableBeanFactory - Creating shared instance of singleton bean 'localeConfig'
2025-11-13 08:07:23.008 [restartedMain] DEBUG o.s.b.f.s.DefaultListableBeanFactory - Creating shared instance of singleton bean 'securityConfig'
2025-11-13 08:07:23.010 [restartedMain] DEBUG o.s.b.f.s.DefaultListableBeanFactory - Creating shared instance of singleton bean 'swaggerConfig'
2025-11-13 08:07:23.012 [restartedMain] DEBUG o.s.b.f.s.DefaultListableBeanFactory - Creating shared instance of singleton bean 'webClientConfig'
2025-11-13 08:07:23.013 [restartedMain] DEBUG o.s.c.e.PropertySourcesPropertyResolver - Found key 'python.api.base.url' in PropertySource 'environmentProperties' with value of type String
2025-11-13 08:07:23.016 [restartedMain] DEBUG o.s.b.f.s.DefaultListableBeanFactory - Creating shared instance of singleton bean 'adminController'
2025-11-13 08:07:23.034 [restartedMain] DEBUG o.s.b.f.s.DefaultListableBeanFactory - Creating shared instance of singleton bean 'logServiceImpl'
2025-11-13 08:07:23.037 [restartedMain] DEBUG o.s.b.f.s.DefaultListableBeanFactory - Creating shared instance of singleton bean 'logRepository'
2025-11-13 08:07:23.040 [restartedMain] DEBUG o.s.b.f.s.DefaultListableBeanFactory - Creating shared instance of singleton bean 'jpa.named-queries#0'
2025-11-13 08:07:23.041 [restartedMain] DEBUG o.s.b.f.s.DefaultListableBeanFactory - Creating shared instance of singleton bean 'jpa.LogRepository.fragments#0'
2025-11-13 08:07:23.042 [restartedMain] DEBUG o.s.o.j.SharedEntityManagerCreator$SharedEntityManagerInvocationHandler - Creating new EntityManager for shared EntityManager invocation
2025-11-13 08:07:23.046 [restartedMain] DEBUG o.s.beans.CachedIntrospectionResults - Not strongly caching class [com.dailybrief.model.Log] because it is not cache-safe
2025-11-13 08:07:23.057 [restartedMain] DEBUG o.s.d.r.c.s.RepositoryFactorySupport - Initializing repository instance for com.dailybrief.repository.LogRepository…
2025-11-13 08:07:23.058 [restartedMain] DEBUG o.s.o.j.SharedEntityManagerCreator$SharedEntityManagerInvocationHandler - Creating new EntityManager for shared EntityManager invocation
2025-11-13 08:07:23.063 [restartedMain] DEBUG o.s.d.j.repository.query.NamedQuery - Looking up named query 'Log.findByTimestampAfter'
2025-11-13 08:07:23.064 [restartedMain] DEBUG o.s.d.j.repository.query.NamedQuery - Did not find named query Log.findByTimestampAfter
2025-11-13 08:07:23.064 [restartedMain] DEBUG o.s.o.j.SharedEntityManagerCreator$SharedEntityManagerInvocationHandler - Creating new EntityManager for shared EntityManager invocation
2025-11-13 08:07:23.067 [restartedMain] DEBUG o.s.d.j.repository.query.NamedQuery - Looking up named query 'Log.findByCreatedBy'
2025-11-13 08:07:23.068 [restartedMain] DEBUG o.s.d.j.repository.query.NamedQuery - Did not find named query Log.findByCreatedBy
2025-11-13 08:07:23.068 [restartedMain] DEBUG o.s.o.j.SharedEntityManagerCreator$SharedEntityManagerInvocationHandler - Creating new EntityManager for shared EntityManager invocation
2025-11-13 08:07:23.072 [restartedMain] DEBUG o.s.d.j.repository.query.NamedQuery - Looking up named query 'Log.findAllByOrderByTimestampDesc'
2025-11-13 08:07:23.073 [restartedMain] DEBUG o.s.d.j.repository.query.NamedQuery - Did not find named query Log.findAllByOrderByTimestampDesc
2025-11-13 08:07:23.073 [restartedMain] DEBUG o.s.o.j.SharedEntityManagerCreator$SharedEntityManagerInvocationHandler - Creating new EntityManager for shared EntityManager invocation
2025-11-13 08:07:23.081 [restartedMain] DEBUG o.s.d.r.c.s.RepositoryFactorySupport - Finished creation of repository instance for com.dailybrief.repository.LogRepository.
2025-11-13 08:07:23.084 [restartedMain] DEBUG o.s.b.f.s.DefaultListableBeanFactory - Creating shared instance of singleton bean 'logMapperImpl'
2025-11-13 08:07:23.088 [restartedMain] DEBUG o.s.b.f.s.DefaultListableBeanFactory - Creating shared instance of singleton bean 'analyticsServiceImpl'
2025-11-13 08:07:23.089 [restartedMain] DEBUG o.s.b.f.s.DefaultListableBeanFactory - Creating shared instance of singleton bean 'userServiceImpl'
2025-11-13 08:07:23.090 [restartedMain] DEBUG o.s.b.f.s.DefaultListableBeanFactory - Creating shared instance of singleton bean 'passwordEncoder'
2025-11-13 08:07:23.097 [restartedMain] DEBUG o.s.b.f.s.DefaultListableBeanFactory - Creating shared instance of singleton bean 'postServiceImpl'
2025-11-13 08:07:23.099 [restartedMain] DEBUG o.s.b.f.s.DefaultListableBeanFactory - Creating shared instance of singleton bean 'postRepository'
2025-11-13 08:07:23.100 [restartedMain] DEBUG o.s.b.f.s.DefaultListableBeanFactory - Creating shared instance of singleton bean 'jpa.named-queries#1'
2025-11-13 08:07:23.102 [restartedMain] DEBUG o.s.b.f.s.DefaultListableBeanFactory - Creating shared instance of singleton bean 'jpa.PostRepository.fragments#0'
2025-11-13 08:07:23.103 [restartedMain] DEBUG o.s.o.j.SharedEntityManagerCreator$SharedEntityManagerInvocationHandler - Creating new EntityManager for shared EntityManager invocation
2025-11-13 08:07:23.104 [restartedMain] DEBUG o.s.beans.CachedIntrospectionResults - Not strongly caching class [com.dailybrief.model.Post] because it is not cache-safe
2025-11-13 08:07:23.109 [restartedMain] DEBUG o.s.beans.CachedIntrospectionResults - Not strongly caching class [com.dailybrief.model.Image] because it is not cache-safe
2025-11-13 08:07:23.115 [restartedMain] DEBUG o.s.beans.CachedIntrospectionResults - Not strongly caching class [com.dailybrief.model.Category] because it is not cache-safe
2025-11-13 08:07:23.117 [restartedMain] DEBUG o.s.beans.CachedIntrospectionResults - Not strongly caching class [com.dailybrief.model.Status] because it is not cache-safe
2025-11-13 08:07:23.154 [restartedMain] DEBUG o.s.d.r.c.s.RepositoryFactorySupport - Initializing repository instance for com.dailybrief.repository.PostRepository…
2025-11-13 08:07:23.155 [restartedMain] DEBUG o.s.o.j.SharedEntityManagerCreator$SharedEntityManagerInvocationHandler - Creating new EntityManager for shared EntityManager invocation
2025-11-13 08:07:23.172 [restartedMain] DEBUG o.s.d.j.repository.query.NamedQuery - Looking up named query 'Post.countByStatus'
2025-11-13 08:07:23.173 [restartedMain] DEBUG o.s.d.j.repository.query.NamedQuery - Did not find named query Post.countByStatus
2025-11-13 08:07:23.173 [restartedMain] DEBUG o.s.o.j.SharedEntityManagerCreator$SharedEntityManagerInvocationHandler - Creating new EntityManager for shared EntityManager invocation
2025-11-13 08:07:23.185 [restartedMain] DEBUG o.s.d.j.repository.query.NamedQuery - Looking up named query 'Post.findAllByOrderByPublishedAtDesc'
2025-11-13 08:07:23.186 [restartedMain] DEBUG o.s.d.j.repository.query.NamedQuery - Did not find named query Post.findAllByOrderByPublishedAtDesc
2025-11-13 08:07:23.186 [restartedMain] DEBUG o.s.o.j.SharedEntityManagerCreator$SharedEntityManagerInvocationHandler - Creating new EntityManager for shared EntityManager invocation
2025-11-13 08:07:23.193 [restartedMain] DEBUG o.s.d.r.c.s.RepositoryFactorySupport - Finished creation of repository instance for com.dailybrief.repository.PostRepository.
2025-11-13 08:07:23.195 [restartedMain] DEBUG o.s.b.f.s.DefaultListableBeanFactory - Creating shared instance of singleton bean 'imageRepository'
2025-11-13 08:07:23.199 [restartedMain] DEBUG o.s.b.f.s.DefaultListableBeanFactory - Creating shared instance of singleton bean 'jpa.named-queries#2'
2025-11-13 08:07:23.201 [restartedMain] DEBUG o.s.b.f.s.DefaultListableBeanFactory - Creating shared instance of singleton bean 'jpa.ImageRepository.fragments#0'
2025-11-13 08:07:23.202 [restartedMain] DEBUG o.s.o.j.SharedEntityManagerCreator$SharedEntityManagerInvocationHandler - Creating new EntityManager for shared EntityManager invocation
2025-11-13 08:07:23.203 [restartedMain] DEBUG o.s.d.r.c.s.RepositoryFactorySupport - Initializing repository instance for com.dailybrief.repository.ImageRepository…
2025-11-13 08:07:23.204 [restartedMain] DEBUG o.s.o.j.SharedEntityManagerCreator$SharedEntityManagerInvocationHandler - Creating new EntityManager for shared EntityManager invocation
2025-11-13 08:07:23.209 [restartedMain] DEBUG o.s.d.r.c.s.RepositoryFactorySupport - Finished creation of repository instance for com.dailybrief.repository.ImageRepository.
2025-11-13 08:07:23.211 [restartedMain] DEBUG o.s.b.f.s.DefaultListableBeanFactory - Creating shared instance of singleton bean 'postMapper'
2025-11-13 08:07:23.219 [restartedMain] DEBUG o.s.b.f.s.DefaultListableBeanFactory - Creating shared instance of singleton bean 'statusRepository'
2025-11-13 08:07:23.220 [restartedMain] DEBUG o.s.b.f.s.DefaultListableBeanFactory - Creating shared instance of singleton bean 'jpa.named-queries#9'
2025-11-13 08:07:23.222 [restartedMain] DEBUG o.s.b.f.s.DefaultListableBeanFactory - Creating shared instance of singleton bean 'jpa.StatusRepository.fragments#0'
2025-11-13 08:07:23.224 [restartedMain] DEBUG o.s.o.j.SharedEntityManagerCreator$SharedEntityManagerInvocationHandler - Creating new EntityManager for shared EntityManager invocation
2025-11-13 08:07:23.224 [restartedMain] DEBUG o.s.d.r.c.s.RepositoryFactorySupport - Initializing repository instance for com.dailybrief.repository.StatusRepository…
2025-11-13 08:07:23.225 [restartedMain] DEBUG o.s.o.j.SharedEntityManagerCreator$SharedEntityManagerInvocationHandler - Creating new EntityManager for shared EntityManager invocation
2025-11-13 08:07:23.231 [restartedMain] DEBUG o.s.d.r.c.s.RepositoryFactorySupport - Finished creation of repository instance for com.dailybrief.repository.StatusRepository.
2025-11-13 08:07:23.233 [restartedMain] DEBUG o.s.b.f.s.DefaultListableBeanFactory - Autowiring by type from bean name 'postServiceImpl' via constructor to bean named 'postRepository'
2025-11-13 08:07:23.233 [restartedMain] DEBUG o.s.b.f.s.DefaultListableBeanFactory - Autowiring by type from bean name 'postServiceImpl' via constructor to bean named 'imageRepository'
2025-11-13 08:07:23.233 [restartedMain] DEBUG o.s.b.f.s.DefaultListableBeanFactory - Autowiring by type from bean name 'postServiceImpl' via constructor to bean named 'postMapper'
2025-11-13 08:07:23.233 [restartedMain] DEBUG o.s.b.f.s.DefaultListableBeanFactory - Autowiring by type from bean name 'postServiceImpl' via constructor to bean named 'statusRepository'
2025-11-13 08:07:23.311 [restartedMain] DEBUG o.s.b.f.s.DefaultListableBeanFactory - Creating shared instance of singleton bean 'authController'
2025-11-13 08:07:23.316 [restartedMain] DEBUG o.s.b.f.s.DefaultListableBeanFactory - Creating shared instance of singleton bean 'authServiceImpl'
2025-11-13 08:07:23.319 [restartedMain] DEBUG o.s.b.f.s.DefaultListableBeanFactory - Creating shared instance of singleton bean 'automationController'
2025-11-13 08:07:23.327 [restartedMain] DEBUG o.s.b.f.s.DefaultListableBeanFactory - Creating shared instance of singleton bean 'automationServiceImpl'
2025-11-13 08:07:23.332 [restartedMain] DEBUG o.s.b.f.s.DefaultListableBeanFactory - Creating shared instance of singleton bean 'cloudinary'
2025-11-13 08:07:23.395 [restartedMain] DEBUG o.s.b.f.s.DefaultListableBeanFactory - Creating shared instance of singleton bean 'materialRepository'
2025-11-13 08:07:23.396 [restartedMain] DEBUG o.s.b.f.s.DefaultListableBeanFactory - Creating shared instance of singleton bean 'jpa.named-queries#8'
2025-11-13 08:07:23.398 [restartedMain] DEBUG o.s.b.f.s.DefaultListableBeanFactory - Creating shared instance of singleton bean 'jpa.MaterialRepository.fragments#0'
2025-11-13 08:07:23.401 [restartedMain] DEBUG o.s.o.j.SharedEntityManagerCreator$SharedEntityManagerInvocationHandler - Creating new EntityManager for shared EntityManager invocation
2025-11-13 08:07:23.403 [restartedMain] DEBUG o.s.beans.CachedIntrospectionResults - Not strongly caching class [com.dailybrief.model.Material] because it is not cache-safe
2025-11-13 08:07:23.410 [restartedMain] DEBUG o.s.d.r.c.s.RepositoryFactorySupport - Initializing repository instance for com.dailybrief.repository.MaterialRepository…
2025-11-13 08:07:23.411 [restartedMain] DEBUG o.s.o.j.SharedEntityManagerCreator$SharedEntityManagerInvocationHandler - Creating new EntityManager for shared EntityManager invocation
2025-11-13 08:07:23.423 [restartedMain] DEBUG o.s.d.r.c.s.RepositoryFactorySupport - Finished creation of repository instance for com.dailybrief.repository.MaterialRepository.
2025-11-13 08:07:23.425 [restartedMain] DEBUG o.s.b.f.s.DefaultListableBeanFactory - Creating shared instance of singleton bean 'rawMaterialRepository'
2025-11-13 08:07:23.427 [restartedMain] DEBUG o.s.b.f.s.DefaultListableBeanFactory - Creating shared instance of singleton bean 'jpa.named-queries#5'
2025-11-13 08:07:23.428 [restartedMain] DEBUG o.s.b.f.s.DefaultListableBeanFactory - Creating shared instance of singleton bean 'jpa.RawMaterialRepository.fragments#0'
2025-11-13 08:07:23.430 [restartedMain] DEBUG o.s.o.j.SharedEntityManagerCreator$SharedEntityManagerInvocationHandler - Creating new EntityManager for shared EntityManager invocation
2025-11-13 08:07:23.431 [restartedMain] DEBUG o.s.beans.CachedIntrospectionResults - Not strongly caching class [com.dailybrief.model.RawMaterial] because it is not cache-safe
2025-11-13 08:07:23.437 [restartedMain] DEBUG o.s.d.r.c.s.RepositoryFactorySupport - Initializing repository instance for com.dailybrief.repository.RawMaterialRepository…
2025-11-13 08:07:23.437 [restartedMain] DEBUG o.s.o.j.SharedEntityManagerCreator$SharedEntityManagerInvocationHandler - Creating new EntityManager for shared EntityManager invocation
2025-11-13 08:07:23.441 [restartedMain] DEBUG o.s.d.j.repository.query.NamedQuery - Looking up named query 'RawMaterial.findAllByIdIn'
2025-11-13 08:07:23.441 [restartedMain] DEBUG o.s.d.j.repository.query.NamedQuery - Did not find named query RawMaterial.findAllByIdIn
2025-11-13 08:07:23.441 [restartedMain] DEBUG o.s.o.j.SharedEntityManagerCreator$SharedEntityManagerInvocationHandler - Creating new EntityManager for shared EntityManager invocation
2025-11-13 08:07:23.449 [restartedMain] DEBUG o.s.d.j.repository.query.NamedQuery - Looking up named query 'RawMaterial.findByUserId'
2025-11-13 08:07:23.449 [restartedMain] DEBUG o.s.d.j.repository.query.NamedQuery - Did not find named query RawMaterial.findByUserId
2025-11-13 08:07:23.449 [restartedMain] DEBUG o.s.o.j.SharedEntityManagerCreator$SharedEntityManagerInvocationHandler - Creating new EntityManager for shared EntityManager invocation
2025-11-13 08:07:23.451 [restartedMain] DEBUG o.s.d.j.repository.query.NamedQuery - Looking up named query 'RawMaterial.findByContentContainingIgnoreCaseOrUrlContainingIgnoreCase'
2025-11-13 08:07:23.453 [restartedMain] DEBUG o.s.d.j.repository.query.NamedQuery - Did not find named query RawMaterial.findByContentContainingIgnoreCaseOrUrlContainingIgnoreCase
2025-11-13 08:07:23.453 [restartedMain] DEBUG o.s.o.j.SharedEntityManagerCreator$SharedEntityManagerInvocationHandler - Creating new EntityManager for shared EntityManager invocation
2025-11-13 08:07:23.465 [restartedMain] DEBUG o.s.d.r.c.s.RepositoryFactorySupport - Finished creation of repository instance for com.dailybrief.repository.RawMaterialRepository.
2025-11-13 08:07:23.467 [restartedMain] DEBUG o.s.b.f.s.DefaultListableBeanFactory - Creating shared instance of singleton bean 'materialMapperImpl'
2025-11-13 08:07:23.468 [restartedMain] DEBUG o.s.b.f.s.DefaultListableBeanFactory - Creating shared instance of singleton bean 'statusMapperImpl'
2025-11-13 08:07:23.470 [restartedMain] DEBUG o.s.b.f.s.DefaultListableBeanFactory - Creating shared instance of singleton bean 'rawMaterialMapperImpl'
2025-11-13 08:07:23.474 [restartedMain] DEBUG o.s.b.f.s.DefaultListableBeanFactory - Creating shared instance of singleton bean 'jacksonObjectMapper'
2025-11-13 08:07:23.474 [restartedMain] DEBUG o.s.b.f.s.DefaultListableBeanFactory - Creating shared instance of singleton bean 'org.springframework.boot.autoconfigure.jackson.JacksonAutoConfiguration$JacksonObjectMapperConfiguration'
2025-11-13 08:07:23.476 [restartedMain] DEBUG o.s.b.f.s.DefaultListableBeanFactory - Creating shared instance of singleton bean 'org.springframework.boot.autoconfigure.jackson.JacksonAutoConfiguration$JacksonObjectMapperBuilderConfiguration'
2025-11-13 08:07:23.480 [restartedMain] DEBUG o.s.b.f.s.DefaultListableBeanFactory - Creating shared instance of singleton bean 'standardJacksonObjectMapperBuilderCustomizer'
2025-11-13 08:07:23.480 [restartedMain] DEBUG o.s.b.f.s.DefaultListableBeanFactory - Creating shared instance of singleton bean 'org.springframework.boot.autoconfigure.jackson.JacksonAutoConfiguration$Jackson2ObjectMapperBuilderCustomizerConfiguration'
2025-11-13 08:07:23.483 [restartedMain] DEBUG o.s.b.f.s.DefaultListableBeanFactory - Creating shared instance of singleton bean 'spring.jackson-org.springframework.boot.autoconfigure.jackson.JacksonProperties'
2025-11-13 08:07:23.490 [restartedMain] DEBUG o.s.b.f.s.DefaultListableBeanFactory - Autowiring by type from bean name 'standardJacksonObjectMapperBuilderCustomizer' via factory method to bean named 'spring.jackson-org.springframework.boot.autoconfigure.jackson.JacksonProperties'
2025-11-13 08:07:23.492 [restartedMain] DEBUG o.s.b.f.s.DefaultListableBeanFactory - Creating shared instance of singleton bean 'parameterNamesModule'
2025-11-13 08:07:23.492 [restartedMain] DEBUG o.s.b.f.s.DefaultListableBeanFactory - Creating shared instance of singleton bean 'org.springframework.boot.autoconfigure.jackson.JacksonAutoConfiguration$ParameterNamesModuleConfiguration'
2025-11-13 08:07:23.500 [restartedMain] DEBUG o.s.b.f.s.DefaultListableBeanFactory - Creating shared instance of singleton bean 'jsonMixinModule'
2025-11-13 08:07:23.501 [restartedMain] DEBUG o.s.b.f.s.DefaultListableBeanFactory - Creating shared instance of singleton bean 'org.springframework.boot.autoconfigure.jackson.JacksonAutoConfiguration$JacksonMixinConfiguration'
2025-11-13 08:07:23.503 [restartedMain] DEBUG o.s.b.f.s.DefaultListableBeanFactory - Creating shared instance of singleton bean 'jsonMixinModuleEntries'
2025-11-13 08:07:23.503 [restartedMain] DEBUG o.s.b.f.s.DefaultListableBeanFactory - Autowiring by type from bean name 'jsonMixinModuleEntries' via factory method to bean named 'org.springframework.boot.web.servlet.context.AnnotationConfigServletWebServerApplicationContext@16254e02'
2025-11-13 08:07:23.544 [restartedMain] DEBUG o.s.b.f.s.DefaultListableBeanFactory - Autowiring by type from bean name 'jsonMixinModule' via factory method to bean named 'org.springframework.boot.web.servlet.context.AnnotationConfigServletWebServerApplicationContext@16254e02'
2025-11-13 08:07:23.545 [restartedMain] DEBUG o.s.b.f.s.DefaultListableBeanFactory - Autowiring by type from bean name 'jsonMixinModule' via factory method to bean named 'jsonMixinModuleEntries'
2025-11-13 08:07:23.547 [restartedMain] DEBUG o.s.b.f.s.DefaultListableBeanFactory - Creating shared instance of singleton bean 'jsonComponentModule'
2025-11-13 08:07:23.547 [restartedMain] DEBUG o.s.b.f.s.DefaultListableBeanFactory - Creating shared instance of singleton bean 'org.springframework.boot.autoconfigure.jackson.JacksonAutoConfiguration'
2025-11-13 08:07:23.562 [restartedMain] DEBUG o.s.b.f.s.DefaultListableBeanFactory - Creating shared instance of singleton bean 'jacksonGeoModule'
2025-11-13 08:07:23.562 [restartedMain] DEBUG o.s.b.f.s.DefaultListableBeanFactory - Creating shared instance of singleton bean 'org.springframework.data.web.config.SpringDataJacksonConfiguration'
2025-11-13 08:07:23.565 [restartedMain] DEBUG o.s.b.f.s.DefaultListableBeanFactory - Creating shared instance of singleton bean 'springDataWebSettings'
2025-11-13 08:07:23.565 [restartedMain] DEBUG o.s.b.f.s.DefaultListableBeanFactory - Creating shared instance of singleton bean 'org.springframework.boot.autoconfigure.data.web.SpringDataWebAutoConfiguration'
2025-11-13 08:07:23.566 [restartedMain] DEBUG o.s.b.f.s.DefaultListableBeanFactory - Creating shared instance of singleton bean 'spring.data.web-org.springframework.boot.autoconfigure.data.web.SpringDataWebProperties'
2025-11-13 08:07:23.568 [restartedMain] DEBUG o.s.b.f.s.DefaultListableBeanFactory - Autowiring by type from bean name 'org.springframework.boot.autoconfigure.data.web.SpringDataWebAutoConfiguration' via constructor to bean named 'spring.data.web-org.springframework.boot.autoconfigure.data.web.SpringDataWebProperties'
2025-11-13 08:07:23.590 [restartedMain] DEBUG o.s.b.f.s.DefaultListableBeanFactory - Creating shared instance of singleton bean 'pageModule'
2025-11-13 08:07:23.595 [restartedMain] DEBUG o.s.b.f.s.DefaultListableBeanFactory - Autowiring by type from bean name 'jacksonObjectMapperBuilder' via factory method to bean named 'org.springframework.boot.web.servlet.context.AnnotationConfigServletWebServerApplicationContext@16254e02'
2025-11-13 08:07:23.595 [restartedMain] DEBUG o.s.b.f.s.DefaultListableBeanFactory - Autowiring by type from bean name 'jacksonObjectMapperBuilder' via factory method to bean named 'standardJacksonObjectMapperBuilderCustomizer'
2025-11-13 08:07:23.602 [restartedMain] DEBUG o.s.b.f.s.DefaultListableBeanFactory - Autowiring by type from bean name 'jacksonObjectMapper' via factory method to bean named 'jacksonObjectMapperBuilder'
2025-11-13 08:07:23.625 [restartedMain] DEBUG o.s.b.f.s.DefaultListableBeanFactory - Autowiring by type from bean name 'automationServiceImpl' via constructor to bean named 'cloudinary'
2025-11-13 08:07:23.625 [restartedMain] DEBUG o.s.b.f.s.DefaultListableBeanFactory - Autowiring by type from bean name 'automationServiceImpl' via constructor to bean named 'statusRepository'
2025-11-13 08:07:23.625 [restartedMain] DEBUG o.s.b.f.s.DefaultListableBeanFactory - Autowiring by type from bean name 'automationServiceImpl' via constructor to bean named 'materialRepository'
2025-11-13 08:07:23.625 [restartedMain] DEBUG o.s.b.f.s.DefaultListableBeanFactory - Autowiring by type from bean name 'automationServiceImpl' via constructor to bean named 'postRepository'
2025-11-13 08:07:23.625 [restartedMain] DEBUG o.s.b.f.s.DefaultListableBeanFactory - Autowiring by type from bean name 'automationServiceImpl' via constructor to bean named 'rawMaterialRepository'
2025-11-13 08:07:23.625 [restartedMain] DEBUG o.s.b.f.s.DefaultListableBeanFactory - Autowiring by type from bean name 'automationServiceImpl' via constructor to bean named 'materialMapperImpl'
2025-11-13 08:07:23.625 [restartedMain] DEBUG o.s.b.f.s.DefaultListableBeanFactory - Autowiring by type from bean name 'automationServiceImpl' via constructor to bean named 'rawMaterialMapperImpl'
2025-11-13 08:07:23.625 [restartedMain] DEBUG o.s.b.f.s.DefaultListableBeanFactory - Autowiring by type from bean name 'automationServiceImpl' via constructor to bean named 'jacksonObjectMapper'
2025-11-13 08:07:23.647 [restartedMain] DEBUG o.s.b.f.s.DefaultListableBeanFactory - Autowiring by type from bean name 'automationController' via constructor to bean named 'automationServiceImpl'
2025-11-13 08:07:23.649 [restartedMain] DEBUG o.s.b.f.s.DefaultListableBeanFactory - Creating shared instance of singleton bean 'categoryController'
2025-11-13 08:07:23.653 [restartedMain] DEBUG o.s.b.f.s.DefaultListableBeanFactory - Creating shared instance of singleton bean 'categoryServiceImpl'
2025-11-13 08:07:23.655 [restartedMain] DEBUG o.s.b.f.s.DefaultListableBeanFactory - Creating shared instance of singleton bean 'categoryRepository'
2025-11-13 08:07:23.656 [restartedMain] DEBUG o.s.b.f.s.DefaultListableBeanFactory - Creating shared instance of singleton bean 'jpa.named-queries#4'
2025-11-13 08:07:23.658 [restartedMain] DEBUG o.s.b.f.s.DefaultListableBeanFactory - Creating shared instance of singleton bean 'jpa.CategoryRepository.fragments#0'
2025-11-13 08:07:23.659 [restartedMain] DEBUG o.s.o.j.SharedEntityManagerCreator$SharedEntityManagerInvocationHandler - Creating new EntityManager for shared EntityManager invocation
2025-11-13 08:07:23.660 [restartedMain] DEBUG o.s.d.r.c.s.RepositoryFactorySupport - Initializing repository instance for com.dailybrief.repository.CategoryRepository…
2025-11-13 08:07:23.661 [restartedMain] DEBUG o.s.o.j.SharedEntityManagerCreator$SharedEntityManagerInvocationHandler - Creating new EntityManager for shared EntityManager invocation
2025-11-13 08:07:23.667 [restartedMain] DEBUG o.s.d.j.repository.query.NamedQuery - Looking up named query 'Category.findByNameIgnoreCase'
2025-11-13 08:07:23.667 [restartedMain] DEBUG o.s.d.j.repository.query.NamedQuery - Did not find named query Category.findByNameIgnoreCase
2025-11-13 08:07:23.669 [restartedMain] DEBUG o.s.o.j.SharedEntityManagerCreator$SharedEntityManagerInvocationHandler - Creating new EntityManager for shared EntityManager invocation
2025-11-13 08:07:23.676 [restartedMain] DEBUG o.s.d.r.c.s.RepositoryFactorySupport - Finished creation of repository instance for com.dailybrief.repository.CategoryRepository.
2025-11-13 08:07:23.678 [restartedMain] DEBUG o.s.b.f.s.DefaultListableBeanFactory - Creating shared instance of singleton bean 'categoryMapperImpl'
2025-11-13 08:07:23.679 [restartedMain] DEBUG o.s.b.f.s.DefaultListableBeanFactory - Autowiring by type from bean name 'categoryServiceImpl' via constructor to bean named 'categoryRepository'
2025-11-13 08:07:23.680 [restartedMain] DEBUG o.s.b.f.s.DefaultListableBeanFactory - Autowiring by type from bean name 'categoryServiceImpl' via constructor to bean named 'categoryMapperImpl'
2025-11-13 08:07:23.693 [restartedMain] DEBUG o.s.b.f.s.DefaultListableBeanFactory - Autowiring by type from bean name 'categoryController' via constructor to bean named 'categoryServiceImpl'
2025-11-13 08:07:23.695 [restartedMain] DEBUG o.s.b.f.s.DefaultListableBeanFactory - Creating shared instance of singleton bean 'dashboardController'
2025-11-13 08:07:23.697 [restartedMain] DEBUG o.s.b.f.s.DefaultListableBeanFactory - Creating shared instance of singleton bean 'dashboardServiceImpl'
2025-11-13 08:07:23.703 [restartedMain] DEBUG o.s.b.f.s.DefaultListableBeanFactory - Creating shared instance of singleton bean 'logController'
2025-11-13 08:07:23.707 [restartedMain] DEBUG o.s.b.f.s.DefaultListableBeanFactory - Creating shared instance of singleton bean 'postController'
2025-11-13 08:07:23.709 [restartedMain] DEBUG o.s.b.f.s.DefaultListableBeanFactory - Autowiring by type from bean name 'postController' via constructor to bean named 'postServiceImpl'
2025-11-13 08:07:23.711 [restartedMain] DEBUG o.s.b.f.s.DefaultListableBeanFactory - Creating shared instance of singleton bean 'globalExceptionHandler'
2025-11-13 08:07:23.714 [restartedMain] DEBUG o.s.b.f.s.DefaultListableBeanFactory - Creating shared instance of singleton bean 'automationConfigMapperImpl'
2025-11-13 08:07:23.719 [restartedMain] DEBUG o.s.b.f.s.DefaultListableBeanFactory - Creating shared instance of singleton bean 'automationMapperImpl'
2025-11-13 08:07:23.720 [restartedMain] DEBUG o.s.b.f.s.DefaultListableBeanFactory - Creating shared instance of singleton bean 'trendingTopicSuggestionMapperImpl'
2025-11-13 08:07:23.724 [restartedMain] DEBUG o.s.b.f.s.DefaultListableBeanFactory - Creating shared instance of singleton bean 'localeResolver'
2025-11-13 08:07:23.727 [restartedMain] INFO  com.dailybrief.config.LocaleConfig - LocaleResolver configurado com idiomas suportados: [pt, en, es] e padrão: pt
2025-11-13 08:07:23.727 [restartedMain] DEBUG o.s.b.f.s.DefaultListableBeanFactory - Creating shared instance of singleton bean 'org.springframework.security.config.annotation.configuration.ObjectPostProcessorConfiguration'
2025-11-13 08:07:23.728 [restartedMain] DEBUG o.s.b.f.s.DefaultListableBeanFactory - Creating shared instance of singleton bean 'objectPostProcessor'
2025-11-13 08:07:23.729 [restartedMain] DEBUG o.s.b.f.s.DefaultListableBeanFactory - Autowiring by type from bean name 'objectPostProcessor' via factory method to bean named 'org.springframework.beans.factory.support.DefaultListableBeanFactory@2115359d'
2025-11-13 08:07:23.731 [restartedMain] DEBUG o.s.b.f.s.DefaultListableBeanFactory - Creating shared instance of singleton bean 'org.springframework.security.config.annotation.authentication.configuration.AuthenticationConfiguration'
2025-11-13 08:07:23.735 [restartedMain] DEBUG o.s.b.f.s.DefaultListableBeanFactory - Creating shared instance of singleton bean 'enableGlobalAuthenticationAutowiredConfigurer'
2025-11-13 08:07:23.737 [restartedMain] DEBUG o.s.b.f.s.DefaultListableBeanFactory - Autowiring by type from bean name 'enableGlobalAuthenticationAutowiredConfigurer' via factory method to bean named 'org.springframework.boot.web.servlet.context.AnnotationConfigServletWebServerApplicationContext@16254e02'
2025-11-13 08:07:23.742 [restartedMain] DEBUG o.s.b.f.s.DefaultListableBeanFactory - Creating shared instance of singleton bean 'initializeUserDetailsBeanManagerConfigurer'
2025-11-13 08:07:23.742 [restartedMain] DEBUG o.s.b.f.s.DefaultListableBeanFactory - Autowiring by type from bean name 'initializeUserDetailsBeanManagerConfigurer' via factory method to bean named 'org.springframework.boot.web.servlet.context.AnnotationConfigServletWebServerApplicationContext@16254e02'
2025-11-13 08:07:23.743 [restartedMain] DEBUG o.s.b.f.s.DefaultListableBeanFactory - Creating shared instance of singleton bean 'initializeAuthenticationProviderBeanManagerConfigurer'
2025-11-13 08:07:23.744 [restartedMain] DEBUG o.s.b.f.s.DefaultListableBeanFactory - Autowiring by type from bean name 'initializeAuthenticationProviderBeanManagerConfigurer' via factory method to bean named 'org.springframework.boot.web.servlet.context.AnnotationConfigServletWebServerApplicationContext@16254e02'
2025-11-13 08:07:23.747 [restartedMain] DEBUG o.s.b.f.s.DefaultListableBeanFactory - Creating shared instance of singleton bean 'authenticationManagerBuilder'
2025-11-13 08:07:23.748 [restartedMain] DEBUG o.s.b.f.s.DefaultListableBeanFactory - Autowiring by type from bean name 'authenticationManagerBuilder' via factory method to bean named 'objectPostProcessor'
2025-11-13 08:07:23.748 [restartedMain] DEBUG o.s.b.f.s.DefaultListableBeanFactory - Autowiring by type from bean name 'authenticationManagerBuilder' via factory method to bean named 'org.springframework.boot.web.servlet.context.AnnotationConfigServletWebServerApplicationContext@16254e02'
2025-11-13 08:07:23.754 [restartedMain] DEBUG o.s.b.f.s.DefaultListableBeanFactory - Creating shared instance of singleton bean 'authenticationEventPublisher'
2025-11-13 08:07:23.756 [restartedMain] DEBUG o.s.b.f.s.DefaultListableBeanFactory - Creating shared instance of singleton bean 'org.springframework.boot.autoconfigure.security.servlet.SecurityAutoConfiguration'
2025-11-13 08:07:23.758 [restartedMain] DEBUG o.s.b.f.s.DefaultListableBeanFactory - Autowiring by type from bean name 'authenticationEventPublisher' via factory method to bean named 'org.springframework.boot.web.servlet.context.AnnotationConfigServletWebServerApplicationContext@16254e02'
2025-11-13 08:07:23.803 [restartedMain] DEBUG o.s.b.f.s.DefaultListableBeanFactory - Creating shared instance of singleton bean 'org.springframework.security.config.annotation.web.configuration.WebSecurityConfiguration'
2025-11-13 08:07:23.809 [restartedMain] DEBUG o.s.b.f.s.DefaultListableBeanFactory - Creating shared instance of singleton bean 'org.springframework.security.config.annotation.web.configuration.HttpSecurityConfiguration'
2025-11-13 08:07:23.823 [restartedMain] DEBUG o.s.b.f.s.DefaultListableBeanFactory - Creating shared instance of singleton bean 'mvcContentNegotiationManager'
2025-11-13 08:07:23.824 [restartedMain] DEBUG o.s.b.f.s.DefaultListableBeanFactory - Creating shared instance of singleton bean 'org.springframework.boot.autoconfigure.web.servlet.WebMvcAutoConfiguration$EnableWebMvcConfiguration'
2025-11-13 08:07:23.826 [restartedMain] DEBUG o.s.b.f.s.DefaultListableBeanFactory - Creating shared instance of singleton bean 'spring.web-org.springframework.boot.autoconfigure.web.WebProperties'
2025-11-13 08:07:23.849 [restartedMain] DEBUG o.s.b.f.s.DefaultListableBeanFactory - Autowiring by type from bean name 'org.springframework.boot.autoconfigure.web.servlet.WebMvcAutoConfiguration$EnableWebMvcConfiguration' via constructor to bean named 'spring.mvc-org.springframework.boot.autoconfigure.web.servlet.WebMvcProperties'
2025-11-13 08:07:23.849 [restartedMain] DEBUG o.s.b.f.s.DefaultListableBeanFactory - Autowiring by type from bean name 'org.springframework.boot.autoconfigure.web.servlet.WebMvcAutoConfiguration$EnableWebMvcConfiguration' via constructor to bean named 'spring.web-org.springframework.boot.autoconfigure.web.WebProperties'
2025-11-13 08:07:23.850 [restartedMain] DEBUG o.s.b.f.s.DefaultListableBeanFactory - Autowiring by type from bean name 'org.springframework.boot.autoconfigure.web.servlet.WebMvcAutoConfiguration$EnableWebMvcConfiguration' via constructor to bean named 'org.springframework.beans.factory.support.DefaultListableBeanFactory@2115359d'
2025-11-13 08:07:23.861 [restartedMain] DEBUG o.s.b.f.s.DefaultListableBeanFactory - Creating shared instance of singleton bean 'org.springframework.security.config.annotation.web.configuration.WebMvcSecurityConfiguration'
2025-11-13 08:07:23.863 [restartedMain] DEBUG o.s.b.f.s.DefaultListableBeanFactory - Creating shared instance of singleton bean 'org.springframework.boot.autoconfigure.web.servlet.WebMvcAutoConfiguration$WebMvcAutoConfigurationAdapter'
2025-11-13 08:07:23.865 [restartedMain] DEBUG o.s.b.f.s.DefaultListableBeanFactory - Autowiring by type from bean name 'org.springframework.boot.autoconfigure.web.servlet.WebMvcAutoConfiguration$WebMvcAutoConfigurationAdapter' via constructor to bean named 'spring.web-org.springframework.boot.autoconfigure.web.WebProperties'
2025-11-13 08:07:23.865 [restartedMain] DEBUG o.s.b.f.s.DefaultListableBeanFactory - Autowiring by type from bean name 'org.springframework.boot.autoconfigure.web.servlet.WebMvcAutoConfiguration$WebMvcAutoConfigurationAdapter' via constructor to bean named 'spring.mvc-org.springframework.boot.autoconfigure.web.servlet.WebMvcProperties'
2025-11-13 08:07:23.865 [restartedMain] DEBUG o.s.b.f.s.DefaultListableBeanFactory - Autowiring by type from bean name 'org.springframework.boot.autoconfigure.web.servlet.WebMvcAutoConfiguration$WebMvcAutoConfigurationAdapter' via constructor to bean named 'org.springframework.beans.factory.support.DefaultListableBeanFactory@2115359d'
2025-11-13 08:07:23.871 [restartedMain] DEBUG o.s.b.f.s.DefaultListableBeanFactory - Creating shared instance of singleton bean 'resourceHandlerRegistrationCustomizer'
2025-11-13 08:07:23.871 [restartedMain] DEBUG o.s.b.f.s.DefaultListableBeanFactory - Creating shared instance of singleton bean 'org.springframework.boot.autoconfigure.web.servlet.WebMvcAutoConfiguration$ResourceChainCustomizerConfiguration'
2025-11-13 08:07:23.872 [restartedMain] DEBUG o.s.b.f.s.DefaultListableBeanFactory - Autowiring by type from bean name 'resourceHandlerRegistrationCustomizer' via factory method to bean named 'spring.web-org.springframework.boot.autoconfigure.web.WebProperties'
2025-11-13 08:07:23.875 [restartedMain] DEBUG o.s.b.f.s.DefaultListableBeanFactory - Creating shared instance of singleton bean 'swaggerWebMvcConfigurer'
2025-11-13 08:07:23.876 [restartedMain] DEBUG o.s.b.f.s.DefaultListableBeanFactory - Creating shared instance of singleton bean 'org.springdoc.webmvc.ui.SwaggerConfig'
2025-11-13 08:07:23.879 [restartedMain] DEBUG o.s.b.f.s.DefaultListableBeanFactory - Creating shared instance of singleton bean 'org.springdoc.core.properties.SwaggerUiConfigProperties'
2025-11-13 08:07:23.911 [restartedMain] DEBUG o.s.b.f.s.DefaultListableBeanFactory - Creating shared instance of singleton bean 'indexPageTransformer'
2025-11-13 08:07:23.912 [restartedMain] DEBUG o.s.b.f.s.DefaultListableBeanFactory - Creating shared instance of singleton bean 'org.springdoc.core.properties.SwaggerUiOAuthProperties'
2025-11-13 08:07:23.925 [restartedMain] DEBUG o.s.b.f.s.DefaultListableBeanFactory - Creating shared instance of singleton bean 'swaggerWelcome'
2025-11-13 08:07:23.926 [restartedMain] DEBUG o.s.b.f.s.DefaultListableBeanFactory - Creating shared instance of singleton bean 'org.springdoc.core.properties.SpringDocConfigProperties'
2025-11-13 08:07:23.940 [restartedMain] DEBUG o.s.b.f.s.DefaultListableBeanFactory - Creating shared instance of singleton bean 'springWebProvider'
2025-11-13 08:07:23.940 [restartedMain] DEBUG o.s.b.f.s.DefaultListableBeanFactory - Creating shared instance of singleton bean 'org.springdoc.webmvc.core.configuration.SpringDocWebMvcConfiguration'
2025-11-13 08:07:23.955 [restartedMain] DEBUG o.s.b.f.s.DefaultListableBeanFactory - Autowiring by type from bean name 'swaggerWelcome' via factory method to bean named 'org.springdoc.core.properties.SwaggerUiConfigProperties'
2025-11-13 08:07:23.955 [restartedMain] DEBUG o.s.b.f.s.DefaultListableBeanFactory - Autowiring by type from bean name 'swaggerWelcome' via factory method to bean named 'org.springdoc.core.properties.SpringDocConfigProperties'
2025-11-13 08:07:23.955 [restartedMain] DEBUG o.s.b.f.s.DefaultListableBeanFactory - Autowiring by type from bean name 'swaggerWelcome' via factory method to bean named 'springWebProvider'
2025-11-13 08:07:23.963 [restartedMain] DEBUG o.s.b.f.s.DefaultListableBeanFactory - Creating shared instance of singleton bean 'springdocObjectMapperProvider'
2025-11-13 08:07:23.963 [restartedMain] DEBUG o.s.b.f.s.DefaultListableBeanFactory - Creating shared instance of singleton bean 'org.springdoc.core.configuration.SpringDocConfiguration'
2025-11-13 08:07:23.969 [restartedMain] DEBUG o.s.b.f.s.DefaultListableBeanFactory - Autowiring by type from bean name 'springdocObjectMapperProvider' via factory method to bean named 'org.springdoc.core.properties.SpringDocConfigProperties'
2025-11-13 08:07:24.015 [restartedMain] DEBUG o.s.b.f.s.DefaultListableBeanFactory - Autowiring by type from bean name 'indexPageTransformer' via factory method to bean named 'org.springdoc.core.properties.SwaggerUiConfigProperties'
2025-11-13 08:07:24.016 [restartedMain] DEBUG o.s.b.f.s.DefaultListableBeanFactory - Autowiring by type from bean name 'indexPageTransformer' via factory method to bean named 'org.springdoc.core.properties.SwaggerUiOAuthProperties'
2025-11-13 08:07:24.016 [restartedMain] DEBUG o.s.b.f.s.DefaultListableBeanFactory - Autowiring by type from bean name 'indexPageTransformer' via factory method to bean named 'swaggerWelcome'
2025-11-13 08:07:24.016 [restartedMain] DEBUG o.s.b.f.s.DefaultListableBeanFactory - Autowiring by type from bean name 'indexPageTransformer' via factory method to bean named 'springdocObjectMapperProvider'
2025-11-13 08:07:24.025 [restartedMain] DEBUG o.s.b.f.s.DefaultListableBeanFactory - Creating shared instance of singleton bean 'swaggerResourceResolver'
2025-11-13 08:07:24.025 [restartedMain] DEBUG o.s.b.f.s.DefaultListableBeanFactory - Autowiring by type from bean name 'swaggerResourceResolver' via factory method to bean named 'org.springdoc.core.properties.SwaggerUiConfigProperties'
2025-11-13 08:07:24.029 [restartedMain] DEBUG o.s.b.f.s.DefaultListableBeanFactory - Autowiring by type from bean name 'swaggerWebMvcConfigurer' via factory method to bean named 'org.springdoc.core.properties.SwaggerUiConfigProperties'
2025-11-13 08:07:24.030 [restartedMain] DEBUG o.s.b.f.s.DefaultListableBeanFactory - Autowiring by type from bean name 'swaggerWebMvcConfigurer' via factory method to bean named 'indexPageTransformer'
2025-11-13 08:07:24.030 [restartedMain] DEBUG o.s.b.f.s.DefaultListableBeanFactory - Autowiring by type from bean name 'swaggerWebMvcConfigurer' via factory method to bean named 'swaggerResourceResolver'
2025-11-13 08:07:24.033 [restartedMain] DEBUG o.s.b.f.s.DefaultListableBeanFactory - Creating shared instance of singleton bean 'openEntityManagerInViewInterceptorConfigurer'
2025-11-13 08:07:24.034 [restartedMain] DEBUG o.s.b.f.s.DefaultListableBeanFactory - Creating shared instance of singleton bean 'org.springframework.boot.autoconfigure.orm.jpa.JpaBaseConfiguration$JpaWebConfiguration'
2025-11-13 08:07:24.034 [restartedMain] DEBUG o.s.b.f.s.DefaultListableBeanFactory - Autowiring by type from bean name 'org.springframework.boot.autoconfigure.orm.jpa.JpaBaseConfiguration$JpaWebConfiguration' via constructor to bean named 'spring.jpa-org.springframework.boot.autoconfigure.orm.jpa.JpaProperties'
2025-11-13 08:07:24.035 [restartedMain] DEBUG o.s.b.f.s.DefaultListableBeanFactory - Creating shared instance of singleton bean 'openEntityManagerInViewInterceptor'
2025-11-13 08:07:24.036 [restartedMain] WARN  o.s.b.a.o.j.JpaBaseConfiguration$JpaWebConfiguration - spring.jpa.open-in-view is enabled by default. Therefore, database queries may be performed during view rendering. Explicitly configure spring.jpa.open-in-view to disable this warning
2025-11-13 08:07:24.040 [restartedMain] DEBUG o.s.b.f.s.DefaultListableBeanFactory - Autowiring by type from bean name 'openEntityManagerInViewInterceptorConfigurer' via factory method to bean named 'openEntityManagerInViewInterceptor'
2025-11-13 08:07:24.041 [restartedMain] DEBUG o.s.b.f.s.DefaultListableBeanFactory - Creating shared instance of singleton bean 'org.springframework.data.web.config.SpringDataWebConfiguration'
2025-11-13 08:07:24.042 [restartedMain] DEBUG o.s.b.f.s.DefaultListableBeanFactory - Autowiring by type from bean name 'org.springframework.data.web.config.SpringDataWebConfiguration' via constructor to bean named 'org.springframework.boot.web.servlet.context.AnnotationConfigServletWebServerApplicationContext@16254e02'
2025-11-13 08:07:24.082 [restartedMain] INFO  o.s.s.c.a.a.c.InitializeUserDetailsBeanManagerConfigurer$InitializeUserDetailsManagerConfigurer - Global AuthenticationManager configured with UserDetailsService bean with name customUserDetailsService
2025-11-13 08:07:24.224 [restartedMain] DEBUG o.s.b.f.s.DefaultListableBeanFactory - Creating shared instance of singleton bean 'filterChainDecoratorPostProcessor'
2025-11-13 08:07:24.231 [restartedMain] DEBUG o.s.b.f.s.DefaultListableBeanFactory - Creating shared instance of singleton bean 'mvcHandlerMappingIntrospectorRequestTransformer'
2025-11-13 08:07:24.232 [restartedMain] DEBUG o.s.b.f.s.DefaultListableBeanFactory - Creating shared instance of singleton bean 'mvcHandlerMappingIntrospector'
2025-11-13 08:07:24.245 [restartedMain] DEBUG o.s.b.f.s.DefaultListableBeanFactory - Creating shared instance of singleton bean 'welcomePageHandlerMapping'
2025-11-13 08:07:24.245 [restartedMain] DEBUG o.s.b.f.s.DefaultListableBeanFactory - Creating shared instance of singleton bean 'mvcConversionService'
2025-11-13 08:07:24.272 [restartedMain] DEBUG o.s.b.f.s.DefaultListableBeanFactory - Creating shared instance of singleton bean 'mvcResourceUrlProvider'
2025-11-13 08:07:24.275 [restartedMain] DEBUG o.s.b.f.s.DefaultListableBeanFactory - Autowiring by type from bean name 'welcomePageHandlerMapping' via factory method to bean named 'org.springframework.boot.web.servlet.context.AnnotationConfigServletWebServerApplicationContext@16254e02'
2025-11-13 08:07:24.275 [restartedMain] DEBUG o.s.b.f.s.DefaultListableBeanFactory - Autowiring by type from bean name 'welcomePageHandlerMapping' via factory method to bean named 'mvcConversionService'
2025-11-13 08:07:24.276 [restartedMain] DEBUG o.s.b.f.s.DefaultListableBeanFactory - Autowiring by type from bean name 'welcomePageHandlerMapping' via factory method to bean named 'mvcResourceUrlProvider'
2025-11-13 08:07:24.307 [restartedMain] DEBUG o.s.b.f.s.DefaultListableBeanFactory - Creating shared instance of singleton bean 'welcomePageNotAcceptableHandlerMapping'
2025-11-13 08:07:24.308 [restartedMain] DEBUG o.s.b.f.s.DefaultListableBeanFactory - Autowiring by type from bean name 'welcomePageNotAcceptableHandlerMapping' via factory method to bean named 'org.springframework.boot.web.servlet.context.AnnotationConfigServletWebServerApplicationContext@16254e02'
2025-11-13 08:07:24.308 [restartedMain] DEBUG o.s.b.f.s.DefaultListableBeanFactory - Autowiring by type from bean name 'welcomePageNotAcceptableHandlerMapping' via factory method to bean named 'mvcConversionService'
2025-11-13 08:07:24.308 [restartedMain] DEBUG o.s.b.f.s.DefaultListableBeanFactory - Autowiring by type from bean name 'welcomePageNotAcceptableHandlerMapping' via factory method to bean named 'mvcResourceUrlProvider'
2025-11-13 08:07:24.314 [restartedMain] DEBUG o.s.b.f.s.DefaultListableBeanFactory - Creating shared instance of singleton bean 'requestMappingHandlerMapping'
2025-11-13 08:07:24.315 [restartedMain] DEBUG o.s.b.f.s.DefaultListableBeanFactory - Autowiring by type from bean name 'requestMappingHandlerMapping' via factory method to bean named 'mvcContentNegotiationManager'
2025-11-13 08:07:24.315 [restartedMain] DEBUG o.s.b.f.s.DefaultListableBeanFactory - Autowiring by type from bean name 'requestMappingHandlerMapping' via factory method to bean named 'mvcConversionService'
2025-11-13 08:07:24.315 [restartedMain] DEBUG o.s.b.f.s.DefaultListableBeanFactory - Autowiring by type from bean name 'requestMappingHandlerMapping' via factory method to bean named 'mvcResourceUrlProvider'
2025-11-13 08:07:24.493 [restartedMain] DEBUG o.s.c.e.PropertySourcesPropertyResolver - Found key 'springdoc.api-docs.path' in PropertySource 'environmentProperties' with value of type String
2025-11-13 08:07:24.495 [restartedMain] DEBUG o.s.c.e.PropertySourcesPropertyResolver - Found key 'springdoc.api-docs.path' in PropertySource 'environmentProperties' with value of type String
2025-11-13 08:07:24.496 [restartedMain] DEBUG o.s.c.e.PropertySourcesPropertyResolver - Found key 'springdoc.api-docs.path' in PropertySource 'environmentProperties' with value of type String
2025-11-13 08:07:24.498 [restartedMain] DEBUG o.s.c.e.PropertySourcesPropertyResolver - Found key 'springdoc.api-docs.path' in PropertySource 'environmentProperties' with value of type String
2025-11-13 08:07:24.504 [restartedMain] DEBUG o.s.c.e.PropertySourcesPropertyResolver - Found key 'springdoc.swagger-ui.path' in PropertySource 'environmentProperties' with value of type String
2025-11-13 08:07:24.505 [restartedMain] DEBUG o.s.c.e.PropertySourcesPropertyResolver - Found key 'springdoc.swagger-ui.path' in PropertySource 'environmentProperties' with value of type String
2025-11-13 08:07:24.506 [restartedMain] DEBUG o.s.c.e.PropertySourcesPropertyResolver - Found key 'springdoc.api-docs.path' in PropertySource 'environmentProperties' with value of type String
2025-11-13 08:07:24.510 [restartedMain] DEBUG o.s.w.s.m.m.a.RequestMappingHandlerMapping - 44 mappings in 'requestMappingHandlerMapping'
2025-11-13 08:07:24.515 [restartedMain] DEBUG o.s.b.f.s.DefaultListableBeanFactory - Creating shared instance of singleton bean 'viewControllerHandlerMapping'
2025-11-13 08:07:24.519 [restartedMain] DEBUG o.s.b.f.s.DefaultListableBeanFactory - Autowiring by type from bean name 'viewControllerHandlerMapping' via factory method to bean named 'mvcConversionService'
2025-11-13 08:07:24.519 [restartedMain] DEBUG o.s.b.f.s.DefaultListableBeanFactory - Autowiring by type from bean name 'viewControllerHandlerMapping' via factory method to bean named 'mvcResourceUrlProvider'
2025-11-13 08:07:24.520 [restartedMain] DEBUG o.s.b.f.s.DefaultListableBeanFactory - Creating shared instance of singleton bean 'beanNameHandlerMapping'
2025-11-13 08:07:24.521 [restartedMain] DEBUG o.s.b.f.s.DefaultListableBeanFactory - Autowiring by type from bean name 'beanNameHandlerMapping' via factory method to bean named 'mvcConversionService'
2025-11-13 08:07:24.521 [restartedMain] DEBUG o.s.b.f.s.DefaultListableBeanFactory - Autowiring by type from bean name 'beanNameHandlerMapping' via factory method to bean named 'mvcResourceUrlProvider'
2025-11-13 08:07:24.526 [restartedMain] DEBUG o.s.b.f.s.DefaultListableBeanFactory - Creating shared instance of singleton bean 'routerFunctionMapping'
2025-11-13 08:07:24.527 [restartedMain] DEBUG o.s.b.f.s.DefaultListableBeanFactory - Autowiring by type from bean name 'routerFunctionMapping' via factory method to bean named 'mvcConversionService'
2025-11-13 08:07:24.527 [restartedMain] DEBUG o.s.b.f.s.DefaultListableBeanFactory - Autowiring by type from bean name 'routerFunctionMapping' via factory method to bean named 'mvcResourceUrlProvider'
2025-11-13 08:07:24.533 [restartedMain] DEBUG o.s.b.f.s.DefaultListableBeanFactory - Creating shared instance of singleton bean 'messageConverters'
2025-11-13 08:07:24.533 [restartedMain] DEBUG o.s.b.f.s.DefaultListableBeanFactory - Creating shared instance of singleton bean 'org.springframework.boot.autoconfigure.http.HttpMessageConvertersAutoConfiguration'
2025-11-13 08:07:24.544 [restartedMain] DEBUG o.s.b.f.s.DefaultListableBeanFactory - Creating shared instance of singleton bean 'stringHttpMessageConverter'
2025-11-13 08:07:24.544 [restartedMain] DEBUG o.s.b.f.s.DefaultListableBeanFactory - Creating shared instance of singleton bean 'org.springframework.boot.autoconfigure.http.HttpMessageConvertersAutoConfiguration$StringHttpMessageConverterConfiguration'
2025-11-13 08:07:24.545 [restartedMain] DEBUG o.s.b.f.s.DefaultListableBeanFactory - Autowiring by type from bean name 'stringHttpMessageConverter' via factory method to bean named 'environment'
2025-11-13 08:07:24.553 [restartedMain] DEBUG o.s.b.f.s.DefaultListableBeanFactory - Creating shared instance of singleton bean 'mappingJackson2HttpMessageConverter'
2025-11-13 08:07:24.554 [restartedMain] DEBUG o.s.b.f.s.DefaultListableBeanFactory - Creating shared instance of singleton bean 'org.springframework.boot.autoconfigure.http.JacksonHttpMessageConvertersConfiguration$MappingJackson2HttpMessageConverterConfiguration'
2025-11-13 08:07:24.555 [restartedMain] DEBUG o.s.b.f.s.DefaultListableBeanFactory - Autowiring by type from bean name 'mappingJackson2HttpMessageConverter' via factory method to bean named 'jacksonObjectMapper'
2025-11-13 08:07:24.572 [restartedMain] DEBUG o.s.b.f.s.DefaultListableBeanFactory - Creating shared instance of singleton bean 'resourceHandlerMapping'
2025-11-13 08:07:24.573 [restartedMain] DEBUG o.s.b.f.s.DefaultListableBeanFactory - Autowiring by type from bean name 'resourceHandlerMapping' via factory method to bean named 'mvcContentNegotiationManager'
2025-11-13 08:07:24.574 [restartedMain] DEBUG o.s.b.f.s.DefaultListableBeanFactory - Autowiring by type from bean name 'resourceHandlerMapping' via factory method to bean named 'mvcConversionService'
2025-11-13 08:07:24.574 [restartedMain] DEBUG o.s.b.f.s.DefaultListableBeanFactory - Autowiring by type from bean name 'resourceHandlerMapping' via factory method to bean named 'mvcResourceUrlProvider'
2025-11-13 08:07:24.606 [restartedMain] DEBUG o.s.w.s.h.SimpleUrlHandlerMapping - Patterns [/webjars/**, /**, /swagger-ui*/*swagger-initializer.js, /swagger-ui*/**] in 'resourceHandlerMapping'
2025-11-13 08:07:24.608 [restartedMain] DEBUG o.s.b.f.s.DefaultListableBeanFactory - Creating shared instance of singleton bean 'defaultServletHandlerMapping'
2025-11-13 08:07:24.619 [restartedMain] DEBUG o.s.b.f.s.DefaultListableBeanFactory - Creating shared instance of singleton bean 'securityFilterChain'
2025-11-13 08:07:24.620 [restartedMain] DEBUG o.s.b.f.s.DefaultListableBeanFactory - Autowiring by type from bean name 'securityFilterChain' via factory method to bean named 'org.springframework.security.config.annotation.web.configuration.HttpSecurityConfiguration.httpSecurity'
2025-11-13 08:07:24.635 [restartedMain] DEBUG o.s.b.f.s.DefaultListableBeanFactory - Creating shared instance of singleton bean 'webAuthorizationManagerPostProcessor'
2025-11-13 08:07:24.717 [restartedMain] DEBUG o.s.b.f.s.DefaultListableBeanFactory - Creating shared instance of singleton bean 'authenticationManagerPostProcessor'
2025-11-13 08:07:24.763 [restartedMain] DEBUG o.s.s.web.DefaultSecurityFilterChain - Will secure any request with filters: DisableEncodeUrlFilter, WebAsyncManagerIntegrationFilter, SecurityContextHolderFilter, HeaderWriterFilter, CorsFilter, LogoutFilter, JwtAuthenticationFilter, RequestCacheAwareFilter, SecurityContextHolderAwareRequestFilter, AnonymousAuthenticationFilter, SessionManagementFilter, ExceptionTranslationFilter, AuthorizationFilter
2025-11-13 08:07:24.766 [restartedMain] DEBUG o.s.b.f.s.DefaultListableBeanFactory - Creating shared instance of singleton bean 'delegatingApplicationListener'
2025-11-13 08:07:24.768 [restartedMain] DEBUG o.s.b.f.s.DefaultListableBeanFactory - Creating shared instance of singleton bean 'springSecurityFilterChain'
2025-11-13 08:07:24.807 [restartedMain] DEBUG o.s.b.f.s.DefaultListableBeanFactory - Creating shared instance of singleton bean 'webSecurityExpressionHandler'
2025-11-13 08:07:24.809 [restartedMain] DEBUG o.s.b.f.s.DefaultListableBeanFactory - Creating shared instance of singleton bean 'privilegeEvaluator'
2025-11-13 08:07:24.811 [restartedMain] DEBUG o.s.b.f.s.DefaultListableBeanFactory - Creating shared instance of singleton bean 'requestDataValueProcessor'
2025-11-13 08:07:24.816 [restartedMain] DEBUG o.s.b.f.s.DefaultListableBeanFactory - Creating shared instance of singleton bean 'org.springframework.security.config.annotation.web.configuration.ObservationConfiguration'
2025-11-13 08:07:24.817 [restartedMain] DEBUG o.s.b.f.s.DefaultListableBeanFactory - Creating shared instance of singleton bean 'authenticationManager'
2025-11-13 08:07:24.818 [restartedMain] DEBUG o.s.b.f.s.DefaultListableBeanFactory - Autowiring by type from bean name 'authenticationManager' via factory method to bean named 'org.springframework.security.config.annotation.authentication.configuration.AuthenticationConfiguration'
2025-11-13 08:07:24.820 [restartedMain] DEBUG o.s.b.f.s.DefaultListableBeanFactory - Creating shared instance of singleton bean 'customOpenAPI'
2025-11-13 08:07:24.830 [restartedMain] DEBUG o.s.b.f.s.DefaultListableBeanFactory - Creating shared instance of singleton bean 'pythonWebClient'
2025-11-13 08:07:25.254 [restartedMain] DEBUG o.s.b.f.s.DefaultListableBeanFactory - Creating shared instance of singleton bean 'org.springframework.boot.autoconfigure.context.PropertyPlaceholderAutoConfiguration'
2025-11-13 08:07:25.256 [restartedMain] DEBUG o.s.b.f.s.DefaultListableBeanFactory - Creating shared instance of singleton bean 'org.springframework.boot.autoconfigure.websocket.servlet.WebSocketServletAutoConfiguration'
2025-11-13 08:07:25.257 [restartedMain] DEBUG o.s.b.f.s.DefaultListableBeanFactory - Creating shared instance of singleton bean 'org.springframework.boot.autoconfigure.web.servlet.DispatcherServletAutoConfiguration'
2025-11-13 08:07:25.258 [restartedMain] DEBUG o.s.b.f.s.DefaultListableBeanFactory - Creating shared instance of singleton bean 'org.springframework.boot.autoconfigure.http.codec.CodecsAutoConfiguration$DefaultCodecsConfiguration'
2025-11-13 08:07:25.258 [restartedMain] DEBUG o.s.b.f.s.DefaultListableBeanFactory - Creating shared instance of singleton bean 'defaultCodecCustomizer'
2025-11-13 08:07:25.259 [restartedMain] DEBUG o.s.b.f.s.DefaultListableBeanFactory - Creating shared instance of singleton bean 'spring.codec-org.springframework.boot.autoconfigure.codec.CodecProperties'
2025-11-13 08:07:25.260 [restartedMain] DEBUG o.s.b.f.s.DefaultListableBeanFactory - Autowiring by type from bean name 'defaultCodecCustomizer' via factory method to bean named 'spring.codec-org.springframework.boot.autoconfigure.codec.CodecProperties'
2025-11-13 08:07:25.261 [restartedMain] DEBUG o.s.b.f.s.DefaultListableBeanFactory - Creating shared instance of singleton bean 'org.springframework.boot.autoconfigure.http.codec.CodecsAutoConfiguration$JacksonCodecConfiguration'
2025-11-13 08:07:25.262 [restartedMain] DEBUG o.s.b.f.s.DefaultListableBeanFactory - Creating shared instance of singleton bean 'jacksonCodecCustomizer'
2025-11-13 08:07:25.262 [restartedMain] DEBUG o.s.b.f.s.DefaultListableBeanFactory - Autowiring by type from bean name 'jacksonCodecCustomizer' via factory method to bean named 'jacksonObjectMapper'
2025-11-13 08:07:25.263 [restartedMain] DEBUG o.s.b.f.s.DefaultListableBeanFactory - Creating shared instance of singleton bean 'org.springframework.boot.autoconfigure.http.codec.CodecsAutoConfiguration'
2025-11-13 08:07:25.267 [restartedMain] DEBUG o.s.b.f.s.DefaultListableBeanFactory - Creating shared instance of singleton bean 'org.springframework.boot.autoconfigure.validation.ValidationAutoConfiguration'
2025-11-13 08:07:25.267 [restartedMain] DEBUG o.s.b.f.s.DefaultListableBeanFactory - Creating shared instance of singleton bean 'defaultValidator'
2025-11-13 08:07:25.268 [restartedMain] DEBUG o.s.b.f.s.DefaultListableBeanFactory - Autowiring by type from bean name 'defaultValidator' via factory method to bean named 'org.springframework.boot.web.servlet.context.AnnotationConfigServletWebServerApplicationContext@16254e02'
2025-11-13 08:07:25.287 [restartedMain] DEBUG o.s.b.f.s.DefaultListableBeanFactory - Creating shared instance of singleton bean 'org.springframework.boot.autoconfigure.task.TaskExecutorConfigurations$ThreadPoolTaskExecutorBuilderConfiguration'
2025-11-13 08:07:25.288 [restartedMain] DEBUG o.s.b.f.s.DefaultListableBeanFactory - Creating shared instance of singleton bean 'threadPoolTaskExecutorBuilder'
2025-11-13 08:07:25.290 [restartedMain] DEBUG o.s.b.f.s.DefaultListableBeanFactory - Creating shared instance of singleton bean 'spring.task.execution-org.springframework.boot.autoconfigure.task.TaskExecutionProperties'
2025-11-13 08:07:25.293 [restartedMain] DEBUG o.s.b.f.s.DefaultListableBeanFactory - Autowiring by type from bean name 'threadPoolTaskExecutorBuilder' via factory method to bean named 'spring.task.execution-org.springframework.boot.autoconfigure.task.TaskExecutionProperties'
2025-11-13 08:07:25.297 [restartedMain] DEBUG o.s.b.f.s.DefaultListableBeanFactory - Creating shared instance of singleton bean 'org.springframework.boot.autoconfigure.task.TaskExecutorConfigurations$SimpleAsyncTaskExecutorBuilderConfiguration'
2025-11-13 08:07:25.299 [restartedMain] DEBUG o.s.b.f.s.DefaultListableBeanFactory - Autowiring by type from bean name 'org.springframework.boot.autoconfigure.task.TaskExecutorConfigurations$SimpleAsyncTaskExecutorBuilderConfiguration' via constructor to bean named 'spring.task.execution-org.springframework.boot.autoconfigure.task.TaskExecutionProperties'
2025-11-13 08:07:25.301 [restartedMain] DEBUG o.s.b.f.s.DefaultListableBeanFactory - Creating shared instance of singleton bean 'simpleAsyncTaskExecutorBuilder'
2025-11-13 08:07:25.306 [restartedMain] DEBUG o.s.b.f.s.DefaultListableBeanFactory - Creating shared instance of singleton bean 'org.springframework.boot.autoconfigure.task.TaskExecutorConfigurations$TaskExecutorConfiguration'
2025-11-13 08:07:25.307 [restartedMain] DEBUG o.s.b.f.s.DefaultListableBeanFactory - Creating shared instance of singleton bean 'org.springframework.boot.autoconfigure.task.TaskExecutionAutoConfiguration'
2025-11-13 08:07:25.308 [restartedMain] DEBUG o.s.b.f.s.DefaultListableBeanFactory - Creating shared instance of singleton bean 'org.springframework.boot.autoconfigure.web.servlet.error.ErrorMvcAutoConfiguration$WhitelabelErrorViewConfiguration'
2025-11-13 08:07:25.312 [restartedMain] DEBUG o.s.b.f.s.DefaultListableBeanFactory - Creating shared instance of singleton bean 'error'
2025-11-13 08:07:25.313 [restartedMain] DEBUG o.s.b.f.s.DefaultListableBeanFactory - Creating shared instance of singleton bean 'beanNameViewResolver'
2025-11-13 08:07:25.318 [restartedMain] DEBUG o.s.b.f.s.DefaultListableBeanFactory - Creating shared instance of singleton bean 'org.springframework.boot.autoconfigure.web.servlet.error.ErrorMvcAutoConfiguration$DefaultErrorViewResolverConfiguration'
2025-11-13 08:07:25.318 [restartedMain] DEBUG o.s.b.f.s.DefaultListableBeanFactory - Autowiring by type from bean name 'org.springframework.boot.autoconfigure.web.servlet.error.ErrorMvcAutoConfiguration$DefaultErrorViewResolverConfiguration' via constructor to bean named 'org.springframework.boot.web.servlet.context.AnnotationConfigServletWebServerApplicationContext@16254e02'
2025-11-13 08:07:25.318 [restartedMain] DEBUG o.s.b.f.s.DefaultListableBeanFactory - Autowiring by type from bean name 'org.springframework.boot.autoconfigure.web.servlet.error.ErrorMvcAutoConfiguration$DefaultErrorViewResolverConfiguration' via constructor to bean named 'spring.web-org.springframework.boot.autoconfigure.web.WebProperties'
2025-11-13 08:07:25.320 [restartedMain] DEBUG o.s.b.f.s.DefaultListableBeanFactory - Creating shared instance of singleton bean 'conventionErrorViewResolver'
2025-11-13 08:07:25.321 [restartedMain] DEBUG o.s.b.f.s.DefaultListableBeanFactory - Creating shared instance of singleton bean 'errorAttributes'
2025-11-13 08:07:25.325 [restartedMain] DEBUG o.s.b.f.s.DefaultListableBeanFactory - Creating shared instance of singleton bean 'basicErrorController'
2025-11-13 08:07:25.326 [restartedMain] DEBUG o.s.b.f.s.DefaultListableBeanFactory - Autowiring by type from bean name 'basicErrorController' via factory method to bean named 'errorAttributes'
2025-11-13 08:07:25.328 [restartedMain] DEBUG o.s.b.f.s.DefaultListableBeanFactory - Creating shared instance of singleton bean 'themeResolver'
2025-11-13 08:07:25.334 [restartedMain] DEBUG o.s.b.f.s.DefaultListableBeanFactory - Creating shared instance of singleton bean 'flashMapManager'
2025-11-13 08:07:25.340 [restartedMain] DEBUG o.s.b.f.s.DefaultListableBeanFactory - Creating shared instance of singleton bean 'viewNameTranslator'
2025-11-13 08:07:25.343 [restartedMain] DEBUG o.s.b.f.s.DefaultListableBeanFactory - Creating shared instance of singleton bean 'mvcValidator'
2025-11-13 08:07:25.347 [restartedMain] DEBUG o.s.b.f.s.DefaultListableBeanFactory - Creating shared instance of singleton bean 'mvcPatternParser'
2025-11-13 08:07:25.348 [restartedMain] DEBUG o.s.b.f.s.DefaultListableBeanFactory - Creating shared instance of singleton bean 'mvcUrlPathHelper'
2025-11-13 08:07:25.348 [restartedMain] DEBUG o.s.b.f.s.DefaultListableBeanFactory - Creating shared instance of singleton bean 'mvcPathMatcher'
2025-11-13 08:07:25.349 [restartedMain] DEBUG o.s.b.f.s.DefaultListableBeanFactory - Creating shared instance of singleton bean 'requestMappingHandlerAdapter'
2025-11-13 08:07:25.352 [restartedMain] DEBUG o.s.b.f.s.DefaultListableBeanFactory - Autowiring by type from bean name 'requestMappingHandlerAdapter' via factory method to bean named 'mvcContentNegotiationManager'
2025-11-13 08:07:25.352 [restartedMain] DEBUG o.s.b.f.s.DefaultListableBeanFactory - Autowiring by type from bean name 'requestMappingHandlerAdapter' via factory method to bean named 'mvcConversionService'
2025-11-13 08:07:25.352 [restartedMain] DEBUG o.s.b.f.s.DefaultListableBeanFactory - Autowiring by type from bean name 'requestMappingHandlerAdapter' via factory method to bean named 'mvcValidator'
2025-11-13 08:07:25.378 [restartedMain] DEBUG o.s.b.f.s.DefaultListableBeanFactory - Creating shared instance of singleton bean 'sortResolver'
2025-11-13 08:07:25.381 [restartedMain] DEBUG o.s.b.f.s.DefaultListableBeanFactory - Creating shared instance of singleton bean 'sortCustomizer'
2025-11-13 08:07:25.391 [restartedMain] DEBUG o.s.b.f.s.DefaultListableBeanFactory - Creating shared instance of singleton bean 'pageableResolver'
2025-11-13 08:07:25.397 [restartedMain] DEBUG o.s.b.f.s.DefaultListableBeanFactory - Creating shared instance of singleton bean 'pageableCustomizer'
2025-11-13 08:07:25.409 [restartedMain] DEBUG o.s.b.f.s.DefaultListableBeanFactory - Creating shared instance of singleton bean 'applicationTaskExecutor'
2025-11-13 08:07:25.410 [restartedMain] DEBUG o.s.b.f.s.DefaultListableBeanFactory - Autowiring by type from bean name 'applicationTaskExecutor' via factory method to bean named 'threadPoolTaskExecutorBuilder'
2025-11-13 08:07:25.430 [restartedMain] DEBUG o.s.s.c.ThreadPoolTaskExecutor - Initializing ExecutorService 'applicationTaskExecutor'
2025-11-13 08:07:25.452 [restartedMain] DEBUG o.s.b.f.s.DefaultListableBeanFactory - Creating shared instance of singleton bean 'org.springdoc.core.configuration.SpringDocConfiguration$OpenApiResourceAdvice'
2025-11-13 08:07:25.454 [restartedMain] DEBUG o.s.b.f.s.DefaultListableBeanFactory - Autowiring by type from bean name 'org.springdoc.core.configuration.SpringDocConfiguration$OpenApiResourceAdvice' via constructor to bean named 'org.springdoc.core.configuration.SpringDocConfiguration'
2025-11-13 08:07:25.462 [restartedMain] DEBUG o.s.w.s.m.m.a.RequestMappingHandlerAdapter - ControllerAdvice beans: 0 @ModelAttribute, 0 @InitBinder, 1 RequestBodyAdvice, 1 ResponseBodyAdvice
2025-11-13 08:07:25.523 [restartedMain] DEBUG o.s.b.f.s.DefaultListableBeanFactory - Creating shared instance of singleton bean 'mvcViewResolver'
2025-11-13 08:07:25.523 [restartedMain] DEBUG o.s.b.f.s.DefaultListableBeanFactory - Autowiring by type from bean name 'mvcViewResolver' via factory method to bean named 'mvcContentNegotiationManager'
2025-11-13 08:07:25.527 [restartedMain] DEBUG o.s.b.f.s.DefaultListableBeanFactory - Creating shared instance of singleton bean 'defaultViewResolver'
2025-11-13 08:07:25.537 [restartedMain] DEBUG o.s.b.f.s.DefaultListableBeanFactory - Creating shared instance of singleton bean 'viewResolver'
2025-11-13 08:07:25.538 [restartedMain] DEBUG o.s.b.f.s.DefaultListableBeanFactory - Autowiring by type from bean name 'viewResolver' via factory method to bean named 'org.springframework.beans.factory.support.DefaultListableBeanFactory@2115359d'
2025-11-13 08:07:25.541 [restartedMain] DEBUG o.s.b.f.s.DefaultListableBeanFactory - Creating shared instance of singleton bean 'viewResolver'
2025-11-13 08:07:25.562 [restartedMain] DEBUG o.s.b.f.s.DefaultListableBeanFactory - Creating shared instance of singleton bean 'handlerFunctionAdapter'
2025-11-13 08:07:25.567 [restartedMain] DEBUG o.s.b.f.s.DefaultListableBeanFactory - Creating shared instance of singleton bean 'mvcUriComponentsContributor'
2025-11-13 08:07:25.568 [restartedMain] DEBUG o.s.b.f.s.DefaultListableBeanFactory - Autowiring by type from bean name 'mvcUriComponentsContributor' via factory method to bean named 'mvcConversionService'
2025-11-13 08:07:25.568 [restartedMain] DEBUG o.s.b.f.s.DefaultListableBeanFactory - Autowiring by type from bean name 'mvcUriComponentsContributor' via factory method to bean named 'requestMappingHandlerAdapter'
2025-11-13 08:07:25.570 [restartedMain] DEBUG o.s.b.f.s.DefaultListableBeanFactory - Creating shared instance of singleton bean 'httpRequestHandlerAdapter'
2025-11-13 08:07:25.571 [restartedMain] DEBUG o.s.b.f.s.DefaultListableBeanFactory - Creating shared instance of singleton bean 'simpleControllerHandlerAdapter'
2025-11-13 08:07:25.572 [restartedMain] DEBUG o.s.b.f.s.DefaultListableBeanFactory - Creating shared instance of singleton bean 'handlerExceptionResolver'
2025-11-13 08:07:25.573 [restartedMain] DEBUG o.s.b.f.s.DefaultListableBeanFactory - Autowiring by type from bean name 'handlerExceptionResolver' via factory method to bean named 'mvcContentNegotiationManager'
2025-11-13 08:07:25.588 [restartedMain] DEBUG o.s.w.s.m.m.a.ExceptionHandlerExceptionResolver - ControllerAdvice beans: 2 @ExceptionHandler, 1 ResponseBodyAdvice
2025-11-13 08:07:25.592 [restartedMain] DEBUG o.s.b.f.s.DefaultListableBeanFactory - Creating shared instance of singleton bean 'org.springdoc.core.configuration.SpringDocConfiguration$QuerydslProvider'
2025-11-13 08:07:25.592 [restartedMain] DEBUG o.s.b.f.s.DefaultListableBeanFactory - Creating shared instance of singleton bean 'queryDslQuerydslPredicateOperationCustomizer'
2025-11-13 08:07:25.593 [restartedMain] DEBUG o.s.b.f.s.DefaultListableBeanFactory - Autowiring by type from bean name 'queryDslQuerydslPredicateOperationCustomizer' via factory method to bean named 'org.springdoc.core.properties.SpringDocConfigProperties'
2025-11-13 08:07:25.594 [restartedMain] DEBUG o.s.b.f.s.DefaultListableBeanFactory - Creating shared instance of singleton bean 'org.springdoc.core.configuration.SpringDocConfiguration$SpringDocWebFluxSupportConfiguration'
2025-11-13 08:07:25.595 [restartedMain] DEBUG o.s.b.f.s.DefaultListableBeanFactory - Creating shared instance of singleton bean 'webFluxSupportConverter'
2025-11-13 08:07:25.595 [restartedMain] DEBUG o.s.b.f.s.DefaultListableBeanFactory - Autowiring by type from bean name 'webFluxSupportConverter' via factory method to bean named 'springdocObjectMapperProvider'
2025-11-13 08:07:25.600 [restartedMain] DEBUG o.s.b.f.s.DefaultListableBeanFactory - Creating shared instance of singleton bean 'org.springdoc.core.configuration.SpringDocConfiguration$SpringDocSpringDataWebPropertiesProvider'
2025-11-13 08:07:25.603 [restartedMain] DEBUG o.s.b.f.s.DefaultListableBeanFactory - Creating shared instance of singleton bean 'springDataWebPropertiesProvider'
2025-11-13 08:07:25.603 [restartedMain] DEBUG o.s.b.f.s.DefaultListableBeanFactory - Creating shared instance of singleton bean 'org.springdoc.core.configuration.SpringDocConfiguration$WebConversionServiceConfiguration'
2025-11-13 08:07:25.604 [restartedMain] DEBUG o.s.b.f.s.DefaultListableBeanFactory - Creating shared instance of singleton bean 'webConversionServiceProvider'
2025-11-13 08:07:25.605 [restartedMain] DEBUG o.s.b.f.s.DefaultListableBeanFactory - Creating shared instance of singleton bean 'localSpringDocParameterNameDiscoverer'
2025-11-13 08:07:25.607 [restartedMain] DEBUG o.s.b.f.s.DefaultListableBeanFactory - Creating shared instance of singleton bean 'additionalModelsConverter'
2025-11-13 08:07:25.608 [restartedMain] DEBUG o.s.b.f.s.DefaultListableBeanFactory - Autowiring by type from bean name 'additionalModelsConverter' via factory method to bean named 'springdocObjectMapperProvider'
2025-11-13 08:07:25.609 [restartedMain] DEBUG o.s.b.f.s.DefaultListableBeanFactory - Creating shared instance of singleton bean 'fileSupportConverter'
2025-11-13 08:07:25.609 [restartedMain] DEBUG o.s.b.f.s.DefaultListableBeanFactory - Autowiring by type from bean name 'fileSupportConverter' via factory method to bean named 'springdocObjectMapperProvider'
2025-11-13 08:07:25.612 [restartedMain] DEBUG o.s.b.f.s.DefaultListableBeanFactory - Creating shared instance of singleton bean 'responseSupportConverter'
2025-11-13 08:07:25.612 [restartedMain] DEBUG o.s.b.f.s.DefaultListableBeanFactory - Autowiring by type from bean name 'responseSupportConverter' via factory method to bean named 'springdocObjectMapperProvider'
2025-11-13 08:07:25.615 [restartedMain] DEBUG o.s.b.f.s.DefaultListableBeanFactory - Creating shared instance of singleton bean 'schemaPropertyDeprecatingConverter'
2025-11-13 08:07:25.617 [restartedMain] DEBUG o.s.b.f.s.DefaultListableBeanFactory - Creating shared instance of singleton bean 'polymorphicModelConverter'
2025-11-13 08:07:25.617 [restartedMain] DEBUG o.s.b.f.s.DefaultListableBeanFactory - Autowiring by type from bean name 'polymorphicModelConverter' via factory method to bean named 'springdocObjectMapperProvider'
2025-11-13 08:07:25.619 [restartedMain] DEBUG o.s.b.f.s.DefaultListableBeanFactory - Creating shared instance of singleton bean 'openAPIBuilder'
2025-11-13 08:07:25.622 [restartedMain] DEBUG o.s.b.f.s.DefaultListableBeanFactory - Creating shared instance of singleton bean 'securityParser'
2025-11-13 08:07:25.623 [restartedMain] DEBUG o.s.b.f.s.DefaultListableBeanFactory - Creating shared instance of singleton bean 'propertyResolverUtils'
2025-11-13 08:07:25.624 [restartedMain] DEBUG o.s.b.f.s.DefaultListableBeanFactory - Autowiring by type from bean name 'propertyResolverUtils' via factory method to bean named 'org.springframework.beans.factory.support.DefaultListableBeanFactory@2115359d'
2025-11-13 08:07:25.624 [restartedMain] DEBUG o.s.b.f.s.DefaultListableBeanFactory - Autowiring by type from bean name 'propertyResolverUtils' via factory method to bean named 'messageSource'
2025-11-13 08:07:25.624 [restartedMain] DEBUG o.s.b.f.s.DefaultListableBeanFactory - Autowiring by type from bean name 'propertyResolverUtils' via factory method to bean named 'org.springdoc.core.properties.SpringDocConfigProperties'
2025-11-13 08:07:25.626 [restartedMain] DEBUG o.s.b.f.s.DefaultListableBeanFactory - Autowiring by type from bean name 'securityParser' via factory method to bean named 'propertyResolverUtils'
2025-11-13 08:07:25.634 [restartedMain] DEBUG o.s.b.f.s.DefaultListableBeanFactory - Autowiring by type from bean name 'openAPIBuilder' via factory method to bean named 'securityParser'
2025-11-13 08:07:25.636 [restartedMain] DEBUG o.s.b.f.s.DefaultListableBeanFactory - Autowiring by type from bean name 'openAPIBuilder' via factory method to bean named 'org.springdoc.core.properties.SpringDocConfigProperties'
2025-11-13 08:07:25.636 [restartedMain] DEBUG o.s.b.f.s.DefaultListableBeanFactory - Autowiring by type from bean name 'openAPIBuilder' via factory method to bean named 'propertyResolverUtils'
2025-11-13 08:07:25.644 [restartedMain] DEBUG o.s.b.f.s.DefaultListableBeanFactory - Creating shared instance of singleton bean 'modelConverterRegistrar'
2025-11-13 08:07:25.645 [restartedMain] DEBUG o.s.b.f.s.DefaultListableBeanFactory - Creating shared instance of singleton bean 'oas31ModelConverter'
2025-11-13 08:07:25.646 [restartedMain] DEBUG o.s.b.f.s.DefaultListableBeanFactory - Autowiring by type from bean name 'oas31ModelConverter' via factory method to bean named 'org.springdoc.core.properties.SpringDocConfigProperties'
2025-11-13 08:07:25.651 [restartedMain] DEBUG o.s.b.f.s.DefaultListableBeanFactory - Creating shared instance of singleton bean 'pageableOpenAPIConverter'
2025-11-13 08:07:25.651 [restartedMain] DEBUG o.s.b.f.s.DefaultListableBeanFactory - Creating shared instance of singleton bean 'org.springdoc.core.configuration.SpringDocPageableConfiguration'
2025-11-13 08:07:25.651 [restartedMain] DEBUG o.s.b.f.s.DefaultListableBeanFactory - Autowiring by type from bean name 'pageableOpenAPIConverter' via factory method to bean named 'springdocObjectMapperProvider'
2025-11-13 08:07:25.654 [restartedMain] DEBUG o.s.b.f.s.DefaultListableBeanFactory - Creating shared instance of singleton bean 'pageOpenAPIConverter'
2025-11-13 08:07:25.655 [restartedMain] DEBUG o.s.b.f.s.DefaultListableBeanFactory - Autowiring by type from bean name 'pageOpenAPIConverter' via factory method to bean named 'springdocObjectMapperProvider'
2025-11-13 08:07:25.657 [restartedMain] DEBUG o.s.b.f.s.DefaultListableBeanFactory - Creating shared instance of singleton bean 'sortOpenAPIConverter'
2025-11-13 08:07:25.657 [restartedMain] DEBUG o.s.b.f.s.DefaultListableBeanFactory - Creating shared instance of singleton bean 'org.springdoc.core.configuration.SpringDocSortConfiguration'
2025-11-13 08:07:25.658 [restartedMain] DEBUG o.s.b.f.s.DefaultListableBeanFactory - Autowiring by type from bean name 'sortOpenAPIConverter' via factory method to bean named 'springdocObjectMapperProvider'
2025-11-13 08:07:25.662 [restartedMain] DEBUG o.s.b.f.s.DefaultListableBeanFactory - Autowiring by type from bean name 'modelConverterRegistrar' via factory method to bean named 'org.springdoc.core.properties.SpringDocConfigProperties'
2025-11-13 08:07:25.688 [restartedMain] DEBUG o.s.b.f.s.DefaultListableBeanFactory - Creating shared instance of singleton bean 'operationBuilder'
2025-11-13 08:07:25.688 [restartedMain] DEBUG o.s.b.f.s.DefaultListableBeanFactory - Creating shared instance of singleton bean 'parameterBuilder'
2025-11-13 08:07:25.690 [restartedMain] DEBUG o.s.b.f.s.DefaultListableBeanFactory - Creating shared instance of singleton bean 'parameterObjectNamingStrategyCustomizer'
2025-11-13 08:07:25.690 [restartedMain] DEBUG o.s.b.f.s.DefaultListableBeanFactory - Creating shared instance of singleton bean 'dataRestDelegatingMethodParameterCustomizer'
2025-11-13 08:07:25.697 [restartedMain] DEBUG o.s.b.f.s.DefaultListableBeanFactory - Autowiring by type from bean name 'parameterBuilder' via factory method to bean named 'propertyResolverUtils'
2025-11-13 08:07:25.697 [restartedMain] DEBUG o.s.b.f.s.DefaultListableBeanFactory - Autowiring by type from bean name 'parameterBuilder' via factory method to bean named 'springdocObjectMapperProvider'
2025-11-13 08:07:25.704 [restartedMain] DEBUG o.s.b.f.s.DefaultListableBeanFactory - Creating shared instance of singleton bean 'requestBodyBuilder'
2025-11-13 08:07:25.704 [restartedMain] DEBUG o.s.b.f.s.DefaultListableBeanFactory - Autowiring by type from bean name 'requestBodyBuilder' via factory method to bean named 'parameterBuilder'
2025-11-13 08:07:25.705 [restartedMain] DEBUG o.s.b.f.s.DefaultListableBeanFactory - Autowiring by type from bean name 'requestBodyBuilder' via factory method to bean named 'propertyResolverUtils'
2025-11-13 08:07:25.706 [restartedMain] DEBUG o.s.b.f.s.DefaultListableBeanFactory - Autowiring by type from bean name 'operationBuilder' via factory method to bean named 'parameterBuilder'
2025-11-13 08:07:25.706 [restartedMain] DEBUG o.s.b.f.s.DefaultListableBeanFactory - Autowiring by type from bean name 'operationBuilder' via factory method to bean named 'requestBodyBuilder'
2025-11-13 08:07:25.706 [restartedMain] DEBUG o.s.b.f.s.DefaultListableBeanFactory - Autowiring by type from bean name 'operationBuilder' via factory method to bean named 'securityParser'
2025-11-13 08:07:25.706 [restartedMain] DEBUG o.s.b.f.s.DefaultListableBeanFactory - Autowiring by type from bean name 'operationBuilder' via factory method to bean named 'propertyResolverUtils'
2025-11-13 08:07:25.710 [restartedMain] DEBUG o.s.b.f.s.DefaultListableBeanFactory - Creating shared instance of singleton bean 'springDocProviders'
2025-11-13 08:07:25.713 [restartedMain] DEBUG o.s.b.f.s.DefaultListableBeanFactory - Creating shared instance of singleton bean 'routerFunctionProvider'
2025-11-13 08:07:25.713 [restartedMain] DEBUG o.s.b.f.s.DefaultListableBeanFactory - Creating shared instance of singleton bean 'org.springdoc.webmvc.core.configuration.SpringDocWebMvcConfiguration$SpringDocWebMvcRouterConfiguration'
2025-11-13 08:07:25.716 [restartedMain] DEBUG o.s.b.f.s.DefaultListableBeanFactory - Autowiring by type from bean name 'springDocProviders' via factory method to bean named 'springdocObjectMapperProvider'
2025-11-13 08:07:25.721 [restartedMain] DEBUG o.s.b.f.s.DefaultListableBeanFactory - Creating shared instance of singleton bean 'springDocCustomizers'
2025-11-13 08:07:25.723 [restartedMain] DEBUG o.s.b.f.s.DefaultListableBeanFactory - Creating shared instance of singleton bean 'globalOpenApiCustomizer'
2025-11-13 08:07:25.734 [restartedMain] DEBUG o.s.b.f.s.DefaultListableBeanFactory - Creating shared instance of singleton bean 'org.springdoc.core.configuration.SpringDocSecurityConfiguration$SpringSecurityLoginEndpointConfiguration'
2025-11-13 08:07:25.735 [restartedMain] DEBUG o.s.b.f.s.DefaultListableBeanFactory - Creating shared instance of singleton bean 'org.springdoc.core.configuration.SpringDocSecurityConfiguration'
2025-11-13 08:07:25.746 [restartedMain] DEBUG o.s.b.f.s.DefaultListableBeanFactory - Autowiring by type from bean name 'org.springdoc.core.configuration.SpringDocSecurityConfiguration$SpringSecurityLoginEndpointConfiguration' via constructor to bean named 'org.springdoc.core.configuration.SpringDocSecurityConfiguration'
2025-11-13 08:07:25.747 [restartedMain] DEBUG o.s.b.f.s.DefaultListableBeanFactory - Creating shared instance of singleton bean 'openApiResource'
2025-11-13 08:07:25.747 [restartedMain] DEBUG o.s.b.f.s.DefaultListableBeanFactory - Creating shared instance of singleton bean 'requestBuilder'
2025-11-13 08:07:25.749 [restartedMain] DEBUG o.s.b.f.s.DefaultListableBeanFactory - Autowiring by type from bean name 'requestBuilder' via factory method to bean named 'parameterBuilder'
2025-11-13 08:07:25.749 [restartedMain] DEBUG o.s.b.f.s.DefaultListableBeanFactory - Autowiring by type from bean name 'requestBuilder' via factory method to bean named 'requestBodyBuilder'
2025-11-13 08:07:25.749 [restartedMain] DEBUG o.s.b.f.s.DefaultListableBeanFactory - Autowiring by type from bean name 'requestBuilder' via factory method to bean named 'localSpringDocParameterNameDiscoverer'
2025-11-13 08:07:25.754 [restartedMain] DEBUG o.s.b.f.s.DefaultListableBeanFactory - Creating shared instance of singleton bean 'responseBuilder'
2025-11-13 08:07:25.755 [restartedMain] DEBUG o.s.b.f.s.DefaultListableBeanFactory - Autowiring by type from bean name 'responseBuilder' via factory method to bean named 'operationBuilder'
2025-11-13 08:07:25.755 [restartedMain] DEBUG o.s.b.f.s.DefaultListableBeanFactory - Autowiring by type from bean name 'responseBuilder' via factory method to bean named 'org.springdoc.core.properties.SpringDocConfigProperties'
2025-11-13 08:07:25.755 [restartedMain] DEBUG o.s.b.f.s.DefaultListableBeanFactory - Autowiring by type from bean name 'responseBuilder' via factory method to bean named 'propertyResolverUtils'
2025-11-13 08:07:25.761 [restartedMain] DEBUG o.s.b.f.s.DefaultListableBeanFactory - Autowiring by type from bean name 'openApiResource' via factory method to bean named 'requestBuilder'
2025-11-13 08:07:25.761 [restartedMain] DEBUG o.s.b.f.s.DefaultListableBeanFactory - Autowiring by type from bean name 'openApiResource' via factory method to bean named 'responseBuilder'
2025-11-13 08:07:25.761 [restartedMain] DEBUG o.s.b.f.s.DefaultListableBeanFactory - Autowiring by type from bean name 'openApiResource' via factory method to bean named 'operationBuilder'
2025-11-13 08:07:25.761 [restartedMain] DEBUG o.s.b.f.s.DefaultListableBeanFactory - Autowiring by type from bean name 'openApiResource' via factory method to bean named 'org.springdoc.core.properties.SpringDocConfigProperties'
2025-11-13 08:07:25.761 [restartedMain] DEBUG o.s.b.f.s.DefaultListableBeanFactory - Autowiring by type from bean name 'openApiResource' via factory method to bean named 'springDocProviders'
2025-11-13 08:07:25.761 [restartedMain] DEBUG o.s.b.f.s.DefaultListableBeanFactory - Autowiring by type from bean name 'openApiResource' via factory method to bean named 'springDocCustomizers'
2025-11-13 08:07:25.767 [restartedMain] DEBUG o.s.b.f.s.DefaultListableBeanFactory - Creating shared instance of singleton bean 'swaggerConfigResource'
2025-11-13 08:07:25.768 [restartedMain] DEBUG o.s.b.f.s.DefaultListableBeanFactory - Autowiring by type from bean name 'swaggerConfigResource' via factory method to bean named 'swaggerWelcome'
2025-11-13 08:07:25.768 [restartedMain] DEBUG o.s.b.f.s.DefaultListableBeanFactory - Creating shared instance of singleton bean 'org.springframework.boot.autoconfigure.aop.AopAutoConfiguration$AspectJAutoProxyingConfiguration$CglibAutoProxyConfiguration'
2025-11-13 08:07:25.768 [restartedMain] DEBUG o.s.b.f.s.DefaultListableBeanFactory - Creating shared instance of singleton bean 'org.springframework.boot.autoconfigure.aop.AopAutoConfiguration$AspectJAutoProxyingConfiguration'
2025-11-13 08:07:25.769 [restartedMain] DEBUG o.s.b.f.s.DefaultListableBeanFactory - Creating shared instance of singleton bean 'org.springframework.boot.autoconfigure.aop.AopAutoConfiguration'
2025-11-13 08:07:25.769 [restartedMain] DEBUG o.s.b.f.s.DefaultListableBeanFactory - Creating shared instance of singleton bean 'org.springframework.boot.autoconfigure.availability.ApplicationAvailabilityAutoConfiguration'
2025-11-13 08:07:25.770 [restartedMain] DEBUG o.s.b.f.s.DefaultListableBeanFactory - Creating shared instance of singleton bean 'applicationAvailability'
2025-11-13 08:07:25.773 [restartedMain] DEBUG o.s.b.f.s.DefaultListableBeanFactory - Creating shared instance of singleton bean 'org.springframework.boot.autoconfigure.transaction.jta.JtaAutoConfiguration'
2025-11-13 08:07:25.774 [restartedMain] DEBUG o.s.b.f.s.DefaultListableBeanFactory - Creating shared instance of singleton bean 'org.springframework.boot.autoconfigure.jdbc.DataSourceJmxConfiguration$Hikari'
2025-11-13 08:07:25.775 [restartedMain] DEBUG o.s.b.f.s.DefaultListableBeanFactory - Autowiring by type from bean name 'org.springframework.boot.autoconfigure.jdbc.DataSourceJmxConfiguration$Hikari' via constructor to bean named 'dataSource'
2025-11-13 08:07:25.775 [restartedMain] DEBUG o.s.b.f.s.DefaultListableBeanFactory - Creating shared instance of singleton bean 'org.springframework.boot.autoconfigure.jdbc.DataSourceJmxConfiguration'
2025-11-13 08:07:25.776 [restartedMain] DEBUG o.s.b.f.s.DefaultListableBeanFactory - Creating shared instance of singleton bean 'org.springframework.boot.autoconfigure.jdbc.metadata.DataSourcePoolMetadataProvidersConfiguration'
2025-11-13 08:07:25.777 [restartedMain] DEBUG o.s.b.f.s.DefaultListableBeanFactory - Creating shared instance of singleton bean 'org.springframework.boot.autoconfigure.jdbc.DataSourceAutoConfiguration'
2025-11-13 08:07:25.778 [restartedMain] DEBUG o.s.b.f.s.DefaultListableBeanFactory - Creating shared instance of singleton bean 'org.springframework.boot.autoconfigure.transaction.TransactionManagerCustomizationAutoConfiguration'
2025-11-13 08:07:25.778 [restartedMain] DEBUG o.s.b.f.s.DefaultListableBeanFactory - Creating shared instance of singleton bean 'platformTransactionManagerCustomizers'
2025-11-13 08:07:25.781 [restartedMain] DEBUG o.s.b.f.s.DefaultListableBeanFactory - Creating shared instance of singleton bean 'transactionExecutionListeners'
2025-11-13 08:07:25.785 [restartedMain] DEBUG o.s.b.f.s.DefaultListableBeanFactory - Creating shared instance of singleton bean 'spring.transaction-org.springframework.boot.autoconfigure.transaction.TransactionProperties'
2025-11-13 08:07:25.787 [restartedMain] DEBUG o.s.b.f.s.DefaultListableBeanFactory - Creating shared instance of singleton bean 'org.springframework.boot.autoconfigure.orm.jpa.JpaBaseConfiguration$PersistenceManagedTypesConfiguration'
2025-11-13 08:07:25.788 [restartedMain] DEBUG o.s.b.f.s.DefaultListableBeanFactory - Creating shared instance of singleton bean 'transactionManager'
2025-11-13 08:07:25.801 [restartedMain] DEBUG o.s.b.f.s.DefaultListableBeanFactory - Creating shared instance of singleton bean 'org.springframework.boot.autoconfigure.orm.jpa.HibernateJpaAutoConfiguration'
2025-11-13 08:07:25.802 [restartedMain] DEBUG o.s.b.f.s.DefaultListableBeanFactory - Creating shared instance of singleton bean 'org.springframework.boot.autoconfigure.context.ConfigurationPropertiesAutoConfiguration'
2025-11-13 08:07:25.802 [restartedMain] DEBUG o.s.b.f.s.DefaultListableBeanFactory - Creating shared instance of singleton bean 'org.springframework.boot.autoconfigure.context.LifecycleAutoConfiguration'
2025-11-13 08:07:25.803 [restartedMain] DEBUG o.s.b.f.s.DefaultListableBeanFactory - Creating shared instance of singleton bean 'lifecycleProcessor'
2025-11-13 08:07:25.804 [restartedMain] DEBUG o.s.b.f.s.DefaultListableBeanFactory - Creating shared instance of singleton bean 'spring.lifecycle-org.springframework.boot.autoconfigure.context.LifecycleProperties'
2025-11-13 08:07:25.805 [restartedMain] DEBUG o.s.b.f.s.DefaultListableBeanFactory - Autowiring by type from bean name 'lifecycleProcessor' via factory method to bean named 'spring.lifecycle-org.springframework.boot.autoconfigure.context.LifecycleProperties'
2025-11-13 08:07:25.811 [restartedMain] DEBUG o.s.b.f.s.DefaultListableBeanFactory - Creating shared instance of singleton bean 'org.springframework.boot.autoconfigure.dao.PersistenceExceptionTranslationAutoConfiguration'
2025-11-13 08:07:25.811 [restartedMain] DEBUG o.s.b.f.s.DefaultListableBeanFactory - Creating shared instance of singleton bean 'org.springframework.boot.autoconfigure.data.jpa.JpaRepositoriesAutoConfiguration'
2025-11-13 08:07:25.813 [restartedMain] DEBUG o.s.b.f.s.DefaultListableBeanFactory - Creating shared instance of singleton bean 'org.springframework.data.jpa.util.JpaMetamodelCacheCleanup'
2025-11-13 08:07:25.813 [restartedMain] DEBUG o.s.b.f.s.DefaultListableBeanFactory - Creating shared instance of singleton bean 'org.springframework.data.jpa.repository.support.JpaEvaluationContextExtension'
2025-11-13 08:07:25.818 [restartedMain] DEBUG o.s.b.f.s.DefaultListableBeanFactory - Creating shared instance of singleton bean 'jpa.named-queries#6'
2025-11-13 08:07:25.820 [restartedMain] DEBUG o.s.b.f.s.DefaultListableBeanFactory - Creating shared instance of singleton bean 'jpa.TrendingTopicSuggestionRepository.fragments#0'
2025-11-13 08:07:25.820 [restartedMain] DEBUG o.s.b.f.s.DefaultListableBeanFactory - Creating shared instance of singleton bean 'trendingTopicSuggestionRepository'
2025-11-13 08:07:25.822 [restartedMain] DEBUG o.s.o.j.SharedEntityManagerCreator$SharedEntityManagerInvocationHandler - Creating new EntityManager for shared EntityManager invocation
2025-11-13 08:07:25.824 [restartedMain] DEBUG o.s.beans.CachedIntrospectionResults - Not strongly caching class [com.dailybrief.model.TrendingTopicSuggestion] because it is not cache-safe
2025-11-13 08:07:25.828 [restartedMain] DEBUG o.s.d.r.c.s.RepositoryFactorySupport - Initializing repository instance for com.dailybrief.repository.TrendingTopicSuggestionRepository…
2025-11-13 08:07:25.829 [restartedMain] DEBUG o.s.o.j.SharedEntityManagerCreator$SharedEntityManagerInvocationHandler - Creating new EntityManager for shared EntityManager invocation
2025-11-13 08:07:25.832 [restartedMain] DEBUG o.s.d.j.repository.query.NamedQuery - Looking up named query 'TrendingTopicSuggestion.findByStatus'
2025-11-13 08:07:25.833 [restartedMain] DEBUG o.s.d.j.repository.query.NamedQuery - Did not find named query TrendingTopicSuggestion.findByStatus
2025-11-13 08:07:25.834 [restartedMain] DEBUG o.s.o.j.SharedEntityManagerCreator$SharedEntityManagerInvocationHandler - Creating new EntityManager for shared EntityManager invocation
2025-11-13 08:07:25.836 [restartedMain] DEBUG o.s.d.j.repository.query.NamedQuery - Looking up named query 'TrendingTopicSuggestion.findByTopicName'
2025-11-13 08:07:25.836 [restartedMain] DEBUG o.s.d.j.repository.query.NamedQuery - Did not find named query TrendingTopicSuggestion.findByTopicName
2025-11-13 08:07:25.836 [restartedMain] DEBUG o.s.o.j.SharedEntityManagerCreator$SharedEntityManagerInvocationHandler - Creating new EntityManager for shared EntityManager invocation
2025-11-13 08:07:25.842 [restartedMain] DEBUG o.s.d.r.c.s.RepositoryFactorySupport - Finished creation of repository instance for com.dailybrief.repository.TrendingTopicSuggestionRepository.
2025-11-13 08:07:25.843 [restartedMain] DEBUG o.s.b.f.s.DefaultListableBeanFactory - Creating shared instance of singleton bean 'jpa.named-queries#7'
2025-11-13 08:07:25.845 [restartedMain] DEBUG o.s.b.f.s.DefaultListableBeanFactory - Creating shared instance of singleton bean 'jpa.AutomationConfigRepository.fragments#0'
2025-11-13 08:07:25.845 [restartedMain] DEBUG o.s.b.f.s.DefaultListableBeanFactory - Creating shared instance of singleton bean 'automationConfigRepository'
2025-11-13 08:07:25.848 [restartedMain] DEBUG o.s.o.j.SharedEntityManagerCreator$SharedEntityManagerInvocationHandler - Creating new EntityManager for shared EntityManager invocation
2025-11-13 08:07:25.849 [restartedMain] DEBUG o.s.beans.CachedIntrospectionResults - Not strongly caching class [com.dailybrief.model.AutomationConfig] because it is not cache-safe
2025-11-13 08:07:25.851 [restartedMain] DEBUG o.s.d.r.c.s.RepositoryFactorySupport - Initializing repository instance for com.dailybrief.repository.AutomationConfigRepository…
2025-11-13 08:07:25.851 [restartedMain] DEBUG o.s.o.j.SharedEntityManagerCreator$SharedEntityManagerInvocationHandler - Creating new EntityManager for shared EntityManager invocation
2025-11-13 08:07:25.858 [restartedMain] DEBUG o.s.d.r.c.s.RepositoryFactorySupport - Finished creation of repository instance for com.dailybrief.repository.AutomationConfigRepository.
2025-11-13 08:07:25.858 [restartedMain] DEBUG o.s.b.f.s.DefaultListableBeanFactory - Creating shared instance of singleton bean 'data-jpa.repository-aot-processor#0'
2025-11-13 08:07:25.868 [restartedMain] DEBUG o.s.b.f.s.DefaultListableBeanFactory - Creating shared instance of singleton bean 'org.springframework.boot.autoconfigure.http.JacksonHttpMessageConvertersConfiguration'
2025-11-13 08:07:25.868 [restartedMain] DEBUG o.s.b.f.s.DefaultListableBeanFactory - Creating shared instance of singleton bean 'org.springframework.data.web.config.ProjectingArgumentResolverRegistrar'
2025-11-13 08:07:25.868 [restartedMain] DEBUG o.s.b.f.s.DefaultListableBeanFactory - Creating shared instance of singleton bean 'offsetResolver'
2025-11-13 08:07:25.870 [restartedMain] DEBUG o.s.b.f.s.DefaultListableBeanFactory - Creating shared instance of singleton bean 'org.springframework.boot.autoconfigure.jdbc.JdbcTemplateConfiguration'
2025-11-13 08:07:25.870 [restartedMain] DEBUG o.s.b.f.s.DefaultListableBeanFactory - Creating shared instance of singleton bean 'jdbcTemplate'
2025-11-13 08:07:25.871 [restartedMain] DEBUG o.s.b.f.s.DefaultListableBeanFactory - Creating shared instance of singleton bean 'spring.jdbc-org.springframework.boot.autoconfigure.jdbc.JdbcProperties'
2025-11-13 08:07:25.872 [restartedMain] DEBUG o.s.b.f.s.DefaultListableBeanFactory - Autowiring by type from bean name 'jdbcTemplate' via factory method to bean named 'dataSource'
2025-11-13 08:07:25.872 [restartedMain] DEBUG o.s.b.f.s.DefaultListableBeanFactory - Autowiring by type from bean name 'jdbcTemplate' via factory method to bean named 'spring.jdbc-org.springframework.boot.autoconfigure.jdbc.JdbcProperties'
2025-11-13 08:07:25.901 [restartedMain] DEBUG o.s.b.f.s.DefaultListableBeanFactory - Creating shared instance of singleton bean 'org.springframework.boot.autoconfigure.jdbc.NamedParameterJdbcTemplateConfiguration'
2025-11-13 08:07:25.901 [restartedMain] DEBUG o.s.b.f.s.DefaultListableBeanFactory - Creating shared instance of singleton bean 'namedParameterJdbcTemplate'
2025-11-13 08:07:25.902 [restartedMain] DEBUG o.s.b.f.s.DefaultListableBeanFactory - Autowiring by type from bean name 'namedParameterJdbcTemplate' via factory method to bean named 'jdbcTemplate'
2025-11-13 08:07:25.908 [restartedMain] DEBUG o.s.b.f.s.DefaultListableBeanFactory - Creating shared instance of singleton bean 'org.springframework.boot.autoconfigure.jdbc.JdbcTemplateAutoConfiguration'
2025-11-13 08:07:25.908 [restartedMain] DEBUG o.s.b.f.s.DefaultListableBeanFactory - Creating shared instance of singleton bean 'flywayDefaultDdlModeProvider'
2025-11-13 08:07:25.909 [restartedMain] DEBUG o.s.b.f.s.DefaultListableBeanFactory - Creating shared instance of singleton bean 'org.springframework.boot.autoconfigure.http.client.HttpClientAutoConfiguration'
2025-11-13 08:07:25.910 [restartedMain] DEBUG o.s.b.f.s.DefaultListableBeanFactory - Creating shared instance of singleton bean 'clientHttpRequestFactoryBuilder'
2025-11-13 08:07:25.910 [restartedMain] DEBUG o.s.b.f.s.DefaultListableBeanFactory - Creating shared instance of singleton bean 'spring.http.client-org.springframework.boot.autoconfigure.http.client.HttpClientProperties'
2025-11-13 08:07:25.913 [restartedMain] DEBUG o.s.b.f.s.DefaultListableBeanFactory - Autowiring by type from bean name 'clientHttpRequestFactoryBuilder' via factory method to bean named 'spring.http.client-org.springframework.boot.autoconfigure.http.client.HttpClientProperties'
2025-11-13 08:07:25.930 [restartedMain] DEBUG o.s.b.f.s.DefaultListableBeanFactory - Creating shared instance of singleton bean 'clientHttpRequestFactorySettings'
2025-11-13 08:07:25.931 [restartedMain] DEBUG o.s.b.f.s.DefaultListableBeanFactory - Autowiring by type from bean name 'clientHttpRequestFactorySettings' via factory method to bean named 'spring.http.client-org.springframework.boot.autoconfigure.http.client.HttpClientProperties'
2025-11-13 08:07:25.934 [restartedMain] DEBUG o.s.b.f.s.DefaultListableBeanFactory - Creating shared instance of singleton bean 'org.springframework.boot.autoconfigure.info.ProjectInfoAutoConfiguration'
2025-11-13 08:07:25.938 [restartedMain] DEBUG o.s.b.f.s.DefaultListableBeanFactory - Creating shared instance of singleton bean 'spring.info-org.springframework.boot.autoconfigure.info.ProjectInfoProperties'
2025-11-13 08:07:25.939 [restartedMain] DEBUG o.s.b.f.s.DefaultListableBeanFactory - Autowiring by type from bean name 'org.springframework.boot.autoconfigure.info.ProjectInfoAutoConfiguration' via constructor to bean named 'spring.info-org.springframework.boot.autoconfigure.info.ProjectInfoProperties'
2025-11-13 08:07:25.940 [restartedMain] DEBUG o.s.b.f.s.DefaultListableBeanFactory - Creating shared instance of singleton bean 'org.springframework.boot.autoconfigure.jdbc.JdbcClientAutoConfiguration'
2025-11-13 08:07:25.940 [restartedMain] DEBUG o.s.b.f.s.DefaultListableBeanFactory - Creating shared instance of singleton bean 'jdbcClient'
2025-11-13 08:07:25.941 [restartedMain] DEBUG o.s.b.f.s.DefaultListableBeanFactory - Autowiring by type from bean name 'jdbcClient' via factory method to bean named 'namedParameterJdbcTemplate'
2025-11-13 08:07:25.943 [restartedMain] DEBUG o.s.b.f.s.DefaultListableBeanFactory - Creating shared instance of singleton bean 'org.springframework.boot.autoconfigure.netty.NettyAutoConfiguration'
2025-11-13 08:07:25.944 [restartedMain] DEBUG o.s.b.f.s.DefaultListableBeanFactory - Creating shared instance of singleton bean 'spring.netty-org.springframework.boot.autoconfigure.netty.NettyProperties'
2025-11-13 08:07:25.945 [restartedMain] DEBUG o.s.b.f.s.DefaultListableBeanFactory - Autowiring by type from bean name 'org.springframework.boot.autoconfigure.netty.NettyAutoConfiguration' via constructor to bean named 'spring.netty-org.springframework.boot.autoconfigure.netty.NettyProperties'
2025-11-13 08:07:25.945 [restartedMain] DEBUG o.s.b.f.s.DefaultListableBeanFactory - Creating shared instance of singleton bean 'org.springframework.boot.autoconfigure.reactor.ReactorAutoConfiguration'
2025-11-13 08:07:25.947 [restartedMain] DEBUG o.s.b.f.s.DefaultListableBeanFactory - Creating shared instance of singleton bean 'spring.reactor-org.springframework.boot.autoconfigure.reactor.ReactorProperties'
2025-11-13 08:07:25.952 [restartedMain] DEBUG o.s.b.f.s.DefaultListableBeanFactory - Autowiring by type from bean name 'org.springframework.boot.autoconfigure.reactor.ReactorAutoConfiguration' via constructor to bean named 'spring.reactor-org.springframework.boot.autoconfigure.reactor.ReactorProperties'
2025-11-13 08:07:25.952 [restartedMain] DEBUG o.s.b.f.s.DefaultListableBeanFactory - Creating shared instance of singleton bean 'org.springframework.boot.autoconfigure.security.reactive.ReactiveSecurityAutoConfiguration'
2025-11-13 08:07:25.953 [restartedMain] DEBUG o.s.b.f.s.DefaultListableBeanFactory - Creating shared instance of singleton bean 'org.springframework.boot.autoconfigure.security.servlet.SpringBootWebSecurityConfiguration'
2025-11-13 08:07:25.953 [restartedMain] DEBUG o.s.b.f.s.DefaultListableBeanFactory - Creating shared instance of singleton bean 'org.springframework.boot.autoconfigure.sql.init.SqlInitializationAutoConfiguration'
2025-11-13 08:07:25.954 [restartedMain] DEBUG o.s.b.f.s.DefaultListableBeanFactory - Creating shared instance of singleton bean 'org.springframework.boot.autoconfigure.task.TaskSchedulingConfigurations$ThreadPoolTaskSchedulerBuilderConfiguration'
2025-11-13 08:07:25.954 [restartedMain] DEBUG o.s.b.f.s.DefaultListableBeanFactory - Creating shared instance of singleton bean 'threadPoolTaskSchedulerBuilder'
2025-11-13 08:07:25.956 [restartedMain] DEBUG o.s.b.f.s.DefaultListableBeanFactory - Creating shared instance of singleton bean 'spring.task.scheduling-org.springframework.boot.autoconfigure.task.TaskSchedulingProperties'
2025-11-13 08:07:25.958 [restartedMain] DEBUG o.s.b.f.s.DefaultListableBeanFactory - Autowiring by type from bean name 'threadPoolTaskSchedulerBuilder' via factory method to bean named 'spring.task.scheduling-org.springframework.boot.autoconfigure.task.TaskSchedulingProperties'
2025-11-13 08:07:25.972 [restartedMain] DEBUG o.s.b.f.s.DefaultListableBeanFactory - Creating shared instance of singleton bean 'org.springframework.boot.autoconfigure.task.TaskSchedulingConfigurations$SimpleAsyncTaskSchedulerBuilderConfiguration'
2025-11-13 08:07:25.974 [restartedMain] DEBUG o.s.b.f.s.DefaultListableBeanFactory - Autowiring by type from bean name 'org.springframework.boot.autoconfigure.task.TaskSchedulingConfigurations$SimpleAsyncTaskSchedulerBuilderConfiguration' via constructor to bean named 'spring.task.scheduling-org.springframework.boot.autoconfigure.task.TaskSchedulingProperties'
2025-11-13 08:07:25.984 [restartedMain] DEBUG o.s.b.f.s.DefaultListableBeanFactory - Creating shared instance of singleton bean 'simpleAsyncTaskSchedulerBuilder'
2025-11-13 08:07:25.989 [restartedMain] DEBUG o.s.b.f.s.DefaultListableBeanFactory - Creating shared instance of singleton bean 'org.springframework.boot.autoconfigure.task.TaskSchedulingAutoConfiguration'
2025-11-13 08:07:25.991 [restartedMain] DEBUG o.s.b.f.s.DefaultListableBeanFactory - Creating shared instance of singleton bean 'org.springframework.boot.autoconfigure.jdbc.DataSourceTransactionManagerAutoConfiguration$JdbcTransactionManagerConfiguration'
2025-11-13 08:07:25.994 [restartedMain] DEBUG o.s.b.f.s.DefaultListableBeanFactory - Creating shared instance of singleton bean 'org.springframework.boot.autoconfigure.jdbc.DataSourceTransactionManagerAutoConfiguration'
2025-11-13 08:07:25.995 [restartedMain] DEBUG o.s.b.f.s.DefaultListableBeanFactory - Creating shared instance of singleton bean 'org.springframework.boot.autoconfigure.transaction.TransactionAutoConfiguration$EnableTransactionManagementConfiguration$CglibAutoProxyConfiguration'
2025-11-13 08:07:25.995 [restartedMain] DEBUG o.s.b.f.s.DefaultListableBeanFactory - Creating shared instance of singleton bean 'org.springframework.boot.autoconfigure.transaction.TransactionAutoConfiguration$EnableTransactionManagementConfiguration'
2025-11-13 08:07:25.996 [restartedMain] DEBUG o.s.b.f.s.DefaultListableBeanFactory - Creating shared instance of singleton bean 'org.springframework.boot.autoconfigure.transaction.TransactionAutoConfiguration$TransactionTemplateConfiguration'
2025-11-13 08:07:25.996 [restartedMain] DEBUG o.s.b.f.s.DefaultListableBeanFactory - Creating shared instance of singleton bean 'transactionTemplate'
2025-11-13 08:07:25.996 [restartedMain] DEBUG o.s.b.f.s.DefaultListableBeanFactory - Autowiring by type from bean name 'transactionTemplate' via factory method to bean named 'transactionManager'
2025-11-13 08:07:25.999 [restartedMain] DEBUG o.s.b.f.s.DefaultListableBeanFactory - Creating shared instance of singleton bean 'org.springframework.boot.autoconfigure.transaction.TransactionAutoConfiguration'
2025-11-13 08:07:26.001 [restartedMain] DEBUG o.s.b.f.s.DefaultListableBeanFactory - Creating shared instance of singleton bean 'org.springframework.boot.autoconfigure.web.client.RestClientAutoConfiguration'
2025-11-13 08:07:26.001 [restartedMain] DEBUG o.s.b.f.s.DefaultListableBeanFactory - Creating shared instance of singleton bean 'httpMessageConvertersRestClientCustomizer'
2025-11-13 08:07:26.002 [restartedMain] DEBUG o.s.b.f.s.DefaultListableBeanFactory - Creating shared instance of singleton bean 'restClientSsl'
2025-11-13 08:07:26.003 [restartedMain] DEBUG o.s.b.f.s.DefaultListableBeanFactory - Autowiring by type from bean name 'restClientSsl' via factory method to bean named 'sslBundleRegistry'
2025-11-13 08:07:26.004 [restartedMain] DEBUG o.s.b.f.s.DefaultListableBeanFactory - Creating shared instance of singleton bean 'restClientBuilderConfigurer'
2025-11-13 08:07:26.007 [restartedMain] DEBUG o.s.b.f.s.DefaultListableBeanFactory - Creating shared instance of singleton bean 'org.springframework.boot.autoconfigure.web.client.RestTemplateAutoConfiguration'
2025-11-13 08:07:26.007 [restartedMain] DEBUG o.s.b.f.s.DefaultListableBeanFactory - Creating shared instance of singleton bean 'org.springframework.boot.autoconfigure.web.embedded.EmbeddedWebServerFactoryCustomizerAutoConfiguration'
2025-11-13 08:07:26.008 [restartedMain] DEBUG o.s.b.f.s.DefaultListableBeanFactory - Creating shared instance of singleton bean 'org.springframework.boot.autoconfigure.reactor.netty.ReactorNettyConfigurations$ReactorResourceFactoryConfiguration'
2025-11-13 08:07:26.008 [restartedMain] DEBUG o.s.b.f.s.DefaultListableBeanFactory - Creating shared instance of singleton bean 'reactorResourceFactory'
2025-11-13 08:07:26.009 [restartedMain] DEBUG o.s.b.f.s.DefaultListableBeanFactory - Creating shared instance of singleton bean 'spring.reactor.netty-org.springframework.boot.autoconfigure.reactor.netty.ReactorNettyProperties'
2025-11-13 08:07:26.010 [restartedMain] DEBUG o.s.b.f.s.DefaultListableBeanFactory - Autowiring by type from bean name 'reactorResourceFactory' via factory method to bean named 'spring.reactor.netty-org.springframework.boot.autoconfigure.reactor.netty.ReactorNettyProperties'
2025-11-13 08:07:26.012 [restartedMain] DEBUG o.s.b.f.s.DefaultListableBeanFactory - Creating shared instance of singleton bean 'org.springframework.boot.autoconfigure.web.reactive.function.client.ClientHttpConnectorFactoryConfiguration$ReactorNetty'
2025-11-13 08:07:26.013 [restartedMain] DEBUG o.s.b.f.s.DefaultListableBeanFactory - Creating shared instance of singleton bean 'reactorClientHttpConnectorFactory'
2025-11-13 08:07:26.014 [restartedMain] DEBUG o.s.b.f.s.DefaultListableBeanFactory - Autowiring by type from bean name 'reactorClientHttpConnectorFactory' via factory method to bean named 'reactorResourceFactory'
2025-11-13 08:07:26.016 [restartedMain] DEBUG o.s.b.f.s.DefaultListableBeanFactory - Creating shared instance of singleton bean 'org.springframework.boot.autoconfigure.web.reactive.function.client.ClientHttpConnectorAutoConfiguration'
2025-11-13 08:07:26.017 [restartedMain] DEBUG o.s.b.f.s.DefaultListableBeanFactory - Creating shared instance of singleton bean 'org.springframework.boot.autoconfigure.web.reactive.function.client.WebClientAutoConfiguration$WebClientCodecsConfiguration'
2025-11-13 08:07:26.017 [restartedMain] DEBUG o.s.b.f.s.DefaultListableBeanFactory - Creating shared instance of singleton bean 'exchangeStrategiesCustomizer'
2025-11-13 08:07:26.019 [restartedMain] DEBUG o.s.b.f.s.DefaultListableBeanFactory - Creating shared instance of singleton bean 'org.springframework.boot.autoconfigure.web.reactive.function.client.WebClientAutoConfiguration'
2025-11-13 08:07:26.019 [restartedMain] DEBUG o.s.b.f.s.DefaultListableBeanFactory - Creating shared instance of singleton bean 'webClientSsl'
2025-11-13 08:07:26.021 [restartedMain] DEBUG o.s.b.f.s.DefaultListableBeanFactory - Autowiring by type from bean name 'webClientSsl' via factory method to bean named 'reactorClientHttpConnectorFactory'
2025-11-13 08:07:26.021 [restartedMain] DEBUG o.s.b.f.s.DefaultListableBeanFactory - Autowiring by type from bean name 'webClientSsl' via factory method to bean named 'sslBundleRegistry'
2025-11-13 08:07:26.022 [restartedMain] DEBUG o.s.b.f.s.DefaultListableBeanFactory - Creating shared instance of singleton bean 'multipartResolver'
2025-11-13 08:07:26.024 [restartedMain] DEBUG o.s.b.f.s.DefaultListableBeanFactory - Creating shared instance of singleton bean 'org.springframework.boot.devtools.autoconfigure.LocalDevToolsAutoConfiguration$RestartConfiguration'
2025-11-13 08:07:26.025 [restartedMain] DEBUG o.s.b.f.s.DefaultListableBeanFactory - Creating shared instance of singleton bean 'spring.devtools-org.springframework.boot.devtools.autoconfigure.DevToolsProperties'
2025-11-13 08:07:26.028 [restartedMain] DEBUG o.s.b.f.s.DefaultListableBeanFactory - Autowiring by type from bean name 'org.springframework.boot.devtools.autoconfigure.LocalDevToolsAutoConfiguration$RestartConfiguration' via constructor to bean named 'spring.devtools-org.springframework.boot.devtools.autoconfigure.DevToolsProperties'
2025-11-13 08:07:26.028 [restartedMain] DEBUG o.s.b.f.s.DefaultListableBeanFactory - Creating shared instance of singleton bean 'restartingClassPathChangedEventListener'
2025-11-13 08:07:26.030 [restartedMain] DEBUG o.s.b.f.s.DefaultListableBeanFactory - Creating shared instance of singleton bean 'fileSystemWatcherFactory'
2025-11-13 08:07:26.031 [restartedMain] DEBUG o.s.b.f.s.DefaultListableBeanFactory - Autowiring by type from bean name 'restartingClassPathChangedEventListener' via factory method to bean named 'fileSystemWatcherFactory'
2025-11-13 08:07:26.035 [restartedMain] DEBUG o.s.b.f.s.DefaultListableBeanFactory - Creating shared instance of singleton bean 'classPathFileSystemWatcher'
2025-11-13 08:07:26.035 [restartedMain] DEBUG o.s.b.f.s.DefaultListableBeanFactory - Creating shared instance of singleton bean 'classPathRestartStrategy'
2025-11-13 08:07:26.038 [restartedMain] DEBUG o.s.b.f.s.DefaultListableBeanFactory - Autowiring by type from bean name 'classPathFileSystemWatcher' via factory method to bean named 'fileSystemWatcherFactory'
2025-11-13 08:07:26.039 [restartedMain] DEBUG o.s.b.f.s.DefaultListableBeanFactory - Autowiring by type from bean name 'classPathFileSystemWatcher' via factory method to bean named 'classPathRestartStrategy'
2025-11-13 08:07:26.092 [restartedMain] DEBUG o.s.b.f.s.DefaultListableBeanFactory - Creating shared instance of singleton bean 'conditionEvaluationDeltaLoggingListener'
2025-11-13 08:07:26.093 [restartedMain] DEBUG o.s.b.f.s.DefaultListableBeanFactory - Creating shared instance of singleton bean 'org.springframework.boot.devtools.autoconfigure.LocalDevToolsAutoConfiguration$LiveReloadConfiguration'
2025-11-13 08:07:26.094 [restartedMain] DEBUG o.s.b.f.s.DefaultListableBeanFactory - Creating shared instance of singleton bean 'optionalLiveReloadServer'
2025-11-13 08:07:26.095 [restartedMain] DEBUG o.s.b.f.s.DefaultListableBeanFactory - Autowiring by type from bean name 'liveReloadServer' via factory method to bean named 'spring.devtools-org.springframework.boot.devtools.autoconfigure.DevToolsProperties'
2025-11-13 08:07:26.098 [restartedMain] DEBUG o.s.b.f.s.DefaultListableBeanFactory - Autowiring by type from bean name 'optionalLiveReloadServer' via factory method to bean named 'liveReloadServer'
2025-11-13 08:07:26.099 [restartedMain] DEBUG o.s.b.d.livereload.LiveReloadServer - Starting live reload server on port 35729
2025-11-13 08:07:26.102 [restartedMain] INFO  o.s.b.d.a.OptionalLiveReloadServer - LiveReload server is running on port 35729
2025-11-13 08:07:26.103 [restartedMain] DEBUG o.s.b.f.s.DefaultListableBeanFactory - Creating shared instance of singleton bean 'liveReloadServerEventListener'
2025-11-13 08:07:26.104 [restartedMain] DEBUG o.s.b.f.s.DefaultListableBeanFactory - Autowiring by type from bean name 'liveReloadServerEventListener' via factory method to bean named 'optionalLiveReloadServer'
2025-11-13 08:07:26.105 [restartedMain] DEBUG o.s.b.f.s.DefaultListableBeanFactory - Creating shared instance of singleton bean 'org.springframework.boot.devtools.autoconfigure.LocalDevToolsAutoConfiguration'
2025-11-13 08:07:26.133 [restartedMain] DEBUG o.s.c.s.DefaultLifecycleProcessor - Starting beans in phase -2147483647
2025-11-13 08:07:26.133 [restartedMain] DEBUG o.s.c.s.DefaultLifecycleProcessor - Successfully started bean 'springBootLoggingLifecycle'
2025-11-13 08:07:26.133 [restartedMain] DEBUG o.s.c.s.DefaultLifecycleProcessor - Starting beans in phase 0
2025-11-13 08:07:26.144 [restartedMain] DEBUG o.s.c.s.DefaultLifecycleProcessor - Successfully started bean 'reactorResourceFactory'
2025-11-13 08:07:26.144 [restartedMain] DEBUG o.s.c.s.DefaultLifecycleProcessor - Starting beans in phase 1073741823
2025-11-13 08:07:26.145 [restartedMain] DEBUG o.s.c.s.DefaultLifecycleProcessor - Starting beans in phase 2147481599
2025-11-13 08:07:26.145 [restartedMain] INFO  o.a.coyote.http11.Http11NioProtocol - Starting ProtocolHandler ["http-nio-8080"]
2025-11-13 08:07:26.184 [restartedMain] INFO  o.s.b.w.e.tomcat.TomcatWebServer - Tomcat started on port 8080 (http) with context path '/'
2025-11-13 08:07:26.186 [restartedMain] DEBUG o.s.c.s.DefaultLifecycleProcessor - Successfully started bean 'webServerStartStop'
2025-11-13 08:07:26.186 [restartedMain] DEBUG o.s.c.s.DefaultLifecycleProcessor - Starting beans in phase 2147482623
2025-11-13 08:07:26.186 [restartedMain] DEBUG o.s.c.s.DefaultLifecycleProcessor - Successfully started bean 'webServerGracefulShutdown'
2025-11-13 08:07:26.215 [restartedMain] DEBUG o.s.b.a.l.ConditionEvaluationReportLogger - 


============================
CONDITIONS EVALUATION REPORT
============================


Positive matches:
-----------------

   AopAutoConfiguration matched:
      - @ConditionalOnProperty (spring.aop.auto=true) matched (OnPropertyCondition)

   AopAutoConfiguration.AspectJAutoProxyingConfiguration matched:
      - @ConditionalOnClass found required class 'org.aspectj.weaver.Advice' (OnClassCondition)

   AopAutoConfiguration.AspectJAutoProxyingConfiguration.CglibAutoProxyConfiguration matched:
      - @ConditionalOnProperty (spring.aop.proxy-target-class=true) matched (OnPropertyCondition)

   ApplicationAvailabilityAutoConfiguration#applicationAvailability matched:
      - @ConditionalOnMissingBean (types: org.springframework.boot.availability.ApplicationAvailability; SearchStrategy: all) did not find any beans (OnBeanCondition)

   ClientHttpConnectorAutoConfiguration matched:
      - @ConditionalOnClass found required class 'org.springframework.web.reactive.function.client.WebClient' (OnClassCondition)

   ClientHttpConnectorAutoConfiguration#webClientHttpConnector matched:
      - @ConditionalOnMissingBean (types: org.springframework.http.client.reactive.ClientHttpConnector; SearchStrategy: all) did not find any beans (OnBeanCondition)

   ClientHttpConnectorAutoConfiguration#webClientHttpConnectorCustomizer matched:
      - @ConditionalOnBean (types: org.springframework.http.client.reactive.ClientHttpConnector; SearchStrategy: all) found bean 'webClientHttpConnector' (OnBeanCondition)

   ClientHttpConnectorFactoryConfiguration.ReactorNetty matched:
      - @ConditionalOnClass found required class 'reactor.netty.http.client.HttpClient' (OnClassCondition)
      - @ConditionalOnMissingBean (types: org.springframework.boot.autoconfigure.web.reactive.function.client.ClientHttpConnectorFactory; SearchStrategy: all) did not find any beans (OnBeanCondition)

   CodecsAutoConfiguration matched:
      - @ConditionalOnClass found required classes 'org.springframework.http.codec.CodecConfigurer', 'org.springframework.web.reactive.function.client.WebClient' (OnClassCondition)

   CodecsAutoConfiguration.JacksonCodecConfiguration matched:
      - @ConditionalOnClass found required class 'com.fasterxml.jackson.databind.ObjectMapper' (OnClassCondition)

   CodecsAutoConfiguration.JacksonCodecConfiguration#jacksonCodecCustomizer matched:
      - @ConditionalOnBean (types: com.fasterxml.jackson.databind.ObjectMapper; SearchStrategy: all) found bean 'jacksonObjectMapper' (OnBeanCondition)

   DataSourceAutoConfiguration matched:
      - @ConditionalOnClass found required classes 'javax.sql.DataSource', 'org.springframework.jdbc.datasource.embedded.EmbeddedDatabaseType' (OnClassCondition)
      - @ConditionalOnMissingBean (types: io.r2dbc.spi.ConnectionFactory; SearchStrategy: all) did not find any beans (OnBeanCondition)

   DataSourceAutoConfiguration.PooledDataSourceConfiguration matched:
      - AnyNestedCondition 1 matched 1 did not; NestedCondition on DataSourceAutoConfiguration.PooledDataSourceCondition.PooledDataSourceAvailable PooledDataSource found supported DataSource; NestedCondition on DataSourceAutoConfiguration.PooledDataSourceCondition.ExplicitType @ConditionalOnProperty (spring.datasource.type) did not find property 'type' (DataSourceAutoConfiguration.PooledDataSourceCondition)
      - @ConditionalOnMissingBean (types: javax.sql.DataSource,javax.sql.XADataSource; SearchStrategy: all) did not find any beans (OnBeanCondition)

   DataSourceAutoConfiguration.PooledDataSourceConfiguration#jdbcConnectionDetails matched:
      - @ConditionalOnMissingBean (types: org.springframework.boot.autoconfigure.jdbc.JdbcConnectionDetails; SearchStrategy: all) did not find any beans (OnBeanCondition)

   DataSourceConfiguration.Hikari matched:
      - @ConditionalOnClass found required class 'com.zaxxer.hikari.HikariDataSource' (OnClassCondition)
      - @ConditionalOnProperty (spring.datasource.type=com.zaxxer.hikari.HikariDataSource) matched (OnPropertyCondition)
      - @ConditionalOnMissingBean (types: javax.sql.DataSource; SearchStrategy: all) did not find any beans (OnBeanCondition)

   DataSourceInitializationConfiguration matched:
      - @ConditionalOnClass found required class 'org.springframework.jdbc.datasource.init.DatabasePopulator' (OnClassCondition)
      - @ConditionalOnSingleCandidate (types: javax.sql.DataSource; SearchStrategy: all) found a single bean 'dataSource'; @ConditionalOnMissingBean (types: org.springframework.boot.autoconfigure.sql.init.SqlDataSourceScriptDatabaseInitializer,org.springframework.boot.autoconfigure.sql.init.SqlR2dbcScriptDatabaseInitializer; SearchStrategy: all) did not find any beans (OnBeanCondition)

   DataSourceJmxConfiguration matched:
      - @ConditionalOnProperty (spring.jmx.enabled=true) matched (OnPropertyCondition)

   DataSourceJmxConfiguration.Hikari matched:
      - @ConditionalOnClass found required class 'com.zaxxer.hikari.HikariDataSource' (OnClassCondition)
      - @ConditionalOnSingleCandidate (types: javax.sql.DataSource; SearchStrategy: all) found a single bean 'dataSource' (OnBeanCondition)

   DataSourcePoolMetadataProvidersConfiguration.HikariPoolDataSourceMetadataProviderConfiguration matched:
      - @ConditionalOnClass found required class 'com.zaxxer.hikari.HikariDataSource' (OnClassCondition)

   DataSourceTransactionManagerAutoConfiguration matched:
      - @ConditionalOnClass found required classes 'javax.sql.DataSource', 'org.springframework.jdbc.core.JdbcTemplate', 'org.springframework.transaction.TransactionManager' (OnClassCondition)

   DataSourceTransactionManagerAutoConfiguration.JdbcTransactionManagerConfiguration matched:
      - @ConditionalOnSingleCandidate (types: javax.sql.DataSource; SearchStrategy: all) found a single bean 'dataSource' (OnBeanCondition)

   DevToolsDataSourceAutoConfiguration matched:
      - @ConditionalOnClass found required class 'javax.sql.DataSource' (OnClassCondition)
      - Devtools devtools enabled. (OnEnabledDevToolsCondition)
      - DevTools DataSource Condition found auto-configured DataSource (DevToolsDataSourceAutoConfiguration.DevToolsDataSourceCondition)

   DevToolsDataSourceAutoConfiguration.DatabaseShutdownExecutorEntityManagerFactoryDependsOnPostProcessor matched:
      - @ConditionalOnClass found required class 'org.springframework.orm.jpa.LocalContainerEntityManagerFactoryBean' (OnClassCondition)
      - @ConditionalOnBean (types: org.springframework.orm.jpa.AbstractEntityManagerFactoryBean; SearchStrategy: all) found bean '&entityManagerFactory' (OnBeanCondition)

   DispatcherServletAutoConfiguration matched:
      - @ConditionalOnClass found required class 'org.springframework.web.servlet.DispatcherServlet' (OnClassCondition)
      - found 'session' scope (OnWebApplicationCondition)

   DispatcherServletAutoConfiguration.DispatcherServletConfiguration matched:
      - @ConditionalOnClass found required class 'jakarta.servlet.ServletRegistration' (OnClassCondition)
      - Default DispatcherServlet did not find dispatcher servlet beans (DispatcherServletAutoConfiguration.DefaultDispatcherServletCondition)

   DispatcherServletAutoConfiguration.DispatcherServletRegistrationConfiguration matched:
      - @ConditionalOnClass found required class 'jakarta.servlet.ServletRegistration' (OnClassCondition)
      - DispatcherServlet Registration did not find servlet registration bean (DispatcherServletAutoConfiguration.DispatcherServletRegistrationCondition)

   DispatcherServletAutoConfiguration.DispatcherServletRegistrationConfiguration#dispatcherServletRegistration matched:
      - @ConditionalOnBean (names: dispatcherServlet types: org.springframework.web.servlet.DispatcherServlet; SearchStrategy: all) found bean 'dispatcherServlet' (OnBeanCondition)

   EmbeddedWebServerFactoryCustomizerAutoConfiguration matched:
      - @ConditionalOnWebApplication (required) found 'session' scope (OnWebApplicationCondition)
      - @ConditionalOnWarDeployment the application is not deployed as a WAR file. (OnWarDeploymentCondition)

   EmbeddedWebServerFactoryCustomizerAutoConfiguration.NettyWebServerFactoryCustomizerConfiguration matched:
      - @ConditionalOnClass found required class 'reactor.netty.http.server.HttpServer' (OnClassCondition)

   EmbeddedWebServerFactoryCustomizerAutoConfiguration.TomcatWebServerFactoryCustomizerConfiguration matched:
      - @ConditionalOnClass found required classes 'org.apache.catalina.startup.Tomcat', 'org.apache.coyote.UpgradeProtocol' (OnClassCondition)

   ErrorMvcAutoConfiguration matched:
      - @ConditionalOnClass found required classes 'jakarta.servlet.Servlet', 'org.springframework.web.servlet.DispatcherServlet' (OnClassCondition)
      - found 'session' scope (OnWebApplicationCondition)

   ErrorMvcAutoConfiguration#basicErrorController matched:
      - @ConditionalOnMissingBean (types: org.springframework.boot.web.servlet.error.ErrorController; SearchStrategy: current) did not find any beans (OnBeanCondition)

   ErrorMvcAutoConfiguration#errorAttributes matched:
      - @ConditionalOnMissingBean (types: org.springframework.boot.web.servlet.error.ErrorAttributes; SearchStrategy: current) did not find any beans (OnBeanCondition)

   ErrorMvcAutoConfiguration.DefaultErrorViewResolverConfiguration#conventionErrorViewResolver matched:
      - @ConditionalOnBean (types: org.springframework.web.servlet.DispatcherServlet; SearchStrategy: all) found bean 'dispatcherServlet'; @ConditionalOnMissingBean (types: org.springframework.boot.autoconfigure.web.servlet.error.ErrorViewResolver; SearchStrategy: all) did not find any beans (OnBeanCondition)

   ErrorMvcAutoConfiguration.WhitelabelErrorViewConfiguration matched:
      - @ConditionalOnProperty (server.error.whitelabel.enabled) matched (OnPropertyCondition)
      - ErrorTemplate Missing did not find error template view (ErrorMvcAutoConfiguration.ErrorTemplateMissingCondition)

   ErrorMvcAutoConfiguration.WhitelabelErrorViewConfiguration#beanNameViewResolver matched:
      - @ConditionalOnMissingBean (types: org.springframework.web.servlet.view.BeanNameViewResolver; SearchStrategy: all) did not find any beans (OnBeanCondition)

   ErrorMvcAutoConfiguration.WhitelabelErrorViewConfiguration#defaultErrorView matched:
      - @ConditionalOnMissingBean (names: error; SearchStrategy: all) did not find any beans (OnBeanCondition)

   FlywayAutoConfiguration matched:
      - @ConditionalOnClass found required class 'org.flywaydb.core.Flyway' (OnClassCondition)
      - @ConditionalOnProperty (spring.flyway.enabled) matched (OnPropertyCondition)
      - AnyNestedCondition 2 matched 1 did not; NestedCondition on FlywayAutoConfiguration.FlywayDataSourceCondition.FlywayUrlCondition @ConditionalOnProperty (spring.flyway.url) did not find property 'url'; NestedCondition on FlywayAutoConfiguration.FlywayDataSourceCondition.JdbcConnectionDetailsCondition @ConditionalOnBean (types: org.springframework.boot.autoconfigure.jdbc.JdbcConnectionDetails; SearchStrategy: all) found bean 'jdbcConnectionDetails'; NestedCondition on FlywayAutoConfiguration.FlywayDataSourceCondition.DataSourceBeanCondition @ConditionalOnBean (types: javax.sql.DataSource; SearchStrategy: all) found bean 'dataSource' (FlywayAutoConfiguration.FlywayDataSourceCondition)

   FlywayAutoConfiguration.FlywayConfiguration matched:
      - @ConditionalOnClass found required class 'org.springframework.jdbc.support.JdbcUtils' (OnClassCondition)
      - @ConditionalOnMissingBean (types: org.flywaydb.core.Flyway; SearchStrategy: all) did not find any beans (OnBeanCondition)

   FlywayAutoConfiguration.FlywayConfiguration#flywayConnectionDetails matched:
      - @ConditionalOnMissingBean (types: org.springframework.boot.autoconfigure.flyway.FlywayConnectionDetails; SearchStrategy: all) did not find any beans (OnBeanCondition)

   FlywayAutoConfiguration.FlywayConfiguration#flywayInitializer matched:
      - @ConditionalOnMissingBean (types: org.springframework.boot.autoconfigure.flyway.FlywayMigrationInitializer; SearchStrategy: all) did not find any beans (OnBeanCondition)

   FlywayAutoConfiguration.FlywayConfiguration#postgresqlFlywayConfigurationCustomizer matched:
      - @ConditionalOnClass found required class 'org.flywaydb.database.postgresql.PostgreSQLConfigurationExtension' (OnClassCondition)

   GenericCacheConfiguration matched:
      - Cache org.springframework.boot.autoconfigure.cache.GenericCacheConfiguration automatic cache type (CacheCondition)

   HibernateJpaAutoConfiguration matched:
      - @ConditionalOnClass found required classes 'org.springframework.orm.jpa.LocalContainerEntityManagerFactoryBean', 'jakarta.persistence.EntityManager', 'org.hibernate.engine.spi.SessionImplementor' (OnClassCondition)

   HibernateJpaConfiguration matched:
      - @ConditionalOnSingleCandidate (types: javax.sql.DataSource; SearchStrategy: all) found a single bean 'dataSource' (OnBeanCondition)

   HttpClientAutoConfiguration matched:
      - @ConditionalOnClass found required class 'org.springframework.http.client.ClientHttpRequestFactory' (OnClassCondition)
      - NoneNestedConditions 0 matched 1 did not; NestedCondition on NotReactiveWebApplicationCondition.ReactiveWebApplication not a reactive web application (NotReactiveWebApplicationCondition)

   HttpClientAutoConfiguration#clientHttpRequestFactoryBuilder matched:
      - @ConditionalOnMissingBean (types: org.springframework.boot.http.client.ClientHttpRequestFactoryBuilder; SearchStrategy: all) did not find any beans (OnBeanCondition)

   HttpClientAutoConfiguration#clientHttpRequestFactorySettings matched:
      - @ConditionalOnMissingBean (types: org.springframework.boot.http.client.ClientHttpRequestFactorySettings; SearchStrategy: all) did not find any beans (OnBeanCondition)

   HttpEncodingAutoConfiguration matched:
      - @ConditionalOnClass found required class 'org.springframework.web.filter.CharacterEncodingFilter' (OnClassCondition)
      - found 'session' scope (OnWebApplicationCondition)
      - @ConditionalOnProperty (server.servlet.encoding.enabled) matched (OnPropertyCondition)

   HttpEncodingAutoConfiguration#characterEncodingFilter matched:
      - @ConditionalOnMissingBean (types: org.springframework.web.filter.CharacterEncodingFilter; SearchStrategy: all) did not find any beans (OnBeanCondition)

   HttpMessageConvertersAutoConfiguration matched:
      - @ConditionalOnClass found required class 'org.springframework.http.converter.HttpMessageConverter' (OnClassCondition)
      - NoneNestedConditions 0 matched 1 did not; NestedCondition on HttpMessageConvertersAutoConfiguration.NotReactiveWebApplicationCondition.ReactiveWebApplication not a reactive web application (HttpMessageConvertersAutoConfiguration.NotReactiveWebApplicationCondition)

   HttpMessageConvertersAutoConfiguration#messageConverters matched:
      - @ConditionalOnMissingBean (types: org.springframework.boot.autoconfigure.http.HttpMessageConverters; SearchStrategy: all) did not find any beans (OnBeanCondition)

   HttpMessageConvertersAutoConfiguration.StringHttpMessageConverterConfiguration matched:
      - @ConditionalOnClass found required class 'org.springframework.http.converter.StringHttpMessageConverter' (OnClassCondition)

   HttpMessageConvertersAutoConfiguration.StringHttpMessageConverterConfiguration#stringHttpMessageConverter matched:
      - @ConditionalOnMissingBean (types: org.springframework.http.converter.StringHttpMessageConverter; SearchStrategy: all) did not find any beans (OnBeanCondition)

   JacksonAutoConfiguration matched:
      - @ConditionalOnClass found required class 'com.fasterxml.jackson.databind.ObjectMapper' (OnClassCondition)

   JacksonAutoConfiguration.Jackson2ObjectMapperBuilderCustomizerConfiguration matched:
      - @ConditionalOnClass found required class 'org.springframework.http.converter.json.Jackson2ObjectMapperBuilder' (OnClassCondition)

   JacksonAutoConfiguration.JacksonObjectMapperBuilderConfiguration matched:
      - @ConditionalOnClass found required class 'org.springframework.http.converter.json.Jackson2ObjectMapperBuilder' (OnClassCondition)

   JacksonAutoConfiguration.JacksonObjectMapperBuilderConfiguration#jacksonObjectMapperBuilder matched:
      - @ConditionalOnMissingBean (types: org.springframework.http.converter.json.Jackson2ObjectMapperBuilder; SearchStrategy: all) did not find any beans (OnBeanCondition)

   JacksonAutoConfiguration.JacksonObjectMapperConfiguration matched:
      - @ConditionalOnClass found required class 'org.springframework.http.converter.json.Jackson2ObjectMapperBuilder' (OnClassCondition)

   JacksonAutoConfiguration.JacksonObjectMapperConfiguration#jacksonObjectMapper matched:
      - @ConditionalOnMissingBean (types: com.fasterxml.jackson.databind.ObjectMapper; SearchStrategy: all) did not find any beans (OnBeanCondition)

   JacksonAutoConfiguration.ParameterNamesModuleConfiguration matched:
      - @ConditionalOnClass found required class 'com.fasterxml.jackson.module.paramnames.ParameterNamesModule' (OnClassCondition)

   JacksonAutoConfiguration.ParameterNamesModuleConfiguration#parameterNamesModule matched:
      - @ConditionalOnMissingBean (types: com.fasterxml.jackson.module.paramnames.ParameterNamesModule; SearchStrategy: all) did not find any beans (OnBeanCondition)

   JacksonHttpMessageConvertersConfiguration.MappingJackson2HttpMessageConverterConfiguration matched:
      - @ConditionalOnClass found required class 'com.fasterxml.jackson.databind.ObjectMapper' (OnClassCondition)
      - @ConditionalOnProperty (spring.mvc.converters.preferred-json-mapper=jackson) matched (OnPropertyCondition)
      - @ConditionalOnBean (types: com.fasterxml.jackson.databind.ObjectMapper; SearchStrategy: all) found bean 'jacksonObjectMapper' (OnBeanCondition)

   JacksonHttpMessageConvertersConfiguration.MappingJackson2HttpMessageConverterConfiguration#mappingJackson2HttpMessageConverter matched:
      - @ConditionalOnMissingBean (types: org.springframework.http.converter.json.MappingJackson2HttpMessageConverter ignored: org.springframework.hateoas.server.mvc.TypeConstrainedMappingJackson2HttpMessageConverter,org.springframework.data.rest.webmvc.alps.AlpsJsonHttpMessageConverter; SearchStrategy: all) did not find any beans (OnBeanCondition)

   JdbcClientAutoConfiguration matched:
      - @ConditionalOnSingleCandidate (types: org.springframework.jdbc.core.namedparam.NamedParameterJdbcTemplate; SearchStrategy: all) found a single bean 'namedParameterJdbcTemplate'; @ConditionalOnMissingBean (types: org.springframework.jdbc.core.simple.JdbcClient; SearchStrategy: all) did not find any beans (OnBeanCondition)

   JdbcTemplateAutoConfiguration matched:
      - @ConditionalOnClass found required classes 'javax.sql.DataSource', 'org.springframework.jdbc.core.JdbcTemplate' (OnClassCondition)
      - @ConditionalOnSingleCandidate (types: javax.sql.DataSource; SearchStrategy: all) found a single bean 'dataSource' (OnBeanCondition)

   JdbcTemplateConfiguration matched:
      - @ConditionalOnMissingBean (types: org.springframework.jdbc.core.JdbcOperations; SearchStrategy: all) did not find any beans (OnBeanCondition)

   JpaBaseConfiguration#entityManagerFactory matched:
      - @ConditionalOnMissingBean (types: org.springframework.orm.jpa.LocalContainerEntityManagerFactoryBean,jakarta.persistence.EntityManagerFactory; SearchStrategy: all) did not find any beans (OnBeanCondition)

   JpaBaseConfiguration#entityManagerFactoryBuilder matched:
      - @ConditionalOnMissingBean (types: org.springframework.boot.orm.jpa.EntityManagerFactoryBuilder; SearchStrategy: all) did not find any beans (OnBeanCondition)

   JpaBaseConfiguration#jpaVendorAdapter matched:
      - @ConditionalOnMissingBean (types: org.springframework.orm.jpa.JpaVendorAdapter; SearchStrategy: all) did not find any beans (OnBeanCondition)

   JpaBaseConfiguration#transactionManager matched:
      - @ConditionalOnMissingBean (types: org.springframework.transaction.TransactionManager; SearchStrategy: all) did not find any beans (OnBeanCondition)

   JpaBaseConfiguration.JpaWebConfiguration matched:
      - @ConditionalOnClass found required class 'org.springframework.web.servlet.config.annotation.WebMvcConfigurer' (OnClassCondition)
      - found 'session' scope (OnWebApplicationCondition)
      - @ConditionalOnProperty (spring.jpa.open-in-view=true) matched (OnPropertyCondition)
      - @ConditionalOnMissingBean (types: org.springframework.orm.jpa.support.OpenEntityManagerInViewInterceptor,org.springframework.orm.jpa.support.OpenEntityManagerInViewFilter; SearchStrategy: all) did not find any beans (OnBeanCondition)

   JpaBaseConfiguration.PersistenceManagedTypesConfiguration matched:
      - @ConditionalOnMissingBean (types: org.springframework.orm.jpa.LocalContainerEntityManagerFactoryBean,jakarta.persistence.EntityManagerFactory; SearchStrategy: all) did not find any beans (OnBeanCondition)

   JpaBaseConfiguration.PersistenceManagedTypesConfiguration#persistenceManagedTypes matched:
      - @ConditionalOnMissingBean (types: org.springframework.orm.jpa.persistenceunit.PersistenceManagedTypes; SearchStrategy: all) did not find any beans (OnBeanCondition)

   JpaRepositoriesAutoConfiguration matched:
      - @ConditionalOnClass found required class 'org.springframework.data.jpa.repository.JpaRepository' (OnClassCondition)
      - @ConditionalOnProperty (spring.data.jpa.repositories.enabled=true) matched (OnPropertyCondition)
      - @ConditionalOnBean (types: javax.sql.DataSource; SearchStrategy: all) found bean 'dataSource'; @ConditionalOnMissingBean (types: org.springframework.data.jpa.repository.support.JpaRepositoryFactoryBean,org.springframework.data.jpa.repository.config.JpaRepositoryConfigExtension; SearchStrategy: all) did not find any beans (OnBeanCondition)

   JtaAutoConfiguration matched:
      - @ConditionalOnClass found required class 'jakarta.transaction.Transaction' (OnClassCondition)
      - @ConditionalOnProperty (spring.jta.enabled) matched (OnPropertyCondition)

   LifecycleAutoConfiguration#defaultLifecycleProcessor matched:
      - @ConditionalOnMissingBean (names: lifecycleProcessor; SearchStrategy: current) did not find any beans (OnBeanCondition)

   LocalDevToolsAutoConfiguration matched:
      - Initialized Restarter Condition available and initialized (OnInitializedRestarterCondition)

   LocalDevToolsAutoConfiguration.LiveReloadConfiguration matched:
      - @ConditionalOnProperty (spring.devtools.livereload.enabled) matched (OnPropertyCondition)

   LocalDevToolsAutoConfiguration.LiveReloadConfiguration#liveReloadServer matched:
      - @ConditionalOnMissingBean (types: org.springframework.boot.devtools.livereload.LiveReloadServer; SearchStrategy: all) did not find any beans (OnBeanCondition)

   LocalDevToolsAutoConfiguration.RestartConfiguration matched:
      - @ConditionalOnProperty (spring.devtools.restart.enabled) matched (OnPropertyCondition)

   LocalDevToolsAutoConfiguration.RestartConfiguration#classPathFileSystemWatcher matched:
      - @ConditionalOnMissingBean (types: org.springframework.boot.devtools.classpath.ClassPathFileSystemWatcher; SearchStrategy: all) did not find any beans (OnBeanCondition)

   LocalDevToolsAutoConfiguration.RestartConfiguration#classPathRestartStrategy matched:
      - @ConditionalOnMissingBean (types: org.springframework.boot.devtools.classpath.ClassPathRestartStrategy; SearchStrategy: all) did not find any beans (OnBeanCondition)

   LocalDevToolsAutoConfiguration.RestartConfiguration#conditionEvaluationDeltaLoggingListener matched:
      - @ConditionalOnProperty (spring.devtools.restart.log-condition-evaluation-delta) matched (OnPropertyCondition)

   MultipartAutoConfiguration matched:
      - @ConditionalOnClass found required classes 'jakarta.servlet.Servlet', 'org.springframework.web.multipart.support.StandardServletMultipartResolver', 'jakarta.servlet.MultipartConfigElement' (OnClassCondition)
      - found 'session' scope (OnWebApplicationCondition)
      - @ConditionalOnProperty (spring.servlet.multipart.enabled) matched (OnPropertyCondition)

   MultipartAutoConfiguration#multipartConfigElement matched:
      - @ConditionalOnMissingBean (types: jakarta.servlet.MultipartConfigElement; SearchStrategy: all) did not find any beans (OnBeanCondition)

   MultipartAutoConfiguration#multipartResolver matched:
      - @ConditionalOnMissingBean (types: org.springframework.web.multipart.MultipartResolver; SearchStrategy: all) did not find any beans (OnBeanCondition)

   NamedParameterJdbcTemplateConfiguration matched:
      - @ConditionalOnSingleCandidate (types: org.springframework.jdbc.core.JdbcTemplate; SearchStrategy: all) found a single bean 'jdbcTemplate'; @ConditionalOnMissingBean (types: org.springframework.jdbc.core.namedparam.NamedParameterJdbcOperations; SearchStrategy: all) did not find any beans (OnBeanCondition)

   NettyAutoConfiguration matched:
      - @ConditionalOnClass found required class 'io.netty.util.NettyRuntime' (OnClassCondition)

   NoOpCacheConfiguration matched:
      - Cache org.springframework.boot.autoconfigure.cache.NoOpCacheConfiguration automatic cache type (CacheCondition)

   PersistenceExceptionTranslationAutoConfiguration matched:
      - @ConditionalOnClass found required class 'org.springframework.dao.annotation.PersistenceExceptionTranslationPostProcessor' (OnClassCondition)

   PersistenceExceptionTranslationAutoConfiguration#persistenceExceptionTranslationPostProcessor matched:
      - @ConditionalOnProperty (spring.dao.exceptiontranslation.enabled) matched (OnPropertyCondition)
      - @ConditionalOnMissingBean (types: org.springframework.dao.annotation.PersistenceExceptionTranslationPostProcessor; SearchStrategy: all) did not find any beans (OnBeanCondition)

   PropertyPlaceholderAutoConfiguration#propertySourcesPlaceholderConfigurer matched:
      - @ConditionalOnMissingBean (types: org.springframework.context.support.PropertySourcesPlaceholderConfigurer; SearchStrategy: current) did not find any beans (OnBeanCondition)

   ReactiveSecurityAutoConfiguration matched:
      - @ConditionalOnClass found required classes 'reactor.core.publisher.Flux', 'org.springframework.security.config.annotation.web.reactive.EnableWebFluxSecurity', 'org.springframework.security.web.server.WebFilterChainProxy', 'org.springframework.web.reactive.config.WebFluxConfigurer' (OnClassCondition)

   ReactorAutoConfiguration matched:
      - @ConditionalOnClass found required class 'reactor.core.publisher.Hooks' (OnClassCondition)

   ReactorNettyConfigurations.ReactorResourceFactoryConfiguration#reactorResourceFactory matched:
      - @ConditionalOnMissingBean (types: org.springframework.http.client.ReactorResourceFactory; SearchStrategy: all) did not find any beans (OnBeanCondition)

   RestClientAutoConfiguration matched:
      - @ConditionalOnClass found required class 'org.springframework.web.client.RestClient' (OnClassCondition)
      - NoneNestedConditions 0 matched 1 did not; NestedCondition on NotReactiveWebApplicationCondition.ReactiveWebApplication not a reactive web application (NotReactiveWebApplicationCondition)

   RestClientAutoConfiguration#httpMessageConvertersRestClientCustomizer matched:
      - @ConditionalOnMissingBean (types: org.springframework.boot.autoconfigure.web.client.HttpMessageConvertersRestClientCustomizer; SearchStrategy: all) did not find any beans (OnBeanCondition)

   RestClientAutoConfiguration#restClientBuilder matched:
      - @ConditionalOnMissingBean (types: org.springframework.web.client.RestClient$Builder; SearchStrategy: all) did not find any beans (OnBeanCondition)

   RestClientAutoConfiguration#restClientBuilderConfigurer matched:
      - @ConditionalOnMissingBean (types: org.springframework.boot.autoconfigure.web.client.RestClientBuilderConfigurer; SearchStrategy: all) did not find any beans (OnBeanCondition)

   RestClientAutoConfiguration#restClientSsl matched:
      - @ConditionalOnBean (types: org.springframework.boot.ssl.SslBundles; SearchStrategy: all) found bean 'sslBundleRegistry'; @ConditionalOnMissingBean (types: org.springframework.boot.autoconfigure.web.client.RestClientSsl; SearchStrategy: all) did not find any beans (OnBeanCondition)

   RestTemplateAutoConfiguration matched:
      - @ConditionalOnClass found required class 'org.springframework.web.client.RestTemplate' (OnClassCondition)
      - NoneNestedConditions 0 matched 1 did not; NestedCondition on NotReactiveWebApplicationCondition.ReactiveWebApplication not a reactive web application (NotReactiveWebApplicationCondition)

   RestTemplateAutoConfiguration#restTemplateBuilder matched:
      - @ConditionalOnMissingBean (types: org.springframework.boot.web.client.RestTemplateBuilder; SearchStrategy: all) did not find any beans (OnBeanCondition)

   SecurityAutoConfiguration matched:
      - @ConditionalOnClass found required class 'org.springframework.security.authentication.DefaultAuthenticationEventPublisher' (OnClassCondition)

   SecurityAutoConfiguration#authenticationEventPublisher matched:
      - @ConditionalOnMissingBean (types: org.springframework.security.authentication.AuthenticationEventPublisher; SearchStrategy: all) did not find any beans (OnBeanCondition)

   SecurityFilterAutoConfiguration matched:
      - @ConditionalOnClass found required classes 'org.springframework.security.web.context.AbstractSecurityWebApplicationInitializer', 'org.springframework.security.config.http.SessionCreationPolicy' (OnClassCondition)
      - found 'session' scope (OnWebApplicationCondition)

   SecurityFilterAutoConfiguration#securityFilterChainRegistration matched:
      - @ConditionalOnBean (names: springSecurityFilterChain; SearchStrategy: all) found bean 'springSecurityFilterChain' (OnBeanCondition)

   ServletWebServerFactoryAutoConfiguration matched:
      - @ConditionalOnClass found required class 'jakarta.servlet.ServletRequest' (OnClassCondition)
      - found 'session' scope (OnWebApplicationCondition)

   ServletWebServerFactoryAutoConfiguration#tomcatServletWebServerFactoryCustomizer matched:
      - @ConditionalOnClass found required class 'org.apache.catalina.startup.Tomcat' (OnClassCondition)

   ServletWebServerFactoryConfiguration.EmbeddedTomcat matched:
      - @ConditionalOnClass found required classes 'jakarta.servlet.Servlet', 'org.apache.catalina.startup.Tomcat', 'org.apache.coyote.UpgradeProtocol' (OnClassCondition)
      - @ConditionalOnMissingBean (types: org.springframework.boot.web.servlet.server.ServletWebServerFactory; SearchStrategy: current) did not find any beans (OnBeanCondition)

   SimpleCacheConfiguration matched:
      - Cache org.springframework.boot.autoconfigure.cache.SimpleCacheConfiguration automatic cache type (CacheCondition)

   SpringBootWebSecurityConfiguration matched:
      - found 'session' scope (OnWebApplicationCondition)

   SpringDataWebAutoConfiguration matched:
      - @ConditionalOnClass found required classes 'org.springframework.data.web.PageableHandlerMethodArgumentResolver', 'org.springframework.web.servlet.config.annotation.WebMvcConfigurer' (OnClassCondition)
      - found 'session' scope (OnWebApplicationCondition)
      - @ConditionalOnMissingBean (types: org.springframework.data.web.PageableHandlerMethodArgumentResolver; SearchStrategy: all) did not find any beans (OnBeanCondition)

   SpringDataWebAutoConfiguration#pageableCustomizer matched:
      - @ConditionalOnMissingBean (types: org.springframework.data.web.config.PageableHandlerMethodArgumentResolverCustomizer; SearchStrategy: all) did not find any beans (OnBeanCondition)

   SpringDataWebAutoConfiguration#sortCustomizer matched:
      - @ConditionalOnMissingBean (types: org.springframework.data.web.config.SortHandlerMethodArgumentResolverCustomizer; SearchStrategy: all) did not find any beans (OnBeanCondition)

   SpringDataWebAutoConfiguration#springDataWebSettings matched:
      - @ConditionalOnMissingBean (types: org.springframework.data.web.config.SpringDataWebSettings; SearchStrategy: all) did not find any beans (OnBeanCondition)

   SpringDocConfigProperties matched:
      - @ConditionalOnProperty (springdoc.api-docs.enabled) matched (OnPropertyCondition)
      - @ConditionalOnBean (types: org.springdoc.core.configuration.SpringDocConfiguration; SearchStrategy: all) found bean 'org.springdoc.core.configuration.SpringDocConfiguration' (OnBeanCondition)

   SpringDocConfiguration matched:
      - @ConditionalOnWebApplication (required) found 'session' scope (OnWebApplicationCondition)
      - @ConditionalOnProperty (springdoc.api-docs.enabled) matched (OnPropertyCondition)

   SpringDocConfiguration#fileSupportConverter matched:
      - @ConditionalOnMissingBean (types: org.springdoc.core.converters.FileSupportConverter; SearchStrategy: all) did not find any beans (OnBeanCondition)

   SpringDocConfiguration#globalOpenApiCustomizer matched:
      - @ConditionalOnMissingBean (names: globalOpenApiCustomizer; SearchStrategy: all) did not find any beans (OnBeanCondition)

   SpringDocConfiguration#oas31ModelConverter matched:
      - @ConditionalOnMissingBean (types: org.springdoc.core.converters.OAS31ModelConverter; SearchStrategy: all) did not find any beans (OnBeanCondition)

   SpringDocConfiguration#openAPIBuilder matched:
      - @ConditionalOnMissingBean (types: org.springdoc.core.service.OpenAPIService; SearchStrategy: all) did not find any beans (OnBeanCondition)

   SpringDocConfiguration#operationBuilder matched:
      - @ConditionalOnMissingBean (types: org.springdoc.core.service.OperationService; SearchStrategy: all) did not find any beans (OnBeanCondition)

   SpringDocConfiguration#parameterBuilder matched:
      - @ConditionalOnMissingBean (types: org.springdoc.core.service.GenericParameterService; SearchStrategy: all) did not find any beans (OnBeanCondition)

   SpringDocConfiguration#parameterObjectNamingStrategyCustomizer matched:
      - @ConditionalOnMissingBean (types: org.springdoc.core.customizers.ParameterObjectNamingStrategyCustomizer; SearchStrategy: all) did not find any beans (OnBeanCondition)

   SpringDocConfiguration#polymorphicModelConverter matched:
      - @ConditionalOnProperty (springdoc.model-converters.polymorphic-converter.enabled) matched (OnPropertyCondition)
      - @ConditionalOnMissingBean (types: org.springdoc.core.converters.PolymorphicModelConverter; SearchStrategy: all) did not find any beans (OnBeanCondition)

   SpringDocConfiguration#requestBodyBuilder matched:
      - @ConditionalOnMissingBean (types: org.springdoc.core.service.RequestBodyService; SearchStrategy: all) did not find any beans (OnBeanCondition)

   SpringDocConfiguration#responseSupportConverter matched:
      - @ConditionalOnMissingBean (types: org.springdoc.core.converters.ResponseSupportConverter; SearchStrategy: all) did not find any beans (OnBeanCondition)

   SpringDocConfiguration#schemaPropertyDeprecatingConverter matched:
      - @ConditionalOnProperty (springdoc.model-converters.deprecating-converter.enabled) matched (OnPropertyCondition)
      - @ConditionalOnMissingBean (types: org.springdoc.core.converters.SchemaPropertyDeprecatingConverter; SearchStrategy: all) did not find any beans (OnBeanCondition)

   SpringDocConfiguration#securityParser matched:
      - @ConditionalOnMissingBean (types: org.springdoc.core.service.SecurityService; SearchStrategy: all) did not find any beans (OnBeanCondition)

   SpringDocConfiguration#springDocCustomizers matched:
      - @ConditionalOnMissingBean (types: org.springdoc.core.customizers.SpringDocCustomizers; SearchStrategy: all) did not find any beans (OnBeanCondition)

   SpringDocConfiguration#springDocProviders matched:
      - @ConditionalOnMissingBean (types: org.springdoc.core.providers.SpringDocProviders; SearchStrategy: all) did not find any beans (OnBeanCondition)

   SpringDocConfiguration#springdocObjectMapperProvider matched:
      - @ConditionalOnMissingBean (types: org.springdoc.core.providers.ObjectMapperProvider; SearchStrategy: all) did not find any beans (OnBeanCondition)

   SpringDocConfiguration.QuerydslProvider matched:
      - @ConditionalOnClass found required class 'org.springframework.data.querydsl.binding.QuerydslBindingsFactory' (OnClassCondition)

   SpringDocConfiguration.QuerydslProvider#queryDslQuerydslPredicateOperationCustomizer matched:
      - @ConditionalOnMissingBean (types: org.springdoc.core.customizers.QuerydslPredicateOperationCustomizer; SearchStrategy: all) did not find any beans (OnBeanCondition)

   SpringDocConfiguration.SpringDocSpringDataWebPropertiesProvider matched:
      - @ConditionalOnClass found required class 'org.springframework.boot.autoconfigure.data.web.SpringDataWebProperties' (OnClassCondition)

   SpringDocConfiguration.SpringDocSpringDataWebPropertiesProvider#springDataWebPropertiesProvider matched:
      - @ConditionalOnMissingBean (types: org.springdoc.core.providers.SpringDataWebPropertiesProvider; SearchStrategy: all) did not find any beans (OnBeanCondition)

   SpringDocConfiguration.SpringDocWebFluxSupportConfiguration matched:
      - @ConditionalOnClass found required class 'reactor.core.publisher.Flux' (OnClassCondition)

   SpringDocConfiguration.SpringDocWebFluxSupportConfiguration#webFluxSupportConverter matched:
      - @ConditionalOnMissingBean (types: org.springdoc.core.converters.WebFluxSupportConverter; SearchStrategy: all) did not find any beans (OnBeanCondition)

   SpringDocConfiguration.WebConversionServiceConfiguration matched:
      - @ConditionalOnClass found required class 'org.springframework.boot.autoconfigure.web.format.WebConversionService' (OnClassCondition)

   SpringDocPageableConfiguration matched:
      - @ConditionalOnClass found required class 'org.springframework.data.domain.Pageable' (OnClassCondition)
      - @ConditionalOnWebApplication (required) found 'session' scope (OnWebApplicationCondition)
      - @ConditionalOnProperty (springdoc.api-docs.enabled) matched (OnPropertyCondition)
      - @ConditionalOnBean (types: org.springdoc.core.configuration.SpringDocConfiguration; SearchStrategy: all) found bean 'org.springdoc.core.configuration.SpringDocConfiguration' (OnBeanCondition)

   SpringDocPageableConfiguration#dataRestDelegatingMethodParameterCustomizer matched:
      - @ConditionalOnMissingBean (types: org.springdoc.core.customizers.DataRestDelegatingMethodParameterCustomizer; SearchStrategy: all) did not find any beans (OnBeanCondition)

   SpringDocPageableConfiguration#pageOpenAPIConverter matched:
      - @ConditionalOnClass found required classes 'org.springframework.data.web.PagedModel', 'org.springframework.data.web.config.SpringDataWebSettings' (OnClassCondition)
      - @ConditionalOnMissingBean (types: org.springdoc.core.converters.PageOpenAPIConverter; SearchStrategy: all) did not find any beans (OnBeanCondition)

   SpringDocPageableConfiguration#pageableOpenAPIConverter matched:
      - @ConditionalOnProperty (springdoc.model-converters.pageable-converter.enabled) matched (OnPropertyCondition)
      - @ConditionalOnMissingBean (types: org.springdoc.core.converters.PageableOpenAPIConverter; SearchStrategy: all) did not find any beans (OnBeanCondition)

   SpringDocSecurityConfiguration matched:
      - @ConditionalOnClass found required class 'org.springframework.security.web.SecurityFilterChain' (OnClassCondition)
      - @ConditionalOnWebApplication (required) found 'session' scope (OnWebApplicationCondition)
      - @ConditionalOnExpression (#{${springdoc.api-docs.enabled:true} and ${springdoc.enable-spring-security:true}}) resulted in true (OnExpressionCondition)
      - @ConditionalOnBean (types: org.springdoc.core.configuration.SpringDocConfiguration; SearchStrategy: all) found bean 'org.springdoc.core.configuration.SpringDocConfiguration' (OnBeanCondition)

   SpringDocSecurityConfiguration.SpringSecurityLoginEndpointConfiguration matched:
      - @ConditionalOnClass found required class 'jakarta.servlet.Filter' (OnClassCondition)

   SpringDocSortConfiguration matched:
      - @ConditionalOnClass found required class 'org.springframework.data.domain.Sort' (OnClassCondition)
      - @ConditionalOnWebApplication (required) found 'session' scope (OnWebApplicationCondition)
      - @ConditionalOnProperty (springdoc.api-docs.enabled) matched (OnPropertyCondition)
      - @ConditionalOnBean (types: org.springdoc.core.configuration.SpringDocConfiguration; SearchStrategy: all) found bean 'org.springdoc.core.configuration.SpringDocConfiguration' (OnBeanCondition)

   SpringDocSortConfiguration#sortOpenAPIConverter matched:
      - @ConditionalOnProperty (springdoc.sort-converter.enabled) matched (OnPropertyCondition)
      - @ConditionalOnMissingBean (types: org.springdoc.core.converters.SortOpenAPIConverter; SearchStrategy: all) did not find any beans (OnBeanCondition)

   SpringDocWebMvcConfiguration matched:
      - found 'session' scope (OnWebApplicationCondition)
      - @ConditionalOnProperty (springdoc.api-docs.enabled) matched (OnPropertyCondition)
      - @ConditionalOnBean (types: org.springdoc.core.configuration.SpringDocConfiguration; SearchStrategy: all) found bean 'org.springdoc.core.configuration.SpringDocConfiguration' (OnBeanCondition)

   SpringDocWebMvcConfiguration#openApiResource matched:
      - @ConditionalOnExpression (#{(${springdoc.use-management-port:false} == false ) and ${springdoc.enable-default-api-docs:true}}) resulted in true (OnExpressionCondition)
      - @ConditionalOnMissingBean (types: org.springdoc.webmvc.api.OpenApiWebMvcResource; SearchStrategy: all) did not find any beans (OnBeanCondition)

   SpringDocWebMvcConfiguration#requestBuilder matched:
      - @ConditionalOnMissingBean (types: org.springdoc.webmvc.core.service.RequestService; SearchStrategy: all) did not find any beans (OnBeanCondition)

   SpringDocWebMvcConfiguration#responseBuilder matched:
      - @ConditionalOnMissingBean (types: org.springdoc.core.service.GenericResponseService; SearchStrategy: all) did not find any beans (OnBeanCondition)

   SpringDocWebMvcConfiguration#springWebProvider matched:
      - @ConditionalOnMissingBean (types: org.springdoc.core.providers.SpringWebProvider; SearchStrategy: all) did not find any beans (OnBeanCondition)

   SpringDocWebMvcConfiguration.SpringDocWebMvcRouterConfiguration matched:
      - @ConditionalOnClass found required class 'org.springframework.web.servlet.function.RouterFunction' (OnClassCondition)

   SpringDocWebMvcConfiguration.SpringDocWebMvcRouterConfiguration#routerFunctionProvider matched:
      - @ConditionalOnMissingBean (types: org.springdoc.webmvc.core.providers.RouterFunctionWebMvcProvider; SearchStrategy: all) did not find any beans (OnBeanCondition)

   SqlInitializationAutoConfiguration matched:
      - @ConditionalOnProperty (spring.sql.init.enabled) matched (OnPropertyCondition)
      - NoneNestedConditions 0 matched 1 did not; NestedCondition on SqlInitializationAutoConfiguration.SqlInitializationModeCondition.ModeIsNever @ConditionalOnProperty (spring.sql.init.mode=never) did not find property 'mode' (SqlInitializationAutoConfiguration.SqlInitializationModeCondition)

   SslAutoConfiguration#sslBundleRegistry matched:
      - @ConditionalOnMissingBean (types: org.springframework.boot.ssl.SslBundleRegistry,org.springframework.boot.ssl.SslBundles; SearchStrategy: all) did not find any beans (OnBeanCondition)

   SwaggerConfig matched:
      - found 'session' scope (OnWebApplicationCondition)
      - @ConditionalOnProperty (springdoc.swagger-ui.enabled) matched (OnPropertyCondition)
      - @ConditionalOnBean (types: org.springdoc.core.configuration.SpringDocConfiguration; SearchStrategy: all) found bean 'org.springdoc.core.configuration.SpringDocConfiguration' (OnBeanCondition)

   SwaggerConfig#indexPageTransformer matched:
      - @ConditionalOnMissingBean (types: org.springdoc.webmvc.ui.SwaggerIndexTransformer; SearchStrategy: all) did not find any beans (OnBeanCondition)

   SwaggerConfig#swaggerConfigResource matched:
      - @ConditionalOnProperty (springdoc.use-management-port=false) matched (OnPropertyCondition)
      - @ConditionalOnMissingBean (types: org.springdoc.webmvc.ui.SwaggerConfigResource; SearchStrategy: all) did not find any beans (OnBeanCondition)

   SwaggerConfig#swaggerResourceResolver matched:
      - @ConditionalOnMissingBean (types: org.springdoc.webmvc.ui.SwaggerResourceResolver; SearchStrategy: all) did not find any beans (OnBeanCondition)

   SwaggerConfig#swaggerWebMvcConfigurer matched:
      - @ConditionalOnMissingBean (types: org.springdoc.webmvc.ui.SwaggerWebMvcConfigurer; SearchStrategy: all) did not find any beans (OnBeanCondition)

   SwaggerConfig#swaggerWelcome matched:
      - @ConditionalOnProperty (springdoc.use-management-port=false) matched (OnPropertyCondition)
      - @ConditionalOnMissingBean (types: org.springdoc.webmvc.ui.SwaggerWelcomeWebMvc; SearchStrategy: all) did not find any beans (OnBeanCondition)

   SwaggerUiConfigProperties matched:
      - @ConditionalOnProperty (springdoc.swagger-ui.enabled) matched (OnPropertyCondition)
      - @ConditionalOnBean (types: org.springdoc.core.configuration.SpringDocConfiguration; SearchStrategy: all) found bean 'org.springdoc.core.configuration.SpringDocConfiguration' (OnBeanCondition)

   SwaggerUiOAuthProperties matched:
      - @ConditionalOnProperty (springdoc.swagger-ui.enabled) matched (OnPropertyCondition)
      - @ConditionalOnBean (types: org.springdoc.core.configuration.SpringDocConfiguration; SearchStrategy: all) found bean 'org.springdoc.core.configuration.SpringDocConfiguration' (OnBeanCondition)

   TaskExecutionAutoConfiguration matched:
      - @ConditionalOnClass found required class 'org.springframework.scheduling.concurrent.ThreadPoolTaskExecutor' (OnClassCondition)

   TaskExecutorConfigurations.SimpleAsyncTaskExecutorBuilderConfiguration#simpleAsyncTaskExecutorBuilder matched:
      - @ConditionalOnMissingBean (types: org.springframework.boot.task.SimpleAsyncTaskExecutorBuilder; SearchStrategy: all) did not find any beans (OnBeanCondition)
      - @ConditionalOnThreading found PLATFORM (OnThreadingCondition)

   TaskExecutorConfigurations.TaskExecutorConfiguration matched:
      - @ConditionalOnMissingBean (types: java.util.concurrent.Executor; SearchStrategy: all) did not find any beans (OnBeanCondition)

   TaskExecutorConfigurations.TaskExecutorConfiguration#applicationTaskExecutor matched:
      - @ConditionalOnThreading found PLATFORM (OnThreadingCondition)

   TaskExecutorConfigurations.ThreadPoolTaskExecutorBuilderConfiguration#threadPoolTaskExecutorBuilder matched:
      - @ConditionalOnMissingBean (types: org.springframework.boot.task.ThreadPoolTaskExecutorBuilder; SearchStrategy: all) did not find any beans (OnBeanCondition)

   TaskSchedulingAutoConfiguration matched:
      - @ConditionalOnClass found required class 'org.springframework.scheduling.concurrent.ThreadPoolTaskScheduler' (OnClassCondition)

   TaskSchedulingConfigurations.SimpleAsyncTaskSchedulerBuilderConfiguration#simpleAsyncTaskSchedulerBuilder matched:
      - @ConditionalOnMissingBean (types: org.springframework.boot.task.SimpleAsyncTaskSchedulerBuilder; SearchStrategy: all) did not find any beans (OnBeanCondition)
      - @ConditionalOnThreading found PLATFORM (OnThreadingCondition)

   TaskSchedulingConfigurations.ThreadPoolTaskSchedulerBuilderConfiguration#threadPoolTaskSchedulerBuilder matched:
      - @ConditionalOnMissingBean (types: org.springframework.boot.task.ThreadPoolTaskSchedulerBuilder; SearchStrategy: all) did not find any beans (OnBeanCondition)

   TransactionAutoConfiguration matched:
      - @ConditionalOnClass found required class 'org.springframework.transaction.PlatformTransactionManager' (OnClassCondition)

   TransactionAutoConfiguration.EnableTransactionManagementConfiguration matched:
      - @ConditionalOnBean (types: org.springframework.transaction.TransactionManager; SearchStrategy: all) found bean 'transactionManager'; @ConditionalOnMissingBean (types: org.springframework.transaction.annotation.AbstractTransactionManagementConfiguration; SearchStrategy: all) did not find any beans (OnBeanCondition)

   TransactionAutoConfiguration.EnableTransactionManagementConfiguration.CglibAutoProxyConfiguration matched:
      - @ConditionalOnProperty (spring.aop.proxy-target-class=true) matched (OnPropertyCondition)

   TransactionAutoConfiguration.TransactionTemplateConfiguration matched:
      - @ConditionalOnSingleCandidate (types: org.springframework.transaction.PlatformTransactionManager; SearchStrategy: all) found a single bean 'transactionManager' (OnBeanCondition)

   TransactionAutoConfiguration.TransactionTemplateConfiguration#transactionTemplate matched:
      - @ConditionalOnMissingBean (types: org.springframework.transaction.support.TransactionOperations; SearchStrategy: all) did not find any beans (OnBeanCondition)

   TransactionManagerCustomizationAutoConfiguration matched:
      - @ConditionalOnClass found required class 'org.springframework.transaction.PlatformTransactionManager' (OnClassCondition)

   TransactionManagerCustomizationAutoConfiguration#platformTransactionManagerCustomizers matched:
      - @ConditionalOnMissingBean (types: org.springframework.boot.autoconfigure.transaction.TransactionManagerCustomizers; SearchStrategy: all) did not find any beans (OnBeanCondition)

   ValidationAutoConfiguration matched:
      - @ConditionalOnClass found required class 'jakarta.validation.executable.ExecutableValidator' (OnClassCondition)
      - @ConditionalOnResource found location classpath:META-INF/services/jakarta.validation.spi.ValidationProvider (OnResourceCondition)

   ValidationAutoConfiguration#defaultValidator matched:
      - @ConditionalOnMissingBean (types: jakarta.validation.Validator; SearchStrategy: all) did not find any beans (OnBeanCondition)

   ValidationAutoConfiguration#methodValidationPostProcessor matched:
      - @ConditionalOnMissingBean (types: org.springframework.validation.beanvalidation.MethodValidationPostProcessor; SearchStrategy: current) did not find any beans (OnBeanCondition)

   WebClientAutoConfiguration matched:
      - @ConditionalOnClass found required class 'org.springframework.web.reactive.function.client.WebClient' (OnClassCondition)

   WebClientAutoConfiguration#webClientBuilder matched:
      - @ConditionalOnMissingBean (types: org.springframework.web.reactive.function.client.WebClient$Builder; SearchStrategy: all) did not find any beans (OnBeanCondition)

   WebClientAutoConfiguration#webClientSsl matched:
      - @ConditionalOnBean (types: org.springframework.boot.ssl.SslBundles; SearchStrategy: all) found bean 'sslBundleRegistry'; @ConditionalOnMissingBean (types: org.springframework.boot.autoconfigure.web.reactive.function.client.WebClientSsl; SearchStrategy: all) did not find any beans (OnBeanCondition)

   WebClientAutoConfiguration.WebClientCodecsConfiguration matched:
      - @ConditionalOnBean (types: org.springframework.boot.web.codec.CodecCustomizer; SearchStrategy: all) found beans 'jacksonCodecCustomizer', 'defaultCodecCustomizer' (OnBeanCondition)

   WebClientAutoConfiguration.WebClientCodecsConfiguration#exchangeStrategiesCustomizer matched:
      - @ConditionalOnMissingBean (types: org.springframework.boot.autoconfigure.web.reactive.function.client.WebClientCodecCustomizer; SearchStrategy: all) did not find any beans (OnBeanCondition)

   WebMvcAutoConfiguration matched:
      - @ConditionalOnClass found required classes 'jakarta.servlet.Servlet', 'org.springframework.web.servlet.DispatcherServlet', 'org.springframework.web.servlet.config.annotation.WebMvcConfigurer' (OnClassCondition)
      - found 'session' scope (OnWebApplicationCondition)
      - @ConditionalOnMissingBean (types: org.springframework.web.servlet.config.annotation.WebMvcConfigurationSupport; SearchStrategy: all) did not find any beans (OnBeanCondition)

   WebMvcAutoConfiguration#formContentFilter matched:
      - @ConditionalOnProperty (spring.mvc.formcontent.filter.enabled) matched (OnPropertyCondition)
      - @ConditionalOnMissingBean (types: org.springframework.web.filter.FormContentFilter; SearchStrategy: all) did not find any beans (OnBeanCondition)

   WebMvcAutoConfiguration.EnableWebMvcConfiguration#flashMapManager matched:
      - @ConditionalOnMissingBean (names: flashMapManager; SearchStrategy: all) did not find any beans (OnBeanCondition)

   WebMvcAutoConfiguration.EnableWebMvcConfiguration#themeResolver matched:
      - @ConditionalOnMissingBean (names: themeResolver; SearchStrategy: all) did not find any beans (OnBeanCondition)

   WebMvcAutoConfiguration.EnableWebMvcConfiguration#viewNameTranslator matched:
      - @ConditionalOnMissingBean (names: viewNameTranslator; SearchStrategy: all) did not find any beans (OnBeanCondition)

   WebMvcAutoConfiguration.ResourceChainCustomizerConfiguration matched:
      - @ConditionalOnEnabledResourceChain found class org.webjars.WebJarVersionLocator (OnEnabledResourceChainCondition)

   WebMvcAutoConfiguration.WebMvcAutoConfigurationAdapter#defaultViewResolver matched:
      - @ConditionalOnMissingBean (types: org.springframework.web.servlet.view.InternalResourceViewResolver; SearchStrategy: all) did not find any beans (OnBeanCondition)

   WebMvcAutoConfiguration.WebMvcAutoConfigurationAdapter#requestContextFilter matched:
      - @ConditionalOnMissingBean (types: org.springframework.web.context.request.RequestContextListener,org.springframework.web.filter.RequestContextFilter; SearchStrategy: all) did not find any beans (OnBeanCondition)

   WebMvcAutoConfiguration.WebMvcAutoConfigurationAdapter#viewResolver matched:
      - @ConditionalOnBean (types: org.springframework.web.servlet.ViewResolver; SearchStrategy: all) found beans 'defaultViewResolver', 'beanNameViewResolver', 'mvcViewResolver'; @ConditionalOnMissingBean (names: viewResolver types: org.springframework.web.servlet.view.ContentNegotiatingViewResolver; SearchStrategy: all) did not find any beans (OnBeanCondition)

   WebSocketServletAutoConfiguration matched:
      - @ConditionalOnClass found required classes 'jakarta.servlet.Servlet', 'jakarta.websocket.server.ServerContainer' (OnClassCondition)
      - found 'session' scope (OnWebApplicationCondition)

   WebSocketServletAutoConfiguration.TomcatWebSocketConfiguration matched:
      - @ConditionalOnClass found required classes 'org.apache.catalina.startup.Tomcat', 'org.apache.tomcat.websocket.server.WsSci' (OnClassCondition)

   WebSocketServletAutoConfiguration.TomcatWebSocketConfiguration#websocketServletWebServerCustomizer matched:
      - @ConditionalOnMissingBean (names: websocketServletWebServerCustomizer; SearchStrategy: all) did not find any beans (OnBeanCondition)


Negative matches:
-----------------

   ActiveMQAutoConfiguration:
      Did not match:
         - @ConditionalOnClass did not find required class 'jakarta.jms.ConnectionFactory' (OnClassCondition)

   AopAutoConfiguration.AspectJAutoProxyingConfiguration.JdkDynamicAutoProxyConfiguration:
      Did not match:
         - @ConditionalOnProperty (spring.aop.proxy-target-class=false) did not find property 'proxy-target-class' (OnPropertyCondition)

   AopAutoConfiguration.ClassProxyingConfiguration:
      Did not match:
         - @ConditionalOnMissingClass found unwanted class 'org.aspectj.weaver.Advice' (OnClassCondition)

   ArtemisAutoConfiguration:
      Did not match:
         - @ConditionalOnClass did not find required class 'jakarta.jms.ConnectionFactory' (OnClassCondition)

   BatchAutoConfiguration:
      Did not match:
         - @ConditionalOnClass did not find required class 'org.springframework.batch.core.launch.JobLauncher' (OnClassCondition)

   Cache2kCacheConfiguration:
      Did not match:
         - @ConditionalOnClass did not find required class 'org.cache2k.Cache2kBuilder' (OnClassCondition)

   CacheAutoConfiguration:
      Did not match:
         - @ConditionalOnBean (types: org.springframework.cache.interceptor.CacheAspectSupport; SearchStrategy: all) did not find any beans of type org.springframework.cache.interceptor.CacheAspectSupport (OnBeanCondition)
      Matched:
         - @ConditionalOnClass found required class 'org.springframework.cache.CacheManager' (OnClassCondition)

   CacheAutoConfiguration.CacheManagerEntityManagerFactoryDependsOnPostProcessor:
      Did not match:
         - Ancestor org.springframework.boot.autoconfigure.cache.CacheAutoConfiguration did not match (ConditionEvaluationReport.AncestorsMatchedCondition)
      Matched:
         - @ConditionalOnClass found required class 'org.springframework.orm.jpa.LocalContainerEntityManagerFactoryBean' (OnClassCondition)

   CaffeineCacheConfiguration:
      Did not match:
         - @ConditionalOnClass did not find required class 'com.github.benmanes.caffeine.cache.Caffeine' (OnClassCondition)

   CassandraAutoConfiguration:
      Did not match:
         - @ConditionalOnClass did not find required class 'com.datastax.oss.driver.api.core.CqlSession' (OnClassCondition)

   CassandraDataAutoConfiguration:
      Did not match:
         - @ConditionalOnClass did not find required class 'com.datastax.oss.driver.api.core.CqlSession' (OnClassCondition)

   CassandraReactiveDataAutoConfiguration:
      Did not match:
         - @ConditionalOnClass did not find required class 'com.datastax.oss.driver.api.core.CqlSession' (OnClassCondition)

   CassandraReactiveRepositoriesAutoConfiguration:
      Did not match:
         - @ConditionalOnClass did not find required class 'org.springframework.data.cassandra.ReactiveSession' (OnClassCondition)

   CassandraRepositoriesAutoConfiguration:
      Did not match:
         - @ConditionalOnClass did not find required class 'com.datastax.oss.driver.api.core.CqlSession' (OnClassCondition)

   ClientHttpConnectorFactoryConfiguration.HttpClient5:
      Did not match:
         - @ConditionalOnClass did not find required class 'org.apache.hc.core5.reactive.ReactiveResponseConsumer' (OnClassCondition)

   ClientHttpConnectorFactoryConfiguration.JdkClient:
      Did not match:
         - @ConditionalOnMissingBean (types: org.springframework.boot.autoconfigure.web.reactive.function.client.ClientHttpConnectorFactory; SearchStrategy: all) found beans of type 'org.springframework.boot.autoconfigure.web.reactive.function.client.ClientHttpConnectorFactory' reactorClientHttpConnectorFactory (OnBeanCondition)
      Matched:
         - @ConditionalOnClass found required class 'java.net.http.HttpClient' (OnClassCondition)

   CouchbaseAutoConfiguration:
      Did not match:
         - @ConditionalOnClass did not find required class 'com.couchbase.client.java.Cluster' (OnClassCondition)

   CouchbaseCacheConfiguration:
      Did not match:
         - @ConditionalOnClass did not find required class 'com.couchbase.client.java.Cluster' (OnClassCondition)

   CouchbaseDataAutoConfiguration:
      Did not match:
         - @ConditionalOnClass did not find required class 'com.couchbase.client.java.Bucket' (OnClassCondition)

   CouchbaseReactiveDataAutoConfiguration:
      Did not match:
         - @ConditionalOnClass did not find required class 'com.couchbase.client.java.Cluster' (OnClassCondition)

   CouchbaseReactiveRepositoriesAutoConfiguration:
      Did not match:
         - @ConditionalOnClass did not find required class 'com.couchbase.client.java.Cluster' (OnClassCondition)

   CouchbaseRepositoriesAutoConfiguration:
      Did not match:
         - @ConditionalOnClass did not find required class 'com.couchbase.client.java.Bucket' (OnClassCondition)

   DataSourceAutoConfiguration.EmbeddedDatabaseConfiguration:
      Did not match:
         - EmbeddedDataSource spring.datasource.url is set (DataSourceAutoConfiguration.EmbeddedDatabaseCondition)

   DataSourceCheckpointRestoreConfiguration:
      Did not match:
         - @ConditionalOnClass did not find required class 'org.crac.Resource' (OnClassCondition)

   DataSourceConfiguration.Dbcp2:
      Did not match:
         - @ConditionalOnClass did not find required class 'org.apache.commons.dbcp2.BasicDataSource' (OnClassCondition)

   DataSourceConfiguration.Generic:
      Did not match:
         - @ConditionalOnProperty (spring.datasource.type) did not find property 'spring.datasource.type' (OnPropertyCondition)

   DataSourceConfiguration.OracleUcp:
      Did not match:
         - @ConditionalOnClass did not find required classes 'oracle.ucp.jdbc.PoolDataSourceImpl', 'oracle.jdbc.OracleConnection' (OnClassCondition)

   DataSourceConfiguration.Tomcat:
      Did not match:
         - @ConditionalOnClass did not find required class 'org.apache.tomcat.jdbc.pool.DataSource' (OnClassCondition)

   DataSourceJmxConfiguration.TomcatDataSourceJmxConfiguration:
      Did not match:
         - @ConditionalOnClass did not find required class 'org.apache.tomcat.jdbc.pool.DataSourceProxy' (OnClassCondition)

   DataSourcePoolMetadataProvidersConfiguration.CommonsDbcp2PoolDataSourceMetadataProviderConfiguration:
      Did not match:
         - @ConditionalOnClass did not find required class 'org.apache.commons.dbcp2.BasicDataSource' (OnClassCondition)

   DataSourcePoolMetadataProvidersConfiguration.OracleUcpPoolDataSourceMetadataProviderConfiguration:
      Did not match:
         - @ConditionalOnClass did not find required classes 'oracle.ucp.jdbc.PoolDataSource', 'oracle.jdbc.OracleConnection' (OnClassCondition)

   DataSourcePoolMetadataProvidersConfiguration.TomcatDataSourcePoolMetadataProviderConfiguration:
      Did not match:
         - @ConditionalOnClass did not find required class 'org.apache.tomcat.jdbc.pool.DataSource' (OnClassCondition)

   DataSourceTransactionManagerAutoConfiguration.JdbcTransactionManagerConfiguration#transactionManager:
      Did not match:
         - @ConditionalOnMissingBean (types: org.springframework.transaction.TransactionManager; SearchStrategy: all) found beans of type 'org.springframework.transaction.TransactionManager' transactionManager (OnBeanCondition)

   DevToolsR2dbcAutoConfiguration:
      Did not match:
         - @ConditionalOnClass did not find required class 'io.r2dbc.spi.ConnectionFactory' (OnClassCondition)

   DispatcherServletAutoConfiguration.DispatcherServletConfiguration#multipartResolver:
      Did not match:
         - @ConditionalOnBean (types: org.springframework.web.multipart.MultipartResolver; SearchStrategy: all) did not find any beans of type org.springframework.web.multipart.MultipartResolver (OnBeanCondition)

   ElasticsearchClientAutoConfiguration:
      Did not match:
         - @ConditionalOnClass did not find required class 'co.elastic.clients.elasticsearch.ElasticsearchClient' (OnClassCondition)

   ElasticsearchDataAutoConfiguration:
      Did not match:
         - @ConditionalOnClass did not find required class 'org.springframework.data.elasticsearch.client.elc.ElasticsearchTemplate' (OnClassCondition)

   ElasticsearchRepositoriesAutoConfiguration:
      Did not match:
         - @ConditionalOnClass did not find required class 'org.springframework.data.elasticsearch.repository.ElasticsearchRepository' (OnClassCondition)

   ElasticsearchRestClientAutoConfiguration:
      Did not match:
         - @ConditionalOnClass did not find required class 'org.elasticsearch.client.RestClientBuilder' (OnClassCondition)

   EmbeddedLdapAutoConfiguration:
      Did not match:
         - @ConditionalOnClass did not find required class 'com.unboundid.ldap.listener.InMemoryDirectoryServer' (OnClassCondition)

   EmbeddedWebServerFactoryCustomizerAutoConfiguration.JettyWebServerFactoryCustomizerConfiguration:
      Did not match:
         - @ConditionalOnClass did not find required classes 'org.eclipse.jetty.server.Server', 'org.eclipse.jetty.util.Loader', 'org.eclipse.jetty.ee10.webapp.WebAppContext' (OnClassCondition)

   EmbeddedWebServerFactoryCustomizerAutoConfiguration.TomcatWebServerFactoryCustomizerConfiguration#tomcatVirtualThreadsProtocolHandlerCustomizer:
      Did not match:
         - @ConditionalOnThreading did not find VIRTUAL (OnThreadingCondition)

   EmbeddedWebServerFactoryCustomizerAutoConfiguration.UndertowWebServerFactoryCustomizerConfiguration:
      Did not match:
         - @ConditionalOnClass did not find required classes 'io.undertow.Undertow', 'org.xnio.SslClientAuthMode' (OnClassCondition)

   ErrorWebFluxAutoConfiguration:
      Did not match:
         - not a reactive web application (OnWebApplicationCondition)
      Matched:
         - @ConditionalOnClass found required class 'org.springframework.web.reactive.config.WebFluxConfigurer' (OnClassCondition)

   FlywayAutoConfiguration.FlywayConfiguration#oracleFlywayConfigurationCustomizer:
      Did not match:
         - @ConditionalOnClass did not find required class 'org.flywaydb.database.oracle.OracleConfigurationExtension' (OnClassCondition)

   FlywayAutoConfiguration.FlywayConfiguration#sqlServerFlywayConfigurationCustomizer:
      Did not match:
         - @ConditionalOnClass did not find required class 'org.flywaydb.database.sqlserver.SQLServerConfigurationExtension' (OnClassCondition)

   FreeMarkerAutoConfiguration:
      Did not match:
         - @ConditionalOnClass did not find required class 'freemarker.template.Configuration' (OnClassCondition)

   GraphQlAutoConfiguration:
      Did not match:
         - @ConditionalOnClass did not find required class 'graphql.GraphQL' (OnClassCondition)

   GraphQlQueryByExampleAutoConfiguration:
      Did not match:
         - @ConditionalOnClass did not find required class 'graphql.GraphQL' (OnClassCondition)

   GraphQlQuerydslAutoConfiguration:
      Did not match:
         - @ConditionalOnClass did not find required class 'com.querydsl.core.Query' (OnClassCondition)

   GraphQlRSocketAutoConfiguration:
      Did not match:
         - @ConditionalOnClass did not find required class 'graphql.GraphQL' (OnClassCondition)

   GraphQlReactiveQueryByExampleAutoConfiguration:
      Did not match:
         - @ConditionalOnClass did not find required class 'graphql.GraphQL' (OnClassCondition)

   GraphQlReactiveQuerydslAutoConfiguration:
      Did not match:
         - @ConditionalOnClass did not find required class 'com.querydsl.core.Query' (OnClassCondition)

   GraphQlWebFluxAutoConfiguration:
      Did not match:
         - @ConditionalOnClass did not find required class 'graphql.GraphQL' (OnClassCondition)

   GraphQlWebFluxSecurityAutoConfiguration:
      Did not match:
         - @ConditionalOnClass did not find required class 'graphql.GraphQL' (OnClassCondition)

   GraphQlWebMvcAutoConfiguration:
      Did not match:
         - @ConditionalOnClass did not find required class 'graphql.GraphQL' (OnClassCondition)

   GraphQlWebMvcSecurityAutoConfiguration:
      Did not match:
         - @ConditionalOnClass did not find required class 'graphql.GraphQL' (OnClassCondition)

   GroovyTemplateAutoConfiguration:
      Did not match:
         - @ConditionalOnClass did not find required class 'groovy.text.markup.MarkupTemplateEngine' (OnClassCondition)

   GsonAutoConfiguration:
      Did not match:
         - @ConditionalOnClass did not find required class 'com.google.gson.Gson' (OnClassCondition)

   GsonHttpMessageConvertersConfiguration:
      Did not match:
         - @ConditionalOnClass did not find required class 'com.google.gson.Gson' (OnClassCondition)

   H2ConsoleAutoConfiguration:
      Did not match:
         - @ConditionalOnClass did not find required class 'org.h2.server.web.JakartaWebServlet' (OnClassCondition)

   HazelcastAutoConfiguration:
      Did not match:
         - @ConditionalOnClass did not find required class 'com.hazelcast.core.HazelcastInstance' (OnClassCondition)

   HazelcastCacheConfiguration:
      Did not match:
         - @ConditionalOnClass did not find required class 'com.hazelcast.core.HazelcastInstance' (OnClassCondition)

   HazelcastJpaDependencyAutoConfiguration:
      Did not match:
         - @ConditionalOnClass did not find required class 'com.hazelcast.core.HazelcastInstance' (OnClassCondition)

   HttpHandlerAutoConfiguration:
      Did not match:
         - not a reactive web application (OnWebApplicationCondition)
      Matched:
         - @ConditionalOnClass found required classes 'org.springframework.web.reactive.DispatcherHandler', 'org.springframework.http.server.reactive.HttpHandler' (OnClassCondition)

   HypermediaAutoConfiguration:
      Did not match:
         - @ConditionalOnClass did not find required class 'org.springframework.hateoas.EntityModel' (OnClassCondition)

   InfinispanCacheConfiguration:
      Did not match:
         - @ConditionalOnClass did not find required class 'org.infinispan.spring.embedded.provider.SpringEmbeddedCacheManager' (OnClassCondition)

   IntegrationAutoConfiguration:
      Did not match:
         - @ConditionalOnClass did not find required class 'org.springframework.integration.config.EnableIntegration' (OnClassCondition)

   JCacheCacheConfiguration:
      Did not match:
         - @ConditionalOnClass did not find required class 'javax.cache.Caching' (OnClassCondition)

   JacksonHttpMessageConvertersConfiguration.MappingJackson2XmlHttpMessageConverterConfiguration:
      Did not match:
         - @ConditionalOnClass did not find required class 'com.fasterxml.jackson.dataformat.xml.XmlMapper' (OnClassCondition)

   JdbcRepositoriesAutoConfiguration:
      Did not match:
         - @ConditionalOnClass did not find required class 'org.springframework.data.jdbc.repository.config.AbstractJdbcConfiguration' (OnClassCondition)

   JerseyAutoConfiguration:
      Did not match:
         - @ConditionalOnClass did not find required class 'org.glassfish.jersey.server.spring.SpringComponentProvider' (OnClassCondition)

   JmsAutoConfiguration:
      Did not match:
         - @ConditionalOnClass did not find required class 'jakarta.jms.Message' (OnClassCondition)

   JmxAutoConfiguration:
      Did not match:
         - @ConditionalOnProperty (spring.jmx.enabled=true) did not find property 'enabled' (OnPropertyCondition)
      Matched:
         - @ConditionalOnClass found required class 'org.springframework.jmx.export.MBeanExporter' (OnClassCondition)

   JndiConnectionFactoryAutoConfiguration:
      Did not match:
         - @ConditionalOnClass did not find required class 'org.springframework.jms.core.JmsTemplate' (OnClassCondition)

   JndiDataSourceAutoConfiguration:
      Did not match:
         - @ConditionalOnProperty (spring.datasource.jndi-name) did not find property 'jndi-name' (OnPropertyCondition)
      Matched:
         - @ConditionalOnClass found required classes 'javax.sql.DataSource', 'org.springframework.jdbc.datasource.embedded.EmbeddedDatabaseType' (OnClassCondition)

   JndiJtaConfiguration:
      Did not match:
         - @ConditionalOnJndi JNDI environment is not available (OnJndiCondition)
      Matched:
         - @ConditionalOnClass found required class 'org.springframework.transaction.jta.JtaTransactionManager' (OnClassCondition)

   JooqAutoConfiguration:
      Did not match:
         - @ConditionalOnClass did not find required class 'org.jooq.DSLContext' (OnClassCondition)

   JpaRepositoriesAutoConfiguration#entityManagerFactoryBootstrapExecutorCustomizer:
      Did not match:
         - AnyNestedCondition 0 matched 2 did not; NestedCondition on JpaRepositoriesAutoConfiguration.BootstrapExecutorCondition.LazyBootstrapMode @ConditionalOnProperty (spring.data.jpa.repositories.bootstrap-mode=lazy) did not find property 'bootstrap-mode'; NestedCondition on JpaRepositoriesAutoConfiguration.BootstrapExecutorCondition.DeferredBootstrapMode @ConditionalOnProperty (spring.data.jpa.repositories.bootstrap-mode=deferred) did not find property 'bootstrap-mode' (JpaRepositoriesAutoConfiguration.BootstrapExecutorCondition)

   JsonbAutoConfiguration:
      Did not match:
         - @ConditionalOnClass did not find required class 'jakarta.json.bind.Jsonb' (OnClassCondition)

   JsonbHttpMessageConvertersConfiguration:
      Did not match:
         - @ConditionalOnClass did not find required class 'jakarta.json.bind.Jsonb' (OnClassCondition)

   KafkaAutoConfiguration:
      Did not match:
         - @ConditionalOnClass did not find required class 'org.springframework.kafka.core.KafkaTemplate' (OnClassCondition)

   LdapAutoConfiguration:
      Did not match:
         - @ConditionalOnClass did not find required class 'org.springframework.ldap.core.ContextSource' (OnClassCondition)

   LdapRepositoriesAutoConfiguration:
      Did not match:
         - @ConditionalOnClass did not find required class 'org.springframework.data.ldap.repository.LdapRepository' (OnClassCondition)

   LiquibaseAutoConfiguration:
      Did not match:
         - @ConditionalOnClass did not find required class 'liquibase.change.DatabaseChange' (OnClassCondition)

   MailSenderAutoConfiguration:
      Did not match:
         - @ConditionalOnClass did not find required class 'jakarta.mail.internet.MimeMessage' (OnClassCondition)

   MailSenderValidatorAutoConfiguration:
      Did not match:
         - @ConditionalOnSingleCandidate did not find required type 'org.springframework.mail.javamail.JavaMailSenderImpl' (OnBeanCondition)

   MessageSourceAutoConfiguration:
      Did not match:
         - ResourceBundle did not find bundle with basename messages (MessageSourceAutoConfiguration.ResourceBundleCondition)

   MongoAutoConfiguration:
      Did not match:
         - @ConditionalOnClass did not find required class 'com.mongodb.client.MongoClient' (OnClassCondition)

   MongoDataAutoConfiguration:
      Did not match:
         - @ConditionalOnClass did not find required class 'com.mongodb.client.MongoClient' (OnClassCondition)

   MongoReactiveAutoConfiguration:
      Did not match:
         - @ConditionalOnClass did not find required class 'com.mongodb.reactivestreams.client.MongoClient' (OnClassCondition)

   MongoReactiveDataAutoConfiguration:
      Did not match:
         - @ConditionalOnClass did not find required class 'com.mongodb.reactivestreams.client.MongoClient' (OnClassCondition)

   MongoReactiveRepositoriesAutoConfiguration:
      Did not match:
         - @ConditionalOnClass did not find required class 'com.mongodb.reactivestreams.client.MongoClient' (OnClassCondition)

   MongoRepositoriesAutoConfiguration:
      Did not match:
         - @ConditionalOnClass did not find required class 'com.mongodb.client.MongoClient' (OnClassCondition)

   MultipleOpenApiSupportConfiguration:
      Did not match:
         - AnyNestedCondition 0 matched 2 did not; NestedCondition on MultipleOpenApiSupportCondition.OnActuatorDifferentPort @ConditionalOnProperty (springdoc.show-actuator) did not find property 'springdoc.show-actuator'; NestedCondition on MultipleOpenApiSupportCondition.OnMultipleOpenApiSupportCondition AnyNestedCondition 0 matched 3 did not; NestedCondition on MultipleOpenApiGroupsCondition.OnListGroupedOpenApiBean @ConditionalOnBean (types: org.springdoc.core.models.GroupedOpenApi; SearchStrategy: all) did not find any beans of type org.springdoc.core.models.GroupedOpenApi; NestedCondition on MultipleOpenApiGroupsCondition.OnGroupConfigProperty @ConditionalOnProperty (springdoc.group-configs[0].group) did not find property 'springdoc.group-configs[0].group'; NestedCondition on MultipleOpenApiGroupsCondition.OnGroupedOpenApiBean @ConditionalOnBean (types: org.springdoc.core.models.GroupedOpenApi; SearchStrategy: all) did not find any beans of type org.springdoc.core.models.GroupedOpenApi (MultipleOpenApiSupportCondition)
      Matched:
         - found 'session' scope (OnWebApplicationCondition)
         - @ConditionalOnProperty (springdoc.api-docs.enabled) matched (OnPropertyCondition)

   MultipleOpenApiSupportConfiguration.SpringDocWebMvcActuatorDifferentConfiguration:
      Did not match:
         - @ConditionalOnClass did not find required class 'org.springframework.boot.actuate.endpoint.web.servlet.WebMvcEndpointHandlerMapping' (OnClassCondition)
         - Ancestor org.springdoc.webmvc.core.configuration.MultipleOpenApiSupportConfiguration did not match (ConditionEvaluationReport.AncestorsMatchedCondition)

   MustacheAutoConfiguration:
      Did not match:
         - @ConditionalOnClass did not find required class 'com.samskivert.mustache.Mustache' (OnClassCondition)

   Neo4jAutoConfiguration:
      Did not match:
         - @ConditionalOnClass did not find required class 'org.neo4j.driver.Driver' (OnClassCondition)

   Neo4jDataAutoConfiguration:
      Did not match:
         - @ConditionalOnClass did not find required class 'org.neo4j.driver.Driver' (OnClassCondition)

   Neo4jReactiveDataAutoConfiguration:
      Did not match:
         - @ConditionalOnClass did not find required class 'org.neo4j.driver.Driver' (OnClassCondition)

   Neo4jReactiveRepositoriesAutoConfiguration:
      Did not match:
         - @ConditionalOnClass did not find required class 'org.neo4j.driver.Driver' (OnClassCondition)

   Neo4jRepositoriesAutoConfiguration:
      Did not match:
         - @ConditionalOnClass did not find required class 'org.neo4j.driver.Driver' (OnClassCondition)

   OAuth2AuthorizationServerAutoConfiguration:
      Did not match:
         - @ConditionalOnClass did not find required class 'org.springframework.security.oauth2.server.authorization.OAuth2Authorization' (OnClassCondition)

   OAuth2AuthorizationServerJwtAutoConfiguration:
      Did not match:
         - @ConditionalOnClass did not find required class 'com.nimbusds.jose.jwk.source.JWKSource' (OnClassCondition)

   OAuth2ClientAutoConfiguration:
      Did not match:
         - @ConditionalOnClass did not find required class 'org.springframework.security.oauth2.client.registration.ClientRegistration' (OnClassCondition)

   OAuth2ResourceServerAutoConfiguration:
      Did not match:
         - @ConditionalOnClass did not find required class 'org.springframework.security.oauth2.server.resource.authentication.BearerTokenAuthenticationToken' (OnClassCondition)

   ProjectInfoAutoConfiguration#buildProperties:
      Did not match:
         - @ConditionalOnResource did not find resource '${spring.info.build.location:classpath:META-INF/build-info.properties}' (OnResourceCondition)

   ProjectInfoAutoConfiguration#gitProperties:
      Did not match:
         - GitResource did not find git info at classpath:git.properties (ProjectInfoAutoConfiguration.GitResourceAvailableCondition)

   PulsarAutoConfiguration:
      Did not match:
         - @ConditionalOnClass did not find required class 'org.apache.pulsar.client.api.PulsarClient' (OnClassCondition)

   PulsarReactiveAutoConfiguration:
      Did not match:
         - @ConditionalOnClass did not find required class 'org.apache.pulsar.client.api.PulsarClient' (OnClassCondition)

   QuartzAutoConfiguration:
      Did not match:
         - @ConditionalOnClass did not find required class 'org.quartz.Scheduler' (OnClassCondition)

   R2dbcAutoConfiguration:
      Did not match:
         - @ConditionalOnClass did not find required class 'io.r2dbc.spi.ConnectionFactory' (OnClassCondition)

   R2dbcDataAutoConfiguration:
      Did not match:
         - @ConditionalOnClass did not find required class 'org.springframework.data.r2dbc.core.R2dbcEntityTemplate' (OnClassCondition)

   R2dbcInitializationConfiguration:
      Did not match:
         - @ConditionalOnClass did not find required classes 'io.r2dbc.spi.ConnectionFactory', 'org.springframework.r2dbc.connection.init.DatabasePopulator' (OnClassCondition)

   R2dbcProxyAutoConfiguration:
      Did not match:
         - @ConditionalOnClass did not find required class 'io.r2dbc.proxy.ProxyConnectionFactory' (OnClassCondition)

   R2dbcRepositoriesAutoConfiguration:
      Did not match:
         - @ConditionalOnClass did not find required class 'io.r2dbc.spi.ConnectionFactory' (OnClassCondition)

   R2dbcTransactionManagerAutoConfiguration:
      Did not match:
         - @ConditionalOnClass did not find required class 'org.springframework.r2dbc.connection.R2dbcTransactionManager' (OnClassCondition)

   RSocketGraphQlClientAutoConfiguration:
      Did not match:
         - @ConditionalOnClass did not find required class 'graphql.GraphQL' (OnClassCondition)

   RSocketMessagingAutoConfiguration:
      Did not match:
         - @ConditionalOnClass did not find required class 'io.rsocket.RSocket' (OnClassCondition)

   RSocketRequesterAutoConfiguration:
      Did not match:
         - @ConditionalOnClass did not find required class 'io.rsocket.RSocket' (OnClassCondition)

   RSocketSecurityAutoConfiguration:
      Did not match:
         - @ConditionalOnClass did not find required class 'org.springframework.security.rsocket.core.SecuritySocketAcceptorInterceptor' (OnClassCondition)

   RSocketServerAutoConfiguration:
      Did not match:
         - @ConditionalOnClass did not find required class 'io.rsocket.core.RSocketServer' (OnClassCondition)

   RSocketStrategiesAutoConfiguration:
      Did not match:
         - @ConditionalOnClass did not find required class 'io.rsocket.RSocket' (OnClassCondition)

   RabbitAutoConfiguration:
      Did not match:
         - @ConditionalOnClass did not find required class 'com.rabbitmq.client.Channel' (OnClassCondition)

   ReactiveElasticsearchClientAutoConfiguration:
      Did not match:
         - @ConditionalOnClass did not find required class 'co.elastic.clients.transport.ElasticsearchTransport' (OnClassCondition)

   ReactiveElasticsearchRepositoriesAutoConfiguration:
      Did not match:
         - @ConditionalOnClass did not find required class 'org.springframework.data.elasticsearch.client.elc.ReactiveElasticsearchClient' (OnClassCondition)

   ReactiveMultipartAutoConfiguration:
      Did not match:
         - not a reactive web application (OnWebApplicationCondition)
      Matched:
         - @ConditionalOnClass found required classes 'org.springframework.http.codec.multipart.DefaultPartHttpMessageReader', 'org.springframework.web.reactive.config.WebFluxConfigurer' (OnClassCondition)

   ReactiveOAuth2ClientAutoConfiguration:
      Did not match:
         - @ConditionalOnClass did not find required class 'org.springframework.security.oauth2.client.registration.ClientRegistration' (OnClassCondition)

   ReactiveOAuth2ResourceServerAutoConfiguration:
      Did not match:
         - not a reactive web application (OnWebApplicationCondition)
      Matched:
         - @ConditionalOnClass found required class 'org.springframework.security.config.annotation.web.reactive.EnableWebFluxSecurity' (OnClassCondition)

   ReactiveSecurityAutoConfiguration.SpringBootWebFluxSecurityConfiguration:
      Did not match:
         - not a reactive web application (OnWebApplicationCondition)

   ReactiveUserDetailsServiceAutoConfiguration:
      Did not match:
         - AnyNestedCondition 0 matched 2 did not; NestedCondition on ReactiveUserDetailsServiceAutoConfiguration.RSocketEnabledOrReactiveWebApplication.ReactiveWebApplicationCondition not a reactive web application; NestedCondition on ReactiveUserDetailsServiceAutoConfiguration.RSocketEnabledOrReactiveWebApplication.RSocketSecurityEnabledCondition @ConditionalOnBean (types: org.springframework.messaging.rsocket.annotation.support.RSocketMessageHandler; SearchStrategy: all) did not find any beans of type org.springframework.messaging.rsocket.annotation.support.RSocketMessageHandler (ReactiveUserDetailsServiceAutoConfiguration.RSocketEnabledOrReactiveWebApplication)
      Matched:
         - @ConditionalOnClass found required class 'org.springframework.security.authentication.ReactiveAuthenticationManager' (OnClassCondition)
         - AnyNestedCondition 1 matched 2 did not; NestedCondition on ReactiveUserDetailsServiceAutoConfiguration.MissingAlternativeOrUserPropertiesConfigured.PasswordConfigured @ConditionalOnProperty (spring.security.user.password) did not find property 'password'; NestedCondition on ReactiveUserDetailsServiceAutoConfiguration.MissingAlternativeOrUserPropertiesConfigured.NameConfigured @ConditionalOnProperty (spring.security.user.name) did not find property 'name'; NestedCondition on ReactiveUserDetailsServiceAutoConfiguration.MissingAlternativeOrUserPropertiesConfigured.MissingAlternative @ConditionalOnMissingClass did not find unwanted classes 'org.springframework.security.oauth2.client.registration.ClientRegistrationRepository', 'org.springframework.security.oauth2.server.resource.introspection.ReactiveOpaqueTokenIntrospector' (ReactiveUserDetailsServiceAutoConfiguration.MissingAlternativeOrUserPropertiesConfigured)

   ReactiveWebServerFactoryAutoConfiguration:
      Did not match:
         - not a reactive web application (OnWebApplicationCondition)
      Matched:
         - @ConditionalOnClass found required class 'org.springframework.http.ReactiveHttpInputMessage' (OnClassCondition)

   RedisAutoConfiguration:
      Did not match:
         - @ConditionalOnClass did not find required class 'org.springframework.data.redis.core.RedisOperations' (OnClassCondition)

   RedisCacheConfiguration:
      Did not match:
         - @ConditionalOnClass did not find required class 'org.springframework.data.redis.connection.RedisConnectionFactory' (OnClassCondition)

   RedisReactiveAutoConfiguration:
      Did not match:
         - @ConditionalOnClass did not find required class 'org.springframework.data.redis.connection.ReactiveRedisConnectionFactory' (OnClassCondition)

   RedisRepositoriesAutoConfiguration:
      Did not match:
         - @ConditionalOnClass did not find required class 'org.springframework.data.redis.repository.configuration.EnableRedisRepositories' (OnClassCondition)

   RemoteDevToolsAutoConfiguration:
      Did not match:
         - @ConditionalOnProperty (spring.devtools.remote.secret) did not find property 'secret' (OnPropertyCondition)
      Matched:
         - @ConditionalOnClass found required classes 'jakarta.servlet.Filter', 'org.springframework.http.server.ServerHttpRequest' (OnClassCondition)

   RepositoryRestMvcAutoConfiguration:
      Did not match:
         - @ConditionalOnClass did not find required class 'org.springframework.data.rest.webmvc.config.RepositoryRestMvcConfiguration' (OnClassCondition)

   Saml2RelyingPartyAutoConfiguration:
      Did not match:
         - @ConditionalOnClass did not find required class 'org.springframework.security.saml2.provider.service.registration.RelyingPartyRegistrationRepository' (OnClassCondition)

   SecurityDataConfiguration:
      Did not match:
         - @ConditionalOnClass did not find required class 'org.springframework.security.data.repository.query.SecurityEvaluationContextExtension' (OnClassCondition)

   SendGridAutoConfiguration:
      Did not match:
         - @ConditionalOnClass did not find required class 'com.sendgrid.SendGrid' (OnClassCondition)

   ServletWebServerFactoryAutoConfiguration.ForwardedHeaderFilterConfiguration:
      Did not match:
         - @ConditionalOnProperty (server.forward-headers-strategy=framework) did not find property 'server.forward-headers-strategy' (OnPropertyCondition)

   ServletWebServerFactoryConfiguration.EmbeddedJetty:
      Did not match:
         - @ConditionalOnClass did not find required classes 'org.eclipse.jetty.server.Server', 'org.eclipse.jetty.util.Loader', 'org.eclipse.jetty.ee10.webapp.WebAppContext' (OnClassCondition)

   ServletWebServerFactoryConfiguration.EmbeddedUndertow:
      Did not match:
         - @ConditionalOnClass did not find required classes 'io.undertow.Undertow', 'org.xnio.SslClientAuthMode' (OnClassCondition)

   SessionAutoConfiguration:
      Did not match:
         - @ConditionalOnClass did not find required class 'org.springframework.session.Session' (OnClassCondition)

   SpringApplicationAdminJmxAutoConfiguration:
      Did not match:
         - @ConditionalOnProperty (spring.application.admin.enabled=true) did not find property 'enabled' (OnPropertyCondition)

   SpringBootWebSecurityConfiguration.SecurityFilterChainConfiguration:
      Did not match:
         - AllNestedConditions 1 matched 1 did not; NestedCondition on DefaultWebSecurityCondition.Beans @ConditionalOnMissingBean (types: org.springframework.security.web.SecurityFilterChain; SearchStrategy: all) found beans of type 'org.springframework.security.web.SecurityFilterChain' securityFilterChain; NestedCondition on DefaultWebSecurityCondition.Classes @ConditionalOnClass found required classes 'org.springframework.security.web.SecurityFilterChain', 'org.springframework.security.config.annotation.web.builders.HttpSecurity' (DefaultWebSecurityCondition)

   SpringBootWebSecurityConfiguration.WebSecurityEnablerConfiguration:
      Did not match:
         - @ConditionalOnMissingBean (names: springSecurityFilterChain; SearchStrategy: all) found beans named springSecurityFilterChain (OnBeanCondition)
      Matched:
         - @ConditionalOnClass found required class 'org.springframework.security.config.annotation.web.configuration.EnableWebSecurity' (OnClassCondition)

   SpringDocConfiguration#propertiesResolverForSchema:
      Did not match:
         - @ConditionalOnProperty (springdoc.api-docs.resolve-schema-properties) did not find property 'springdoc.api-docs.resolve-schema-properties' (OnPropertyCondition)

   SpringDocConfiguration#propertyCustomizingConverter:
      Did not match:
         - @ConditionalOnBean (types: org.springdoc.core.customizers.PropertyCustomizer; SearchStrategy: all) did not find any beans of type org.springdoc.core.customizers.PropertyCustomizer (OnBeanCondition)

   SpringDocConfiguration#springdocBeanFactoryPostProcessor:
      Did not match:
         - AnyNestedCondition 0 matched 2 did not; NestedCondition on CacheOrGroupedOpenApiCondition.OnCacheDisabled found non-matching nested conditions @ConditionalOnProperty (springdoc.cache.disabled) did not find property 'springdoc.cache.disabled'; NestedCondition on CacheOrGroupedOpenApiCondition.OnMultipleOpenApiSupportCondition AnyNestedCondition 0 matched 2 did not; NestedCondition on MultipleOpenApiSupportCondition.OnActuatorDifferentPort @ConditionalOnProperty (springdoc.show-actuator) did not find property 'springdoc.show-actuator'; NestedCondition on MultipleOpenApiSupportCondition.OnMultipleOpenApiSupportCondition AnyNestedCondition 0 matched 3 did not; NestedCondition on MultipleOpenApiGroupsCondition.OnListGroupedOpenApiBean @ConditionalOnBean (types: org.springdoc.core.models.GroupedOpenApi; SearchStrategy: all) did not find any beans of type org.springdoc.core.models.GroupedOpenApi; NestedCondition on MultipleOpenApiGroupsCondition.OnGroupConfigProperty @ConditionalOnProperty (springdoc.group-configs[0].group) did not find property 'springdoc.group-configs[0].group'; NestedCondition on MultipleOpenApiGroupsCondition.OnGroupedOpenApiBean @ConditionalOnBean (types: org.springdoc.core.models.GroupedOpenApi; SearchStrategy: all) did not find any beans of type org.springdoc.core.models.GroupedOpenApi (CacheOrGroupedOpenApiCondition)
      Matched:
         - @ConditionalOnClass found required class 'org.springframework.boot.context.properties.bind.BindResult' (OnClassCondition)

   SpringDocConfiguration#springdocBeanFactoryPostProcessor2:
      Did not match:
         - @ConditionalOnMissingClass found unwanted class 'org.springframework.boot.context.properties.bind.BindResult' (OnClassCondition)

   SpringDocConfiguration.SpringDocActuatorConfiguration:
      Did not match:
         - @ConditionalOnClass did not find required class 'org.springframework.boot.actuate.autoconfigure.endpoint.web.WebEndpointProperties' (OnClassCondition)

   SpringDocConfiguration.SpringDocRepositoryRestConfiguration:
      Did not match:
         - @ConditionalOnClass did not find required class 'org.springframework.data.rest.core.config.RepositoryRestConfiguration' (OnClassCondition)

   SpringDocDataRestConfiguration:
      Did not match:
         - @ConditionalOnClass did not find required class 'org.springframework.data.rest.core.config.RepositoryRestConfiguration' (OnClassCondition)

   SpringDocFunctionCatalogConfiguration:
      Did not match:
         - @ConditionalOnClass did not find required class 'org.springframework.cloud.function.web.function.FunctionEndpointInitializer' (OnClassCondition)

   SpringDocGroovyConfiguration:
      Did not match:
         - @ConditionalOnClass did not find required class 'groovy.lang.MetaClass' (OnClassCondition)

   SpringDocHateoasConfiguration:
      Did not match:
         - @ConditionalOnClass did not find required class 'org.springframework.hateoas.server.LinkRelationProvider' (OnClassCondition)

   SpringDocJacksonKotlinModuleConfiguration:
      Did not match:
         - @ConditionalOnClass did not find required class 'com.fasterxml.jackson.module.kotlin.KotlinModule' (OnClassCondition)

   SpringDocJavadocConfiguration:
      Did not match:
         - @ConditionalOnClass did not find required class 'com.github.therapi.runtimejavadoc.CommentFormatter' (OnClassCondition)

   SpringDocKotlinConfiguration:
      Did not match:
         - @ConditionalOnClass did not find required class 'kotlin.coroutines.Continuation' (OnClassCondition)

   SpringDocKotlinxConfiguration:
      Did not match:
         - @ConditionalOnClass did not find required class 'kotlinx.coroutines.flow.Flow' (OnClassCondition)

   SpringDocSecurityConfiguration.SpringDocSecurityOAuth2ClientConfiguration:
      Did not match:
         - @ConditionalOnClass did not find required class 'org.springframework.security.oauth2.client.annotation.RegisteredOAuth2AuthorizedClient' (OnClassCondition)

   SpringDocSecurityConfiguration.SpringDocSecurityOAuth2Configuration:
      Did not match:
         - @ConditionalOnClass did not find required class 'org.springframework.security.oauth2.server.authorization.OAuth2AuthorizationService' (OnClassCondition)

   SpringDocSecurityConfiguration.SpringSecurityLoginEndpointConfiguration#springSecurityLoginEndpointCustomizer:
      Did not match:
         - @ConditionalOnProperty (springdoc.show-login-endpoint) did not find property 'springdoc.show-login-endpoint' (OnPropertyCondition)

   SpringDocSortConfiguration#dataRestDelegatingMethodParameterCustomizer:
      Did not match:
         - @ConditionalOnMissingBean (types: org.springdoc.core.customizers.DataRestDelegatingMethodParameterCustomizer; SearchStrategy: all) found beans of type 'org.springdoc.core.customizers.DataRestDelegatingMethodParameterCustomizer' dataRestDelegatingMethodParameterCustomizer (OnBeanCondition)

   SpringDocWebMvcConfiguration.SpringDocWebMvcActuatorConfiguration:
      Did not match:
         - @ConditionalOnClass did not find required class 'org.springframework.boot.actuate.endpoint.web.servlet.WebMvcEndpointHandlerMapping' (OnClassCondition)

   SwaggerConfig#springWebProvider:
      Did not match:
         - @ConditionalOnMissingBean (types: org.springdoc.core.providers.SpringWebProvider; SearchStrategy: all) found beans of type 'org.springdoc.core.providers.SpringWebProvider' springWebProvider (OnBeanCondition)

   SwaggerConfig#swaggerUiHome:
      Did not match:
         - @ConditionalOnProperty (springdoc.swagger-ui.use-root-path=true) did not find property 'springdoc.swagger-ui.use-root-path' (OnPropertyCondition)

   SwaggerConfig.SwaggerActuatorWelcomeConfiguration:
      Did not match:
         - @ConditionalOnClass did not find required class 'org.springframework.boot.actuate.endpoint.web.servlet.WebMvcEndpointHandlerMapping' (OnClassCondition)

   TaskExecutorConfigurations.SimpleAsyncTaskExecutorBuilderConfiguration#simpleAsyncTaskExecutorBuilderVirtualThreads:
      Did not match:
         - @ConditionalOnMissingBean (types: org.springframework.boot.task.SimpleAsyncTaskExecutorBuilder; SearchStrategy: all) found beans of type 'org.springframework.boot.task.SimpleAsyncTaskExecutorBuilder' simpleAsyncTaskExecutorBuilder (OnBeanCondition)

   TaskExecutorConfigurations.TaskExecutorConfiguration#applicationTaskExecutorVirtualThreads:
      Did not match:
         - @ConditionalOnThreading did not find VIRTUAL (OnThreadingCondition)

   TaskSchedulingAutoConfiguration#scheduledBeanLazyInitializationExcludeFilter:
      Did not match:
         - @ConditionalOnBean (names: org.springframework.context.annotation.internalScheduledAnnotationProcessor; SearchStrategy: all) did not find any beans named org.springframework.context.annotation.internalScheduledAnnotationProcessor (OnBeanCondition)

   TaskSchedulingConfigurations.SimpleAsyncTaskSchedulerBuilderConfiguration#simpleAsyncTaskSchedulerBuilderVirtualThreads:
      Did not match:
         - @ConditionalOnMissingBean (types: org.springframework.boot.task.SimpleAsyncTaskSchedulerBuilder; SearchStrategy: all) found beans of type 'org.springframework.boot.task.SimpleAsyncTaskSchedulerBuilder' simpleAsyncTaskSchedulerBuilder (OnBeanCondition)

   TaskSchedulingConfigurations.TaskSchedulerConfiguration:
      Did not match:
         - @ConditionalOnBean (names: org.springframework.context.annotation.internalScheduledAnnotationProcessor; SearchStrategy: all) did not find any beans named org.springframework.context.annotation.internalScheduledAnnotationProcessor (OnBeanCondition)

   ThymeleafAutoConfiguration:
      Did not match:
         - @ConditionalOnClass did not find required class 'org.thymeleaf.spring6.SpringTemplateEngine' (OnClassCondition)

   TransactionAutoConfiguration#transactionalOperator:
      Did not match:
         - @ConditionalOnSingleCandidate (types: org.springframework.transaction.ReactiveTransactionManager; SearchStrategy: all) did not find any beans (OnBeanCondition)

   TransactionAutoConfiguration.AspectJTransactionManagementConfiguration:
      Did not match:
         - @ConditionalOnBean (types: org.springframework.transaction.aspectj.AbstractTransactionAspect; SearchStrategy: all) did not find any beans of type org.springframework.transaction.aspectj.AbstractTransactionAspect (OnBeanCondition)

   TransactionAutoConfiguration.EnableTransactionManagementConfiguration.JdkDynamicAutoProxyConfiguration:
      Did not match:
         - @ConditionalOnProperty (spring.aop.proxy-target-class=false) did not find property 'proxy-target-class' (OnPropertyCondition)

   UserDetailsServiceAutoConfiguration:
      Did not match:
         - @ConditionalOnMissingBean (types: org.springframework.security.authentication.AuthenticationManager,org.springframework.security.authentication.AuthenticationProvider,org.springframework.security.core.userdetails.UserDetailsService,org.springframework.security.authentication.AuthenticationManagerResolver,org.springframework.security.oauth2.jwt.JwtDecoder; SearchStrategy: all) found beans of type 'org.springframework.security.authentication.AuthenticationManager' authenticationManager and found beans of type 'org.springframework.security.core.userdetails.UserDetailsService' customUserDetailsService (OnBeanCondition)
      Matched:
         - @ConditionalOnClass found required class 'org.springframework.security.authentication.AuthenticationManager' (OnClassCondition)
         - found 'session' scope (OnWebApplicationCondition)
         - AnyNestedCondition 1 matched 2 did not; NestedCondition on UserDetailsServiceAutoConfiguration.MissingAlternativeOrUserPropertiesConfigured.PasswordConfigured @ConditionalOnProperty (spring.security.user.password) did not find property 'password'; NestedCondition on UserDetailsServiceAutoConfiguration.MissingAlternativeOrUserPropertiesConfigured.NameConfigured @ConditionalOnProperty (spring.security.user.name) did not find property 'name'; NestedCondition on UserDetailsServiceAutoConfiguration.MissingAlternativeOrUserPropertiesConfigured.MissingAlternative @ConditionalOnMissingClass did not find unwanted classes 'org.springframework.security.oauth2.client.registration.ClientRegistrationRepository', 'org.springframework.security.oauth2.server.resource.introspection.OpaqueTokenIntrospector', 'org.springframework.security.saml2.provider.service.registration.RelyingPartyRegistrationRepository' (UserDetailsServiceAutoConfiguration.MissingAlternativeOrUserPropertiesConfigured)

   WebFluxAutoConfiguration:
      Did not match:
         - not a reactive web application (OnWebApplicationCondition)
      Matched:
         - @ConditionalOnClass found required class 'org.springframework.web.reactive.config.WebFluxConfigurer' (OnClassCondition)

   WebMvcAutoConfiguration#hiddenHttpMethodFilter:
      Did not match:
         - @ConditionalOnProperty (spring.mvc.hiddenmethod.filter.enabled) did not find property 'enabled' (OnPropertyCondition)

   WebMvcAutoConfiguration.EnableWebMvcConfiguration#localeResolver:
      Did not match:
         - @ConditionalOnMissingBean (names: localeResolver; SearchStrategy: all) found beans named localeResolver (OnBeanCondition)

   WebMvcAutoConfiguration.ProblemDetailsErrorHandlingConfiguration:
      Did not match:
         - @ConditionalOnProperty (spring.mvc.problemdetails.enabled=true) did not find property 'enabled' (OnPropertyCondition)

   WebMvcAutoConfiguration.WebMvcAutoConfigurationAdapter#beanNameViewResolver:
      Did not match:
         - @ConditionalOnMissingBean (types: org.springframework.web.servlet.view.BeanNameViewResolver; SearchStrategy: all) found beans of type 'org.springframework.web.servlet.view.BeanNameViewResolver' beanNameViewResolver (OnBeanCondition)

   WebServiceTemplateAutoConfiguration:
      Did not match:
         - @ConditionalOnClass did not find required class 'org.springframework.oxm.Marshaller' (OnClassCondition)

   WebServicesAutoConfiguration:
      Did not match:
         - @ConditionalOnClass did not find required class 'org.springframework.ws.transport.http.MessageDispatcherServlet' (OnClassCondition)

   WebSessionIdResolverAutoConfiguration:
      Did not match:
         - not a reactive web application (OnWebApplicationCondition)
      Matched:
         - @ConditionalOnClass found required classes 'org.springframework.web.server.session.WebSessionManager', 'reactor.core.publisher.Mono' (OnClassCondition)

   WebSocketMessagingAutoConfiguration:
      Did not match:
         - @ConditionalOnClass did not find required class 'org.springframework.web.socket.config.annotation.WebSocketMessageBrokerConfigurer' (OnClassCondition)

   WebSocketReactiveAutoConfiguration:
      Did not match:
         - not a reactive web application (OnWebApplicationCondition)
      Matched:
         - @ConditionalOnClass found required classes 'jakarta.servlet.Servlet', 'jakarta.websocket.server.ServerContainer' (OnClassCondition)

   WebSocketServletAutoConfiguration.JettyWebSocketConfiguration:
      Did not match:
         - @ConditionalOnClass did not find required class 'org.eclipse.jetty.ee10.websocket.jakarta.server.config.JakartaWebSocketServletContainerInitializer' (OnClassCondition)

   WebSocketServletAutoConfiguration.UndertowWebSocketConfiguration:
      Did not match:
         - @ConditionalOnClass did not find required class 'io.undertow.websockets.jsr.Bootstrap' (OnClassCondition)

   XADataSourceAutoConfiguration:
      Did not match:
         - @ConditionalOnBean (types: org.springframework.boot.jdbc.XADataSourceWrapper; SearchStrategy: all) did not find any beans of type org.springframework.boot.jdbc.XADataSourceWrapper (OnBeanCondition)
      Matched:
         - @ConditionalOnClass found required classes 'javax.sql.DataSource', 'jakarta.transaction.TransactionManager', 'org.springframework.jdbc.datasource.embedded.EmbeddedDatabaseType' (OnClassCondition)


Exclusions:
-----------

    None


Unconditional classes:
----------------------

    org.springframework.boot.autoconfigure.context.ConfigurationPropertiesAutoConfiguration

    org.springframework.boot.autoconfigure.ssl.SslAutoConfiguration

    org.springframework.boot.autoconfigure.context.PropertyPlaceholderAutoConfiguration

    org.springframework.boot.autoconfigure.context.LifecycleAutoConfiguration

    org.springdoc.core.configuration.SpringDocSpecPropertiesConfiguration

    org.springframework.boot.autoconfigure.availability.ApplicationAvailabilityAutoConfiguration

    org.springframework.boot.autoconfigure.info.ProjectInfoAutoConfiguration



2025-11-13 08:07:26.235 [restartedMain] INFO  c.dailybrief.DailybriefApplication - Started DailybriefApplication in 16.074 seconds (process running for 17.086)
2025-11-13 08:07:26.238 [restartedMain] DEBUG o.s.b.a.ApplicationAvailabilityBean - Application availability state LivenessState changed to CORRECT
2025-11-13 08:07:26.241 [restartedMain] DEBUG o.s.boot.devtools.restart.Restarter - Creating new Restarter for thread Thread[#1,main,5,main]
2025-11-13 08:07:26.242 [restartedMain] DEBUG o.s.boot.devtools.restart.Restarter - Immediately restarting application
2025-11-13 08:07:26.242 [restartedMain] DEBUG o.s.boot.devtools.restart.Restarter - Starting application com.dailybrief.DailybriefApplication with URLs [file:/C:/Xandão/SpringBoot/dailybrief/target/classes/]
2025-11-13 08:07:26.244 [restartedMain] DEBUG o.s.b.a.ApplicationAvailabilityBean - Application availability state ReadinessState changed to ACCEPTING_TRAFFIC
2025-11-13 08:10:20.545 [http-nio-8080-exec-3] INFO  o.a.c.c.C.[Tomcat].[localhost].[/] - Initializing Spring DispatcherServlet 'dispatcherServlet'
2025-11-13 08:10:20.546 [http-nio-8080-exec-3] INFO  o.s.web.servlet.DispatcherServlet - Initializing Servlet 'dispatcherServlet'
2025-11-13 08:10:20.546 [http-nio-8080-exec-3] DEBUG o.s.web.servlet.DispatcherServlet - Detected StandardServletMultipartResolver
2025-11-13 08:10:20.546 [http-nio-8080-exec-3] DEBUG o.s.web.servlet.DispatcherServlet - Detected AcceptHeaderLocaleResolver
2025-11-13 08:10:20.546 [http-nio-8080-exec-3] DEBUG o.s.web.servlet.DispatcherServlet - Detected FixedThemeResolver
2025-11-13 08:10:20.547 [http-nio-8080-exec-3] DEBUG o.s.web.servlet.DispatcherServlet - Detected org.springframework.web.servlet.view.DefaultRequestToViewNameTranslator@6f9754fe
2025-11-13 08:10:20.548 [http-nio-8080-exec-3] DEBUG o.s.web.servlet.DispatcherServlet - Detected org.springframework.web.servlet.support.SessionFlashMapManager@780ee967
2025-11-13 08:10:20.548 [http-nio-8080-exec-3] DEBUG o.s.web.servlet.DispatcherServlet - enableLoggingRequestDetails='false': request parameters and headers will be masked to prevent unsafe logging of potentially sensitive data
2025-11-13 08:10:20.548 [http-nio-8080-exec-3] INFO  o.s.web.servlet.DispatcherServlet - Completed initialization in 2 ms
2025-11-13 08:10:20.570 [http-nio-8080-exec-3] DEBUG o.s.security.web.FilterChainProxy - Securing OPTIONS /api/auth/login
2025-11-13 08:10:20.612 [http-nio-8080-exec-3] DEBUG o.s.security.web.FilterChainProxy - Securing POST /api/auth/login
2025-11-13 08:10:20.775 [http-nio-8080-exec-3] DEBUG o.s.s.w.a.AnonymousAuthenticationFilter - Set SecurityContextHolder to anonymous SecurityContext
2025-11-13 08:10:20.776 [http-nio-8080-exec-3] DEBUG o.s.security.web.FilterChainProxy - Secured POST /api/auth/login
2025-11-13 08:10:20.780 [http-nio-8080-exec-3] DEBUG o.s.web.servlet.DispatcherServlet - POST "/api/auth/login", parameters={}
2025-11-13 08:10:20.781 [http-nio-8080-exec-3] DEBUG o.s.w.s.m.m.a.RequestMappingHandlerMapping - Mapped to com.dailybrief.controller.AuthController#login(LoginRequestDTO)
2025-11-13 08:10:20.783 [http-nio-8080-exec-3] DEBUG o.s.o.j.s.OpenEntityManagerInViewInterceptor - Opening JPA EntityManager in OpenEntityManagerInViewInterceptor
2025-11-13 08:10:20.834 [http-nio-8080-exec-3] DEBUG o.s.w.s.m.m.a.RequestResponseBodyMethodProcessor - Read "application/json;charset=UTF-8" to [LoginRequestDTO[email=admin@dailybrief.com, password=12345678]]
2025-11-13 08:10:21.075 [http-nio-8080-exec-3] DEBUG org.hibernate.SQL - select u1_0.id,u1_0.email,u1_0.password from tbl_users u1_0 where u1_0.email=?
2025-11-13 08:10:21.671 [http-nio-8080-exec-3] DEBUG o.s.w.s.m.m.a.HttpEntityMethodProcessor - Using 'application/json', given [application/json, text/plain, */*] and supported [application/json, application/*+json, application/yaml]
2025-11-13 08:10:21.672 [http-nio-8080-exec-3] DEBUG o.s.w.s.m.m.a.HttpEntityMethodProcessor - Writing [LoginResponseDTO[token=eyJhbGciOiJIUzUxMiJ9.eyJzdWIiOiJhZG1pbkBkYWlseWJyaWVmLmNvbSIsImlhdCI6MTc2MzAz (truncated)...]
2025-11-13 08:10:21.703 [http-nio-8080-exec-3] DEBUG o.s.o.j.s.OpenEntityManagerInViewInterceptor - Closing JPA EntityManager in OpenEntityManagerInViewInterceptor
2025-11-13 08:10:21.704 [http-nio-8080-exec-3] DEBUG o.s.web.servlet.DispatcherServlet - Completed 200 OK
2025-11-13 08:10:21.788 [http-nio-8080-exec-1] DEBUG o.s.security.web.FilterChainProxy - Securing OPTIONS /api/dashboard
2025-11-13 08:10:21.795 [http-nio-8080-exec-5] DEBUG o.s.security.web.FilterChainProxy - Securing GET /api/dashboard
2025-11-13 08:10:21.802 [http-nio-8080-exec-5] DEBUG o.s.o.j.SharedEntityManagerCreator$SharedEntityManagerInvocationHandler - Creating new EntityManager for shared EntityManager invocation
2025-11-13 08:10:21.864 [http-nio-8080-exec-5] DEBUG org.hibernate.SQL - select u1_0.id,u1_0.email,u1_0.password from tbl_users u1_0 where u1_0.email=?
2025-11-13 08:10:21.870 [http-nio-8080-exec-5] DEBUG o.s.security.web.FilterChainProxy - Secured GET /api/dashboard
2025-11-13 08:10:21.871 [http-nio-8080-exec-5] DEBUG o.s.web.servlet.DispatcherServlet - GET "/api/dashboard", parameters={}
2025-11-13 08:10:21.871 [http-nio-8080-exec-5] DEBUG o.s.w.s.m.m.a.RequestMappingHandlerMapping - Mapped to com.dailybrief.controller.DashboardController#getDashboardData()
2025-11-13 08:10:21.871 [http-nio-8080-exec-5] DEBUG o.s.o.j.s.OpenEntityManagerInViewInterceptor - Opening JPA EntityManager in OpenEntityManagerInViewInterceptor
2025-11-13 08:10:21.879 [http-nio-8080-exec-5] DEBUG o.s.orm.jpa.JpaTransactionManager - Found thread-bound EntityManager [SessionImpl(1311036679<open>)] for JPA transaction
2025-11-13 08:10:21.880 [http-nio-8080-exec-5] DEBUG o.s.orm.jpa.JpaTransactionManager - Creating new transaction with name [org.springframework.data.jpa.repository.support.SimpleJpaRepository.count]: PROPAGATION_REQUIRED,ISOLATION_DEFAULT,readOnly
2025-11-13 08:10:21.887 [http-nio-8080-exec-5] DEBUG o.s.jdbc.datasource.DataSourceUtils - Setting JDBC Connection [HikariProxyConnection@1652513098 wrapping org.postgresql.jdbc.PgConnection@2b98ca17] read-only
2025-11-13 08:10:21.890 [http-nio-8080-exec-5] DEBUG o.s.orm.jpa.JpaTransactionManager - Exposing JPA transaction as JDBC [org.springframework.orm.jpa.vendor.HibernateJpaDialect$HibernateConnectionHandle@964e73]
2025-11-13 08:10:22.541 [http-nio-8080-exec-5] DEBUG org.hibernate.SQL - select count(*) from tbl_posts p1_0
2025-11-13 08:10:22.552 [http-nio-8080-exec-5] DEBUG o.s.orm.jpa.JpaTransactionManager - Initiating transaction commit
2025-11-13 08:10:22.553 [http-nio-8080-exec-5] DEBUG o.s.orm.jpa.JpaTransactionManager - Committing JPA transaction on EntityManager [SessionImpl(1311036679<open>)]
2025-11-13 08:10:22.555 [http-nio-8080-exec-5] DEBUG o.s.jdbc.datasource.DataSourceUtils - Resetting read-only flag of JDBC Connection [HikariProxyConnection@1652513098 wrapping org.postgresql.jdbc.PgConnection@2b98ca17]
2025-11-13 08:10:22.555 [http-nio-8080-exec-5] DEBUG o.s.orm.jpa.JpaTransactionManager - Not closing pre-bound JPA EntityManager after transaction
2025-11-13 08:10:22.567 [http-nio-8080-exec-5] DEBUG o.s.w.s.m.m.a.ExceptionHandlerExceptionResolver - Using @ExceptionHandler com.dailybrief.exception.GlobalExceptionHandler#handleGenericException(Exception)
2025-11-13 08:10:22.568 [http-nio-8080-exec-5] DEBUG o.s.w.s.m.m.a.HttpEntityMethodProcessor - Using 'application/json', given [application/json, text/plain, */*] and supported [application/json, application/*+json, application/yaml]
2025-11-13 08:10:22.569 [http-nio-8080-exec-5] DEBUG o.s.w.s.m.m.a.HttpEntityMethodProcessor - Writing [{timestamp=2025-11-13T08:10:22.567124100-03:00[America/Sao_Paulo], status=500, error=Internal Server (truncated)...]
2025-11-13 08:10:22.574 [http-nio-8080-exec-5] WARN  o.s.w.s.m.m.a.ExceptionHandlerExceptionResolver - Resolved [org.springframework.dao.InvalidDataAccessApiUsageException: Argument [APPROVED] of type [com.dailybrief.model.PostStatus] did not match parameter type [com.dailybrief.model.Status (n/a)]]
2025-11-13 08:10:22.574 [http-nio-8080-exec-5] DEBUG o.s.o.j.s.OpenEntityManagerInViewInterceptor - Closing JPA EntityManager in OpenEntityManagerInViewInterceptor
2025-11-13 08:10:22.574 [http-nio-8080-exec-5] DEBUG o.s.web.servlet.DispatcherServlet - Completed 500 INTERNAL_SERVER_ERROR
2025-11-13 08:10:28.166 [http-nio-8080-exec-4] DEBUG o.s.security.web.FilterChainProxy - Securing OPTIONS /api/posts
2025-11-13 08:10:28.175 [http-nio-8080-exec-8] DEBUG o.s.security.web.FilterChainProxy - Securing GET /api/posts
2025-11-13 08:10:28.180 [http-nio-8080-exec-8] DEBUG o.s.o.j.SharedEntityManagerCreator$SharedEntityManagerInvocationHandler - Creating new EntityManager for shared EntityManager invocation
2025-11-13 08:10:28.182 [http-nio-8080-exec-8] DEBUG org.hibernate.SQL - select u1_0.id,u1_0.email,u1_0.password from tbl_users u1_0 where u1_0.email=?
2025-11-13 08:10:28.185 [http-nio-8080-exec-8] DEBUG o.s.security.web.FilterChainProxy - Secured GET /api/posts
2025-11-13 08:10:28.185 [http-nio-8080-exec-8] DEBUG o.s.web.servlet.DispatcherServlet - GET "/api/posts", parameters={}
2025-11-13 08:10:28.185 [http-nio-8080-exec-8] DEBUG o.s.w.s.m.m.a.RequestMappingHandlerMapping - Mapped to com.dailybrief.controller.PostController#getAllPosts(Pageable)
2025-11-13 08:10:28.186 [http-nio-8080-exec-8] DEBUG o.s.o.j.s.OpenEntityManagerInViewInterceptor - Opening JPA EntityManager in OpenEntityManagerInViewInterceptor
2025-11-13 08:10:28.193 [http-nio-8080-exec-8] DEBUG o.s.orm.jpa.JpaTransactionManager - Found thread-bound EntityManager [SessionImpl(1045635586<open>)] for JPA transaction
2025-11-13 08:10:28.194 [http-nio-8080-exec-8] DEBUG o.s.orm.jpa.JpaTransactionManager - Creating new transaction with name [org.springframework.data.jpa.repository.support.SimpleJpaRepository.findAll]: PROPAGATION_REQUIRED,ISOLATION_DEFAULT,readOnly
2025-11-13 08:10:28.194 [http-nio-8080-exec-8] DEBUG o.s.jdbc.datasource.DataSourceUtils - Setting JDBC Connection [HikariProxyConnection@320126472 wrapping org.postgresql.jdbc.PgConnection@2b98ca17] read-only
2025-11-13 08:10:28.194 [http-nio-8080-exec-8] DEBUG o.s.orm.jpa.JpaTransactionManager - Exposing JPA transaction as JDBC [org.springframework.orm.jpa.vendor.HibernateJpaDialect$HibernateConnectionHandle@5e981f62]
2025-11-13 08:10:28.198 [http-nio-8080-exec-8] DEBUG org.hibernate.SQL - select p1_0.id,p1_0.author,p1_0.category_id,p1_0.created_at,p1_0.published_at,p1_0.read_time,p1_0.status_id,p1_0.updated_at from tbl_posts p1_0 offset ? rows fetch first ? rows only
2025-11-13 08:10:28.243 [http-nio-8080-exec-8] DEBUG o.s.orm.jpa.JpaTransactionManager - Initiating transaction commit
2025-11-13 08:10:28.243 [http-nio-8080-exec-8] DEBUG o.s.orm.jpa.JpaTransactionManager - Committing JPA transaction on EntityManager [SessionImpl(1045635586<open>)]
2025-11-13 08:10:28.243 [http-nio-8080-exec-8] DEBUG o.s.jdbc.datasource.DataSourceUtils - Resetting read-only flag of JDBC Connection [HikariProxyConnection@320126472 wrapping org.postgresql.jdbc.PgConnection@2b98ca17]
2025-11-13 08:10:28.243 [http-nio-8080-exec-8] DEBUG o.s.orm.jpa.JpaTransactionManager - Not closing pre-bound JPA EntityManager after transaction
2025-11-13 08:10:28.248 [http-nio-8080-exec-8] DEBUG org.hibernate.SQL - select i1_0.post_id,i1_0.id,i1_0.public_id,i1_0.url from tbl_images i1_0 where i1_0.post_id=?
2025-11-13 08:10:28.261 [http-nio-8080-exec-8] DEBUG org.hibernate.SQL - select c1_0.id,c1_0.description,c1_0.name,c1_0.target_audience from tbl_categories c1_0 where c1_0.id=?
2025-11-13 08:10:28.269 [http-nio-8080-exec-8] DEBUG org.hibernate.SQL - select s1_0.id,s1_0.bg_class,s1_0.display_name,s1_0.name,s1_0.text_class from tbl_status s1_0 where s1_0.id=?
2025-11-13 08:10:28.283 [http-nio-8080-exec-8] WARN  o.s.d.w.c.SpringDataJacksonConfiguration$PageModule$WarningLoggingModifier - Serializing PageImpl instances as-is is not supported, meaning that there is no guarantee about the stability of the resulting JSON structure!
	For a stable JSON structure, please use Spring Data's PagedModel (globally via @EnableSpringDataWebSupport(pageSerializationMode = VIA_DTO))
	or Spring HATEOAS and Spring Data's PagedResourcesAssembler as documented in https://docs.spring.io/spring-data/commons/reference/repositories/core-extensions.html#core.web.pageables.

2025-11-13 08:10:28.289 [http-nio-8080-exec-8] DEBUG o.s.w.s.m.m.a.HttpEntityMethodProcessor - Using 'application/json', given [application/json, text/plain, */*] and supported [application/json, application/*+json, application/yaml]
2025-11-13 08:10:28.290 [http-nio-8080-exec-8] DEBUG o.s.w.s.m.m.a.HttpEntityMethodProcessor - Writing [Page 1 of 1 containing com.dailybrief.dto.PostResponseDTO instances]
2025-11-13 08:10:28.302 [http-nio-8080-exec-8] DEBUG org.hibernate.SQL - select t1_0.post_id,t1_0.lang,t1_0.title from tbl_post_title t1_0 where t1_0.post_id=?
2025-11-13 08:10:28.311 [http-nio-8080-exec-8] DEBUG org.hibernate.SQL - select e1_0.post_id,e1_0.lang,e1_0.excerpt from tbl_post_excerpt e1_0 where e1_0.post_id=?
2025-11-13 08:10:28.318 [http-nio-8080-exec-8] DEBUG org.hibernate.SQL - select c1_0.post_id,c1_0.lang,c1_0.content from tbl_post_content c1_0 where c1_0.post_id=?
2025-11-13 08:10:28.330 [http-nio-8080-exec-8] DEBUG org.hibernate.SQL - select t1_0.post_id,t1_0.tags from tbl_post_tags t1_0 where t1_0.post_id=?
2025-11-13 08:10:28.335 [http-nio-8080-exec-8] DEBUG org.hibernate.SQL - select md1_0.post_id,md1_0.lang,md1_0.meta_description from tbl_post_meta_description md1_0 where md1_0.post_id=?
2025-11-13 08:10:28.341 [http-nio-8080-exec-8] DEBUG org.hibernate.SQL - select al1_0.post_id,al1_0.lang,al1_0.affiliate_link from tbl_post_affiliate_link al1_0 where al1_0.post_id=?
2025-11-13 08:10:28.353 [http-nio-8080-exec-8] DEBUG o.s.o.j.s.OpenEntityManagerInViewInterceptor - Closing JPA EntityManager in OpenEntityManagerInViewInterceptor
2025-11-13 08:10:28.355 [http-nio-8080-exec-8] DEBUG o.s.web.servlet.DispatcherServlet - Completed 200 OK
2025-11-13 08:10:30.622 [http-nio-8080-exec-6] DEBUG o.s.security.web.FilterChainProxy - Securing OPTIONS /api/posts/59f6a5f9-8be9-4107-a179-e2e3d2282842
2025-11-13 08:10:30.628 [http-nio-8080-exec-7] DEBUG o.s.security.web.FilterChainProxy - Securing GET /api/posts/59f6a5f9-8be9-4107-a179-e2e3d2282842
2025-11-13 08:10:30.632 [http-nio-8080-exec-7] DEBUG o.s.o.j.SharedEntityManagerCreator$SharedEntityManagerInvocationHandler - Creating new EntityManager for shared EntityManager invocation
2025-11-13 08:10:30.634 [http-nio-8080-exec-7] DEBUG org.hibernate.SQL - select u1_0.id,u1_0.email,u1_0.password from tbl_users u1_0 where u1_0.email=?
2025-11-13 08:10:30.636 [http-nio-8080-exec-7] DEBUG o.s.security.web.FilterChainProxy - Secured GET /api/posts/59f6a5f9-8be9-4107-a179-e2e3d2282842
2025-11-13 08:10:30.636 [http-nio-8080-exec-7] DEBUG o.s.web.servlet.DispatcherServlet - GET "/api/posts/59f6a5f9-8be9-4107-a179-e2e3d2282842", parameters={}
2025-11-13 08:10:30.637 [http-nio-8080-exec-7] DEBUG o.s.w.s.m.m.a.RequestMappingHandlerMapping - Mapped to com.dailybrief.controller.PostController#getPostById(String)
2025-11-13 08:10:30.637 [http-nio-8080-exec-7] DEBUG o.s.o.j.s.OpenEntityManagerInViewInterceptor - Opening JPA EntityManager in OpenEntityManagerInViewInterceptor
2025-11-13 08:10:30.643 [http-nio-8080-exec-7] DEBUG o.s.orm.jpa.JpaTransactionManager - Found thread-bound EntityManager [SessionImpl(967652754<open>)] for JPA transaction
2025-11-13 08:10:30.643 [http-nio-8080-exec-7] DEBUG o.s.orm.jpa.JpaTransactionManager - Creating new transaction with name [org.springframework.data.jpa.repository.support.SimpleJpaRepository.findById]: PROPAGATION_REQUIRED,ISOLATION_DEFAULT,readOnly
2025-11-13 08:10:30.643 [http-nio-8080-exec-7] DEBUG o.s.jdbc.datasource.DataSourceUtils - Setting JDBC Connection [HikariProxyConnection@1367823826 wrapping org.postgresql.jdbc.PgConnection@2b98ca17] read-only
2025-11-13 08:10:30.643 [http-nio-8080-exec-7] DEBUG o.s.orm.jpa.JpaTransactionManager - Exposing JPA transaction as JDBC [org.springframework.orm.jpa.vendor.HibernateJpaDialect$HibernateConnectionHandle@3e832769]
2025-11-13 08:10:30.648 [http-nio-8080-exec-7] DEBUG org.hibernate.SQL - select p1_0.id,p1_0.author,p1_0.category_id,p1_0.created_at,p1_0.published_at,p1_0.read_time,p1_0.status_id,p1_0.updated_at from tbl_posts p1_0 where p1_0.id=?
2025-11-13 08:10:30.650 [http-nio-8080-exec-7] DEBUG o.s.orm.jpa.JpaTransactionManager - Initiating transaction commit
2025-11-13 08:10:30.650 [http-nio-8080-exec-7] DEBUG o.s.orm.jpa.JpaTransactionManager - Committing JPA transaction on EntityManager [SessionImpl(967652754<open>)]
2025-11-13 08:10:30.651 [http-nio-8080-exec-7] DEBUG o.s.jdbc.datasource.DataSourceUtils - Resetting read-only flag of JDBC Connection [HikariProxyConnection@1367823826 wrapping org.postgresql.jdbc.PgConnection@2b98ca17]
2025-11-13 08:10:30.651 [http-nio-8080-exec-7] DEBUG o.s.orm.jpa.JpaTransactionManager - Not closing pre-bound JPA EntityManager after transaction
2025-11-13 08:10:30.652 [http-nio-8080-exec-7] DEBUG org.hibernate.SQL - select i1_0.post_id,i1_0.id,i1_0.public_id,i1_0.url from tbl_images i1_0 where i1_0.post_id=?
2025-11-13 08:10:30.653 [http-nio-8080-exec-7] DEBUG org.hibernate.SQL - select c1_0.id,c1_0.description,c1_0.name,c1_0.target_audience from tbl_categories c1_0 where c1_0.id=?
2025-11-13 08:10:30.655 [http-nio-8080-exec-7] DEBUG org.hibernate.SQL - select s1_0.id,s1_0.bg_class,s1_0.display_name,s1_0.name,s1_0.text_class from tbl_status s1_0 where s1_0.id=?
2025-11-13 08:10:30.666 [http-nio-8080-exec-7] DEBUG o.s.w.s.m.m.a.HttpEntityMethodProcessor - Using 'application/json', given [application/json, text/plain, */*] and supported [application/json, application/*+json, application/yaml]
2025-11-13 08:10:30.680 [http-nio-8080-exec-7] DEBUG org.hibernate.SQL - select t1_0.post_id,t1_0.lang,t1_0.title from tbl_post_title t1_0 where t1_0.post_id=?
2025-11-13 08:10:30.682 [http-nio-8080-exec-7] DEBUG org.hibernate.SQL - select e1_0.post_id,e1_0.lang,e1_0.excerpt from tbl_post_excerpt e1_0 where e1_0.post_id=?
2025-11-13 08:10:30.683 [http-nio-8080-exec-7] DEBUG org.hibernate.SQL - select c1_0.post_id,c1_0.lang,c1_0.content from tbl_post_content c1_0 where c1_0.post_id=?
2025-11-13 08:10:30.685 [http-nio-8080-exec-7] DEBUG org.hibernate.SQL - select t1_0.post_id,t1_0.tags from tbl_post_tags t1_0 where t1_0.post_id=?
2025-11-13 08:10:30.688 [http-nio-8080-exec-7] DEBUG org.hibernate.SQL - select md1_0.post_id,md1_0.lang,md1_0.meta_description from tbl_post_meta_description md1_0 where md1_0.post_id=?
2025-11-13 08:10:30.691 [http-nio-8080-exec-7] DEBUG org.hibernate.SQL - select al1_0.post_id,al1_0.lang,al1_0.affiliate_link from tbl_post_affiliate_link al1_0 where al1_0.post_id=?
2025-11-13 08:10:30.696 [http-nio-8080-exec-7] DEBUG o.s.w.s.m.m.a.HttpEntityMethodProcessor - Writing [PostResponseDTO[id=59f6a5f9-8be9-4107-a179-e2e3d2282842, title={EN=The AI Revolution in Your Pocket: (truncated)...]
2025-11-13 08:10:30.700 [http-nio-8080-exec-7] DEBUG o.s.o.j.s.OpenEntityManagerInViewInterceptor - Closing JPA EntityManager in OpenEntityManagerInViewInterceptor
2025-11-13 08:10:30.700 [http-nio-8080-exec-7] DEBUG o.s.web.servlet.DispatcherServlet - Completed 200 OK
2025-11-13 08:39:06.562 [http-nio-8080-exec-10] DEBUG o.s.security.web.FilterChainProxy - Securing OPTIONS /api/posts/59f6a5f9-8be9-4107-a179-e2e3d2282842
2025-11-13 08:39:06.579 [http-nio-8080-exec-2] DEBUG o.s.security.web.FilterChainProxy - Securing GET /api/posts/59f6a5f9-8be9-4107-a179-e2e3d2282842
2025-11-13 08:39:06.582 [http-nio-8080-exec-2] DEBUG o.s.o.j.SharedEntityManagerCreator$SharedEntityManagerInvocationHandler - Creating new EntityManager for shared EntityManager invocation
2025-11-13 08:39:06.584 [http-nio-8080-exec-2] DEBUG org.hibernate.SQL - select u1_0.id,u1_0.email,u1_0.password from tbl_users u1_0 where u1_0.email=?
2025-11-13 08:39:06.588 [http-nio-8080-exec-2] DEBUG o.s.security.web.FilterChainProxy - Secured GET /api/posts/59f6a5f9-8be9-4107-a179-e2e3d2282842
2025-11-13 08:39:06.588 [http-nio-8080-exec-2] DEBUG o.s.web.servlet.DispatcherServlet - GET "/api/posts/59f6a5f9-8be9-4107-a179-e2e3d2282842", parameters={}
2025-11-13 08:39:06.590 [http-nio-8080-exec-2] DEBUG o.s.w.s.m.m.a.RequestMappingHandlerMapping - Mapped to com.dailybrief.controller.PostController#getPostById(String)
2025-11-13 08:39:06.591 [http-nio-8080-exec-2] DEBUG o.s.o.j.s.OpenEntityManagerInViewInterceptor - Opening JPA EntityManager in OpenEntityManagerInViewInterceptor
2025-11-13 08:39:06.592 [http-nio-8080-exec-2] DEBUG o.s.orm.jpa.JpaTransactionManager - Found thread-bound EntityManager [SessionImpl(1642501520<open>)] for JPA transaction
2025-11-13 08:39:06.592 [http-nio-8080-exec-2] DEBUG o.s.orm.jpa.JpaTransactionManager - Creating new transaction with name [org.springframework.data.jpa.repository.support.SimpleJpaRepository.findById]: PROPAGATION_REQUIRED,ISOLATION_DEFAULT,readOnly
2025-11-13 08:39:06.593 [http-nio-8080-exec-2] DEBUG o.s.jdbc.datasource.DataSourceUtils - Setting JDBC Connection [HikariProxyConnection@524587890 wrapping org.postgresql.jdbc.PgConnection@2b98ca17] read-only
2025-11-13 08:39:06.593 [http-nio-8080-exec-2] DEBUG o.s.orm.jpa.JpaTransactionManager - Exposing JPA transaction as JDBC [org.springframework.orm.jpa.vendor.HibernateJpaDialect$HibernateConnectionHandle@35b4e761]
2025-11-13 08:39:06.593 [http-nio-8080-exec-2] DEBUG org.hibernate.SQL - select p1_0.id,p1_0.author,p1_0.category_id,p1_0.created_at,p1_0.published_at,p1_0.read_time,p1_0.status_id,p1_0.updated_at from tbl_posts p1_0 where p1_0.id=?
2025-11-13 08:39:06.596 [http-nio-8080-exec-2] DEBUG o.s.orm.jpa.JpaTransactionManager - Initiating transaction commit
2025-11-13 08:39:06.596 [http-nio-8080-exec-2] DEBUG o.s.orm.jpa.JpaTransactionManager - Committing JPA transaction on EntityManager [SessionImpl(1642501520<open>)]
2025-11-13 08:39:06.597 [http-nio-8080-exec-2] DEBUG o.s.jdbc.datasource.DataSourceUtils - Resetting read-only flag of JDBC Connection [HikariProxyConnection@524587890 wrapping org.postgresql.jdbc.PgConnection@2b98ca17]
2025-11-13 08:39:06.597 [http-nio-8080-exec-2] DEBUG o.s.orm.jpa.JpaTransactionManager - Not closing pre-bound JPA EntityManager after transaction
2025-11-13 08:39:06.597 [http-nio-8080-exec-2] DEBUG org.hibernate.SQL - select i1_0.post_id,i1_0.id,i1_0.public_id,i1_0.url from tbl_images i1_0 where i1_0.post_id=?
2025-11-13 08:39:06.599 [http-nio-8080-exec-2] DEBUG org.hibernate.SQL - select c1_0.id,c1_0.description,c1_0.name,c1_0.target_audience from tbl_categories c1_0 where c1_0.id=?
2025-11-13 08:39:06.601 [http-nio-8080-exec-2] DEBUG org.hibernate.SQL - select s1_0.id,s1_0.bg_class,s1_0.display_name,s1_0.name,s1_0.text_class from tbl_status s1_0 where s1_0.id=?
2025-11-13 08:39:06.603 [http-nio-8080-exec-2] DEBUG o.s.w.s.m.m.a.HttpEntityMethodProcessor - Using 'application/json', given [application/json, text/plain, */*] and supported [application/json, application/*+json, application/yaml]
2025-11-13 08:39:06.604 [http-nio-8080-exec-2] DEBUG org.hibernate.SQL - select t1_0.post_id,t1_0.lang,t1_0.title from tbl_post_title t1_0 where t1_0.post_id=?
2025-11-13 08:39:06.606 [http-nio-8080-exec-2] DEBUG org.hibernate.SQL - select e1_0.post_id,e1_0.lang,e1_0.excerpt from tbl_post_excerpt e1_0 where e1_0.post_id=?
2025-11-13 08:39:06.610 [http-nio-8080-exec-2] DEBUG org.hibernate.SQL - select c1_0.post_id,c1_0.lang,c1_0.content from tbl_post_content c1_0 where c1_0.post_id=?
2025-11-13 08:39:06.613 [http-nio-8080-exec-2] DEBUG org.hibernate.SQL - select t1_0.post_id,t1_0.tags from tbl_post_tags t1_0 where t1_0.post_id=?
2025-11-13 08:39:06.615 [http-nio-8080-exec-2] DEBUG org.hibernate.SQL - select md1_0.post_id,md1_0.lang,md1_0.meta_description from tbl_post_meta_description md1_0 where md1_0.post_id=?
2025-11-13 08:39:06.617 [http-nio-8080-exec-2] DEBUG org.hibernate.SQL - select al1_0.post_id,al1_0.lang,al1_0.affiliate_link from tbl_post_affiliate_link al1_0 where al1_0.post_id=?
2025-11-13 08:39:06.618 [http-nio-8080-exec-2] DEBUG o.s.w.s.m.m.a.HttpEntityMethodProcessor - Writing [PostResponseDTO[id=59f6a5f9-8be9-4107-a179-e2e3d2282842, title={EN=The AI Revolution in Your Pocket: (truncated)...]
2025-11-13 08:39:06.622 [http-nio-8080-exec-2] DEBUG o.s.o.j.s.OpenEntityManagerInViewInterceptor - Closing JPA EntityManager in OpenEntityManagerInViewInterceptor
2025-11-13 08:39:06.622 [http-nio-8080-exec-2] DEBUG o.s.web.servlet.DispatcherServlet - Completed 200 OK
2025-11-13 08:39:28.338 [HikariPool-1 housekeeper] WARN  com.zaxxer.hikari.pool.HikariPool - HikariPool-1 - Thread starvation or clock leap detected (housekeeper delta=20m9s180ms155µs600ns).
2025-11-13 12:23:09.782 [background-preinit] INFO  o.h.validator.internal.util.Version - HV000001: Hibernate Validator 8.0.2.Final
2025-11-13 12:23:09.941 [restartedMain] INFO  c.dailybrief.DailybriefApplication - Starting DailybriefApplication using Java 21.0.6 with PID 16432 (C:\Xandão\SpringBoot\dailybrief\target\classes started by plata in C:\Xandão\SpringBoot\dailybrief)
2025-11-13 12:23:09.943 [restartedMain] DEBUG c.dailybrief.DailybriefApplication - Running with Spring Boot v3.4.5, Spring v6.2.6
2025-11-13 12:23:09.944 [restartedMain] INFO  c.dailybrief.DailybriefApplication - The following 1 profile is active: "dev"
2025-11-13 12:23:09.947 [restartedMain] DEBUG o.s.boot.SpringApplication - Loading source class com.dailybrief.DailybriefApplication
2025-11-13 12:23:10.089 [restartedMain] DEBUG o.s.b.d.restart.ChangeableUrls - Matching URLs for reloading : [file:/C:/Xandão/SpringBoot/dailybrief/target/classes/]
2025-11-13 12:23:10.089 [restartedMain] DEBUG o.s.b.d.settings.DevToolsSettings - Included patterns for restart : []
2025-11-13 12:23:10.089 [restartedMain] DEBUG o.s.b.d.settings.DevToolsSettings - Excluded patterns for restart : [/spring-boot-starter-[\w-]+/, /spring-boot/(bin|build|out)/, /spring-boot-starter/(bin|build|out)/, /spring-boot-devtools/(bin|build|out)/, /spring-boot-actuator/(bin|build|out)/, /spring-boot-autoconfigure/(bin|build|out)/]
2025-11-13 12:23:10.090 [restartedMain] INFO  o.s.b.d.e.DevToolsPropertyDefaultsPostProcessor - Devtools property defaults active! Set 'spring.devtools.add-properties' to 'false' to disable
2025-11-13 12:23:10.090 [restartedMain] INFO  o.s.b.d.e.DevToolsPropertyDefaultsPostProcessor - For additional web related logging consider setting the 'logging.level.web' property to 'DEBUG'
2025-11-13 12:23:10.091 [restartedMain] DEBUG o.s.b.w.s.c.AnnotationConfigServletWebServerApplicationContext - Refreshing org.springframework.boot.web.servlet.context.AnnotationConfigServletWebServerApplicationContext@5141f3a0
2025-11-13 12:23:10.139 [restartedMain] DEBUG o.s.b.f.s.DefaultListableBeanFactory - Creating shared instance of singleton bean 'org.springframework.context.annotation.internalConfigurationAnnotationProcessor'
2025-11-13 12:23:10.188 [restartedMain] DEBUG o.s.b.f.s.DefaultListableBeanFactory - Creating shared instance of singleton bean 'org.springframework.boot.autoconfigure.internalCachingMetadataReaderFactory'
2025-11-13 12:23:10.402 [restartedMain] DEBUG o.s.c.a.ClassPathBeanDefinitionScanner - Identified candidate component class: file [C:\Xandão\SpringBoot\dailybrief\target\classes\com\dailybrief\config\CloudinaryConfig.class]
2025-11-13 12:23:10.433 [restartedMain] DEBUG o.s.c.a.ClassPathBeanDefinitionScanner - Identified candidate component class: file [C:\Xandão\SpringBoot\dailybrief\target\classes\com\dailybrief\config\JwtAuthenticationFilter.class]
2025-11-13 12:23:10.449 [restartedMain] DEBUG o.s.c.a.ClassPathBeanDefinitionScanner - Identified candidate component class: file [C:\Xandão\SpringBoot\dailybrief\target\classes\com\dailybrief\config\JwtTokenProvider.class]
2025-11-13 12:23:10.466 [restartedMain] DEBUG o.s.c.a.ClassPathBeanDefinitionScanner - Identified candidate component class: file [C:\Xandão\SpringBoot\dailybrief\target\classes\com\dailybrief\config\LocaleConfig.class]
2025-11-13 12:23:10.536 [restartedMain] DEBUG o.s.c.a.ClassPathBeanDefinitionScanner - Identified candidate component class: file [C:\Xandão\SpringBoot\dailybrief\target\classes\com\dailybrief\config\SecurityConfig.class]
2025-11-13 12:23:10.553 [restartedMain] DEBUG o.s.c.a.ClassPathBeanDefinitionScanner - Identified candidate component class: file [C:\Xandão\SpringBoot\dailybrief\target\classes\com\dailybrief\config\SwaggerConfig.class]
2025-11-13 12:23:10.575 [restartedMain] DEBUG o.s.c.a.ClassPathBeanDefinitionScanner - Identified candidate component class: file [C:\Xandão\SpringBoot\dailybrief\target\classes\com\dailybrief\config\WebClientConfig.class]
2025-11-13 12:23:10.791 [restartedMain] DEBUG o.s.c.a.ClassPathBeanDefinitionScanner - Identified candidate component class: file [C:\Xandão\SpringBoot\dailybrief\target\classes\com\dailybrief\controller\AdminController.class]
2025-11-13 12:23:10.806 [restartedMain] DEBUG o.s.c.a.ClassPathBeanDefinitionScanner - Identified candidate component class: file [C:\Xandão\SpringBoot\dailybrief\target\classes\com\dailybrief\controller\AuthController.class]
2025-11-13 12:23:10.855 [restartedMain] DEBUG o.s.c.a.ClassPathBeanDefinitionScanner - Identified candidate component class: file [C:\Xandão\SpringBoot\dailybrief\target\classes\com\dailybrief\controller\AutomationController.class]
2025-11-13 12:23:10.911 [restartedMain] DEBUG o.s.c.a.ClassPathBeanDefinitionScanner - Identified candidate component class: file [C:\Xandão\SpringBoot\dailybrief\target\classes\com\dailybrief\controller\CategoryController.class]
2025-11-13 12:23:10.937 [restartedMain] DEBUG o.s.c.a.ClassPathBeanDefinitionScanner - Identified candidate component class: file [C:\Xandão\SpringBoot\dailybrief\target\classes\com\dailybrief\controller\DashboardController.class]
2025-11-13 12:23:10.954 [restartedMain] DEBUG o.s.c.a.ClassPathBeanDefinitionScanner - Identified candidate component class: file [C:\Xandão\SpringBoot\dailybrief\target\classes\com\dailybrief\controller\LogController.class]
2025-11-13 12:23:10.970 [restartedMain] DEBUG o.s.c.a.ClassPathBeanDefinitionScanner - Identified candidate component class: file [C:\Xandão\SpringBoot\dailybrief\target\classes\com\dailybrief\controller\PostController.class]
2025-11-13 12:23:11.468 [restartedMain] DEBUG o.s.c.a.ClassPathBeanDefinitionScanner - Identified candidate component class: file [C:\Xandão\SpringBoot\dailybrief\target\classes\com\dailybrief\exception\GlobalExceptionHandler.class]
2025-11-13 12:23:11.525 [restartedMain] DEBUG o.s.c.a.ClassPathBeanDefinitionScanner - Identified candidate component class: file [C:\Xandão\SpringBoot\dailybrief\target\classes\com\dailybrief\mapper\AutomationConfigMapperImpl.class]
2025-11-13 12:23:11.559 [restartedMain] DEBUG o.s.c.a.ClassPathBeanDefinitionScanner - Identified candidate component class: file [C:\Xandão\SpringBoot\dailybrief\target\classes\com\dailybrief\mapper\AutomationMapperImpl.class]
2025-11-13 12:23:11.580 [restartedMain] DEBUG o.s.c.a.ClassPathBeanDefinitionScanner - Identified candidate component class: file [C:\Xandão\SpringBoot\dailybrief\target\classes\com\dailybrief\mapper\CategoryMapperImpl.class]
2025-11-13 12:23:11.613 [restartedMain] DEBUG o.s.c.a.ClassPathBeanDefinitionScanner - Identified candidate component class: file [C:\Xandão\SpringBoot\dailybrief\target\classes\com\dailybrief\mapper\LogMapperImpl.class]
2025-11-13 12:23:11.639 [restartedMain] DEBUG o.s.c.a.ClassPathBeanDefinitionScanner - Identified candidate component class: file [C:\Xandão\SpringBoot\dailybrief\target\classes\com\dailybrief\mapper\MaterialMapperImpl.class]
2025-11-13 12:23:11.651 [restartedMain] DEBUG o.s.c.a.ClassPathBeanDefinitionScanner - Identified candidate component class: file [C:\Xandão\SpringBoot\dailybrief\target\classes\com\dailybrief\mapper\PostMapper.class]
2025-11-13 12:23:11.674 [restartedMain] DEBUG o.s.c.a.ClassPathBeanDefinitionScanner - Identified candidate component class: file [C:\Xandão\SpringBoot\dailybrief\target\classes\com\dailybrief\mapper\RawMaterialMapperImpl.class]
2025-11-13 12:23:11.697 [restartedMain] DEBUG o.s.c.a.ClassPathBeanDefinitionScanner - Identified candidate component class: file [C:\Xandão\SpringBoot\dailybrief\target\classes\com\dailybrief\mapper\StatusMapperImpl.class]
2025-11-13 12:23:11.728 [restartedMain] DEBUG o.s.c.a.ClassPathBeanDefinitionScanner - Identified candidate component class: file [C:\Xandão\SpringBoot\dailybrief\target\classes\com\dailybrief\mapper\TrendingTopicSuggestionMapperImpl.class]
2025-11-13 12:23:11.896 [restartedMain] DEBUG o.s.c.a.ClassPathBeanDefinitionScanner - Ignored because not a concrete top-level class: file [C:\Xandão\SpringBoot\dailybrief\target\classes\com\dailybrief\repository\AutomationConfigRepository.class]
2025-11-13 12:23:11.905 [restartedMain] DEBUG o.s.c.a.ClassPathBeanDefinitionScanner - Ignored because not a concrete top-level class: file [C:\Xandão\SpringBoot\dailybrief\target\classes\com\dailybrief\repository\CategoryRepository.class]
2025-11-13 12:23:11.955 [restartedMain] DEBUG o.s.c.a.ClassPathBeanDefinitionScanner - Ignored because not a concrete top-level class: file [C:\Xandão\SpringBoot\dailybrief\target\classes\com\dailybrief\repository\MaterialRepository.class]
2025-11-13 12:23:11.963 [restartedMain] DEBUG o.s.c.a.ClassPathBeanDefinitionScanner - Ignored because not a concrete top-level class: file [C:\Xandão\SpringBoot\dailybrief\target\classes\com\dailybrief\repository\PostRepository.class]
2025-11-13 12:23:11.975 [restartedMain] DEBUG o.s.c.a.ClassPathBeanDefinitionScanner - Ignored because not a concrete top-level class: file [C:\Xandão\SpringBoot\dailybrief\target\classes\com\dailybrief\repository\RawMaterialRepository.class]
2025-11-13 12:23:11.997 [restartedMain] DEBUG o.s.c.a.ClassPathBeanDefinitionScanner - Ignored because not a concrete top-level class: file [C:\Xandão\SpringBoot\dailybrief\target\classes\com\dailybrief\repository\TrendingTopicSuggestionRepository.class]
2025-11-13 12:23:12.082 [restartedMain] DEBUG o.s.c.a.ClassPathBeanDefinitionScanner - Identified candidate component class: file [C:\Xandão\SpringBoot\dailybrief\target\classes\com\dailybrief\service\impl\AnalyticsServiceImpl.class]
2025-11-13 12:23:12.092 [restartedMain] DEBUG o.s.c.a.ClassPathBeanDefinitionScanner - Identified candidate component class: file [C:\Xandão\SpringBoot\dailybrief\target\classes\com\dailybrief\service\impl\AuthServiceImpl.class]
2025-11-13 12:23:12.116 [restartedMain] DEBUG o.s.c.a.ClassPathBeanDefinitionScanner - Identified candidate component class: file [C:\Xandão\SpringBoot\dailybrief\target\classes\com\dailybrief\service\impl\AutomationServiceImpl.class]
2025-11-13 12:23:12.128 [restartedMain] DEBUG o.s.c.a.ClassPathBeanDefinitionScanner - Identified candidate component class: file [C:\Xandão\SpringBoot\dailybrief\target\classes\com\dailybrief\service\impl\CategoryServiceImpl.class]
2025-11-13 12:23:12.149 [restartedMain] DEBUG o.s.c.a.ClassPathBeanDefinitionScanner - Identified candidate component class: file [C:\Xandão\SpringBoot\dailybrief\target\classes\com\dailybrief\service\impl\CustomUserDetailsService.class]
2025-11-13 12:23:12.170 [restartedMain] DEBUG o.s.c.a.ClassPathBeanDefinitionScanner - Identified candidate component class: file [C:\Xandão\SpringBoot\dailybrief\target\classes\com\dailybrief\service\impl\DashboardServiceImpl.class]
2025-11-13 12:23:12.183 [restartedMain] DEBUG o.s.c.a.ClassPathBeanDefinitionScanner - Identified candidate component class: file [C:\Xandão\SpringBoot\dailybrief\target\classes\com\dailybrief\service\impl\LogServiceImpl.class]
2025-11-13 12:23:12.193 [restartedMain] DEBUG o.s.c.a.ClassPathBeanDefinitionScanner - Identified candidate component class: file [C:\Xandão\SpringBoot\dailybrief\target\classes\com\dailybrief\service\impl\PostServiceImpl.class]
2025-11-13 12:23:12.215 [restartedMain] DEBUG o.s.c.a.ClassPathBeanDefinitionScanner - Identified candidate component class: file [C:\Xandão\SpringBoot\dailybrief\target\classes\com\dailybrief\service\impl\UserServiceImpl.class]
2025-11-13 12:23:14.234 [restartedMain] INFO  o.s.d.r.c.RepositoryConfigurationDelegate - Bootstrapping Spring Data JPA repositories in DEFAULT mode.
2025-11-13 12:23:14.256 [restartedMain] DEBUG o.s.b.f.s.DefaultListableBeanFactory - Creating shared instance of singleton bean 'org.springframework.boot.autoconfigure.AutoConfigurationPackages'
2025-11-13 12:23:14.271 [restartedMain] DEBUG o.s.b.a.AutoConfigurationPackages - @EnableAutoConfiguration was declared on a class in the package 'com.dailybrief'. Automatic @Repository and @Entity scanning is enabled.
2025-11-13 12:23:14.272 [restartedMain] DEBUG o.s.d.r.c.RepositoryConfigurationDelegate - Scanning for JPA repositories in packages com.dailybrief.
2025-11-13 12:23:14.324 [restartedMain] DEBUG o.s.d.r.c.RepositoryComponentProvider - Identified candidate component class: file [C:\Xandão\SpringBoot\dailybrief\target\classes\com\dailybrief\repository\AutomationConfigRepository.class]
2025-11-13 12:23:14.325 [restartedMain] DEBUG o.s.d.r.c.RepositoryComponentProvider - Identified candidate component class: file [C:\Xandão\SpringBoot\dailybrief\target\classes\com\dailybrief\repository\CategoryRepository.class]
2025-11-13 12:23:14.325 [restartedMain] DEBUG o.s.d.r.c.RepositoryComponentProvider - Identified candidate component class: file [C:\Xandão\SpringBoot\dailybrief\target\classes\com\dailybrief\repository\ImageRepository.class]
2025-11-13 12:23:14.325 [restartedMain] DEBUG o.s.d.r.c.RepositoryComponentProvider - Identified candidate component class: file [C:\Xandão\SpringBoot\dailybrief\target\classes\com\dailybrief\repository\LogRepository.class]
2025-11-13 12:23:14.326 [restartedMain] DEBUG o.s.d.r.c.RepositoryComponentProvider - Identified candidate component class: file [C:\Xandão\SpringBoot\dailybrief\target\classes\com\dailybrief\repository\MaterialRepository.class]
2025-11-13 12:23:14.326 [restartedMain] DEBUG o.s.d.r.c.RepositoryComponentProvider - Identified candidate component class: file [C:\Xandão\SpringBoot\dailybrief\target\classes\com\dailybrief\repository\PostRepository.class]
2025-11-13 12:23:14.326 [restartedMain] DEBUG o.s.d.r.c.RepositoryComponentProvider - Identified candidate component class: file [C:\Xandão\SpringBoot\dailybrief\target\classes\com\dailybrief\repository\RawMaterialRepository.class]
2025-11-13 12:23:14.326 [restartedMain] DEBUG o.s.d.r.c.RepositoryComponentProvider - Identified candidate component class: file [C:\Xandão\SpringBoot\dailybrief\target\classes\com\dailybrief\repository\StatusRepository.class]
2025-11-13 12:23:14.328 [restartedMain] DEBUG o.s.d.r.c.RepositoryComponentProvider - Identified candidate component class: file [C:\Xandão\SpringBoot\dailybrief\target\classes\com\dailybrief\repository\TrendingTopicSuggestionRepository.class]
2025-11-13 12:23:14.328 [restartedMain] DEBUG o.s.d.r.c.RepositoryComponentProvider - Identified candidate component class: file [C:\Xandão\SpringBoot\dailybrief\target\classes\com\dailybrief\repository\UserRepository.class]
2025-11-13 12:23:14.621 [restartedMain] DEBUG o.s.c.a.ClassPathScanningCandidateComponentProvider - Identified candidate component class: file [C:\Xandão\SpringBoot\dailybrief\target\classes\com\dailybrief\mapper\AutomationConfigMapperImpl.class]
2025-11-13 12:23:14.622 [restartedMain] DEBUG o.s.c.a.ClassPathScanningCandidateComponentProvider - Identified candidate component class: file [C:\Xandão\SpringBoot\dailybrief\target\classes\com\dailybrief\mapper\AutomationMapperImpl.class]
2025-11-13 12:23:14.623 [restartedMain] DEBUG o.s.c.a.ClassPathScanningCandidateComponentProvider - Identified candidate component class: file [C:\Xandão\SpringBoot\dailybrief\target\classes\com\dailybrief\mapper\CategoryMapperImpl.class]
2025-11-13 12:23:14.623 [restartedMain] DEBUG o.s.c.a.ClassPathScanningCandidateComponentProvider - Identified candidate component class: file [C:\Xandão\SpringBoot\dailybrief\target\classes\com\dailybrief\mapper\LogMapperImpl.class]
2025-11-13 12:23:14.624 [restartedMain] DEBUG o.s.c.a.ClassPathScanningCandidateComponentProvider - Identified candidate component class: file [C:\Xandão\SpringBoot\dailybrief\target\classes\com\dailybrief\mapper\MaterialMapperImpl.class]
2025-11-13 12:23:14.624 [restartedMain] DEBUG o.s.c.a.ClassPathScanningCandidateComponentProvider - Identified candidate component class: file [C:\Xandão\SpringBoot\dailybrief\target\classes\com\dailybrief\mapper\RawMaterialMapperImpl.class]
2025-11-13 12:23:14.624 [restartedMain] DEBUG o.s.c.a.ClassPathScanningCandidateComponentProvider - Identified candidate component class: file [C:\Xandão\SpringBoot\dailybrief\target\classes\com\dailybrief\mapper\StatusMapperImpl.class]
2025-11-13 12:23:14.624 [restartedMain] DEBUG o.s.c.a.ClassPathScanningCandidateComponentProvider - Identified candidate component class: file [C:\Xandão\SpringBoot\dailybrief\target\classes\com\dailybrief\mapper\TrendingTopicSuggestionMapperImpl.class]
2025-11-13 12:23:14.625 [restartedMain] DEBUG o.s.c.a.ClassPathScanningCandidateComponentProvider - Identified candidate component class: file [C:\Xandão\SpringBoot\dailybrief\target\classes\com\dailybrief\service\impl\AnalyticsServiceImpl.class]
2025-11-13 12:23:14.625 [restartedMain] DEBUG o.s.c.a.ClassPathScanningCandidateComponentProvider - Identified candidate component class: file [C:\Xandão\SpringBoot\dailybrief\target\classes\com\dailybrief\service\impl\AuthServiceImpl.class]
2025-11-13 12:23:14.625 [restartedMain] DEBUG o.s.c.a.ClassPathScanningCandidateComponentProvider - Identified candidate component class: file [C:\Xandão\SpringBoot\dailybrief\target\classes\com\dailybrief\service\impl\AutomationServiceImpl.class]
2025-11-13 12:23:14.625 [restartedMain] DEBUG o.s.c.a.ClassPathScanningCandidateComponentProvider - Identified candidate component class: file [C:\Xandão\SpringBoot\dailybrief\target\classes\com\dailybrief\service\impl\CategoryServiceImpl.class]
2025-11-13 12:23:14.625 [restartedMain] DEBUG o.s.c.a.ClassPathScanningCandidateComponentProvider - Identified candidate component class: file [C:\Xandão\SpringBoot\dailybrief\target\classes\com\dailybrief\service\impl\DashboardServiceImpl.class]
2025-11-13 12:23:14.625 [restartedMain] DEBUG o.s.c.a.ClassPathScanningCandidateComponentProvider - Identified candidate component class: file [C:\Xandão\SpringBoot\dailybrief\target\classes\com\dailybrief\service\impl\LogServiceImpl.class]
2025-11-13 12:23:14.626 [restartedMain] DEBUG o.s.c.a.ClassPathScanningCandidateComponentProvider - Identified candidate component class: file [C:\Xandão\SpringBoot\dailybrief\target\classes\com\dailybrief\service\impl\PostServiceImpl.class]
2025-11-13 12:23:14.626 [restartedMain] DEBUG o.s.c.a.ClassPathScanningCandidateComponentProvider - Identified candidate component class: file [C:\Xandão\SpringBoot\dailybrief\target\classes\com\dailybrief\service\impl\UserServiceImpl.class]
2025-11-13 12:23:14.697 [restartedMain] INFO  o.s.d.r.c.RepositoryConfigurationDelegate - Finished Spring Data repository scanning in 423 ms. Found 10 JPA repository interfaces.
2025-11-13 12:23:15.060 [restartedMain] DEBUG o.s.b.f.s.DefaultListableBeanFactory - Creating shared instance of singleton bean 'springSecurityHandlerMappingIntrospectorBeanDefinitionRegistryPostProcessor'
2025-11-13 12:23:15.264 [restartedMain] DEBUG o.s.b.f.s.DefaultListableBeanFactory - Creating shared instance of singleton bean 'propertySourcesPlaceholderConfigurer'
2025-11-13 12:23:15.283 [restartedMain] DEBUG o.s.b.f.s.DefaultListableBeanFactory - Creating shared instance of singleton bean 'emBeanDefinitionRegistrarPostProcessor'
2025-11-13 12:23:15.283 [restartedMain] DEBUG o.s.b.f.s.DefaultListableBeanFactory - Creating shared instance of singleton bean 'org.springframework.boot.sql.init.dependency.DatabaseInitializationDependencyConfigurer$DependsOnDatabaseInitializationPostProcessor'
2025-11-13 12:23:15.284 [restartedMain] DEBUG o.s.b.f.s.DefaultListableBeanFactory - Creating shared instance of singleton bean 'org.springframework.boot.devtools.autoconfigure.DevToolsDataSourceAutoConfiguration$DatabaseShutdownExecutorEntityManagerFactoryDependsOnPostProcessor'
2025-11-13 12:23:15.385 [restartedMain] DEBUG o.s.b.f.s.DefaultListableBeanFactory - Creating shared instance of singleton bean 'org.springframework.context.event.internalEventListenerProcessor'
2025-11-13 12:23:15.390 [restartedMain] DEBUG o.s.b.f.s.DefaultListableBeanFactory - Creating shared instance of singleton bean 'conversionServicePostProcessor'
2025-11-13 12:23:15.415 [restartedMain] DEBUG o.s.b.f.s.DefaultListableBeanFactory - Creating shared instance of singleton bean 'preserveErrorControllerTargetClassPostProcessor'
2025-11-13 12:23:15.417 [restartedMain] DEBUG o.s.b.f.s.DefaultListableBeanFactory - Creating shared instance of singleton bean 'org.springframework.context.event.internalEventListenerFactory'
2025-11-13 12:23:15.418 [restartedMain] DEBUG o.s.b.f.s.DefaultListableBeanFactory - Creating shared instance of singleton bean 'org.springframework.transaction.config.internalTransactionalEventListenerFactory'
2025-11-13 12:23:15.431 [restartedMain] DEBUG o.s.b.f.s.DefaultListableBeanFactory - Creating shared instance of singleton bean 'org.springframework.context.annotation.internalAutowiredAnnotationProcessor'
2025-11-13 12:23:15.434 [restartedMain] DEBUG o.s.b.f.s.DefaultListableBeanFactory - Creating shared instance of singleton bean 'org.springframework.context.annotation.internalCommonAnnotationProcessor'
2025-11-13 12:23:15.445 [restartedMain] DEBUG o.s.b.f.s.DefaultListableBeanFactory - Creating shared instance of singleton bean 'org.springframework.context.annotation.internalPersistenceAnnotationProcessor'
2025-11-13 12:23:15.446 [restartedMain] DEBUG o.s.b.f.s.DefaultListableBeanFactory - Creating shared instance of singleton bean 'org.springframework.boot.context.properties.ConfigurationPropertiesBindingPostProcessor'
2025-11-13 12:23:15.447 [restartedMain] DEBUG o.s.b.f.s.DefaultListableBeanFactory - Creating shared instance of singleton bean 'org.springframework.boot.context.internalConfigurationPropertiesBinder'
2025-11-13 12:23:15.453 [restartedMain] DEBUG o.s.b.f.s.DefaultListableBeanFactory - Creating shared instance of singleton bean 'jdbcConnectionDetailsHikariBeanPostProcessor'
2025-11-13 12:23:15.464 [restartedMain] DEBUG o.s.b.f.s.DefaultListableBeanFactory - Creating shared instance of singleton bean 'methodValidationPostProcessor'
2025-11-13 12:23:15.470 [restartedMain] DEBUG o.s.b.f.s.DefaultListableBeanFactory - Autowiring by type from bean name 'methodValidationPostProcessor' via factory method to bean named 'environment'
2025-11-13 12:23:15.526 [restartedMain] DEBUG o.s.b.f.s.DefaultListableBeanFactory - Creating shared instance of singleton bean 'org.springframework.boot.context.properties.EnableConfigurationPropertiesRegistrar.methodValidationExcludeFilter'
2025-11-13 12:23:15.584 [restartedMain] DEBUG o.s.b.f.s.DefaultListableBeanFactory - Creating shared instance of singleton bean 'org.springframework.aop.config.internalAutoProxyCreator'
2025-11-13 12:23:15.634 [restartedMain] DEBUG o.s.b.f.s.DefaultListableBeanFactory - Creating shared instance of singleton bean 'persistenceExceptionTranslationPostProcessor'
2025-11-13 12:23:15.635 [restartedMain] DEBUG o.s.b.f.s.DefaultListableBeanFactory - Autowiring by type from bean name 'persistenceExceptionTranslationPostProcessor' via factory method to bean named 'environment'
2025-11-13 12:23:15.641 [restartedMain] DEBUG o.s.b.f.s.DefaultListableBeanFactory - Creating shared instance of singleton bean 'webServerFactoryCustomizerBeanPostProcessor'
2025-11-13 12:23:15.643 [restartedMain] DEBUG o.s.b.f.s.DefaultListableBeanFactory - Creating shared instance of singleton bean 'errorPageRegistrarBeanPostProcessor'
2025-11-13 12:23:15.646 [restartedMain] DEBUG o.s.b.f.s.DefaultListableBeanFactory - Creating shared instance of singleton bean 'projectingArgumentResolverBeanPostProcessor'
2025-11-13 12:23:15.652 [restartedMain] DEBUG o.s.b.f.s.DefaultListableBeanFactory - Creating shared instance of singleton bean 'org.springframework.transaction.config.internalTransactionAdvisor'
2025-11-13 12:23:15.654 [restartedMain] DEBUG o.s.b.f.s.DefaultListableBeanFactory - Creating shared instance of singleton bean 'org.springframework.transaction.annotation.ProxyTransactionManagementConfiguration'
2025-11-13 12:23:15.709 [restartedMain] DEBUG o.s.b.f.s.DefaultListableBeanFactory - Creating shared instance of singleton bean 'transactionAttributeSource'
2025-11-13 12:23:15.729 [restartedMain] DEBUG o.s.b.f.s.DefaultListableBeanFactory - Creating shared instance of singleton bean 'transactionInterceptor'
2025-11-13 12:23:15.730 [restartedMain] DEBUG o.s.b.f.s.DefaultListableBeanFactory - Autowiring by type from bean name 'transactionInterceptor' via factory method to bean named 'transactionAttributeSource'
2025-11-13 12:23:15.749 [restartedMain] DEBUG o.s.b.f.s.DefaultListableBeanFactory - Autowiring by type from bean name 'org.springframework.transaction.config.internalTransactionAdvisor' via factory method to bean named 'transactionAttributeSource'
2025-11-13 12:23:15.750 [restartedMain] DEBUG o.s.b.f.s.DefaultListableBeanFactory - Autowiring by type from bean name 'org.springframework.transaction.config.internalTransactionAdvisor' via factory method to bean named 'transactionInterceptor'
2025-11-13 12:23:15.824 [restartedMain] DEBUG o.s.u.c.s.UiApplicationContextUtils - Unable to locate ThemeSource with name 'themeSource': using default [org.springframework.ui.context.support.ResourceBundleThemeSource@200b302]
2025-11-13 12:23:15.826 [restartedMain] DEBUG o.s.b.f.s.DefaultListableBeanFactory - Creating shared instance of singleton bean 'tomcatServletWebServerFactory'
2025-11-13 12:23:15.827 [restartedMain] DEBUG o.s.b.f.s.DefaultListableBeanFactory - Creating shared instance of singleton bean 'org.springframework.boot.autoconfigure.web.servlet.ServletWebServerFactoryConfiguration$EmbeddedTomcat'
2025-11-13 12:23:15.886 [restartedMain] DEBUG o.s.b.f.s.DefaultListableBeanFactory - Creating shared instance of singleton bean 'websocketServletWebServerCustomizer'
2025-11-13 12:23:15.887 [restartedMain] DEBUG o.s.b.f.s.DefaultListableBeanFactory - Creating shared instance of singleton bean 'org.springframework.boot.autoconfigure.websocket.servlet.WebSocketServletAutoConfiguration$TomcatWebSocketConfiguration'
2025-11-13 12:23:15.893 [restartedMain] DEBUG o.s.b.f.s.DefaultListableBeanFactory - Creating shared instance of singleton bean 'servletWebServerFactoryCustomizer'
2025-11-13 12:23:15.894 [restartedMain] DEBUG o.s.b.f.s.DefaultListableBeanFactory - Creating shared instance of singleton bean 'org.springframework.boot.autoconfigure.web.servlet.ServletWebServerFactoryAutoConfiguration'
2025-11-13 12:23:15.896 [restartedMain] DEBUG o.s.b.f.s.DefaultListableBeanFactory - Creating shared instance of singleton bean 'server-org.springframework.boot.autoconfigure.web.ServerProperties'
2025-11-13 12:23:15.916 [restartedMain] DEBUG o.s.b.f.s.DefaultListableBeanFactory - Creating shared instance of singleton bean 'org.springframework.boot.context.properties.BoundConfigurationProperties'
2025-11-13 12:23:15.928 [restartedMain] DEBUG o.s.b.f.s.DefaultListableBeanFactory - Creating shared instance of singleton bean 'stringOrNumberMigrationVersionConverter'
2025-11-13 12:23:15.928 [restartedMain] DEBUG o.s.b.f.s.DefaultListableBeanFactory - Creating shared instance of singleton bean 'org.springframework.boot.autoconfigure.flyway.FlywayAutoConfiguration'
2025-11-13 12:23:16.013 [restartedMain] DEBUG o.s.b.f.s.DefaultListableBeanFactory - Autowiring by type from bean name 'servletWebServerFactoryCustomizer' via factory method to bean named 'server-org.springframework.boot.autoconfigure.web.ServerProperties'
2025-11-13 12:23:16.023 [restartedMain] DEBUG o.s.b.f.s.DefaultListableBeanFactory - Creating shared instance of singleton bean 'sslBundleRegistry'
2025-11-13 12:23:16.024 [restartedMain] DEBUG o.s.b.f.s.DefaultListableBeanFactory - Creating shared instance of singleton bean 'org.springframework.boot.autoconfigure.ssl.SslAutoConfiguration'
2025-11-13 12:23:16.027 [restartedMain] DEBUG o.s.b.f.s.DefaultListableBeanFactory - Creating shared instance of singleton bean 'spring.ssl-org.springframework.boot.autoconfigure.ssl.SslProperties'
2025-11-13 12:23:16.033 [restartedMain] DEBUG o.s.b.f.s.DefaultListableBeanFactory - Autowiring by type from bean name 'org.springframework.boot.autoconfigure.ssl.SslAutoConfiguration' via constructor to bean named 'org.springframework.boot.web.servlet.context.AnnotationConfigServletWebServerApplicationContext@5141f3a0'
2025-11-13 12:23:16.033 [restartedMain] DEBUG o.s.b.f.s.DefaultListableBeanFactory - Autowiring by type from bean name 'org.springframework.boot.autoconfigure.ssl.SslAutoConfiguration' via constructor to bean named 'spring.ssl-org.springframework.boot.autoconfigure.ssl.SslProperties'
2025-11-13 12:23:16.042 [restartedMain] DEBUG o.s.b.f.s.DefaultListableBeanFactory - Creating shared instance of singleton bean 'sslPropertiesSslBundleRegistrar'
2025-11-13 12:23:16.043 [restartedMain] DEBUG o.s.b.f.s.DefaultListableBeanFactory - Creating shared instance of singleton bean 'fileWatcher'
2025-11-13 12:23:16.047 [restartedMain] DEBUG o.s.b.f.s.DefaultListableBeanFactory - Autowiring by type from bean name 'sslPropertiesSslBundleRegistrar' via factory method to bean named 'fileWatcher'
2025-11-13 12:23:16.064 [restartedMain] DEBUG o.s.b.f.s.DefaultListableBeanFactory - Creating shared instance of singleton bean 'tomcatServletWebServerFactoryCustomizer'
2025-11-13 12:23:16.066 [restartedMain] DEBUG o.s.b.f.s.DefaultListableBeanFactory - Autowiring by type from bean name 'tomcatServletWebServerFactoryCustomizer' via factory method to bean named 'server-org.springframework.boot.autoconfigure.web.ServerProperties'
2025-11-13 12:23:16.069 [restartedMain] DEBUG o.s.b.f.s.DefaultListableBeanFactory - Creating shared instance of singleton bean 'nettyWebServerFactoryCustomizer'
2025-11-13 12:23:16.070 [restartedMain] DEBUG o.s.b.f.s.DefaultListableBeanFactory - Creating shared instance of singleton bean 'org.springframework.boot.autoconfigure.web.embedded.EmbeddedWebServerFactoryCustomizerAutoConfiguration$NettyWebServerFactoryCustomizerConfiguration'
2025-11-13 12:23:16.073 [restartedMain] DEBUG o.s.b.f.s.DefaultListableBeanFactory - Autowiring by type from bean name 'nettyWebServerFactoryCustomizer' via factory method to bean named 'environment'
2025-11-13 12:23:16.074 [restartedMain] DEBUG o.s.b.f.s.DefaultListableBeanFactory - Autowiring by type from bean name 'nettyWebServerFactoryCustomizer' via factory method to bean named 'server-org.springframework.boot.autoconfigure.web.ServerProperties'
2025-11-13 12:23:16.083 [restartedMain] DEBUG o.s.b.f.s.DefaultListableBeanFactory - Creating shared instance of singleton bean 'tomcatWebServerFactoryCustomizer'
2025-11-13 12:23:16.084 [restartedMain] DEBUG o.s.b.f.s.DefaultListableBeanFactory - Creating shared instance of singleton bean 'org.springframework.boot.autoconfigure.web.embedded.EmbeddedWebServerFactoryCustomizerAutoConfiguration$TomcatWebServerFactoryCustomizerConfiguration'
2025-11-13 12:23:16.086 [restartedMain] DEBUG o.s.b.f.s.DefaultListableBeanFactory - Autowiring by type from bean name 'tomcatWebServerFactoryCustomizer' via factory method to bean named 'environment'
2025-11-13 12:23:16.086 [restartedMain] DEBUG o.s.b.f.s.DefaultListableBeanFactory - Autowiring by type from bean name 'tomcatWebServerFactoryCustomizer' via factory method to bean named 'server-org.springframework.boot.autoconfigure.web.ServerProperties'
2025-11-13 12:23:16.091 [restartedMain] DEBUG o.s.b.f.s.DefaultListableBeanFactory - Creating shared instance of singleton bean 'localeCharsetMappingsCustomizer'
2025-11-13 12:23:16.092 [restartedMain] DEBUG o.s.b.f.s.DefaultListableBeanFactory - Creating shared instance of singleton bean 'org.springframework.boot.autoconfigure.web.servlet.HttpEncodingAutoConfiguration'
2025-11-13 12:23:16.093 [restartedMain] DEBUG o.s.b.f.s.DefaultListableBeanFactory - Autowiring by type from bean name 'org.springframework.boot.autoconfigure.web.servlet.HttpEncodingAutoConfiguration' via constructor to bean named 'server-org.springframework.boot.autoconfigure.web.ServerProperties'
2025-11-13 12:23:16.208 [restartedMain] DEBUG o.s.b.f.s.DefaultListableBeanFactory - Creating shared instance of singleton bean 'errorPageCustomizer'
2025-11-13 12:23:16.209 [restartedMain] DEBUG o.s.b.f.s.DefaultListableBeanFactory - Creating shared instance of singleton bean 'org.springframework.boot.autoconfigure.web.servlet.error.ErrorMvcAutoConfiguration'
2025-11-13 12:23:16.210 [restartedMain] DEBUG o.s.b.f.s.DefaultListableBeanFactory - Autowiring by type from bean name 'org.springframework.boot.autoconfigure.web.servlet.error.ErrorMvcAutoConfiguration' via constructor to bean named 'server-org.springframework.boot.autoconfigure.web.ServerProperties'
2025-11-13 12:23:16.214 [restartedMain] DEBUG o.s.b.f.s.DefaultListableBeanFactory - Creating shared instance of singleton bean 'dispatcherServletRegistration'
2025-11-13 12:23:16.215 [restartedMain] DEBUG o.s.b.f.s.DefaultListableBeanFactory - Creating shared instance of singleton bean 'org.springframework.boot.autoconfigure.web.servlet.DispatcherServletAutoConfiguration$DispatcherServletRegistrationConfiguration'
2025-11-13 12:23:16.217 [restartedMain] DEBUG o.s.b.f.s.DefaultListableBeanFactory - Creating shared instance of singleton bean 'dispatcherServlet'
2025-11-13 12:23:16.218 [restartedMain] DEBUG o.s.b.f.s.DefaultListableBeanFactory - Creating shared instance of singleton bean 'org.springframework.boot.autoconfigure.web.servlet.DispatcherServletAutoConfiguration$DispatcherServletConfiguration'
2025-11-13 12:23:16.222 [restartedMain] DEBUG o.s.b.f.s.DefaultListableBeanFactory - Creating shared instance of singleton bean 'spring.mvc-org.springframework.boot.autoconfigure.web.servlet.WebMvcProperties'
2025-11-13 12:23:16.230 [restartedMain] DEBUG o.s.b.f.s.DefaultListableBeanFactory - Autowiring by type from bean name 'dispatcherServlet' via factory method to bean named 'spring.mvc-org.springframework.boot.autoconfigure.web.servlet.WebMvcProperties'
2025-11-13 12:23:16.274 [restartedMain] DEBUG o.s.b.f.s.DefaultListableBeanFactory - Autowiring by type from bean name 'dispatcherServletRegistration' via factory method to bean named 'dispatcherServlet'
2025-11-13 12:23:16.274 [restartedMain] DEBUG o.s.b.f.s.DefaultListableBeanFactory - Autowiring by type from bean name 'dispatcherServletRegistration' via factory method to bean named 'spring.mvc-org.springframework.boot.autoconfigure.web.servlet.WebMvcProperties'
2025-11-13 12:23:16.282 [restartedMain] DEBUG o.s.b.f.s.DefaultListableBeanFactory - Creating shared instance of singleton bean 'multipartConfigElement'
2025-11-13 12:23:16.283 [restartedMain] DEBUG o.s.b.f.s.DefaultListableBeanFactory - Creating shared instance of singleton bean 'org.springframework.boot.autoconfigure.web.servlet.MultipartAutoConfiguration'
2025-11-13 12:23:16.285 [restartedMain] DEBUG o.s.b.f.s.DefaultListableBeanFactory - Creating shared instance of singleton bean 'spring.servlet.multipart-org.springframework.boot.autoconfigure.web.servlet.MultipartProperties'
2025-11-13 12:23:16.297 [restartedMain] DEBUG o.s.b.f.s.DefaultListableBeanFactory - Autowiring by type from bean name 'org.springframework.boot.autoconfigure.web.servlet.MultipartAutoConfiguration' via constructor to bean named 'spring.servlet.multipart-org.springframework.boot.autoconfigure.web.servlet.MultipartProperties'
2025-11-13 12:23:16.312 [restartedMain] DEBUG o.s.b.f.s.DefaultListableBeanFactory - Autowiring by type from bean name 'errorPageCustomizer' via factory method to bean named 'dispatcherServletRegistration'
2025-11-13 12:23:16.621 [restartedMain] DEBUG o.s.b.w.e.t.TomcatServletWebServerFactory - Code archive: C:\Users\plata\.m2\repository\org\springframework\boot\spring-boot\3.4.5\spring-boot-3.4.5.jar
2025-11-13 12:23:16.622 [restartedMain] DEBUG o.s.b.w.e.t.TomcatServletWebServerFactory - Code archive: C:\Users\plata\.m2\repository\org\springframework\boot\spring-boot\3.4.5\spring-boot-3.4.5.jar
2025-11-13 12:23:16.623 [restartedMain] DEBUG o.s.b.w.e.t.TomcatServletWebServerFactory - None of the document roots [src/main/webapp, public, static] point to a directory and will be ignored.
2025-11-13 12:23:16.778 [restartedMain] INFO  o.s.b.w.e.tomcat.TomcatWebServer - Tomcat initialized with port 8080 (http)
2025-11-13 12:23:16.811 [restartedMain] INFO  o.a.coyote.http11.Http11NioProtocol - Initializing ProtocolHandler ["http-nio-8080"]
2025-11-13 12:23:16.816 [restartedMain] INFO  o.a.catalina.core.StandardService - Starting service [Tomcat]
2025-11-13 12:23:16.817 [restartedMain] INFO  o.a.catalina.core.StandardEngine - Starting Servlet engine: [Apache Tomcat/10.1.40]
2025-11-13 12:23:16.959 [restartedMain] INFO  o.a.c.c.C.[Tomcat].[localhost].[/] - Initializing Spring embedded WebApplicationContext
2025-11-13 12:23:16.959 [restartedMain] DEBUG o.s.b.w.s.c.ServletWebServerApplicationContext - Published root WebApplicationContext as ServletContext attribute with name [org.springframework.web.context.WebApplicationContext.ROOT]
2025-11-13 12:23:16.960 [restartedMain] INFO  o.s.b.w.s.c.ServletWebServerApplicationContext - Root WebApplicationContext: initialization completed in 6869 ms
2025-11-13 12:23:16.968 [restartedMain] DEBUG o.s.b.f.s.DefaultListableBeanFactory - Creating shared instance of singleton bean 'securityFilterChainRegistration'
2025-11-13 12:23:16.969 [restartedMain] DEBUG o.s.b.f.s.DefaultListableBeanFactory - Creating shared instance of singleton bean 'org.springframework.boot.autoconfigure.security.servlet.SecurityFilterAutoConfiguration'
2025-11-13 12:23:16.975 [restartedMain] DEBUG o.s.b.f.s.DefaultListableBeanFactory - Creating shared instance of singleton bean 'spring.security-org.springframework.boot.autoconfigure.security.SecurityProperties'
2025-11-13 12:23:16.981 [restartedMain] DEBUG o.s.b.f.s.DefaultListableBeanFactory - Autowiring by type from bean name 'securityFilterChainRegistration' via factory method to bean named 'spring.security-org.springframework.boot.autoconfigure.security.SecurityProperties'
2025-11-13 12:23:16.999 [restartedMain] DEBUG o.s.b.f.s.DefaultListableBeanFactory - Creating shared instance of singleton bean 'jwtAuthenticationFilter'
2025-11-13 12:23:17.010 [restartedMain] DEBUG o.s.b.f.s.DefaultListableBeanFactory - Creating shared instance of singleton bean 'jwtTokenProvider'
2025-11-13 12:23:17.016 [restartedMain] DEBUG o.s.c.e.PropertySourcesPropertyResolver - Found key 'jwt.secret' in PropertySource 'environmentProperties' with value of type String
2025-11-13 12:23:17.023 [restartedMain] DEBUG o.s.c.e.PropertySourcesPropertyResolver - Found key 'jwt.secret' in PropertySource 'environmentProperties' with value of type String
2025-11-13 12:23:17.030 [restartedMain] DEBUG o.s.b.f.s.DefaultListableBeanFactory - Creating shared instance of singleton bean 'customUserDetailsService'
2025-11-13 12:23:17.036 [restartedMain] DEBUG o.s.b.f.s.DefaultListableBeanFactory - Creating shared instance of singleton bean 'userRepository'
2025-11-13 12:23:17.057 [restartedMain] DEBUG o.s.b.f.s.DefaultListableBeanFactory - Creating shared instance of singleton bean 'jpa.named-queries#9'
2025-11-13 12:23:17.071 [restartedMain] DEBUG o.s.b.f.s.DefaultListableBeanFactory - Creating shared instance of singleton bean 'jpa.UserRepository.fragments#0'
2025-11-13 12:23:17.086 [restartedMain] DEBUG o.s.b.f.s.DefaultListableBeanFactory - Creating shared instance of singleton bean 'jpaSharedEM_entityManagerFactory'
2025-11-13 12:23:17.087 [restartedMain] DEBUG o.s.b.f.s.DefaultListableBeanFactory - Creating shared instance of singleton bean 'flyway'
2025-11-13 12:23:17.087 [restartedMain] DEBUG o.s.b.f.s.DefaultListableBeanFactory - Creating shared instance of singleton bean 'org.springframework.boot.autoconfigure.flyway.FlywayAutoConfiguration$FlywayConfiguration'
2025-11-13 12:23:17.088 [restartedMain] DEBUG o.s.b.f.s.DefaultListableBeanFactory - Creating shared instance of singleton bean 'spring.flyway-org.springframework.boot.autoconfigure.flyway.FlywayProperties'
2025-11-13 12:23:17.120 [restartedMain] DEBUG o.s.b.f.s.DefaultListableBeanFactory - Autowiring by type from bean name 'org.springframework.boot.autoconfigure.flyway.FlywayAutoConfiguration$FlywayConfiguration' via constructor to bean named 'spring.flyway-org.springframework.boot.autoconfigure.flyway.FlywayProperties'
2025-11-13 12:23:17.129 [restartedMain] DEBUG o.s.b.f.s.DefaultListableBeanFactory - Creating shared instance of singleton bean 'flywayConnectionDetails'
2025-11-13 12:23:17.132 [restartedMain] DEBUG o.s.b.f.s.DefaultListableBeanFactory - Creating shared instance of singleton bean 'resourceProviderCustomizer'
2025-11-13 12:23:17.134 [restartedMain] DEBUG o.s.b.f.s.DefaultListableBeanFactory - Autowiring by type from bean name 'flyway' via factory method to bean named 'flywayConnectionDetails'
2025-11-13 12:23:17.135 [restartedMain] DEBUG o.s.b.f.s.DefaultListableBeanFactory - Autowiring by type from bean name 'flyway' via factory method to bean named 'org.springframework.boot.web.servlet.context.AnnotationConfigServletWebServerApplicationContext@5141f3a0'
2025-11-13 12:23:17.135 [restartedMain] DEBUG o.s.b.f.s.DefaultListableBeanFactory - Autowiring by type from bean name 'flyway' via factory method to bean named 'resourceProviderCustomizer'
2025-11-13 12:23:17.175 [restartedMain] DEBUG o.s.b.f.s.DefaultListableBeanFactory - Creating shared instance of singleton bean 'dataSource'
2025-11-13 12:23:17.176 [restartedMain] DEBUG o.s.b.f.s.DefaultListableBeanFactory - Creating shared instance of singleton bean 'org.springframework.boot.autoconfigure.jdbc.DataSourceConfiguration$Hikari'
2025-11-13 12:23:17.178 [restartedMain] DEBUG o.s.b.f.s.DefaultListableBeanFactory - Creating shared instance of singleton bean 'spring.datasource-org.springframework.boot.autoconfigure.jdbc.DataSourceProperties'
2025-11-13 12:23:17.195 [restartedMain] DEBUG o.s.b.f.s.DefaultListableBeanFactory - Creating shared instance of singleton bean 'jdbcConnectionDetails'
2025-11-13 12:23:17.195 [restartedMain] DEBUG o.s.b.f.s.DefaultListableBeanFactory - Creating shared instance of singleton bean 'org.springframework.boot.autoconfigure.jdbc.DataSourceAutoConfiguration$PooledDataSourceConfiguration'
2025-11-13 12:23:17.197 [restartedMain] DEBUG o.s.b.f.s.DefaultListableBeanFactory - Autowiring by type from bean name 'jdbcConnectionDetails' via factory method to bean named 'spring.datasource-org.springframework.boot.autoconfigure.jdbc.DataSourceProperties'
2025-11-13 12:23:17.201 [restartedMain] DEBUG o.s.b.f.s.DefaultListableBeanFactory - Autowiring by type from bean name 'dataSource' via factory method to bean named 'spring.datasource-org.springframework.boot.autoconfigure.jdbc.DataSourceProperties'
2025-11-13 12:23:17.201 [restartedMain] DEBUG o.s.b.f.s.DefaultListableBeanFactory - Autowiring by type from bean name 'dataSource' via factory method to bean named 'jdbcConnectionDetails'
2025-11-13 12:23:17.201 [restartedMain] DEBUG o.s.b.f.s.DefaultListableBeanFactory - Autowiring by type from bean name 'dataSource' via factory method to bean named 'environment'
2025-11-13 12:23:17.273 [restartedMain] DEBUG o.s.b.f.s.DefaultListableBeanFactory - Creating shared instance of singleton bean 'postgresqlFlywayConfigurationCustomizer'
2025-11-13 12:23:17.562 [restartedMain] DEBUG o.s.b.f.s.DefaultListableBeanFactory - Creating shared instance of singleton bean 'flywayInitializer'
2025-11-13 12:23:17.564 [restartedMain] DEBUG o.s.b.f.s.DefaultListableBeanFactory - Autowiring by type from bean name 'flywayInitializer' via factory method to bean named 'flyway'
2025-11-13 12:23:17.613 [restartedMain] INFO  com.zaxxer.hikari.HikariDataSource - HikariPool-1 - Starting...
2025-11-13 12:23:18.209 [restartedMain] INFO  com.zaxxer.hikari.pool.HikariPool - HikariPool-1 - Added connection org.postgresql.jdbc.PgConnection@19ead922
2025-11-13 12:23:18.213 [restartedMain] INFO  com.zaxxer.hikari.HikariDataSource - HikariPool-1 - Start completed.
2025-11-13 12:23:18.282 [restartedMain] INFO  org.flywaydb.core.FlywayExecutor - Database: jdbc:postgresql://localhost:5432/dailydb (PostgreSQL 17.6)
2025-11-13 12:23:18.432 [restartedMain] INFO  o.f.core.internal.command.DbValidate - Successfully validated 1 migration (execution time 00:00.095s)
2025-11-13 12:23:18.467 [restartedMain] INFO  o.f.core.internal.command.DbMigrate - Current version of schema "public": 1
2025-11-13 12:23:18.474 [restartedMain] INFO  o.f.core.internal.command.DbMigrate - Schema "public" is up to date. No migration necessary.
2025-11-13 12:23:18.495 [restartedMain] DEBUG o.s.b.f.s.DefaultListableBeanFactory - Creating shared instance of singleton bean 'dataSourceScriptDatabaseInitializer'
2025-11-13 12:23:18.496 [restartedMain] DEBUG o.s.b.f.s.DefaultListableBeanFactory - Creating shared instance of singleton bean 'org.springframework.boot.autoconfigure.sql.init.DataSourceInitializationConfiguration'
2025-11-13 12:23:18.499 [restartedMain] DEBUG o.s.b.f.s.DefaultListableBeanFactory - Creating shared instance of singleton bean 'spring.sql.init-org.springframework.boot.autoconfigure.sql.init.SqlInitializationProperties'
2025-11-13 12:23:18.510 [restartedMain] DEBUG o.s.b.f.s.DefaultListableBeanFactory - Autowiring by type from bean name 'dataSourceScriptDatabaseInitializer' via factory method to bean named 'dataSource'
2025-11-13 12:23:18.511 [restartedMain] DEBUG o.s.b.f.s.DefaultListableBeanFactory - Autowiring by type from bean name 'dataSourceScriptDatabaseInitializer' via factory method to bean named 'spring.sql.init-org.springframework.boot.autoconfigure.sql.init.SqlInitializationProperties'
2025-11-13 12:23:18.534 [restartedMain] DEBUG o.s.b.f.s.DefaultListableBeanFactory - Creating shared instance of singleton bean 'inMemoryDatabaseShutdownExecutor'
2025-11-13 12:23:18.534 [restartedMain] DEBUG o.s.b.f.s.DefaultListableBeanFactory - Creating shared instance of singleton bean 'org.springframework.boot.devtools.autoconfigure.DevToolsDataSourceAutoConfiguration'
2025-11-13 12:23:18.539 [restartedMain] DEBUG o.s.b.f.s.DefaultListableBeanFactory - Autowiring by type from bean name 'inMemoryDatabaseShutdownExecutor' via factory method to bean named 'dataSource'
2025-11-13 12:23:18.539 [restartedMain] DEBUG o.s.b.f.s.DefaultListableBeanFactory - Autowiring by type from bean name 'inMemoryDatabaseShutdownExecutor' via factory method to bean named 'spring.datasource-org.springframework.boot.autoconfigure.jdbc.DataSourceProperties'
2025-11-13 12:23:18.543 [restartedMain] DEBUG o.s.b.f.s.DefaultListableBeanFactory - Creating shared instance of singleton bean 'entityManagerFactory'
2025-11-13 12:23:18.544 [restartedMain] DEBUG o.s.b.f.s.DefaultListableBeanFactory - Creating shared instance of singleton bean 'org.springframework.boot.autoconfigure.orm.jpa.HibernateJpaConfiguration'
2025-11-13 12:23:18.547 [restartedMain] DEBUG o.s.b.f.s.DefaultListableBeanFactory - Creating shared instance of singleton bean 'spring.jpa-org.springframework.boot.autoconfigure.orm.jpa.JpaProperties'
2025-11-13 12:23:18.561 [restartedMain] DEBUG o.s.b.f.s.DefaultListableBeanFactory - Creating shared instance of singleton bean 'spring.jpa.hibernate-org.springframework.boot.autoconfigure.orm.jpa.HibernateProperties'
2025-11-13 12:23:18.566 [restartedMain] DEBUG o.s.b.f.s.DefaultListableBeanFactory - Autowiring by type from bean name 'org.springframework.boot.autoconfigure.orm.jpa.HibernateJpaConfiguration' via constructor to bean named 'dataSource'
2025-11-13 12:23:18.567 [restartedMain] DEBUG o.s.b.f.s.DefaultListableBeanFactory - Autowiring by type from bean name 'org.springframework.boot.autoconfigure.orm.jpa.HibernateJpaConfiguration' via constructor to bean named 'spring.jpa-org.springframework.boot.autoconfigure.orm.jpa.JpaProperties'
2025-11-13 12:23:18.567 [restartedMain] DEBUG o.s.b.f.s.DefaultListableBeanFactory - Autowiring by type from bean name 'org.springframework.boot.autoconfigure.orm.jpa.HibernateJpaConfiguration' via constructor to bean named 'org.springframework.beans.factory.support.DefaultListableBeanFactory@4c114fa1'
2025-11-13 12:23:18.567 [restartedMain] DEBUG o.s.b.f.s.DefaultListableBeanFactory - Autowiring by type from bean name 'org.springframework.boot.autoconfigure.orm.jpa.HibernateJpaConfiguration' via constructor to bean named 'spring.jpa.hibernate-org.springframework.boot.autoconfigure.orm.jpa.HibernateProperties'
2025-11-13 12:23:18.587 [restartedMain] DEBUG o.s.b.f.s.DefaultListableBeanFactory - Creating shared instance of singleton bean 'hikariPoolDataSourceMetadataProvider'
2025-11-13 12:23:18.587 [restartedMain] DEBUG o.s.b.f.s.DefaultListableBeanFactory - Creating shared instance of singleton bean 'org.springframework.boot.autoconfigure.jdbc.metadata.DataSourcePoolMetadataProvidersConfiguration$HikariPoolDataSourceMetadataProviderConfiguration'
2025-11-13 12:23:18.606 [restartedMain] DEBUG o.s.b.f.s.DefaultListableBeanFactory - Creating shared instance of singleton bean 'entityManagerFactoryBuilder'
2025-11-13 12:23:18.608 [restartedMain] DEBUG o.s.b.f.s.DefaultListableBeanFactory - Creating shared instance of singleton bean 'jpaVendorAdapter'
2025-11-13 12:23:18.663 [restartedMain] DEBUG o.s.b.f.s.DefaultListableBeanFactory - Autowiring by type from bean name 'entityManagerFactoryBuilder' via factory method to bean named 'jpaVendorAdapter'
2025-11-13 12:23:18.671 [restartedMain] DEBUG o.s.b.f.s.DefaultListableBeanFactory - Creating shared instance of singleton bean 'persistenceManagedTypes'
2025-11-13 12:23:18.673 [restartedMain] DEBUG o.s.b.f.s.DefaultListableBeanFactory - Autowiring by type from bean name 'persistenceManagedTypes' via factory method to bean named 'org.springframework.beans.factory.support.DefaultListableBeanFactory@4c114fa1'
2025-11-13 12:23:18.673 [restartedMain] DEBUG o.s.b.f.s.DefaultListableBeanFactory - Autowiring by type from bean name 'persistenceManagedTypes' via factory method to bean named 'org.springframework.boot.web.servlet.context.AnnotationConfigServletWebServerApplicationContext@5141f3a0'
2025-11-13 12:23:18.728 [restartedMain] DEBUG o.s.b.f.s.DefaultListableBeanFactory - Autowiring by type from bean name 'entityManagerFactory' via factory method to bean named 'entityManagerFactoryBuilder'
2025-11-13 12:23:18.729 [restartedMain] DEBUG o.s.b.f.s.DefaultListableBeanFactory - Autowiring by type from bean name 'entityManagerFactory' via factory method to bean named 'persistenceManagedTypes'
2025-11-13 12:23:18.783 [restartedMain] DEBUG o.s.o.j.LocalContainerEntityManagerFactoryBean - Building JPA container EntityManagerFactory for persistence unit 'default'
2025-11-13 12:23:18.954 [restartedMain] INFO  o.h.jpa.internal.util.LogHelper - HHH000204: Processing PersistenceUnitInfo [name: default]
2025-11-13 12:23:19.213 [restartedMain] INFO  org.hibernate.Version - HHH000412: Hibernate ORM core version 6.6.13.Final
2025-11-13 12:23:19.321 [restartedMain] INFO  o.h.c.i.RegionFactoryInitiator - HHH000026: Second-level cache disabled
2025-11-13 12:23:19.639 [restartedMain] WARN  org.hibernate.orm.deprecation - HHH90000025: PostgreSQLDialect does not need to be specified explicitly using 'hibernate.dialect' (remove the property setting and it will be selected by default)
2025-11-13 12:23:19.663 [restartedMain] INFO  o.hibernate.orm.connections.pooling - HHH10001005: Database info:
	Database JDBC URL [Connecting through datasource 'HikariDataSource (HikariPool-1)']
	Database driver: undefined/unknown
	Database version: 17.6
	Autocommit mode: undefined/unknown
	Isolation level: undefined/unknown
	Minimum pool size: undefined/unknown
	Maximum pool size: undefined/unknown
2025-11-13 12:23:20.208 [restartedMain] INFO  o.s.o.j.p.SpringPersistenceUnitInfo - No LoadTimeWeaver setup: ignoring JPA class transformer
2025-11-13 12:23:22.732 [restartedMain] INFO  o.h.e.t.j.p.i.JtaPlatformInitiator - HHH000489: No JTA platform available (set 'hibernate.transaction.jta.platform' to enable JTA platform integration)
2025-11-13 12:23:22.741 [restartedMain] INFO  o.s.o.j.LocalContainerEntityManagerFactoryBean - Initialized JPA EntityManagerFactory for persistence unit 'default'
2025-11-13 12:23:22.830 [restartedMain] DEBUG o.s.b.f.s.DefaultListableBeanFactory - Creating shared instance of singleton bean 'jpaMappingContext'
2025-11-13 12:23:22.832 [restartedMain] DEBUG o.s.d.j.r.c.JpaMetamodelMappingContextFactoryBean - Initializing JpaMetamodelMappingContext…
2025-11-13 12:23:22.896 [restartedMain] DEBUG o.s.d.j.r.c.JpaMetamodelMappingContextFactoryBean - Finished initializing JpaMetamodelMappingContext
2025-11-13 12:23:22.992 [restartedMain] DEBUG o.s.o.j.SharedEntityManagerCreator$SharedEntityManagerInvocationHandler - Creating new EntityManager for shared EntityManager invocation
2025-11-13 12:23:23.103 [restartedMain] DEBUG o.s.o.j.SharedEntityManagerCreator$SharedEntityManagerInvocationHandler - Creating new EntityManager for shared EntityManager invocation
2025-11-13 12:23:23.157 [restartedMain] DEBUG o.s.beans.CachedIntrospectionResults - Not strongly caching class [com.dailybrief.model.User] because it is not cache-safe
2025-11-13 12:23:23.226 [restartedMain] DEBUG o.s.d.r.c.s.RepositoryFactorySupport - Initializing repository instance for com.dailybrief.repository.UserRepository…
2025-11-13 12:23:23.254 [restartedMain] DEBUG o.s.o.j.SharedEntityManagerCreator$SharedEntityManagerInvocationHandler - Creating new EntityManager for shared EntityManager invocation
2025-11-13 12:23:23.368 [restartedMain] DEBUG o.s.d.j.repository.query.NamedQuery - Looking up named query 'User.findByEmail'
2025-11-13 12:23:23.374 [restartedMain] DEBUG o.s.d.j.repository.query.NamedQuery - Did not find named query User.findByEmail
2025-11-13 12:23:23.383 [restartedMain] DEBUG o.s.o.j.SharedEntityManagerCreator$SharedEntityManagerInvocationHandler - Creating new EntityManager for shared EntityManager invocation
2025-11-13 12:23:23.514 [restartedMain] DEBUG o.s.d.r.c.s.RepositoryFactorySupport - Finished creation of repository instance for com.dailybrief.repository.UserRepository.
2025-11-13 12:23:23.525 [restartedMain] DEBUG o.s.b.f.s.DefaultListableBeanFactory - Creating shared instance of singleton bean 'requestContextFilter'
2025-11-13 12:23:23.528 [restartedMain] DEBUG o.s.b.f.s.DefaultListableBeanFactory - Creating shared instance of singleton bean 'formContentFilter'
2025-11-13 12:23:23.529 [restartedMain] DEBUG o.s.b.f.s.DefaultListableBeanFactory - Creating shared instance of singleton bean 'org.springframework.boot.autoconfigure.web.servlet.WebMvcAutoConfiguration'
2025-11-13 12:23:23.534 [restartedMain] DEBUG o.s.b.f.s.DefaultListableBeanFactory - Creating shared instance of singleton bean 'characterEncodingFilter'
2025-11-13 12:23:23.553 [restartedMain] DEBUG o.s.b.w.s.ServletContextInitializerBeans - Mapping filters: springSecurityFilterChain urls=[/*] order=-100, characterEncodingFilter urls=[/*] order=-2147483648, formContentFilter urls=[/*] order=-9900, requestContextFilter urls=[/*] order=-105, jwtAuthenticationFilter urls=[/*] order=2147483647
2025-11-13 12:23:23.554 [restartedMain] DEBUG o.s.b.w.s.ServletContextInitializerBeans - Mapping servlets: dispatcherServlet urls=[/]
2025-11-13 12:23:23.609 [restartedMain] DEBUG o.s.b.w.s.f.OrderedRequestContextFilter - Filter 'requestContextFilter' configured for use
2025-11-13 12:23:23.613 [restartedMain] DEBUG c.d.config.JwtAuthenticationFilter - Filter 'jwtAuthenticationFilter' configured for use
2025-11-13 12:23:23.615 [restartedMain] DEBUG o.s.b.w.s.f.OrderedCharacterEncodingFilter - Filter 'characterEncodingFilter' configured for use
2025-11-13 12:23:23.615 [restartedMain] DEBUG o.s.b.w.s.DelegatingFilterProxyRegistrationBean$1 - Filter 'springSecurityFilterChain' configured for use
2025-11-13 12:23:23.615 [restartedMain] DEBUG o.s.b.w.s.f.OrderedFormContentFilter - Filter 'formContentFilter' configured for use
2025-11-13 12:23:23.639 [restartedMain] DEBUG o.s.b.f.s.DefaultListableBeanFactory - Creating shared instance of singleton bean 'dailybriefApplication'
2025-11-13 12:23:23.640 [restartedMain] DEBUG o.s.b.f.s.DefaultListableBeanFactory - Creating shared instance of singleton bean 'cloudinaryConfig'
2025-11-13 12:23:23.644 [restartedMain] DEBUG o.s.b.f.s.DefaultListableBeanFactory - Creating shared instance of singleton bean 'localeConfig'
2025-11-13 12:23:23.648 [restartedMain] DEBUG o.s.b.f.s.DefaultListableBeanFactory - Creating shared instance of singleton bean 'securityConfig'
2025-11-13 12:23:23.651 [restartedMain] DEBUG o.s.b.f.s.DefaultListableBeanFactory - Creating shared instance of singleton bean 'swaggerConfig'
2025-11-13 12:23:23.653 [restartedMain] DEBUG o.s.b.f.s.DefaultListableBeanFactory - Creating shared instance of singleton bean 'webClientConfig'
2025-11-13 12:23:23.656 [restartedMain] DEBUG o.s.c.e.PropertySourcesPropertyResolver - Found key 'python.api.base.url' in PropertySource 'environmentProperties' with value of type String
2025-11-13 12:23:23.659 [restartedMain] DEBUG o.s.b.f.s.DefaultListableBeanFactory - Creating shared instance of singleton bean 'adminController'
2025-11-13 12:23:23.686 [restartedMain] DEBUG o.s.b.f.s.DefaultListableBeanFactory - Creating shared instance of singleton bean 'logServiceImpl'
2025-11-13 12:23:23.690 [restartedMain] DEBUG o.s.b.f.s.DefaultListableBeanFactory - Creating shared instance of singleton bean 'logRepository'
2025-11-13 12:23:23.693 [restartedMain] DEBUG o.s.b.f.s.DefaultListableBeanFactory - Creating shared instance of singleton bean 'jpa.named-queries#4'
2025-11-13 12:23:23.697 [restartedMain] DEBUG o.s.b.f.s.DefaultListableBeanFactory - Creating shared instance of singleton bean 'jpa.LogRepository.fragments#0'
2025-11-13 12:23:23.699 [restartedMain] DEBUG o.s.o.j.SharedEntityManagerCreator$SharedEntityManagerInvocationHandler - Creating new EntityManager for shared EntityManager invocation
2025-11-13 12:23:23.707 [restartedMain] DEBUG o.s.beans.CachedIntrospectionResults - Not strongly caching class [com.dailybrief.model.Log] because it is not cache-safe
2025-11-13 12:23:23.716 [restartedMain] DEBUG o.s.d.r.c.s.RepositoryFactorySupport - Initializing repository instance for com.dailybrief.repository.LogRepository…
2025-11-13 12:23:23.720 [restartedMain] DEBUG o.s.o.j.SharedEntityManagerCreator$SharedEntityManagerInvocationHandler - Creating new EntityManager for shared EntityManager invocation
2025-11-13 12:23:23.732 [restartedMain] DEBUG o.s.d.j.repository.query.NamedQuery - Looking up named query 'Log.findAllByOrderByTimestampDesc'
2025-11-13 12:23:23.734 [restartedMain] DEBUG o.s.d.j.repository.query.NamedQuery - Did not find named query Log.findAllByOrderByTimestampDesc
2025-11-13 12:23:23.735 [restartedMain] DEBUG o.s.o.j.SharedEntityManagerCreator$SharedEntityManagerInvocationHandler - Creating new EntityManager for shared EntityManager invocation
2025-11-13 12:23:23.744 [restartedMain] DEBUG o.s.d.j.repository.query.NamedQuery - Looking up named query 'Log.findByTimestampAfter'
2025-11-13 12:23:23.744 [restartedMain] DEBUG o.s.d.j.repository.query.NamedQuery - Did not find named query Log.findByTimestampAfter
2025-11-13 12:23:23.744 [restartedMain] DEBUG o.s.o.j.SharedEntityManagerCreator$SharedEntityManagerInvocationHandler - Creating new EntityManager for shared EntityManager invocation
2025-11-13 12:23:23.749 [restartedMain] DEBUG o.s.d.j.repository.query.NamedQuery - Looking up named query 'Log.findByCreatedBy'
2025-11-13 12:23:23.749 [restartedMain] DEBUG o.s.d.j.repository.query.NamedQuery - Did not find named query Log.findByCreatedBy
2025-11-13 12:23:23.750 [restartedMain] DEBUG o.s.o.j.SharedEntityManagerCreator$SharedEntityManagerInvocationHandler - Creating new EntityManager for shared EntityManager invocation
2025-11-13 12:23:23.763 [restartedMain] DEBUG o.s.d.r.c.s.RepositoryFactorySupport - Finished creation of repository instance for com.dailybrief.repository.LogRepository.
2025-11-13 12:23:23.767 [restartedMain] DEBUG o.s.b.f.s.DefaultListableBeanFactory - Creating shared instance of singleton bean 'logMapperImpl'
2025-11-13 12:23:23.776 [restartedMain] DEBUG o.s.b.f.s.DefaultListableBeanFactory - Creating shared instance of singleton bean 'analyticsServiceImpl'
2025-11-13 12:23:23.781 [restartedMain] DEBUG o.s.b.f.s.DefaultListableBeanFactory - Creating shared instance of singleton bean 'userServiceImpl'
2025-11-13 12:23:23.782 [restartedMain] DEBUG o.s.b.f.s.DefaultListableBeanFactory - Creating shared instance of singleton bean 'passwordEncoder'
2025-11-13 12:23:23.792 [restartedMain] DEBUG o.s.b.f.s.DefaultListableBeanFactory - Creating shared instance of singleton bean 'postServiceImpl'
2025-11-13 12:23:23.795 [restartedMain] DEBUG o.s.b.f.s.DefaultListableBeanFactory - Creating shared instance of singleton bean 'postRepository'
2025-11-13 12:23:23.798 [restartedMain] DEBUG o.s.b.f.s.DefaultListableBeanFactory - Creating shared instance of singleton bean 'jpa.named-queries#0'
2025-11-13 12:23:23.805 [restartedMain] DEBUG o.s.b.f.s.DefaultListableBeanFactory - Creating shared instance of singleton bean 'jpa.PostRepository.fragments#0'
2025-11-13 12:23:23.807 [restartedMain] DEBUG o.s.o.j.SharedEntityManagerCreator$SharedEntityManagerInvocationHandler - Creating new EntityManager for shared EntityManager invocation
2025-11-13 12:23:23.810 [restartedMain] DEBUG o.s.beans.CachedIntrospectionResults - Not strongly caching class [com.dailybrief.model.Post] because it is not cache-safe
2025-11-13 12:23:23.827 [restartedMain] DEBUG o.s.beans.CachedIntrospectionResults - Not strongly caching class [com.dailybrief.model.Image] because it is not cache-safe
2025-11-13 12:23:23.849 [restartedMain] DEBUG o.s.beans.CachedIntrospectionResults - Not strongly caching class [com.dailybrief.model.Category] because it is not cache-safe
2025-11-13 12:23:23.862 [restartedMain] DEBUG o.s.beans.CachedIntrospectionResults - Not strongly caching class [com.dailybrief.model.Status] because it is not cache-safe
2025-11-13 12:23:23.886 [restartedMain] DEBUG o.s.d.r.c.s.RepositoryFactorySupport - Initializing repository instance for com.dailybrief.repository.PostRepository…
2025-11-13 12:23:23.888 [restartedMain] DEBUG o.s.o.j.SharedEntityManagerCreator$SharedEntityManagerInvocationHandler - Creating new EntityManager for shared EntityManager invocation
2025-11-13 12:23:23.898 [restartedMain] DEBUG o.s.d.j.repository.query.NamedQuery - Looking up named query 'Post.findAllByOrderByPublishedAtDesc'
2025-11-13 12:23:23.900 [restartedMain] DEBUG o.s.d.j.repository.query.NamedQuery - Did not find named query Post.findAllByOrderByPublishedAtDesc
2025-11-13 12:23:23.917 [restartedMain] DEBUG o.s.o.j.SharedEntityManagerCreator$SharedEntityManagerInvocationHandler - Creating new EntityManager for shared EntityManager invocation
2025-11-13 12:23:23.954 [restartedMain] DEBUG o.s.d.j.repository.query.NamedQuery - Looking up named query 'Post.countByStatus'
2025-11-13 12:23:23.963 [restartedMain] DEBUG o.s.d.j.repository.query.NamedQuery - Did not find named query Post.countByStatus
2025-11-13 12:23:23.995 [restartedMain] DEBUG o.s.o.j.SharedEntityManagerCreator$SharedEntityManagerInvocationHandler - Creating new EntityManager for shared EntityManager invocation
2025-11-13 12:23:24.041 [restartedMain] DEBUG o.s.d.r.c.s.RepositoryFactorySupport - Finished creation of repository instance for com.dailybrief.repository.PostRepository.
2025-11-13 12:23:24.052 [restartedMain] DEBUG o.s.b.f.s.DefaultListableBeanFactory - Creating shared instance of singleton bean 'imageRepository'
2025-11-13 12:23:24.060 [restartedMain] DEBUG o.s.b.f.s.DefaultListableBeanFactory - Creating shared instance of singleton bean 'jpa.named-queries#2'
2025-11-13 12:23:24.067 [restartedMain] DEBUG o.s.b.f.s.DefaultListableBeanFactory - Creating shared instance of singleton bean 'jpa.ImageRepository.fragments#0'
2025-11-13 12:23:24.070 [restartedMain] DEBUG o.s.o.j.SharedEntityManagerCreator$SharedEntityManagerInvocationHandler - Creating new EntityManager for shared EntityManager invocation
2025-11-13 12:23:24.074 [restartedMain] DEBUG o.s.d.r.c.s.RepositoryFactorySupport - Initializing repository instance for com.dailybrief.repository.ImageRepository…
2025-11-13 12:23:24.076 [restartedMain] DEBUG o.s.o.j.SharedEntityManagerCreator$SharedEntityManagerInvocationHandler - Creating new EntityManager for shared EntityManager invocation
2025-11-13 12:23:24.089 [restartedMain] DEBUG o.s.d.r.c.s.RepositoryFactorySupport - Finished creation of repository instance for com.dailybrief.repository.ImageRepository.
2025-11-13 12:23:24.092 [restartedMain] DEBUG o.s.b.f.s.DefaultListableBeanFactory - Creating shared instance of singleton bean 'postMapper'
2025-11-13 12:23:24.099 [restartedMain] DEBUG o.s.b.f.s.DefaultListableBeanFactory - Creating shared instance of singleton bean 'statusRepository'
2025-11-13 12:23:24.102 [restartedMain] DEBUG o.s.b.f.s.DefaultListableBeanFactory - Creating shared instance of singleton bean 'jpa.named-queries#7'
2025-11-13 12:23:24.106 [restartedMain] DEBUG o.s.b.f.s.DefaultListableBeanFactory - Creating shared instance of singleton bean 'jpa.StatusRepository.fragments#0'
2025-11-13 12:23:24.110 [restartedMain] DEBUG o.s.o.j.SharedEntityManagerCreator$SharedEntityManagerInvocationHandler - Creating new EntityManager for shared EntityManager invocation
2025-11-13 12:23:24.111 [restartedMain] DEBUG o.s.d.r.c.s.RepositoryFactorySupport - Initializing repository instance for com.dailybrief.repository.StatusRepository…
2025-11-13 12:23:24.112 [restartedMain] DEBUG o.s.o.j.SharedEntityManagerCreator$SharedEntityManagerInvocationHandler - Creating new EntityManager for shared EntityManager invocation
2025-11-13 12:23:24.122 [restartedMain] DEBUG o.s.d.r.c.s.RepositoryFactorySupport - Finished creation of repository instance for com.dailybrief.repository.StatusRepository.
2025-11-13 12:23:24.123 [restartedMain] DEBUG o.s.b.f.s.DefaultListableBeanFactory - Autowiring by type from bean name 'postServiceImpl' via constructor to bean named 'postRepository'
2025-11-13 12:23:24.123 [restartedMain] DEBUG o.s.b.f.s.DefaultListableBeanFactory - Autowiring by type from bean name 'postServiceImpl' via constructor to bean named 'imageRepository'
2025-11-13 12:23:24.123 [restartedMain] DEBUG o.s.b.f.s.DefaultListableBeanFactory - Autowiring by type from bean name 'postServiceImpl' via constructor to bean named 'postMapper'
2025-11-13 12:23:24.123 [restartedMain] DEBUG o.s.b.f.s.DefaultListableBeanFactory - Autowiring by type from bean name 'postServiceImpl' via constructor to bean named 'statusRepository'
2025-11-13 12:23:24.269 [restartedMain] DEBUG o.s.b.f.s.DefaultListableBeanFactory - Creating shared instance of singleton bean 'authController'
2025-11-13 12:23:24.280 [restartedMain] DEBUG o.s.b.f.s.DefaultListableBeanFactory - Creating shared instance of singleton bean 'authServiceImpl'
2025-11-13 12:23:24.293 [restartedMain] DEBUG o.s.b.f.s.DefaultListableBeanFactory - Creating shared instance of singleton bean 'automationController'
2025-11-13 12:23:24.313 [restartedMain] DEBUG o.s.b.f.s.DefaultListableBeanFactory - Creating shared instance of singleton bean 'automationServiceImpl'
2025-11-13 12:23:24.322 [restartedMain] DEBUG o.s.b.f.s.DefaultListableBeanFactory - Creating shared instance of singleton bean 'cloudinary'
2025-11-13 12:23:24.398 [restartedMain] DEBUG o.s.b.f.s.DefaultListableBeanFactory - Creating shared instance of singleton bean 'materialRepository'
2025-11-13 12:23:24.405 [restartedMain] DEBUG o.s.b.f.s.DefaultListableBeanFactory - Creating shared instance of singleton bean 'jpa.named-queries#6'
2025-11-13 12:23:24.408 [restartedMain] DEBUG o.s.b.f.s.DefaultListableBeanFactory - Creating shared instance of singleton bean 'jpa.MaterialRepository.fragments#0'
2025-11-13 12:23:24.414 [restartedMain] DEBUG o.s.o.j.SharedEntityManagerCreator$SharedEntityManagerInvocationHandler - Creating new EntityManager for shared EntityManager invocation
2025-11-13 12:23:24.419 [restartedMain] DEBUG o.s.beans.CachedIntrospectionResults - Not strongly caching class [com.dailybrief.model.Material] because it is not cache-safe
2025-11-13 12:23:24.442 [restartedMain] DEBUG o.s.d.r.c.s.RepositoryFactorySupport - Initializing repository instance for com.dailybrief.repository.MaterialRepository…
2025-11-13 12:23:24.443 [restartedMain] DEBUG o.s.o.j.SharedEntityManagerCreator$SharedEntityManagerInvocationHandler - Creating new EntityManager for shared EntityManager invocation
2025-11-13 12:23:24.457 [restartedMain] DEBUG o.s.d.r.c.s.RepositoryFactorySupport - Finished creation of repository instance for com.dailybrief.repository.MaterialRepository.
2025-11-13 12:23:24.462 [restartedMain] DEBUG o.s.b.f.s.DefaultListableBeanFactory - Creating shared instance of singleton bean 'rawMaterialRepository'
2025-11-13 12:23:24.464 [restartedMain] DEBUG o.s.b.f.s.DefaultListableBeanFactory - Creating shared instance of singleton bean 'jpa.named-queries#1'
2025-11-13 12:23:24.468 [restartedMain] DEBUG o.s.b.f.s.DefaultListableBeanFactory - Creating shared instance of singleton bean 'jpa.RawMaterialRepository.fragments#0'
2025-11-13 12:23:24.473 [restartedMain] DEBUG o.s.o.j.SharedEntityManagerCreator$SharedEntityManagerInvocationHandler - Creating new EntityManager for shared EntityManager invocation
2025-11-13 12:23:24.475 [restartedMain] DEBUG o.s.beans.CachedIntrospectionResults - Not strongly caching class [com.dailybrief.model.RawMaterial] because it is not cache-safe
2025-11-13 12:23:24.499 [restartedMain] DEBUG o.s.d.r.c.s.RepositoryFactorySupport - Initializing repository instance for com.dailybrief.repository.RawMaterialRepository…
2025-11-13 12:23:24.499 [restartedMain] DEBUG o.s.o.j.SharedEntityManagerCreator$SharedEntityManagerInvocationHandler - Creating new EntityManager for shared EntityManager invocation
2025-11-13 12:23:24.524 [restartedMain] DEBUG o.s.d.j.repository.query.NamedQuery - Looking up named query 'RawMaterial.findByContentContainingIgnoreCaseOrUrlContainingIgnoreCase'
2025-11-13 12:23:24.528 [restartedMain] DEBUG o.s.d.j.repository.query.NamedQuery - Did not find named query RawMaterial.findByContentContainingIgnoreCaseOrUrlContainingIgnoreCase
2025-11-13 12:23:24.529 [restartedMain] DEBUG o.s.o.j.SharedEntityManagerCreator$SharedEntityManagerInvocationHandler - Creating new EntityManager for shared EntityManager invocation
2025-11-13 12:23:24.579 [restartedMain] DEBUG o.s.d.j.repository.query.NamedQuery - Looking up named query 'RawMaterial.findByUserId'
2025-11-13 12:23:24.580 [restartedMain] DEBUG o.s.d.j.repository.query.NamedQuery - Did not find named query RawMaterial.findByUserId
2025-11-13 12:23:24.583 [restartedMain] DEBUG o.s.o.j.SharedEntityManagerCreator$SharedEntityManagerInvocationHandler - Creating new EntityManager for shared EntityManager invocation
2025-11-13 12:23:24.619 [restartedMain] DEBUG o.s.d.j.repository.query.NamedQuery - Looking up named query 'RawMaterial.findAllByIdIn'
2025-11-13 12:23:24.619 [restartedMain] DEBUG o.s.d.j.repository.query.NamedQuery - Did not find named query RawMaterial.findAllByIdIn
2025-11-13 12:23:24.632 [restartedMain] DEBUG o.s.o.j.SharedEntityManagerCreator$SharedEntityManagerInvocationHandler - Creating new EntityManager for shared EntityManager invocation
2025-11-13 12:23:24.659 [restartedMain] DEBUG o.s.d.r.c.s.RepositoryFactorySupport - Finished creation of repository instance for com.dailybrief.repository.RawMaterialRepository.
2025-11-13 12:23:24.668 [restartedMain] DEBUG o.s.b.f.s.DefaultListableBeanFactory - Creating shared instance of singleton bean 'materialMapperImpl'
2025-11-13 12:23:24.671 [restartedMain] DEBUG o.s.b.f.s.DefaultListableBeanFactory - Creating shared instance of singleton bean 'statusMapperImpl'
2025-11-13 12:23:24.676 [restartedMain] DEBUG o.s.b.f.s.DefaultListableBeanFactory - Creating shared instance of singleton bean 'rawMaterialMapperImpl'
2025-11-13 12:23:24.680 [restartedMain] DEBUG o.s.b.f.s.DefaultListableBeanFactory - Creating shared instance of singleton bean 'jacksonObjectMapper'
2025-11-13 12:23:24.681 [restartedMain] DEBUG o.s.b.f.s.DefaultListableBeanFactory - Creating shared instance of singleton bean 'org.springframework.boot.autoconfigure.jackson.JacksonAutoConfiguration$JacksonObjectMapperConfiguration'
2025-11-13 12:23:24.684 [restartedMain] DEBUG o.s.b.f.s.DefaultListableBeanFactory - Creating shared instance of singleton bean 'org.springframework.boot.autoconfigure.jackson.JacksonAutoConfiguration$JacksonObjectMapperBuilderConfiguration'
2025-11-13 12:23:24.687 [restartedMain] DEBUG o.s.b.f.s.DefaultListableBeanFactory - Creating shared instance of singleton bean 'standardJacksonObjectMapperBuilderCustomizer'
2025-11-13 12:23:24.687 [restartedMain] DEBUG o.s.b.f.s.DefaultListableBeanFactory - Creating shared instance of singleton bean 'org.springframework.boot.autoconfigure.jackson.JacksonAutoConfiguration$Jackson2ObjectMapperBuilderCustomizerConfiguration'
2025-11-13 12:23:24.691 [restartedMain] DEBUG o.s.b.f.s.DefaultListableBeanFactory - Creating shared instance of singleton bean 'spring.jackson-org.springframework.boot.autoconfigure.jackson.JacksonProperties'
2025-11-13 12:23:24.702 [restartedMain] DEBUG o.s.b.f.s.DefaultListableBeanFactory - Autowiring by type from bean name 'standardJacksonObjectMapperBuilderCustomizer' via factory method to bean named 'spring.jackson-org.springframework.boot.autoconfigure.jackson.JacksonProperties'
2025-11-13 12:23:24.704 [restartedMain] DEBUG o.s.b.f.s.DefaultListableBeanFactory - Creating shared instance of singleton bean 'parameterNamesModule'
2025-11-13 12:23:24.705 [restartedMain] DEBUG o.s.b.f.s.DefaultListableBeanFactory - Creating shared instance of singleton bean 'org.springframework.boot.autoconfigure.jackson.JacksonAutoConfiguration$ParameterNamesModuleConfiguration'
2025-11-13 12:23:24.713 [restartedMain] DEBUG o.s.b.f.s.DefaultListableBeanFactory - Creating shared instance of singleton bean 'jsonMixinModule'
2025-11-13 12:23:24.715 [restartedMain] DEBUG o.s.b.f.s.DefaultListableBeanFactory - Creating shared instance of singleton bean 'org.springframework.boot.autoconfigure.jackson.JacksonAutoConfiguration$JacksonMixinConfiguration'
2025-11-13 12:23:24.717 [restartedMain] DEBUG o.s.b.f.s.DefaultListableBeanFactory - Creating shared instance of singleton bean 'jsonMixinModuleEntries'
2025-11-13 12:23:24.718 [restartedMain] DEBUG o.s.b.f.s.DefaultListableBeanFactory - Autowiring by type from bean name 'jsonMixinModuleEntries' via factory method to bean named 'org.springframework.boot.web.servlet.context.AnnotationConfigServletWebServerApplicationContext@5141f3a0'
2025-11-13 12:23:24.743 [restartedMain] DEBUG o.s.b.f.s.DefaultListableBeanFactory - Autowiring by type from bean name 'jsonMixinModule' via factory method to bean named 'org.springframework.boot.web.servlet.context.AnnotationConfigServletWebServerApplicationContext@5141f3a0'
2025-11-13 12:23:24.744 [restartedMain] DEBUG o.s.b.f.s.DefaultListableBeanFactory - Autowiring by type from bean name 'jsonMixinModule' via factory method to bean named 'jsonMixinModuleEntries'
2025-11-13 12:23:24.746 [restartedMain] DEBUG o.s.b.f.s.DefaultListableBeanFactory - Creating shared instance of singleton bean 'jsonComponentModule'
2025-11-13 12:23:24.747 [restartedMain] DEBUG o.s.b.f.s.DefaultListableBeanFactory - Creating shared instance of singleton bean 'org.springframework.boot.autoconfigure.jackson.JacksonAutoConfiguration'
2025-11-13 12:23:24.763 [restartedMain] DEBUG o.s.b.f.s.DefaultListableBeanFactory - Creating shared instance of singleton bean 'jacksonGeoModule'
2025-11-13 12:23:24.763 [restartedMain] DEBUG o.s.b.f.s.DefaultListableBeanFactory - Creating shared instance of singleton bean 'org.springframework.data.web.config.SpringDataJacksonConfiguration'
2025-11-13 12:23:24.765 [restartedMain] DEBUG o.s.b.f.s.DefaultListableBeanFactory - Creating shared instance of singleton bean 'springDataWebSettings'
2025-11-13 12:23:24.765 [restartedMain] DEBUG o.s.b.f.s.DefaultListableBeanFactory - Creating shared instance of singleton bean 'org.springframework.boot.autoconfigure.data.web.SpringDataWebAutoConfiguration'
2025-11-13 12:23:24.767 [restartedMain] DEBUG o.s.b.f.s.DefaultListableBeanFactory - Creating shared instance of singleton bean 'spring.data.web-org.springframework.boot.autoconfigure.data.web.SpringDataWebProperties'
2025-11-13 12:23:24.769 [restartedMain] DEBUG o.s.b.f.s.DefaultListableBeanFactory - Autowiring by type from bean name 'org.springframework.boot.autoconfigure.data.web.SpringDataWebAutoConfiguration' via constructor to bean named 'spring.data.web-org.springframework.boot.autoconfigure.data.web.SpringDataWebProperties'
2025-11-13 12:23:24.785 [restartedMain] DEBUG o.s.b.f.s.DefaultListableBeanFactory - Creating shared instance of singleton bean 'pageModule'
2025-11-13 12:23:24.792 [restartedMain] DEBUG o.s.b.f.s.DefaultListableBeanFactory - Autowiring by type from bean name 'jacksonObjectMapperBuilder' via factory method to bean named 'org.springframework.boot.web.servlet.context.AnnotationConfigServletWebServerApplicationContext@5141f3a0'
2025-11-13 12:23:24.793 [restartedMain] DEBUG o.s.b.f.s.DefaultListableBeanFactory - Autowiring by type from bean name 'jacksonObjectMapperBuilder' via factory method to bean named 'standardJacksonObjectMapperBuilderCustomizer'
2025-11-13 12:23:24.799 [restartedMain] DEBUG o.s.b.f.s.DefaultListableBeanFactory - Autowiring by type from bean name 'jacksonObjectMapper' via factory method to bean named 'jacksonObjectMapperBuilder'
2025-11-13 12:23:24.833 [restartedMain] DEBUG o.s.b.f.s.DefaultListableBeanFactory - Autowiring by type from bean name 'automationServiceImpl' via constructor to bean named 'cloudinary'
2025-11-13 12:23:24.834 [restartedMain] DEBUG o.s.b.f.s.DefaultListableBeanFactory - Autowiring by type from bean name 'automationServiceImpl' via constructor to bean named 'statusRepository'
2025-11-13 12:23:24.834 [restartedMain] DEBUG o.s.b.f.s.DefaultListableBeanFactory - Autowiring by type from bean name 'automationServiceImpl' via constructor to bean named 'materialRepository'
2025-11-13 12:23:24.834 [restartedMain] DEBUG o.s.b.f.s.DefaultListableBeanFactory - Autowiring by type from bean name 'automationServiceImpl' via constructor to bean named 'postRepository'
2025-11-13 12:23:24.834 [restartedMain] DEBUG o.s.b.f.s.DefaultListableBeanFactory - Autowiring by type from bean name 'automationServiceImpl' via constructor to bean named 'rawMaterialRepository'
2025-11-13 12:23:24.834 [restartedMain] DEBUG o.s.b.f.s.DefaultListableBeanFactory - Autowiring by type from bean name 'automationServiceImpl' via constructor to bean named 'materialMapperImpl'
2025-11-13 12:23:24.834 [restartedMain] DEBUG o.s.b.f.s.DefaultListableBeanFactory - Autowiring by type from bean name 'automationServiceImpl' via constructor to bean named 'rawMaterialMapperImpl'
2025-11-13 12:23:24.834 [restartedMain] DEBUG o.s.b.f.s.DefaultListableBeanFactory - Autowiring by type from bean name 'automationServiceImpl' via constructor to bean named 'jacksonObjectMapper'
2025-11-13 12:23:24.886 [restartedMain] DEBUG o.s.b.f.s.DefaultListableBeanFactory - Autowiring by type from bean name 'automationController' via constructor to bean named 'automationServiceImpl'
2025-11-13 12:23:24.892 [restartedMain] DEBUG o.s.b.f.s.DefaultListableBeanFactory - Creating shared instance of singleton bean 'categoryController'
2025-11-13 12:23:24.895 [restartedMain] DEBUG o.s.b.f.s.DefaultListableBeanFactory - Creating shared instance of singleton bean 'categoryServiceImpl'
2025-11-13 12:23:24.897 [restartedMain] DEBUG o.s.b.f.s.DefaultListableBeanFactory - Creating shared instance of singleton bean 'categoryRepository'
2025-11-13 12:23:24.902 [restartedMain] DEBUG o.s.b.f.s.DefaultListableBeanFactory - Creating shared instance of singleton bean 'jpa.named-queries#3'
2025-11-13 12:23:24.904 [restartedMain] DEBUG o.s.b.f.s.DefaultListableBeanFactory - Creating shared instance of singleton bean 'jpa.CategoryRepository.fragments#0'
2025-11-13 12:23:24.910 [restartedMain] DEBUG o.s.o.j.SharedEntityManagerCreator$SharedEntityManagerInvocationHandler - Creating new EntityManager for shared EntityManager invocation
2025-11-13 12:23:24.911 [restartedMain] DEBUG o.s.d.r.c.s.RepositoryFactorySupport - Initializing repository instance for com.dailybrief.repository.CategoryRepository…
2025-11-13 12:23:24.912 [restartedMain] DEBUG o.s.o.j.SharedEntityManagerCreator$SharedEntityManagerInvocationHandler - Creating new EntityManager for shared EntityManager invocation
2025-11-13 12:23:24.915 [restartedMain] DEBUG o.s.d.j.repository.query.NamedQuery - Looking up named query 'Category.findByNameIgnoreCase'
2025-11-13 12:23:24.918 [restartedMain] DEBUG o.s.d.j.repository.query.NamedQuery - Did not find named query Category.findByNameIgnoreCase
2025-11-13 12:23:24.918 [restartedMain] DEBUG o.s.o.j.SharedEntityManagerCreator$SharedEntityManagerInvocationHandler - Creating new EntityManager for shared EntityManager invocation
2025-11-13 12:23:24.932 [restartedMain] DEBUG o.s.d.r.c.s.RepositoryFactorySupport - Finished creation of repository instance for com.dailybrief.repository.CategoryRepository.
2025-11-13 12:23:24.934 [restartedMain] DEBUG o.s.b.f.s.DefaultListableBeanFactory - Creating shared instance of singleton bean 'categoryMapperImpl'
2025-11-13 12:23:24.935 [restartedMain] DEBUG o.s.b.f.s.DefaultListableBeanFactory - Autowiring by type from bean name 'categoryServiceImpl' via constructor to bean named 'categoryRepository'
2025-11-13 12:23:24.936 [restartedMain] DEBUG o.s.b.f.s.DefaultListableBeanFactory - Autowiring by type from bean name 'categoryServiceImpl' via constructor to bean named 'categoryMapperImpl'
2025-11-13 12:23:24.964 [restartedMain] DEBUG o.s.b.f.s.DefaultListableBeanFactory - Autowiring by type from bean name 'categoryController' via constructor to bean named 'categoryServiceImpl'
2025-11-13 12:23:24.965 [restartedMain] DEBUG o.s.b.f.s.DefaultListableBeanFactory - Creating shared instance of singleton bean 'dashboardController'
2025-11-13 12:23:24.973 [restartedMain] DEBUG o.s.b.f.s.DefaultListableBeanFactory - Creating shared instance of singleton bean 'dashboardServiceImpl'
2025-11-13 12:23:24.982 [restartedMain] DEBUG o.s.b.f.s.DefaultListableBeanFactory - Creating shared instance of singleton bean 'logController'
2025-11-13 12:23:24.984 [restartedMain] DEBUG o.s.b.f.s.DefaultListableBeanFactory - Creating shared instance of singleton bean 'postController'
2025-11-13 12:23:24.988 [restartedMain] DEBUG o.s.b.f.s.DefaultListableBeanFactory - Autowiring by type from bean name 'postController' via constructor to bean named 'postServiceImpl'
2025-11-13 12:23:24.991 [restartedMain] DEBUG o.s.b.f.s.DefaultListableBeanFactory - Creating shared instance of singleton bean 'globalExceptionHandler'
2025-11-13 12:23:24.999 [restartedMain] DEBUG o.s.b.f.s.DefaultListableBeanFactory - Creating shared instance of singleton bean 'automationConfigMapperImpl'
2025-11-13 12:23:25.004 [restartedMain] DEBUG o.s.b.f.s.DefaultListableBeanFactory - Creating shared instance of singleton bean 'automationMapperImpl'
2025-11-13 12:23:25.007 [restartedMain] DEBUG o.s.b.f.s.DefaultListableBeanFactory - Creating shared instance of singleton bean 'trendingTopicSuggestionMapperImpl'
2025-11-13 12:23:25.012 [restartedMain] DEBUG o.s.b.f.s.DefaultListableBeanFactory - Creating shared instance of singleton bean 'localeResolver'
2025-11-13 12:23:25.015 [restartedMain] INFO  com.dailybrief.config.LocaleConfig - LocaleResolver configurado com idiomas suportados: [pt, en, es] e padrão: pt
2025-11-13 12:23:25.016 [restartedMain] DEBUG o.s.b.f.s.DefaultListableBeanFactory - Creating shared instance of singleton bean 'org.springframework.security.config.annotation.configuration.ObjectPostProcessorConfiguration'
2025-11-13 12:23:25.017 [restartedMain] DEBUG o.s.b.f.s.DefaultListableBeanFactory - Creating shared instance of singleton bean 'objectPostProcessor'
2025-11-13 12:23:25.019 [restartedMain] DEBUG o.s.b.f.s.DefaultListableBeanFactory - Autowiring by type from bean name 'objectPostProcessor' via factory method to bean named 'org.springframework.beans.factory.support.DefaultListableBeanFactory@4c114fa1'
2025-11-13 12:23:25.025 [restartedMain] DEBUG o.s.b.f.s.DefaultListableBeanFactory - Creating shared instance of singleton bean 'org.springframework.security.config.annotation.authentication.configuration.AuthenticationConfiguration'
2025-11-13 12:23:25.031 [restartedMain] DEBUG o.s.b.f.s.DefaultListableBeanFactory - Creating shared instance of singleton bean 'enableGlobalAuthenticationAutowiredConfigurer'
2025-11-13 12:23:25.032 [restartedMain] DEBUG o.s.b.f.s.DefaultListableBeanFactory - Autowiring by type from bean name 'enableGlobalAuthenticationAutowiredConfigurer' via factory method to bean named 'org.springframework.boot.web.servlet.context.AnnotationConfigServletWebServerApplicationContext@5141f3a0'
2025-11-13 12:23:25.036 [restartedMain] DEBUG o.s.b.f.s.DefaultListableBeanFactory - Creating shared instance of singleton bean 'initializeUserDetailsBeanManagerConfigurer'
2025-11-13 12:23:25.039 [restartedMain] DEBUG o.s.b.f.s.DefaultListableBeanFactory - Autowiring by type from bean name 'initializeUserDetailsBeanManagerConfigurer' via factory method to bean named 'org.springframework.boot.web.servlet.context.AnnotationConfigServletWebServerApplicationContext@5141f3a0'
2025-11-13 12:23:25.043 [restartedMain] DEBUG o.s.b.f.s.DefaultListableBeanFactory - Creating shared instance of singleton bean 'initializeAuthenticationProviderBeanManagerConfigurer'
2025-11-13 12:23:25.044 [restartedMain] DEBUG o.s.b.f.s.DefaultListableBeanFactory - Autowiring by type from bean name 'initializeAuthenticationProviderBeanManagerConfigurer' via factory method to bean named 'org.springframework.boot.web.servlet.context.AnnotationConfigServletWebServerApplicationContext@5141f3a0'
2025-11-13 12:23:25.052 [restartedMain] DEBUG o.s.b.f.s.DefaultListableBeanFactory - Creating shared instance of singleton bean 'authenticationManagerBuilder'
2025-11-13 12:23:25.053 [restartedMain] DEBUG o.s.b.f.s.DefaultListableBeanFactory - Autowiring by type from bean name 'authenticationManagerBuilder' via factory method to bean named 'objectPostProcessor'
2025-11-13 12:23:25.053 [restartedMain] DEBUG o.s.b.f.s.DefaultListableBeanFactory - Autowiring by type from bean name 'authenticationManagerBuilder' via factory method to bean named 'org.springframework.boot.web.servlet.context.AnnotationConfigServletWebServerApplicationContext@5141f3a0'
2025-11-13 12:23:25.057 [restartedMain] DEBUG o.s.b.f.s.DefaultListableBeanFactory - Creating shared instance of singleton bean 'authenticationEventPublisher'
2025-11-13 12:23:25.059 [restartedMain] DEBUG o.s.b.f.s.DefaultListableBeanFactory - Creating shared instance of singleton bean 'org.springframework.boot.autoconfigure.security.servlet.SecurityAutoConfiguration'
2025-11-13 12:23:25.061 [restartedMain] DEBUG o.s.b.f.s.DefaultListableBeanFactory - Autowiring by type from bean name 'authenticationEventPublisher' via factory method to bean named 'org.springframework.boot.web.servlet.context.AnnotationConfigServletWebServerApplicationContext@5141f3a0'
2025-11-13 12:23:25.129 [restartedMain] DEBUG o.s.b.f.s.DefaultListableBeanFactory - Creating shared instance of singleton bean 'org.springframework.security.config.annotation.web.configuration.WebSecurityConfiguration'
2025-11-13 12:23:25.150 [restartedMain] DEBUG o.s.b.f.s.DefaultListableBeanFactory - Creating shared instance of singleton bean 'org.springframework.security.config.annotation.web.configuration.HttpSecurityConfiguration'
2025-11-13 12:23:25.168 [restartedMain] DEBUG o.s.b.f.s.DefaultListableBeanFactory - Creating shared instance of singleton bean 'mvcContentNegotiationManager'
2025-11-13 12:23:25.169 [restartedMain] DEBUG o.s.b.f.s.DefaultListableBeanFactory - Creating shared instance of singleton bean 'org.springframework.boot.autoconfigure.web.servlet.WebMvcAutoConfiguration$EnableWebMvcConfiguration'
2025-11-13 12:23:25.180 [restartedMain] DEBUG o.s.b.f.s.DefaultListableBeanFactory - Creating shared instance of singleton bean 'spring.web-org.springframework.boot.autoconfigure.web.WebProperties'
2025-11-13 12:23:25.247 [restartedMain] DEBUG o.s.b.f.s.DefaultListableBeanFactory - Autowiring by type from bean name 'org.springframework.boot.autoconfigure.web.servlet.WebMvcAutoConfiguration$EnableWebMvcConfiguration' via constructor to bean named 'spring.mvc-org.springframework.boot.autoconfigure.web.servlet.WebMvcProperties'
2025-11-13 12:23:25.247 [restartedMain] DEBUG o.s.b.f.s.DefaultListableBeanFactory - Autowiring by type from bean name 'org.springframework.boot.autoconfigure.web.servlet.WebMvcAutoConfiguration$EnableWebMvcConfiguration' via constructor to bean named 'spring.web-org.springframework.boot.autoconfigure.web.WebProperties'
2025-11-13 12:23:25.247 [restartedMain] DEBUG o.s.b.f.s.DefaultListableBeanFactory - Autowiring by type from bean name 'org.springframework.boot.autoconfigure.web.servlet.WebMvcAutoConfiguration$EnableWebMvcConfiguration' via constructor to bean named 'org.springframework.beans.factory.support.DefaultListableBeanFactory@4c114fa1'
2025-11-13 12:23:25.275 [restartedMain] DEBUG o.s.b.f.s.DefaultListableBeanFactory - Creating shared instance of singleton bean 'org.springframework.security.config.annotation.web.configuration.WebMvcSecurityConfiguration'
2025-11-13 12:23:25.282 [restartedMain] DEBUG o.s.b.f.s.DefaultListableBeanFactory - Creating shared instance of singleton bean 'org.springframework.boot.autoconfigure.web.servlet.WebMvcAutoConfiguration$WebMvcAutoConfigurationAdapter'
2025-11-13 12:23:25.286 [restartedMain] DEBUG o.s.b.f.s.DefaultListableBeanFactory - Autowiring by type from bean name 'org.springframework.boot.autoconfigure.web.servlet.WebMvcAutoConfiguration$WebMvcAutoConfigurationAdapter' via constructor to bean named 'spring.web-org.springframework.boot.autoconfigure.web.WebProperties'
2025-11-13 12:23:25.286 [restartedMain] DEBUG o.s.b.f.s.DefaultListableBeanFactory - Autowiring by type from bean name 'org.springframework.boot.autoconfigure.web.servlet.WebMvcAutoConfiguration$WebMvcAutoConfigurationAdapter' via constructor to bean named 'spring.mvc-org.springframework.boot.autoconfigure.web.servlet.WebMvcProperties'
2025-11-13 12:23:25.287 [restartedMain] DEBUG o.s.b.f.s.DefaultListableBeanFactory - Autowiring by type from bean name 'org.springframework.boot.autoconfigure.web.servlet.WebMvcAutoConfiguration$WebMvcAutoConfigurationAdapter' via constructor to bean named 'org.springframework.beans.factory.support.DefaultListableBeanFactory@4c114fa1'
2025-11-13 12:23:25.302 [restartedMain] DEBUG o.s.b.f.s.DefaultListableBeanFactory - Creating shared instance of singleton bean 'resourceHandlerRegistrationCustomizer'
2025-11-13 12:23:25.303 [restartedMain] DEBUG o.s.b.f.s.DefaultListableBeanFactory - Creating shared instance of singleton bean 'org.springframework.boot.autoconfigure.web.servlet.WebMvcAutoConfiguration$ResourceChainCustomizerConfiguration'
2025-11-13 12:23:25.308 [restartedMain] DEBUG o.s.b.f.s.DefaultListableBeanFactory - Autowiring by type from bean name 'resourceHandlerRegistrationCustomizer' via factory method to bean named 'spring.web-org.springframework.boot.autoconfigure.web.WebProperties'
2025-11-13 12:23:25.318 [restartedMain] DEBUG o.s.b.f.s.DefaultListableBeanFactory - Creating shared instance of singleton bean 'swaggerWebMvcConfigurer'
2025-11-13 12:23:25.318 [restartedMain] DEBUG o.s.b.f.s.DefaultListableBeanFactory - Creating shared instance of singleton bean 'org.springdoc.webmvc.ui.SwaggerConfig'
2025-11-13 12:23:25.323 [restartedMain] DEBUG o.s.b.f.s.DefaultListableBeanFactory - Creating shared instance of singleton bean 'org.springdoc.core.properties.SwaggerUiConfigProperties'
2025-11-13 12:23:25.378 [restartedMain] DEBUG o.s.b.f.s.DefaultListableBeanFactory - Creating shared instance of singleton bean 'indexPageTransformer'
2025-11-13 12:23:25.381 [restartedMain] DEBUG o.s.b.f.s.DefaultListableBeanFactory - Creating shared instance of singleton bean 'org.springdoc.core.properties.SwaggerUiOAuthProperties'
2025-11-13 12:23:25.407 [restartedMain] DEBUG o.s.b.f.s.DefaultListableBeanFactory - Creating shared instance of singleton bean 'swaggerWelcome'
2025-11-13 12:23:25.409 [restartedMain] DEBUG o.s.b.f.s.DefaultListableBeanFactory - Creating shared instance of singleton bean 'org.springdoc.core.properties.SpringDocConfigProperties'
2025-11-13 12:23:25.440 [restartedMain] DEBUG o.s.b.f.s.DefaultListableBeanFactory - Creating shared instance of singleton bean 'springWebProvider'
2025-11-13 12:23:25.441 [restartedMain] DEBUG o.s.b.f.s.DefaultListableBeanFactory - Creating shared instance of singleton bean 'org.springdoc.webmvc.core.configuration.SpringDocWebMvcConfiguration'
2025-11-13 12:23:25.472 [restartedMain] DEBUG o.s.b.f.s.DefaultListableBeanFactory - Autowiring by type from bean name 'swaggerWelcome' via factory method to bean named 'org.springdoc.core.properties.SwaggerUiConfigProperties'
2025-11-13 12:23:25.474 [restartedMain] DEBUG o.s.b.f.s.DefaultListableBeanFactory - Autowiring by type from bean name 'swaggerWelcome' via factory method to bean named 'org.springdoc.core.properties.SpringDocConfigProperties'
2025-11-13 12:23:25.474 [restartedMain] DEBUG o.s.b.f.s.DefaultListableBeanFactory - Autowiring by type from bean name 'swaggerWelcome' via factory method to bean named 'springWebProvider'
2025-11-13 12:23:25.497 [restartedMain] DEBUG o.s.b.f.s.DefaultListableBeanFactory - Creating shared instance of singleton bean 'springdocObjectMapperProvider'
2025-11-13 12:23:25.497 [restartedMain] DEBUG o.s.b.f.s.DefaultListableBeanFactory - Creating shared instance of singleton bean 'org.springdoc.core.configuration.SpringDocConfiguration'
2025-11-13 12:23:25.507 [restartedMain] DEBUG o.s.b.f.s.DefaultListableBeanFactory - Autowiring by type from bean name 'springdocObjectMapperProvider' via factory method to bean named 'org.springdoc.core.properties.SpringDocConfigProperties'
2025-11-13 12:23:25.669 [restartedMain] DEBUG o.s.b.f.s.DefaultListableBeanFactory - Autowiring by type from bean name 'indexPageTransformer' via factory method to bean named 'org.springdoc.core.properties.SwaggerUiConfigProperties'
2025-11-13 12:23:25.669 [restartedMain] DEBUG o.s.b.f.s.DefaultListableBeanFactory - Autowiring by type from bean name 'indexPageTransformer' via factory method to bean named 'org.springdoc.core.properties.SwaggerUiOAuthProperties'
2025-11-13 12:23:25.669 [restartedMain] DEBUG o.s.b.f.s.DefaultListableBeanFactory - Autowiring by type from bean name 'indexPageTransformer' via factory method to bean named 'swaggerWelcome'
2025-11-13 12:23:25.670 [restartedMain] DEBUG o.s.b.f.s.DefaultListableBeanFactory - Autowiring by type from bean name 'indexPageTransformer' via factory method to bean named 'springdocObjectMapperProvider'
2025-11-13 12:23:25.679 [restartedMain] DEBUG o.s.b.f.s.DefaultListableBeanFactory - Creating shared instance of singleton bean 'swaggerResourceResolver'
2025-11-13 12:23:25.680 [restartedMain] DEBUG o.s.b.f.s.DefaultListableBeanFactory - Autowiring by type from bean name 'swaggerResourceResolver' via factory method to bean named 'org.springdoc.core.properties.SwaggerUiConfigProperties'
2025-11-13 12:23:25.687 [restartedMain] DEBUG o.s.b.f.s.DefaultListableBeanFactory - Autowiring by type from bean name 'swaggerWebMvcConfigurer' via factory method to bean named 'org.springdoc.core.properties.SwaggerUiConfigProperties'
2025-11-13 12:23:25.687 [restartedMain] DEBUG o.s.b.f.s.DefaultListableBeanFactory - Autowiring by type from bean name 'swaggerWebMvcConfigurer' via factory method to bean named 'indexPageTransformer'
2025-11-13 12:23:25.687 [restartedMain] DEBUG o.s.b.f.s.DefaultListableBeanFactory - Autowiring by type from bean name 'swaggerWebMvcConfigurer' via factory method to bean named 'swaggerResourceResolver'
2025-11-13 12:23:25.693 [restartedMain] DEBUG o.s.b.f.s.DefaultListableBeanFactory - Creating shared instance of singleton bean 'openEntityManagerInViewInterceptorConfigurer'
2025-11-13 12:23:25.693 [restartedMain] DEBUG o.s.b.f.s.DefaultListableBeanFactory - Creating shared instance of singleton bean 'org.springframework.boot.autoconfigure.orm.jpa.JpaBaseConfiguration$JpaWebConfiguration'
2025-11-13 12:23:25.695 [restartedMain] DEBUG o.s.b.f.s.DefaultListableBeanFactory - Autowiring by type from bean name 'org.springframework.boot.autoconfigure.orm.jpa.JpaBaseConfiguration$JpaWebConfiguration' via constructor to bean named 'spring.jpa-org.springframework.boot.autoconfigure.orm.jpa.JpaProperties'
2025-11-13 12:23:25.696 [restartedMain] DEBUG o.s.b.f.s.DefaultListableBeanFactory - Creating shared instance of singleton bean 'openEntityManagerInViewInterceptor'
2025-11-13 12:23:25.697 [restartedMain] WARN  o.s.b.a.o.j.JpaBaseConfiguration$JpaWebConfiguration - spring.jpa.open-in-view is enabled by default. Therefore, database queries may be performed during view rendering. Explicitly configure spring.jpa.open-in-view to disable this warning
2025-11-13 12:23:25.702 [restartedMain] DEBUG o.s.b.f.s.DefaultListableBeanFactory - Autowiring by type from bean name 'openEntityManagerInViewInterceptorConfigurer' via factory method to bean named 'openEntityManagerInViewInterceptor'
2025-11-13 12:23:25.704 [restartedMain] DEBUG o.s.b.f.s.DefaultListableBeanFactory - Creating shared instance of singleton bean 'org.springframework.data.web.config.SpringDataWebConfiguration'
2025-11-13 12:23:25.704 [restartedMain] DEBUG o.s.b.f.s.DefaultListableBeanFactory - Autowiring by type from bean name 'org.springframework.data.web.config.SpringDataWebConfiguration' via constructor to bean named 'org.springframework.boot.web.servlet.context.AnnotationConfigServletWebServerApplicationContext@5141f3a0'
2025-11-13 12:23:25.745 [restartedMain] INFO  o.s.s.c.a.a.c.InitializeUserDetailsBeanManagerConfigurer$InitializeUserDetailsManagerConfigurer - Global AuthenticationManager configured with UserDetailsService bean with name customUserDetailsService
2025-11-13 12:23:25.916 [restartedMain] DEBUG o.s.b.f.s.DefaultListableBeanFactory - Creating shared instance of singleton bean 'filterChainDecoratorPostProcessor'
2025-11-13 12:23:25.921 [restartedMain] DEBUG o.s.b.f.s.DefaultListableBeanFactory - Creating shared instance of singleton bean 'mvcHandlerMappingIntrospectorRequestTransformer'
2025-11-13 12:23:25.922 [restartedMain] DEBUG o.s.b.f.s.DefaultListableBeanFactory - Creating shared instance of singleton bean 'mvcHandlerMappingIntrospector'
2025-11-13 12:23:25.933 [restartedMain] DEBUG o.s.b.f.s.DefaultListableBeanFactory - Creating shared instance of singleton bean 'welcomePageHandlerMapping'
2025-11-13 12:23:25.934 [restartedMain] DEBUG o.s.b.f.s.DefaultListableBeanFactory - Creating shared instance of singleton bean 'mvcConversionService'
2025-11-13 12:23:25.953 [restartedMain] DEBUG o.s.b.f.s.DefaultListableBeanFactory - Creating shared instance of singleton bean 'mvcResourceUrlProvider'
2025-11-13 12:23:25.960 [restartedMain] DEBUG o.s.b.f.s.DefaultListableBeanFactory - Autowiring by type from bean name 'welcomePageHandlerMapping' via factory method to bean named 'org.springframework.boot.web.servlet.context.AnnotationConfigServletWebServerApplicationContext@5141f3a0'
2025-11-13 12:23:25.960 [restartedMain] DEBUG o.s.b.f.s.DefaultListableBeanFactory - Autowiring by type from bean name 'welcomePageHandlerMapping' via factory method to bean named 'mvcConversionService'
2025-11-13 12:23:25.960 [restartedMain] DEBUG o.s.b.f.s.DefaultListableBeanFactory - Autowiring by type from bean name 'welcomePageHandlerMapping' via factory method to bean named 'mvcResourceUrlProvider'
2025-11-13 12:23:26.003 [restartedMain] DEBUG o.s.b.f.s.DefaultListableBeanFactory - Creating shared instance of singleton bean 'welcomePageNotAcceptableHandlerMapping'
2025-11-13 12:23:26.005 [restartedMain] DEBUG o.s.b.f.s.DefaultListableBeanFactory - Autowiring by type from bean name 'welcomePageNotAcceptableHandlerMapping' via factory method to bean named 'org.springframework.boot.web.servlet.context.AnnotationConfigServletWebServerApplicationContext@5141f3a0'
2025-11-13 12:23:26.006 [restartedMain] DEBUG o.s.b.f.s.DefaultListableBeanFactory - Autowiring by type from bean name 'welcomePageNotAcceptableHandlerMapping' via factory method to bean named 'mvcConversionService'
2025-11-13 12:23:26.006 [restartedMain] DEBUG o.s.b.f.s.DefaultListableBeanFactory - Autowiring by type from bean name 'welcomePageNotAcceptableHandlerMapping' via factory method to bean named 'mvcResourceUrlProvider'
2025-11-13 12:23:26.016 [restartedMain] DEBUG o.s.b.f.s.DefaultListableBeanFactory - Creating shared instance of singleton bean 'requestMappingHandlerMapping'
2025-11-13 12:23:26.019 [restartedMain] DEBUG o.s.b.f.s.DefaultListableBeanFactory - Autowiring by type from bean name 'requestMappingHandlerMapping' via factory method to bean named 'mvcContentNegotiationManager'
2025-11-13 12:23:26.021 [restartedMain] DEBUG o.s.b.f.s.DefaultListableBeanFactory - Autowiring by type from bean name 'requestMappingHandlerMapping' via factory method to bean named 'mvcConversionService'
2025-11-13 12:23:26.021 [restartedMain] DEBUG o.s.b.f.s.DefaultListableBeanFactory - Autowiring by type from bean name 'requestMappingHandlerMapping' via factory method to bean named 'mvcResourceUrlProvider'
2025-11-13 12:23:26.286 [restartedMain] DEBUG o.s.c.e.PropertySourcesPropertyResolver - Found key 'springdoc.api-docs.path' in PropertySource 'environmentProperties' with value of type String
2025-11-13 12:23:26.288 [restartedMain] DEBUG o.s.c.e.PropertySourcesPropertyResolver - Found key 'springdoc.api-docs.path' in PropertySource 'environmentProperties' with value of type String
2025-11-13 12:23:26.291 [restartedMain] DEBUG o.s.c.e.PropertySourcesPropertyResolver - Found key 'springdoc.api-docs.path' in PropertySource 'environmentProperties' with value of type String
2025-11-13 12:23:26.294 [restartedMain] DEBUG o.s.c.e.PropertySourcesPropertyResolver - Found key 'springdoc.api-docs.path' in PropertySource 'environmentProperties' with value of type String
2025-11-13 12:23:26.301 [restartedMain] DEBUG o.s.c.e.PropertySourcesPropertyResolver - Found key 'springdoc.swagger-ui.path' in PropertySource 'environmentProperties' with value of type String
2025-11-13 12:23:26.303 [restartedMain] DEBUG o.s.c.e.PropertySourcesPropertyResolver - Found key 'springdoc.swagger-ui.path' in PropertySource 'environmentProperties' with value of type String
2025-11-13 12:23:26.308 [restartedMain] DEBUG o.s.c.e.PropertySourcesPropertyResolver - Found key 'springdoc.api-docs.path' in PropertySource 'environmentProperties' with value of type String
2025-11-13 12:23:26.318 [restartedMain] DEBUG o.s.w.s.m.m.a.RequestMappingHandlerMapping - 44 mappings in 'requestMappingHandlerMapping'
2025-11-13 12:23:26.327 [restartedMain] DEBUG o.s.b.f.s.DefaultListableBeanFactory - Creating shared instance of singleton bean 'viewControllerHandlerMapping'
2025-11-13 12:23:26.329 [restartedMain] DEBUG o.s.b.f.s.DefaultListableBeanFactory - Autowiring by type from bean name 'viewControllerHandlerMapping' via factory method to bean named 'mvcConversionService'
2025-11-13 12:23:26.329 [restartedMain] DEBUG o.s.b.f.s.DefaultListableBeanFactory - Autowiring by type from bean name 'viewControllerHandlerMapping' via factory method to bean named 'mvcResourceUrlProvider'
2025-11-13 12:23:26.333 [restartedMain] DEBUG o.s.b.f.s.DefaultListableBeanFactory - Creating shared instance of singleton bean 'beanNameHandlerMapping'
2025-11-13 12:23:26.335 [restartedMain] DEBUG o.s.b.f.s.DefaultListableBeanFactory - Autowiring by type from bean name 'beanNameHandlerMapping' via factory method to bean named 'mvcConversionService'
2025-11-13 12:23:26.335 [restartedMain] DEBUG o.s.b.f.s.DefaultListableBeanFactory - Autowiring by type from bean name 'beanNameHandlerMapping' via factory method to bean named 'mvcResourceUrlProvider'
2025-11-13 12:23:26.353 [restartedMain] DEBUG o.s.b.f.s.DefaultListableBeanFactory - Creating shared instance of singleton bean 'routerFunctionMapping'
2025-11-13 12:23:26.355 [restartedMain] DEBUG o.s.b.f.s.DefaultListableBeanFactory - Autowiring by type from bean name 'routerFunctionMapping' via factory method to bean named 'mvcConversionService'
2025-11-13 12:23:26.355 [restartedMain] DEBUG o.s.b.f.s.DefaultListableBeanFactory - Autowiring by type from bean name 'routerFunctionMapping' via factory method to bean named 'mvcResourceUrlProvider'
2025-11-13 12:23:26.361 [restartedMain] DEBUG o.s.b.f.s.DefaultListableBeanFactory - Creating shared instance of singleton bean 'messageConverters'
2025-11-13 12:23:26.363 [restartedMain] DEBUG o.s.b.f.s.DefaultListableBeanFactory - Creating shared instance of singleton bean 'org.springframework.boot.autoconfigure.http.HttpMessageConvertersAutoConfiguration'
2025-11-13 12:23:26.371 [restartedMain] DEBUG o.s.b.f.s.DefaultListableBeanFactory - Creating shared instance of singleton bean 'stringHttpMessageConverter'
2025-11-13 12:23:26.372 [restartedMain] DEBUG o.s.b.f.s.DefaultListableBeanFactory - Creating shared instance of singleton bean 'org.springframework.boot.autoconfigure.http.HttpMessageConvertersAutoConfiguration$StringHttpMessageConverterConfiguration'
2025-11-13 12:23:26.373 [restartedMain] DEBUG o.s.b.f.s.DefaultListableBeanFactory - Autowiring by type from bean name 'stringHttpMessageConverter' via factory method to bean named 'environment'
2025-11-13 12:23:26.388 [restartedMain] DEBUG o.s.b.f.s.DefaultListableBeanFactory - Creating shared instance of singleton bean 'mappingJackson2HttpMessageConverter'
2025-11-13 12:23:26.388 [restartedMain] DEBUG o.s.b.f.s.DefaultListableBeanFactory - Creating shared instance of singleton bean 'org.springframework.boot.autoconfigure.http.JacksonHttpMessageConvertersConfiguration$MappingJackson2HttpMessageConverterConfiguration'
2025-11-13 12:23:26.390 [restartedMain] DEBUG o.s.b.f.s.DefaultListableBeanFactory - Autowiring by type from bean name 'mappingJackson2HttpMessageConverter' via factory method to bean named 'jacksonObjectMapper'
2025-11-13 12:23:26.418 [restartedMain] DEBUG o.s.b.f.s.DefaultListableBeanFactory - Creating shared instance of singleton bean 'resourceHandlerMapping'
2025-11-13 12:23:26.419 [restartedMain] DEBUG o.s.b.f.s.DefaultListableBeanFactory - Autowiring by type from bean name 'resourceHandlerMapping' via factory method to bean named 'mvcContentNegotiationManager'
2025-11-13 12:23:26.419 [restartedMain] DEBUG o.s.b.f.s.DefaultListableBeanFactory - Autowiring by type from bean name 'resourceHandlerMapping' via factory method to bean named 'mvcConversionService'
2025-11-13 12:23:26.419 [restartedMain] DEBUG o.s.b.f.s.DefaultListableBeanFactory - Autowiring by type from bean name 'resourceHandlerMapping' via factory method to bean named 'mvcResourceUrlProvider'
2025-11-13 12:23:26.492 [restartedMain] DEBUG o.s.w.s.h.SimpleUrlHandlerMapping - Patterns [/webjars/**, /**, /swagger-ui*/*swagger-initializer.js, /swagger-ui*/**] in 'resourceHandlerMapping'
2025-11-13 12:23:26.498 [restartedMain] DEBUG o.s.b.f.s.DefaultListableBeanFactory - Creating shared instance of singleton bean 'defaultServletHandlerMapping'
2025-11-13 12:23:26.523 [restartedMain] DEBUG o.s.b.f.s.DefaultListableBeanFactory - Creating shared instance of singleton bean 'securityFilterChain'
2025-11-13 12:23:26.526 [restartedMain] DEBUG o.s.b.f.s.DefaultListableBeanFactory - Autowiring by type from bean name 'securityFilterChain' via factory method to bean named 'org.springframework.security.config.annotation.web.configuration.HttpSecurityConfiguration.httpSecurity'
2025-11-13 12:23:26.564 [restartedMain] DEBUG o.s.b.f.s.DefaultListableBeanFactory - Creating shared instance of singleton bean 'webAuthorizationManagerPostProcessor'
2025-11-13 12:23:26.686 [restartedMain] DEBUG o.s.b.f.s.DefaultListableBeanFactory - Creating shared instance of singleton bean 'authenticationManagerPostProcessor'
2025-11-13 12:23:26.747 [restartedMain] DEBUG o.s.s.web.DefaultSecurityFilterChain - Will secure any request with filters: DisableEncodeUrlFilter, WebAsyncManagerIntegrationFilter, SecurityContextHolderFilter, HeaderWriterFilter, CorsFilter, LogoutFilter, JwtAuthenticationFilter, RequestCacheAwareFilter, SecurityContextHolderAwareRequestFilter, AnonymousAuthenticationFilter, SessionManagementFilter, ExceptionTranslationFilter, AuthorizationFilter
2025-11-13 12:23:26.760 [restartedMain] DEBUG o.s.b.f.s.DefaultListableBeanFactory - Creating shared instance of singleton bean 'delegatingApplicationListener'
2025-11-13 12:23:26.762 [restartedMain] DEBUG o.s.b.f.s.DefaultListableBeanFactory - Creating shared instance of singleton bean 'springSecurityFilterChain'
2025-11-13 12:23:26.808 [restartedMain] DEBUG o.s.b.f.s.DefaultListableBeanFactory - Creating shared instance of singleton bean 'webSecurityExpressionHandler'
2025-11-13 12:23:26.815 [restartedMain] DEBUG o.s.b.f.s.DefaultListableBeanFactory - Creating shared instance of singleton bean 'privilegeEvaluator'
2025-11-13 12:23:26.820 [restartedMain] DEBUG o.s.b.f.s.DefaultListableBeanFactory - Creating shared instance of singleton bean 'requestDataValueProcessor'
2025-11-13 12:23:26.824 [restartedMain] DEBUG o.s.b.f.s.DefaultListableBeanFactory - Creating shared instance of singleton bean 'org.springframework.security.config.annotation.web.configuration.ObservationConfiguration'
2025-11-13 12:23:26.825 [restartedMain] DEBUG o.s.b.f.s.DefaultListableBeanFactory - Creating shared instance of singleton bean 'authenticationManager'
2025-11-13 12:23:26.827 [restartedMain] DEBUG o.s.b.f.s.DefaultListableBeanFactory - Autowiring by type from bean name 'authenticationManager' via factory method to bean named 'org.springframework.security.config.annotation.authentication.configuration.AuthenticationConfiguration'
2025-11-13 12:23:26.829 [restartedMain] DEBUG o.s.b.f.s.DefaultListableBeanFactory - Creating shared instance of singleton bean 'customOpenAPI'
2025-11-13 12:23:26.834 [restartedMain] DEBUG o.s.b.f.s.DefaultListableBeanFactory - Creating shared instance of singleton bean 'pythonWebClient'
2025-11-13 12:23:27.658 [restartedMain] DEBUG o.s.b.f.s.DefaultListableBeanFactory - Creating shared instance of singleton bean 'org.springframework.boot.autoconfigure.context.PropertyPlaceholderAutoConfiguration'
2025-11-13 12:23:27.661 [restartedMain] DEBUG o.s.b.f.s.DefaultListableBeanFactory - Creating shared instance of singleton bean 'org.springframework.boot.autoconfigure.websocket.servlet.WebSocketServletAutoConfiguration'
2025-11-13 12:23:27.664 [restartedMain] DEBUG o.s.b.f.s.DefaultListableBeanFactory - Creating shared instance of singleton bean 'org.springframework.boot.autoconfigure.web.servlet.DispatcherServletAutoConfiguration'
2025-11-13 12:23:27.667 [restartedMain] DEBUG o.s.b.f.s.DefaultListableBeanFactory - Creating shared instance of singleton bean 'org.springframework.boot.autoconfigure.http.codec.CodecsAutoConfiguration$DefaultCodecsConfiguration'
2025-11-13 12:23:27.667 [restartedMain] DEBUG o.s.b.f.s.DefaultListableBeanFactory - Creating shared instance of singleton bean 'defaultCodecCustomizer'
2025-11-13 12:23:27.669 [restartedMain] DEBUG o.s.b.f.s.DefaultListableBeanFactory - Creating shared instance of singleton bean 'spring.codec-org.springframework.boot.autoconfigure.codec.CodecProperties'
2025-11-13 12:23:27.671 [restartedMain] DEBUG o.s.b.f.s.DefaultListableBeanFactory - Autowiring by type from bean name 'defaultCodecCustomizer' via factory method to bean named 'spring.codec-org.springframework.boot.autoconfigure.codec.CodecProperties'
2025-11-13 12:23:27.673 [restartedMain] DEBUG o.s.b.f.s.DefaultListableBeanFactory - Creating shared instance of singleton bean 'org.springframework.boot.autoconfigure.http.codec.CodecsAutoConfiguration$JacksonCodecConfiguration'
2025-11-13 12:23:27.674 [restartedMain] DEBUG o.s.b.f.s.DefaultListableBeanFactory - Creating shared instance of singleton bean 'jacksonCodecCustomizer'
2025-11-13 12:23:27.674 [restartedMain] DEBUG o.s.b.f.s.DefaultListableBeanFactory - Autowiring by type from bean name 'jacksonCodecCustomizer' via factory method to bean named 'jacksonObjectMapper'
2025-11-13 12:23:27.680 [restartedMain] DEBUG o.s.b.f.s.DefaultListableBeanFactory - Creating shared instance of singleton bean 'org.springframework.boot.autoconfigure.http.codec.CodecsAutoConfiguration'
2025-11-13 12:23:27.682 [restartedMain] DEBUG o.s.b.f.s.DefaultListableBeanFactory - Creating shared instance of singleton bean 'org.springframework.boot.autoconfigure.validation.ValidationAutoConfiguration'
2025-11-13 12:23:27.683 [restartedMain] DEBUG o.s.b.f.s.DefaultListableBeanFactory - Creating shared instance of singleton bean 'defaultValidator'
2025-11-13 12:23:27.684 [restartedMain] DEBUG o.s.b.f.s.DefaultListableBeanFactory - Autowiring by type from bean name 'defaultValidator' via factory method to bean named 'org.springframework.boot.web.servlet.context.AnnotationConfigServletWebServerApplicationContext@5141f3a0'
2025-11-13 12:23:27.718 [restartedMain] DEBUG o.s.b.f.s.DefaultListableBeanFactory - Creating shared instance of singleton bean 'org.springframework.boot.autoconfigure.task.TaskExecutorConfigurations$ThreadPoolTaskExecutorBuilderConfiguration'
2025-11-13 12:23:27.721 [restartedMain] DEBUG o.s.b.f.s.DefaultListableBeanFactory - Creating shared instance of singleton bean 'threadPoolTaskExecutorBuilder'
2025-11-13 12:23:27.725 [restartedMain] DEBUG o.s.b.f.s.DefaultListableBeanFactory - Creating shared instance of singleton bean 'spring.task.execution-org.springframework.boot.autoconfigure.task.TaskExecutionProperties'
2025-11-13 12:23:27.733 [restartedMain] DEBUG o.s.b.f.s.DefaultListableBeanFactory - Autowiring by type from bean name 'threadPoolTaskExecutorBuilder' via factory method to bean named 'spring.task.execution-org.springframework.boot.autoconfigure.task.TaskExecutionProperties'
2025-11-13 12:23:27.742 [restartedMain] DEBUG o.s.b.f.s.DefaultListableBeanFactory - Creating shared instance of singleton bean 'org.springframework.boot.autoconfigure.task.TaskExecutorConfigurations$SimpleAsyncTaskExecutorBuilderConfiguration'
2025-11-13 12:23:27.750 [restartedMain] DEBUG o.s.b.f.s.DefaultListableBeanFactory - Autowiring by type from bean name 'org.springframework.boot.autoconfigure.task.TaskExecutorConfigurations$SimpleAsyncTaskExecutorBuilderConfiguration' via constructor to bean named 'spring.task.execution-org.springframework.boot.autoconfigure.task.TaskExecutionProperties'
2025-11-13 12:23:27.753 [restartedMain] DEBUG o.s.b.f.s.DefaultListableBeanFactory - Creating shared instance of singleton bean 'simpleAsyncTaskExecutorBuilder'
2025-11-13 12:23:27.755 [restartedMain] DEBUG o.s.b.f.s.DefaultListableBeanFactory - Creating shared instance of singleton bean 'org.springframework.boot.autoconfigure.task.TaskExecutorConfigurations$TaskExecutorConfiguration'
2025-11-13 12:23:27.759 [restartedMain] DEBUG o.s.b.f.s.DefaultListableBeanFactory - Creating shared instance of singleton bean 'org.springframework.boot.autoconfigure.task.TaskExecutionAutoConfiguration'
2025-11-13 12:23:27.760 [restartedMain] DEBUG o.s.b.f.s.DefaultListableBeanFactory - Creating shared instance of singleton bean 'org.springframework.boot.autoconfigure.web.servlet.error.ErrorMvcAutoConfiguration$WhitelabelErrorViewConfiguration'
2025-11-13 12:23:27.776 [restartedMain] DEBUG o.s.b.f.s.DefaultListableBeanFactory - Creating shared instance of singleton bean 'error'
2025-11-13 12:23:27.778 [restartedMain] DEBUG o.s.b.f.s.DefaultListableBeanFactory - Creating shared instance of singleton bean 'beanNameViewResolver'
2025-11-13 12:23:27.782 [restartedMain] DEBUG o.s.b.f.s.DefaultListableBeanFactory - Creating shared instance of singleton bean 'org.springframework.boot.autoconfigure.web.servlet.error.ErrorMvcAutoConfiguration$DefaultErrorViewResolverConfiguration'
2025-11-13 12:23:27.783 [restartedMain] DEBUG o.s.b.f.s.DefaultListableBeanFactory - Autowiring by type from bean name 'org.springframework.boot.autoconfigure.web.servlet.error.ErrorMvcAutoConfiguration$DefaultErrorViewResolverConfiguration' via constructor to bean named 'org.springframework.boot.web.servlet.context.AnnotationConfigServletWebServerApplicationContext@5141f3a0'
2025-11-13 12:23:27.784 [restartedMain] DEBUG o.s.b.f.s.DefaultListableBeanFactory - Autowiring by type from bean name 'org.springframework.boot.autoconfigure.web.servlet.error.ErrorMvcAutoConfiguration$DefaultErrorViewResolverConfiguration' via constructor to bean named 'spring.web-org.springframework.boot.autoconfigure.web.WebProperties'
2025-11-13 12:23:27.784 [restartedMain] DEBUG o.s.b.f.s.DefaultListableBeanFactory - Creating shared instance of singleton bean 'conventionErrorViewResolver'
2025-11-13 12:23:27.786 [restartedMain] DEBUG o.s.b.f.s.DefaultListableBeanFactory - Creating shared instance of singleton bean 'errorAttributes'
2025-11-13 12:23:27.788 [restartedMain] DEBUG o.s.b.f.s.DefaultListableBeanFactory - Creating shared instance of singleton bean 'basicErrorController'
2025-11-13 12:23:27.788 [restartedMain] DEBUG o.s.b.f.s.DefaultListableBeanFactory - Autowiring by type from bean name 'basicErrorController' via factory method to bean named 'errorAttributes'
2025-11-13 12:23:27.791 [restartedMain] DEBUG o.s.b.f.s.DefaultListableBeanFactory - Creating shared instance of singleton bean 'themeResolver'
2025-11-13 12:23:27.795 [restartedMain] DEBUG o.s.b.f.s.DefaultListableBeanFactory - Creating shared instance of singleton bean 'flashMapManager'
2025-11-13 12:23:27.801 [restartedMain] DEBUG o.s.b.f.s.DefaultListableBeanFactory - Creating shared instance of singleton bean 'viewNameTranslator'
2025-11-13 12:23:27.805 [restartedMain] DEBUG o.s.b.f.s.DefaultListableBeanFactory - Creating shared instance of singleton bean 'mvcValidator'
2025-11-13 12:23:27.809 [restartedMain] DEBUG o.s.b.f.s.DefaultListableBeanFactory - Creating shared instance of singleton bean 'mvcPatternParser'
2025-11-13 12:23:27.813 [restartedMain] DEBUG o.s.b.f.s.DefaultListableBeanFactory - Creating shared instance of singleton bean 'mvcUrlPathHelper'
2025-11-13 12:23:27.816 [restartedMain] DEBUG o.s.b.f.s.DefaultListableBeanFactory - Creating shared instance of singleton bean 'mvcPathMatcher'
2025-11-13 12:23:27.817 [restartedMain] DEBUG o.s.b.f.s.DefaultListableBeanFactory - Creating shared instance of singleton bean 'requestMappingHandlerAdapter'
2025-11-13 12:23:27.820 [restartedMain] DEBUG o.s.b.f.s.DefaultListableBeanFactory - Autowiring by type from bean name 'requestMappingHandlerAdapter' via factory method to bean named 'mvcContentNegotiationManager'
2025-11-13 12:23:27.821 [restartedMain] DEBUG o.s.b.f.s.DefaultListableBeanFactory - Autowiring by type from bean name 'requestMappingHandlerAdapter' via factory method to bean named 'mvcConversionService'
2025-11-13 12:23:27.821 [restartedMain] DEBUG o.s.b.f.s.DefaultListableBeanFactory - Autowiring by type from bean name 'requestMappingHandlerAdapter' via factory method to bean named 'mvcValidator'
2025-11-13 12:23:27.856 [restartedMain] DEBUG o.s.b.f.s.DefaultListableBeanFactory - Creating shared instance of singleton bean 'sortResolver'
2025-11-13 12:23:27.859 [restartedMain] DEBUG o.s.b.f.s.DefaultListableBeanFactory - Creating shared instance of singleton bean 'sortCustomizer'
2025-11-13 12:23:27.872 [restartedMain] DEBUG o.s.b.f.s.DefaultListableBeanFactory - Creating shared instance of singleton bean 'pageableResolver'
2025-11-13 12:23:27.878 [restartedMain] DEBUG o.s.b.f.s.DefaultListableBeanFactory - Creating shared instance of singleton bean 'pageableCustomizer'
2025-11-13 12:23:27.891 [restartedMain] DEBUG o.s.b.f.s.DefaultListableBeanFactory - Creating shared instance of singleton bean 'applicationTaskExecutor'
2025-11-13 12:23:27.892 [restartedMain] DEBUG o.s.b.f.s.DefaultListableBeanFactory - Autowiring by type from bean name 'applicationTaskExecutor' via factory method to bean named 'threadPoolTaskExecutorBuilder'
2025-11-13 12:23:27.903 [restartedMain] DEBUG o.s.s.c.ThreadPoolTaskExecutor - Initializing ExecutorService 'applicationTaskExecutor'
2025-11-13 12:23:27.928 [restartedMain] DEBUG o.s.b.f.s.DefaultListableBeanFactory - Creating shared instance of singleton bean 'org.springdoc.core.configuration.SpringDocConfiguration$OpenApiResourceAdvice'
2025-11-13 12:23:27.931 [restartedMain] DEBUG o.s.b.f.s.DefaultListableBeanFactory - Autowiring by type from bean name 'org.springdoc.core.configuration.SpringDocConfiguration$OpenApiResourceAdvice' via constructor to bean named 'org.springdoc.core.configuration.SpringDocConfiguration'
2025-11-13 12:23:27.938 [restartedMain] DEBUG o.s.w.s.m.m.a.RequestMappingHandlerAdapter - ControllerAdvice beans: 0 @ModelAttribute, 0 @InitBinder, 1 RequestBodyAdvice, 1 ResponseBodyAdvice
2025-11-13 12:23:28.118 [restartedMain] DEBUG o.s.b.f.s.DefaultListableBeanFactory - Creating shared instance of singleton bean 'mvcViewResolver'
2025-11-13 12:23:28.118 [restartedMain] DEBUG o.s.b.f.s.DefaultListableBeanFactory - Autowiring by type from bean name 'mvcViewResolver' via factory method to bean named 'mvcContentNegotiationManager'
2025-11-13 12:23:28.129 [restartedMain] DEBUG o.s.b.f.s.DefaultListableBeanFactory - Creating shared instance of singleton bean 'defaultViewResolver'
2025-11-13 12:23:28.139 [restartedMain] DEBUG o.s.b.f.s.DefaultListableBeanFactory - Creating shared instance of singleton bean 'viewResolver'
2025-11-13 12:23:28.140 [restartedMain] DEBUG o.s.b.f.s.DefaultListableBeanFactory - Autowiring by type from bean name 'viewResolver' via factory method to bean named 'org.springframework.beans.factory.support.DefaultListableBeanFactory@4c114fa1'
2025-11-13 12:23:28.142 [restartedMain] DEBUG o.s.b.f.s.DefaultListableBeanFactory - Creating shared instance of singleton bean 'viewResolver'
2025-11-13 12:23:28.159 [restartedMain] DEBUG o.s.b.f.s.DefaultListableBeanFactory - Creating shared instance of singleton bean 'handlerFunctionAdapter'
2025-11-13 12:23:28.164 [restartedMain] DEBUG o.s.b.f.s.DefaultListableBeanFactory - Creating shared instance of singleton bean 'mvcUriComponentsContributor'
2025-11-13 12:23:28.164 [restartedMain] DEBUG o.s.b.f.s.DefaultListableBeanFactory - Autowiring by type from bean name 'mvcUriComponentsContributor' via factory method to bean named 'mvcConversionService'
2025-11-13 12:23:28.164 [restartedMain] DEBUG o.s.b.f.s.DefaultListableBeanFactory - Autowiring by type from bean name 'mvcUriComponentsContributor' via factory method to bean named 'requestMappingHandlerAdapter'
2025-11-13 12:23:28.166 [restartedMain] DEBUG o.s.b.f.s.DefaultListableBeanFactory - Creating shared instance of singleton bean 'httpRequestHandlerAdapter'
2025-11-13 12:23:28.166 [restartedMain] DEBUG o.s.b.f.s.DefaultListableBeanFactory - Creating shared instance of singleton bean 'simpleControllerHandlerAdapter'
2025-11-13 12:23:28.170 [restartedMain] DEBUG o.s.b.f.s.DefaultListableBeanFactory - Creating shared instance of singleton bean 'handlerExceptionResolver'
2025-11-13 12:23:28.171 [restartedMain] DEBUG o.s.b.f.s.DefaultListableBeanFactory - Autowiring by type from bean name 'handlerExceptionResolver' via factory method to bean named 'mvcContentNegotiationManager'
2025-11-13 12:23:28.185 [restartedMain] DEBUG o.s.w.s.m.m.a.ExceptionHandlerExceptionResolver - ControllerAdvice beans: 2 @ExceptionHandler, 1 ResponseBodyAdvice
2025-11-13 12:23:28.191 [restartedMain] DEBUG o.s.b.f.s.DefaultListableBeanFactory - Creating shared instance of singleton bean 'org.springdoc.core.configuration.SpringDocConfiguration$QuerydslProvider'
2025-11-13 12:23:28.191 [restartedMain] DEBUG o.s.b.f.s.DefaultListableBeanFactory - Creating shared instance of singleton bean 'queryDslQuerydslPredicateOperationCustomizer'
2025-11-13 12:23:28.191 [restartedMain] DEBUG o.s.b.f.s.DefaultListableBeanFactory - Autowiring by type from bean name 'queryDslQuerydslPredicateOperationCustomizer' via factory method to bean named 'org.springdoc.core.properties.SpringDocConfigProperties'
2025-11-13 12:23:28.196 [restartedMain] DEBUG o.s.b.f.s.DefaultListableBeanFactory - Creating shared instance of singleton bean 'org.springdoc.core.configuration.SpringDocConfiguration$SpringDocWebFluxSupportConfiguration'
2025-11-13 12:23:28.198 [restartedMain] DEBUG o.s.b.f.s.DefaultListableBeanFactory - Creating shared instance of singleton bean 'webFluxSupportConverter'
2025-11-13 12:23:28.200 [restartedMain] DEBUG o.s.b.f.s.DefaultListableBeanFactory - Autowiring by type from bean name 'webFluxSupportConverter' via factory method to bean named 'springdocObjectMapperProvider'
2025-11-13 12:23:28.203 [restartedMain] DEBUG o.s.b.f.s.DefaultListableBeanFactory - Creating shared instance of singleton bean 'org.springdoc.core.configuration.SpringDocConfiguration$SpringDocSpringDataWebPropertiesProvider'
2025-11-13 12:23:28.205 [restartedMain] DEBUG o.s.b.f.s.DefaultListableBeanFactory - Creating shared instance of singleton bean 'springDataWebPropertiesProvider'
2025-11-13 12:23:28.206 [restartedMain] DEBUG o.s.b.f.s.DefaultListableBeanFactory - Creating shared instance of singleton bean 'org.springdoc.core.configuration.SpringDocConfiguration$WebConversionServiceConfiguration'
2025-11-13 12:23:28.207 [restartedMain] DEBUG o.s.b.f.s.DefaultListableBeanFactory - Creating shared instance of singleton bean 'webConversionServiceProvider'
2025-11-13 12:23:28.208 [restartedMain] DEBUG o.s.b.f.s.DefaultListableBeanFactory - Creating shared instance of singleton bean 'localSpringDocParameterNameDiscoverer'
2025-11-13 12:23:28.209 [restartedMain] DEBUG o.s.b.f.s.DefaultListableBeanFactory - Creating shared instance of singleton bean 'additionalModelsConverter'
2025-11-13 12:23:28.210 [restartedMain] DEBUG o.s.b.f.s.DefaultListableBeanFactory - Autowiring by type from bean name 'additionalModelsConverter' via factory method to bean named 'springdocObjectMapperProvider'
2025-11-13 12:23:28.213 [restartedMain] DEBUG o.s.b.f.s.DefaultListableBeanFactory - Creating shared instance of singleton bean 'fileSupportConverter'
2025-11-13 12:23:28.213 [restartedMain] DEBUG o.s.b.f.s.DefaultListableBeanFactory - Autowiring by type from bean name 'fileSupportConverter' via factory method to bean named 'springdocObjectMapperProvider'
2025-11-13 12:23:28.216 [restartedMain] DEBUG o.s.b.f.s.DefaultListableBeanFactory - Creating shared instance of singleton bean 'responseSupportConverter'
2025-11-13 12:23:28.217 [restartedMain] DEBUG o.s.b.f.s.DefaultListableBeanFactory - Autowiring by type from bean name 'responseSupportConverter' via factory method to bean named 'springdocObjectMapperProvider'
2025-11-13 12:23:28.219 [restartedMain] DEBUG o.s.b.f.s.DefaultListableBeanFactory - Creating shared instance of singleton bean 'schemaPropertyDeprecatingConverter'
2025-11-13 12:23:28.220 [restartedMain] DEBUG o.s.b.f.s.DefaultListableBeanFactory - Creating shared instance of singleton bean 'polymorphicModelConverter'
2025-11-13 12:23:28.221 [restartedMain] DEBUG o.s.b.f.s.DefaultListableBeanFactory - Autowiring by type from bean name 'polymorphicModelConverter' via factory method to bean named 'springdocObjectMapperProvider'
2025-11-13 12:23:28.224 [restartedMain] DEBUG o.s.b.f.s.DefaultListableBeanFactory - Creating shared instance of singleton bean 'openAPIBuilder'
2025-11-13 12:23:28.225 [restartedMain] DEBUG o.s.b.f.s.DefaultListableBeanFactory - Creating shared instance of singleton bean 'securityParser'
2025-11-13 12:23:28.226 [restartedMain] DEBUG o.s.b.f.s.DefaultListableBeanFactory - Creating shared instance of singleton bean 'propertyResolverUtils'
2025-11-13 12:23:28.228 [restartedMain] DEBUG o.s.b.f.s.DefaultListableBeanFactory - Autowiring by type from bean name 'propertyResolverUtils' via factory method to bean named 'org.springframework.beans.factory.support.DefaultListableBeanFactory@4c114fa1'
2025-11-13 12:23:28.229 [restartedMain] DEBUG o.s.b.f.s.DefaultListableBeanFactory - Autowiring by type from bean name 'propertyResolverUtils' via factory method to bean named 'messageSource'
2025-11-13 12:23:28.229 [restartedMain] DEBUG o.s.b.f.s.DefaultListableBeanFactory - Autowiring by type from bean name 'propertyResolverUtils' via factory method to bean named 'org.springdoc.core.properties.SpringDocConfigProperties'
2025-11-13 12:23:28.231 [restartedMain] DEBUG o.s.b.f.s.DefaultListableBeanFactory - Autowiring by type from bean name 'securityParser' via factory method to bean named 'propertyResolverUtils'
2025-11-13 12:23:28.238 [restartedMain] DEBUG o.s.b.f.s.DefaultListableBeanFactory - Autowiring by type from bean name 'openAPIBuilder' via factory method to bean named 'securityParser'
2025-11-13 12:23:28.238 [restartedMain] DEBUG o.s.b.f.s.DefaultListableBeanFactory - Autowiring by type from bean name 'openAPIBuilder' via factory method to bean named 'org.springdoc.core.properties.SpringDocConfigProperties'
2025-11-13 12:23:28.238 [restartedMain] DEBUG o.s.b.f.s.DefaultListableBeanFactory - Autowiring by type from bean name 'openAPIBuilder' via factory method to bean named 'propertyResolverUtils'
2025-11-13 12:23:28.246 [restartedMain] DEBUG o.s.b.f.s.DefaultListableBeanFactory - Creating shared instance of singleton bean 'modelConverterRegistrar'
2025-11-13 12:23:28.248 [restartedMain] DEBUG o.s.b.f.s.DefaultListableBeanFactory - Creating shared instance of singleton bean 'oas31ModelConverter'
2025-11-13 12:23:28.249 [restartedMain] DEBUG o.s.b.f.s.DefaultListableBeanFactory - Autowiring by type from bean name 'oas31ModelConverter' via factory method to bean named 'org.springdoc.core.properties.SpringDocConfigProperties'
2025-11-13 12:23:28.250 [restartedMain] DEBUG o.s.b.f.s.DefaultListableBeanFactory - Creating shared instance of singleton bean 'pageableOpenAPIConverter'
2025-11-13 12:23:28.250 [restartedMain] DEBUG o.s.b.f.s.DefaultListableBeanFactory - Creating shared instance of singleton bean 'org.springdoc.core.configuration.SpringDocPageableConfiguration'
2025-11-13 12:23:28.251 [restartedMain] DEBUG o.s.b.f.s.DefaultListableBeanFactory - Autowiring by type from bean name 'pageableOpenAPIConverter' via factory method to bean named 'springdocObjectMapperProvider'
2025-11-13 12:23:28.252 [restartedMain] DEBUG o.s.b.f.s.DefaultListableBeanFactory - Creating shared instance of singleton bean 'pageOpenAPIConverter'
2025-11-13 12:23:28.253 [restartedMain] DEBUG o.s.b.f.s.DefaultListableBeanFactory - Autowiring by type from bean name 'pageOpenAPIConverter' via factory method to bean named 'springdocObjectMapperProvider'
2025-11-13 12:23:28.255 [restartedMain] DEBUG o.s.b.f.s.DefaultListableBeanFactory - Creating shared instance of singleton bean 'sortOpenAPIConverter'
2025-11-13 12:23:28.255 [restartedMain] DEBUG o.s.b.f.s.DefaultListableBeanFactory - Creating shared instance of singleton bean 'org.springdoc.core.configuration.SpringDocSortConfiguration'
2025-11-13 12:23:28.257 [restartedMain] DEBUG o.s.b.f.s.DefaultListableBeanFactory - Autowiring by type from bean name 'sortOpenAPIConverter' via factory method to bean named 'springdocObjectMapperProvider'
2025-11-13 12:23:28.259 [restartedMain] DEBUG o.s.b.f.s.DefaultListableBeanFactory - Autowiring by type from bean name 'modelConverterRegistrar' via factory method to bean named 'org.springdoc.core.properties.SpringDocConfigProperties'
2025-11-13 12:23:28.306 [restartedMain] DEBUG o.s.b.f.s.DefaultListableBeanFactory - Creating shared instance of singleton bean 'operationBuilder'
2025-11-13 12:23:28.307 [restartedMain] DEBUG o.s.b.f.s.DefaultListableBeanFactory - Creating shared instance of singleton bean 'parameterBuilder'
2025-11-13 12:23:28.308 [restartedMain] DEBUG o.s.b.f.s.DefaultListableBeanFactory - Creating shared instance of singleton bean 'parameterObjectNamingStrategyCustomizer'
2025-11-13 12:23:28.310 [restartedMain] DEBUG o.s.b.f.s.DefaultListableBeanFactory - Creating shared instance of singleton bean 'dataRestDelegatingMethodParameterCustomizer'
2025-11-13 12:23:28.325 [restartedMain] DEBUG o.s.b.f.s.DefaultListableBeanFactory - Autowiring by type from bean name 'parameterBuilder' via factory method to bean named 'propertyResolverUtils'
2025-11-13 12:23:28.325 [restartedMain] DEBUG o.s.b.f.s.DefaultListableBeanFactory - Autowiring by type from bean name 'parameterBuilder' via factory method to bean named 'springdocObjectMapperProvider'
2025-11-13 12:23:28.338 [restartedMain] DEBUG o.s.b.f.s.DefaultListableBeanFactory - Creating shared instance of singleton bean 'requestBodyBuilder'
2025-11-13 12:23:28.339 [restartedMain] DEBUG o.s.b.f.s.DefaultListableBeanFactory - Autowiring by type from bean name 'requestBodyBuilder' via factory method to bean named 'parameterBuilder'
2025-11-13 12:23:28.339 [restartedMain] DEBUG o.s.b.f.s.DefaultListableBeanFactory - Autowiring by type from bean name 'requestBodyBuilder' via factory method to bean named 'propertyResolverUtils'
2025-11-13 12:23:28.340 [restartedMain] DEBUG o.s.b.f.s.DefaultListableBeanFactory - Autowiring by type from bean name 'operationBuilder' via factory method to bean named 'parameterBuilder'
2025-11-13 12:23:28.340 [restartedMain] DEBUG o.s.b.f.s.DefaultListableBeanFactory - Autowiring by type from bean name 'operationBuilder' via factory method to bean named 'requestBodyBuilder'
2025-11-13 12:23:28.340 [restartedMain] DEBUG o.s.b.f.s.DefaultListableBeanFactory - Autowiring by type from bean name 'operationBuilder' via factory method to bean named 'securityParser'
2025-11-13 12:23:28.340 [restartedMain] DEBUG o.s.b.f.s.DefaultListableBeanFactory - Autowiring by type from bean name 'operationBuilder' via factory method to bean named 'propertyResolverUtils'
2025-11-13 12:23:28.343 [restartedMain] DEBUG o.s.b.f.s.DefaultListableBeanFactory - Creating shared instance of singleton bean 'springDocProviders'
2025-11-13 12:23:28.349 [restartedMain] DEBUG o.s.b.f.s.DefaultListableBeanFactory - Creating shared instance of singleton bean 'routerFunctionProvider'
2025-11-13 12:23:28.349 [restartedMain] DEBUG o.s.b.f.s.DefaultListableBeanFactory - Creating shared instance of singleton bean 'org.springdoc.webmvc.core.configuration.SpringDocWebMvcConfiguration$SpringDocWebMvcRouterConfiguration'
2025-11-13 12:23:28.352 [restartedMain] DEBUG o.s.b.f.s.DefaultListableBeanFactory - Autowiring by type from bean name 'springDocProviders' via factory method to bean named 'springdocObjectMapperProvider'
2025-11-13 12:23:28.360 [restartedMain] DEBUG o.s.b.f.s.DefaultListableBeanFactory - Creating shared instance of singleton bean 'springDocCustomizers'
2025-11-13 12:23:28.364 [restartedMain] DEBUG o.s.b.f.s.DefaultListableBeanFactory - Creating shared instance of singleton bean 'globalOpenApiCustomizer'
2025-11-13 12:23:28.377 [restartedMain] DEBUG o.s.b.f.s.DefaultListableBeanFactory - Creating shared instance of singleton bean 'org.springdoc.core.configuration.SpringDocSecurityConfiguration$SpringSecurityLoginEndpointConfiguration'
2025-11-13 12:23:28.379 [restartedMain] DEBUG o.s.b.f.s.DefaultListableBeanFactory - Creating shared instance of singleton bean 'org.springdoc.core.configuration.SpringDocSecurityConfiguration'
2025-11-13 12:23:28.393 [restartedMain] DEBUG o.s.b.f.s.DefaultListableBeanFactory - Autowiring by type from bean name 'org.springdoc.core.configuration.SpringDocSecurityConfiguration$SpringSecurityLoginEndpointConfiguration' via constructor to bean named 'org.springdoc.core.configuration.SpringDocSecurityConfiguration'
2025-11-13 12:23:28.393 [restartedMain] DEBUG o.s.b.f.s.DefaultListableBeanFactory - Creating shared instance of singleton bean 'openApiResource'
2025-11-13 12:23:28.393 [restartedMain] DEBUG o.s.b.f.s.DefaultListableBeanFactory - Creating shared instance of singleton bean 'requestBuilder'
2025-11-13 12:23:28.399 [restartedMain] DEBUG o.s.b.f.s.DefaultListableBeanFactory - Autowiring by type from bean name 'requestBuilder' via factory method to bean named 'parameterBuilder'
2025-11-13 12:23:28.400 [restartedMain] DEBUG o.s.b.f.s.DefaultListableBeanFactory - Autowiring by type from bean name 'requestBuilder' via factory method to bean named 'requestBodyBuilder'
2025-11-13 12:23:28.400 [restartedMain] DEBUG o.s.b.f.s.DefaultListableBeanFactory - Autowiring by type from bean name 'requestBuilder' via factory method to bean named 'localSpringDocParameterNameDiscoverer'
2025-11-13 12:23:28.408 [restartedMain] DEBUG o.s.b.f.s.DefaultListableBeanFactory - Creating shared instance of singleton bean 'responseBuilder'
2025-11-13 12:23:28.410 [restartedMain] DEBUG o.s.b.f.s.DefaultListableBeanFactory - Autowiring by type from bean name 'responseBuilder' via factory method to bean named 'operationBuilder'
2025-11-13 12:23:28.410 [restartedMain] DEBUG o.s.b.f.s.DefaultListableBeanFactory - Autowiring by type from bean name 'responseBuilder' via factory method to bean named 'org.springdoc.core.properties.SpringDocConfigProperties'
2025-11-13 12:23:28.410 [restartedMain] DEBUG o.s.b.f.s.DefaultListableBeanFactory - Autowiring by type from bean name 'responseBuilder' via factory method to bean named 'propertyResolverUtils'
2025-11-13 12:23:28.423 [restartedMain] DEBUG o.s.b.f.s.DefaultListableBeanFactory - Autowiring by type from bean name 'openApiResource' via factory method to bean named 'requestBuilder'
2025-11-13 12:23:28.423 [restartedMain] DEBUG o.s.b.f.s.DefaultListableBeanFactory - Autowiring by type from bean name 'openApiResource' via factory method to bean named 'responseBuilder'
2025-11-13 12:23:28.424 [restartedMain] DEBUG o.s.b.f.s.DefaultListableBeanFactory - Autowiring by type from bean name 'openApiResource' via factory method to bean named 'operationBuilder'
2025-11-13 12:23:28.424 [restartedMain] DEBUG o.s.b.f.s.DefaultListableBeanFactory - Autowiring by type from bean name 'openApiResource' via factory method to bean named 'org.springdoc.core.properties.SpringDocConfigProperties'
2025-11-13 12:23:28.424 [restartedMain] DEBUG o.s.b.f.s.DefaultListableBeanFactory - Autowiring by type from bean name 'openApiResource' via factory method to bean named 'springDocProviders'
2025-11-13 12:23:28.424 [restartedMain] DEBUG o.s.b.f.s.DefaultListableBeanFactory - Autowiring by type from bean name 'openApiResource' via factory method to bean named 'springDocCustomizers'
2025-11-13 12:23:28.438 [restartedMain] DEBUG o.s.b.f.s.DefaultListableBeanFactory - Creating shared instance of singleton bean 'swaggerConfigResource'
2025-11-13 12:23:28.439 [restartedMain] DEBUG o.s.b.f.s.DefaultListableBeanFactory - Autowiring by type from bean name 'swaggerConfigResource' via factory method to bean named 'swaggerWelcome'
2025-11-13 12:23:28.440 [restartedMain] DEBUG o.s.b.f.s.DefaultListableBeanFactory - Creating shared instance of singleton bean 'org.springframework.boot.autoconfigure.aop.AopAutoConfiguration$AspectJAutoProxyingConfiguration$CglibAutoProxyConfiguration'
2025-11-13 12:23:28.441 [restartedMain] DEBUG o.s.b.f.s.DefaultListableBeanFactory - Creating shared instance of singleton bean 'org.springframework.boot.autoconfigure.aop.AopAutoConfiguration$AspectJAutoProxyingConfiguration'
2025-11-13 12:23:28.442 [restartedMain] DEBUG o.s.b.f.s.DefaultListableBeanFactory - Creating shared instance of singleton bean 'org.springframework.boot.autoconfigure.aop.AopAutoConfiguration'
2025-11-13 12:23:28.443 [restartedMain] DEBUG o.s.b.f.s.DefaultListableBeanFactory - Creating shared instance of singleton bean 'org.springframework.boot.autoconfigure.availability.ApplicationAvailabilityAutoConfiguration'
2025-11-13 12:23:28.443 [restartedMain] DEBUG o.s.b.f.s.DefaultListableBeanFactory - Creating shared instance of singleton bean 'applicationAvailability'
2025-11-13 12:23:28.449 [restartedMain] DEBUG o.s.b.f.s.DefaultListableBeanFactory - Creating shared instance of singleton bean 'org.springframework.boot.autoconfigure.transaction.jta.JtaAutoConfiguration'
2025-11-13 12:23:28.450 [restartedMain] DEBUG o.s.b.f.s.DefaultListableBeanFactory - Creating shared instance of singleton bean 'org.springframework.boot.autoconfigure.jdbc.DataSourceJmxConfiguration$Hikari'
2025-11-13 12:23:28.451 [restartedMain] DEBUG o.s.b.f.s.DefaultListableBeanFactory - Autowiring by type from bean name 'org.springframework.boot.autoconfigure.jdbc.DataSourceJmxConfiguration$Hikari' via constructor to bean named 'dataSource'
2025-11-13 12:23:28.453 [restartedMain] DEBUG o.s.b.f.s.DefaultListableBeanFactory - Creating shared instance of singleton bean 'org.springframework.boot.autoconfigure.jdbc.DataSourceJmxConfiguration'
2025-11-13 12:23:28.454 [restartedMain] DEBUG o.s.b.f.s.DefaultListableBeanFactory - Creating shared instance of singleton bean 'org.springframework.boot.autoconfigure.jdbc.metadata.DataSourcePoolMetadataProvidersConfiguration'
2025-11-13 12:23:28.455 [restartedMain] DEBUG o.s.b.f.s.DefaultListableBeanFactory - Creating shared instance of singleton bean 'org.springframework.boot.autoconfigure.jdbc.DataSourceAutoConfiguration'
2025-11-13 12:23:28.456 [restartedMain] DEBUG o.s.b.f.s.DefaultListableBeanFactory - Creating shared instance of singleton bean 'org.springframework.boot.autoconfigure.transaction.TransactionManagerCustomizationAutoConfiguration'
2025-11-13 12:23:28.456 [restartedMain] DEBUG o.s.b.f.s.DefaultListableBeanFactory - Creating shared instance of singleton bean 'platformTransactionManagerCustomizers'
2025-11-13 12:23:28.459 [restartedMain] DEBUG o.s.b.f.s.DefaultListableBeanFactory - Creating shared instance of singleton bean 'transactionExecutionListeners'
2025-11-13 12:23:28.466 [restartedMain] DEBUG o.s.b.f.s.DefaultListableBeanFactory - Creating shared instance of singleton bean 'spring.transaction-org.springframework.boot.autoconfigure.transaction.TransactionProperties'
2025-11-13 12:23:28.470 [restartedMain] DEBUG o.s.b.f.s.DefaultListableBeanFactory - Creating shared instance of singleton bean 'org.springframework.boot.autoconfigure.orm.jpa.JpaBaseConfiguration$PersistenceManagedTypesConfiguration'
2025-11-13 12:23:28.470 [restartedMain] DEBUG o.s.b.f.s.DefaultListableBeanFactory - Creating shared instance of singleton bean 'transactionManager'
2025-11-13 12:23:28.505 [restartedMain] DEBUG o.s.b.f.s.DefaultListableBeanFactory - Creating shared instance of singleton bean 'org.springframework.boot.autoconfigure.orm.jpa.HibernateJpaAutoConfiguration'
2025-11-13 12:23:28.505 [restartedMain] DEBUG o.s.b.f.s.DefaultListableBeanFactory - Creating shared instance of singleton bean 'org.springframework.boot.autoconfigure.context.ConfigurationPropertiesAutoConfiguration'
2025-11-13 12:23:28.506 [restartedMain] DEBUG o.s.b.f.s.DefaultListableBeanFactory - Creating shared instance of singleton bean 'org.springframework.boot.autoconfigure.context.LifecycleAutoConfiguration'
2025-11-13 12:23:28.506 [restartedMain] DEBUG o.s.b.f.s.DefaultListableBeanFactory - Creating shared instance of singleton bean 'lifecycleProcessor'
2025-11-13 12:23:28.507 [restartedMain] DEBUG o.s.b.f.s.DefaultListableBeanFactory - Creating shared instance of singleton bean 'spring.lifecycle-org.springframework.boot.autoconfigure.context.LifecycleProperties'
2025-11-13 12:23:28.515 [restartedMain] DEBUG o.s.b.f.s.DefaultListableBeanFactory - Autowiring by type from bean name 'lifecycleProcessor' via factory method to bean named 'spring.lifecycle-org.springframework.boot.autoconfigure.context.LifecycleProperties'
2025-11-13 12:23:28.520 [restartedMain] DEBUG o.s.b.f.s.DefaultListableBeanFactory - Creating shared instance of singleton bean 'org.springframework.boot.autoconfigure.dao.PersistenceExceptionTranslationAutoConfiguration'
2025-11-13 12:23:28.520 [restartedMain] DEBUG o.s.b.f.s.DefaultListableBeanFactory - Creating shared instance of singleton bean 'org.springframework.boot.autoconfigure.data.jpa.JpaRepositoriesAutoConfiguration'
2025-11-13 12:23:28.522 [restartedMain] DEBUG o.s.b.f.s.DefaultListableBeanFactory - Creating shared instance of singleton bean 'org.springframework.data.jpa.util.JpaMetamodelCacheCleanup'
2025-11-13 12:23:28.522 [restartedMain] DEBUG o.s.b.f.s.DefaultListableBeanFactory - Creating shared instance of singleton bean 'org.springframework.data.jpa.repository.support.JpaEvaluationContextExtension'
2025-11-13 12:23:28.526 [restartedMain] DEBUG o.s.b.f.s.DefaultListableBeanFactory - Creating shared instance of singleton bean 'jpa.named-queries#5'
2025-11-13 12:23:28.530 [restartedMain] DEBUG o.s.b.f.s.DefaultListableBeanFactory - Creating shared instance of singleton bean 'jpa.AutomationConfigRepository.fragments#0'
2025-11-13 12:23:28.530 [restartedMain] DEBUG o.s.b.f.s.DefaultListableBeanFactory - Creating shared instance of singleton bean 'automationConfigRepository'
2025-11-13 12:23:28.535 [restartedMain] DEBUG o.s.o.j.SharedEntityManagerCreator$SharedEntityManagerInvocationHandler - Creating new EntityManager for shared EntityManager invocation
2025-11-13 12:23:28.537 [restartedMain] DEBUG o.s.beans.CachedIntrospectionResults - Not strongly caching class [com.dailybrief.model.AutomationConfig] because it is not cache-safe
2025-11-13 12:23:28.540 [restartedMain] DEBUG o.s.d.r.c.s.RepositoryFactorySupport - Initializing repository instance for com.dailybrief.repository.AutomationConfigRepository…
2025-11-13 12:23:28.542 [restartedMain] DEBUG o.s.o.j.SharedEntityManagerCreator$SharedEntityManagerInvocationHandler - Creating new EntityManager for shared EntityManager invocation
2025-11-13 12:23:28.563 [restartedMain] DEBUG o.s.d.r.c.s.RepositoryFactorySupport - Finished creation of repository instance for com.dailybrief.repository.AutomationConfigRepository.
2025-11-13 12:23:28.567 [restartedMain] DEBUG o.s.b.f.s.DefaultListableBeanFactory - Creating shared instance of singleton bean 'jpa.named-queries#8'
2025-11-13 12:23:28.568 [restartedMain] DEBUG o.s.b.f.s.DefaultListableBeanFactory - Creating shared instance of singleton bean 'jpa.TrendingTopicSuggestionRepository.fragments#0'
2025-11-13 12:23:28.570 [restartedMain] DEBUG o.s.b.f.s.DefaultListableBeanFactory - Creating shared instance of singleton bean 'trendingTopicSuggestionRepository'
2025-11-13 12:23:28.575 [restartedMain] DEBUG o.s.o.j.SharedEntityManagerCreator$SharedEntityManagerInvocationHandler - Creating new EntityManager for shared EntityManager invocation
2025-11-13 12:23:28.579 [restartedMain] DEBUG o.s.beans.CachedIntrospectionResults - Not strongly caching class [com.dailybrief.model.TrendingTopicSuggestion] because it is not cache-safe
2025-11-13 12:23:28.606 [restartedMain] DEBUG o.s.d.r.c.s.RepositoryFactorySupport - Initializing repository instance for com.dailybrief.repository.TrendingTopicSuggestionRepository…
2025-11-13 12:23:28.610 [restartedMain] DEBUG o.s.o.j.SharedEntityManagerCreator$SharedEntityManagerInvocationHandler - Creating new EntityManager for shared EntityManager invocation
2025-11-13 12:23:28.616 [restartedMain] DEBUG o.s.d.j.repository.query.NamedQuery - Looking up named query 'TrendingTopicSuggestion.findByTopicName'
2025-11-13 12:23:28.618 [restartedMain] DEBUG o.s.d.j.repository.query.NamedQuery - Did not find named query TrendingTopicSuggestion.findByTopicName
2025-11-13 12:23:28.618 [restartedMain] DEBUG o.s.o.j.SharedEntityManagerCreator$SharedEntityManagerInvocationHandler - Creating new EntityManager for shared EntityManager invocation
2025-11-13 12:23:28.624 [restartedMain] DEBUG o.s.d.j.repository.query.NamedQuery - Looking up named query 'TrendingTopicSuggestion.findByStatus'
2025-11-13 12:23:28.626 [restartedMain] DEBUG o.s.d.j.repository.query.NamedQuery - Did not find named query TrendingTopicSuggestion.findByStatus
2025-11-13 12:23:28.626 [restartedMain] DEBUG o.s.o.j.SharedEntityManagerCreator$SharedEntityManagerInvocationHandler - Creating new EntityManager for shared EntityManager invocation
2025-11-13 12:23:28.641 [restartedMain] DEBUG o.s.d.r.c.s.RepositoryFactorySupport - Finished creation of repository instance for com.dailybrief.repository.TrendingTopicSuggestionRepository.
2025-11-13 12:23:28.643 [restartedMain] DEBUG o.s.b.f.s.DefaultListableBeanFactory - Creating shared instance of singleton bean 'data-jpa.repository-aot-processor#0'
2025-11-13 12:23:28.656 [restartedMain] DEBUG o.s.b.f.s.DefaultListableBeanFactory - Creating shared instance of singleton bean 'org.springframework.boot.autoconfigure.http.JacksonHttpMessageConvertersConfiguration'
2025-11-13 12:23:28.656 [restartedMain] DEBUG o.s.b.f.s.DefaultListableBeanFactory - Creating shared instance of singleton bean 'org.springframework.data.web.config.ProjectingArgumentResolverRegistrar'
2025-11-13 12:23:28.658 [restartedMain] DEBUG o.s.b.f.s.DefaultListableBeanFactory - Creating shared instance of singleton bean 'offsetResolver'
2025-11-13 12:23:28.664 [restartedMain] DEBUG o.s.b.f.s.DefaultListableBeanFactory - Creating shared instance of singleton bean 'org.springframework.boot.autoconfigure.jdbc.JdbcTemplateConfiguration'
2025-11-13 12:23:28.664 [restartedMain] DEBUG o.s.b.f.s.DefaultListableBeanFactory - Creating shared instance of singleton bean 'jdbcTemplate'
2025-11-13 12:23:28.666 [restartedMain] DEBUG o.s.b.f.s.DefaultListableBeanFactory - Creating shared instance of singleton bean 'spring.jdbc-org.springframework.boot.autoconfigure.jdbc.JdbcProperties'
2025-11-13 12:23:28.671 [restartedMain] DEBUG o.s.b.f.s.DefaultListableBeanFactory - Autowiring by type from bean name 'jdbcTemplate' via factory method to bean named 'dataSource'
2025-11-13 12:23:28.671 [restartedMain] DEBUG o.s.b.f.s.DefaultListableBeanFactory - Autowiring by type from bean name 'jdbcTemplate' via factory method to bean named 'spring.jdbc-org.springframework.boot.autoconfigure.jdbc.JdbcProperties'
2025-11-13 12:23:28.696 [restartedMain] DEBUG o.s.b.f.s.DefaultListableBeanFactory - Creating shared instance of singleton bean 'org.springframework.boot.autoconfigure.jdbc.NamedParameterJdbcTemplateConfiguration'
2025-11-13 12:23:28.698 [restartedMain] DEBUG o.s.b.f.s.DefaultListableBeanFactory - Creating shared instance of singleton bean 'namedParameterJdbcTemplate'
2025-11-13 12:23:28.698 [restartedMain] DEBUG o.s.b.f.s.DefaultListableBeanFactory - Autowiring by type from bean name 'namedParameterJdbcTemplate' via factory method to bean named 'jdbcTemplate'
2025-11-13 12:23:28.715 [restartedMain] DEBUG o.s.b.f.s.DefaultListableBeanFactory - Creating shared instance of singleton bean 'org.springframework.boot.autoconfigure.jdbc.JdbcTemplateAutoConfiguration'
2025-11-13 12:23:28.717 [restartedMain] DEBUG o.s.b.f.s.DefaultListableBeanFactory - Creating shared instance of singleton bean 'flywayDefaultDdlModeProvider'
2025-11-13 12:23:28.722 [restartedMain] DEBUG o.s.b.f.s.DefaultListableBeanFactory - Creating shared instance of singleton bean 'org.springframework.boot.autoconfigure.http.client.HttpClientAutoConfiguration'
2025-11-13 12:23:28.722 [restartedMain] DEBUG o.s.b.f.s.DefaultListableBeanFactory - Creating shared instance of singleton bean 'clientHttpRequestFactoryBuilder'
2025-11-13 12:23:28.726 [restartedMain] DEBUG o.s.b.f.s.DefaultListableBeanFactory - Creating shared instance of singleton bean 'spring.http.client-org.springframework.boot.autoconfigure.http.client.HttpClientProperties'
2025-11-13 12:23:28.732 [restartedMain] DEBUG o.s.b.f.s.DefaultListableBeanFactory - Autowiring by type from bean name 'clientHttpRequestFactoryBuilder' via factory method to bean named 'spring.http.client-org.springframework.boot.autoconfigure.http.client.HttpClientProperties'
2025-11-13 12:23:28.787 [restartedMain] DEBUG o.s.b.f.s.DefaultListableBeanFactory - Creating shared instance of singleton bean 'clientHttpRequestFactorySettings'
2025-11-13 12:23:28.787 [restartedMain] DEBUG o.s.b.f.s.DefaultListableBeanFactory - Autowiring by type from bean name 'clientHttpRequestFactorySettings' via factory method to bean named 'spring.http.client-org.springframework.boot.autoconfigure.http.client.HttpClientProperties'
2025-11-13 12:23:28.792 [restartedMain] DEBUG o.s.b.f.s.DefaultListableBeanFactory - Creating shared instance of singleton bean 'org.springframework.boot.autoconfigure.info.ProjectInfoAutoConfiguration'
2025-11-13 12:23:28.800 [restartedMain] DEBUG o.s.b.f.s.DefaultListableBeanFactory - Creating shared instance of singleton bean 'spring.info-org.springframework.boot.autoconfigure.info.ProjectInfoProperties'
2025-11-13 12:23:28.803 [restartedMain] DEBUG o.s.b.f.s.DefaultListableBeanFactory - Autowiring by type from bean name 'org.springframework.boot.autoconfigure.info.ProjectInfoAutoConfiguration' via constructor to bean named 'spring.info-org.springframework.boot.autoconfigure.info.ProjectInfoProperties'
2025-11-13 12:23:28.805 [restartedMain] DEBUG o.s.b.f.s.DefaultListableBeanFactory - Creating shared instance of singleton bean 'org.springframework.boot.autoconfigure.jdbc.JdbcClientAutoConfiguration'
2025-11-13 12:23:28.807 [restartedMain] DEBUG o.s.b.f.s.DefaultListableBeanFactory - Creating shared instance of singleton bean 'jdbcClient'
2025-11-13 12:23:28.809 [restartedMain] DEBUG o.s.b.f.s.DefaultListableBeanFactory - Autowiring by type from bean name 'jdbcClient' via factory method to bean named 'namedParameterJdbcTemplate'
2025-11-13 12:23:28.817 [restartedMain] DEBUG o.s.b.f.s.DefaultListableBeanFactory - Creating shared instance of singleton bean 'org.springframework.boot.autoconfigure.netty.NettyAutoConfiguration'
2025-11-13 12:23:28.820 [restartedMain] DEBUG o.s.b.f.s.DefaultListableBeanFactory - Creating shared instance of singleton bean 'spring.netty-org.springframework.boot.autoconfigure.netty.NettyProperties'
2025-11-13 12:23:28.823 [restartedMain] DEBUG o.s.b.f.s.DefaultListableBeanFactory - Autowiring by type from bean name 'org.springframework.boot.autoconfigure.netty.NettyAutoConfiguration' via constructor to bean named 'spring.netty-org.springframework.boot.autoconfigure.netty.NettyProperties'
2025-11-13 12:23:28.826 [restartedMain] DEBUG o.s.b.f.s.DefaultListableBeanFactory - Creating shared instance of singleton bean 'org.springframework.boot.autoconfigure.reactor.ReactorAutoConfiguration'
2025-11-13 12:23:28.828 [restartedMain] DEBUG o.s.b.f.s.DefaultListableBeanFactory - Creating shared instance of singleton bean 'spring.reactor-org.springframework.boot.autoconfigure.reactor.ReactorProperties'
2025-11-13 12:23:28.834 [restartedMain] DEBUG o.s.b.f.s.DefaultListableBeanFactory - Autowiring by type from bean name 'org.springframework.boot.autoconfigure.reactor.ReactorAutoConfiguration' via constructor to bean named 'spring.reactor-org.springframework.boot.autoconfigure.reactor.ReactorProperties'
2025-11-13 12:23:28.834 [restartedMain] DEBUG o.s.b.f.s.DefaultListableBeanFactory - Creating shared instance of singleton bean 'org.springframework.boot.autoconfigure.security.reactive.ReactiveSecurityAutoConfiguration'
2025-11-13 12:23:28.834 [restartedMain] DEBUG o.s.b.f.s.DefaultListableBeanFactory - Creating shared instance of singleton bean 'org.springframework.boot.autoconfigure.security.servlet.SpringBootWebSecurityConfiguration'
2025-11-13 12:23:28.836 [restartedMain] DEBUG o.s.b.f.s.DefaultListableBeanFactory - Creating shared instance of singleton bean 'org.springframework.boot.autoconfigure.sql.init.SqlInitializationAutoConfiguration'
2025-11-13 12:23:28.838 [restartedMain] DEBUG o.s.b.f.s.DefaultListableBeanFactory - Creating shared instance of singleton bean 'org.springframework.boot.autoconfigure.task.TaskSchedulingConfigurations$ThreadPoolTaskSchedulerBuilderConfiguration'
2025-11-13 12:23:28.838 [restartedMain] DEBUG o.s.b.f.s.DefaultListableBeanFactory - Creating shared instance of singleton bean 'threadPoolTaskSchedulerBuilder'
2025-11-13 12:23:28.841 [restartedMain] DEBUG o.s.b.f.s.DefaultListableBeanFactory - Creating shared instance of singleton bean 'spring.task.scheduling-org.springframework.boot.autoconfigure.task.TaskSchedulingProperties'
2025-11-13 12:23:28.847 [restartedMain] DEBUG o.s.b.f.s.DefaultListableBeanFactory - Autowiring by type from bean name 'threadPoolTaskSchedulerBuilder' via factory method to bean named 'spring.task.scheduling-org.springframework.boot.autoconfigure.task.TaskSchedulingProperties'
2025-11-13 12:23:28.851 [restartedMain] DEBUG o.s.b.f.s.DefaultListableBeanFactory - Creating shared instance of singleton bean 'org.springframework.boot.autoconfigure.task.TaskSchedulingConfigurations$SimpleAsyncTaskSchedulerBuilderConfiguration'
2025-11-13 12:23:28.853 [restartedMain] DEBUG o.s.b.f.s.DefaultListableBeanFactory - Autowiring by type from bean name 'org.springframework.boot.autoconfigure.task.TaskSchedulingConfigurations$SimpleAsyncTaskSchedulerBuilderConfiguration' via constructor to bean named 'spring.task.scheduling-org.springframework.boot.autoconfigure.task.TaskSchedulingProperties'
2025-11-13 12:23:28.855 [restartedMain] DEBUG o.s.b.f.s.DefaultListableBeanFactory - Creating shared instance of singleton bean 'simpleAsyncTaskSchedulerBuilder'
2025-11-13 12:23:28.867 [restartedMain] DEBUG o.s.b.f.s.DefaultListableBeanFactory - Creating shared instance of singleton bean 'org.springframework.boot.autoconfigure.task.TaskSchedulingAutoConfiguration'
2025-11-13 12:23:28.872 [restartedMain] DEBUG o.s.b.f.s.DefaultListableBeanFactory - Creating shared instance of singleton bean 'org.springframework.boot.autoconfigure.jdbc.DataSourceTransactionManagerAutoConfiguration$JdbcTransactionManagerConfiguration'
2025-11-13 12:23:28.876 [restartedMain] DEBUG o.s.b.f.s.DefaultListableBeanFactory - Creating shared instance of singleton bean 'org.springframework.boot.autoconfigure.jdbc.DataSourceTransactionManagerAutoConfiguration'
2025-11-13 12:23:28.878 [restartedMain] DEBUG o.s.b.f.s.DefaultListableBeanFactory - Creating shared instance of singleton bean 'org.springframework.boot.autoconfigure.transaction.TransactionAutoConfiguration$EnableTransactionManagementConfiguration$CglibAutoProxyConfiguration'
2025-11-13 12:23:28.884 [restartedMain] DEBUG o.s.b.f.s.DefaultListableBeanFactory - Creating shared instance of singleton bean 'org.springframework.boot.autoconfigure.transaction.TransactionAutoConfiguration$EnableTransactionManagementConfiguration'
2025-11-13 12:23:28.890 [restartedMain] DEBUG o.s.b.f.s.DefaultListableBeanFactory - Creating shared instance of singleton bean 'org.springframework.boot.autoconfigure.transaction.TransactionAutoConfiguration$TransactionTemplateConfiguration'
2025-11-13 12:23:28.891 [restartedMain] DEBUG o.s.b.f.s.DefaultListableBeanFactory - Creating shared instance of singleton bean 'transactionTemplate'
2025-11-13 12:23:28.892 [restartedMain] DEBUG o.s.b.f.s.DefaultListableBeanFactory - Autowiring by type from bean name 'transactionTemplate' via factory method to bean named 'transactionManager'
2025-11-13 12:23:28.898 [restartedMain] DEBUG o.s.b.f.s.DefaultListableBeanFactory - Creating shared instance of singleton bean 'org.springframework.boot.autoconfigure.transaction.TransactionAutoConfiguration'
2025-11-13 12:23:28.902 [restartedMain] DEBUG o.s.b.f.s.DefaultListableBeanFactory - Creating shared instance of singleton bean 'org.springframework.boot.autoconfigure.web.client.RestClientAutoConfiguration'
2025-11-13 12:23:28.902 [restartedMain] DEBUG o.s.b.f.s.DefaultListableBeanFactory - Creating shared instance of singleton bean 'httpMessageConvertersRestClientCustomizer'
2025-11-13 12:23:28.905 [restartedMain] DEBUG o.s.b.f.s.DefaultListableBeanFactory - Creating shared instance of singleton bean 'restClientSsl'
2025-11-13 12:23:28.907 [restartedMain] DEBUG o.s.b.f.s.DefaultListableBeanFactory - Autowiring by type from bean name 'restClientSsl' via factory method to bean named 'sslBundleRegistry'
2025-11-13 12:23:28.909 [restartedMain] DEBUG o.s.b.f.s.DefaultListableBeanFactory - Creating shared instance of singleton bean 'restClientBuilderConfigurer'
2025-11-13 12:23:28.915 [restartedMain] DEBUG o.s.b.f.s.DefaultListableBeanFactory - Creating shared instance of singleton bean 'org.springframework.boot.autoconfigure.web.client.RestTemplateAutoConfiguration'
2025-11-13 12:23:28.922 [restartedMain] DEBUG o.s.b.f.s.DefaultListableBeanFactory - Creating shared instance of singleton bean 'org.springframework.boot.autoconfigure.web.embedded.EmbeddedWebServerFactoryCustomizerAutoConfiguration'
2025-11-13 12:23:28.923 [restartedMain] DEBUG o.s.b.f.s.DefaultListableBeanFactory - Creating shared instance of singleton bean 'org.springframework.boot.autoconfigure.reactor.netty.ReactorNettyConfigurations$ReactorResourceFactoryConfiguration'
2025-11-13 12:23:28.924 [restartedMain] DEBUG o.s.b.f.s.DefaultListableBeanFactory - Creating shared instance of singleton bean 'reactorResourceFactory'
2025-11-13 12:23:28.925 [restartedMain] DEBUG o.s.b.f.s.DefaultListableBeanFactory - Creating shared instance of singleton bean 'spring.reactor.netty-org.springframework.boot.autoconfigure.reactor.netty.ReactorNettyProperties'
2025-11-13 12:23:28.930 [restartedMain] DEBUG o.s.b.f.s.DefaultListableBeanFactory - Autowiring by type from bean name 'reactorResourceFactory' via factory method to bean named 'spring.reactor.netty-org.springframework.boot.autoconfigure.reactor.netty.ReactorNettyProperties'
2025-11-13 12:23:28.934 [restartedMain] DEBUG o.s.b.f.s.DefaultListableBeanFactory - Creating shared instance of singleton bean 'org.springframework.boot.autoconfigure.web.reactive.function.client.ClientHttpConnectorFactoryConfiguration$ReactorNetty'
2025-11-13 12:23:28.936 [restartedMain] DEBUG o.s.b.f.s.DefaultListableBeanFactory - Creating shared instance of singleton bean 'reactorClientHttpConnectorFactory'
2025-11-13 12:23:28.938 [restartedMain] DEBUG o.s.b.f.s.DefaultListableBeanFactory - Autowiring by type from bean name 'reactorClientHttpConnectorFactory' via factory method to bean named 'reactorResourceFactory'
2025-11-13 12:23:28.941 [restartedMain] DEBUG o.s.b.f.s.DefaultListableBeanFactory - Creating shared instance of singleton bean 'org.springframework.boot.autoconfigure.web.reactive.function.client.ClientHttpConnectorAutoConfiguration'
2025-11-13 12:23:28.941 [restartedMain] DEBUG o.s.b.f.s.DefaultListableBeanFactory - Creating shared instance of singleton bean 'org.springframework.boot.autoconfigure.web.reactive.function.client.WebClientAutoConfiguration$WebClientCodecsConfiguration'
2025-11-13 12:23:28.942 [restartedMain] DEBUG o.s.b.f.s.DefaultListableBeanFactory - Creating shared instance of singleton bean 'exchangeStrategiesCustomizer'
2025-11-13 12:23:28.947 [restartedMain] DEBUG o.s.b.f.s.DefaultListableBeanFactory - Creating shared instance of singleton bean 'org.springframework.boot.autoconfigure.web.reactive.function.client.WebClientAutoConfiguration'
2025-11-13 12:23:28.948 [restartedMain] DEBUG o.s.b.f.s.DefaultListableBeanFactory - Creating shared instance of singleton bean 'webClientSsl'
2025-11-13 12:23:28.951 [restartedMain] DEBUG o.s.b.f.s.DefaultListableBeanFactory - Autowiring by type from bean name 'webClientSsl' via factory method to bean named 'reactorClientHttpConnectorFactory'
2025-11-13 12:23:28.951 [restartedMain] DEBUG o.s.b.f.s.DefaultListableBeanFactory - Autowiring by type from bean name 'webClientSsl' via factory method to bean named 'sslBundleRegistry'
2025-11-13 12:23:28.952 [restartedMain] DEBUG o.s.b.f.s.DefaultListableBeanFactory - Creating shared instance of singleton bean 'multipartResolver'
2025-11-13 12:23:28.954 [restartedMain] DEBUG o.s.b.f.s.DefaultListableBeanFactory - Creating shared instance of singleton bean 'org.springframework.boot.devtools.autoconfigure.LocalDevToolsAutoConfiguration$RestartConfiguration'
2025-11-13 12:23:28.955 [restartedMain] DEBUG o.s.b.f.s.DefaultListableBeanFactory - Creating shared instance of singleton bean 'spring.devtools-org.springframework.boot.devtools.autoconfigure.DevToolsProperties'
2025-11-13 12:23:28.958 [restartedMain] DEBUG o.s.b.f.s.DefaultListableBeanFactory - Autowiring by type from bean name 'org.springframework.boot.devtools.autoconfigure.LocalDevToolsAutoConfiguration$RestartConfiguration' via constructor to bean named 'spring.devtools-org.springframework.boot.devtools.autoconfigure.DevToolsProperties'
2025-11-13 12:23:28.959 [restartedMain] DEBUG o.s.b.f.s.DefaultListableBeanFactory - Creating shared instance of singleton bean 'restartingClassPathChangedEventListener'
2025-11-13 12:23:28.959 [restartedMain] DEBUG o.s.b.f.s.DefaultListableBeanFactory - Creating shared instance of singleton bean 'fileSystemWatcherFactory'
2025-11-13 12:23:28.961 [restartedMain] DEBUG o.s.b.f.s.DefaultListableBeanFactory - Autowiring by type from bean name 'restartingClassPathChangedEventListener' via factory method to bean named 'fileSystemWatcherFactory'
2025-11-13 12:23:28.966 [restartedMain] DEBUG o.s.b.f.s.DefaultListableBeanFactory - Creating shared instance of singleton bean 'classPathFileSystemWatcher'
2025-11-13 12:23:28.967 [restartedMain] DEBUG o.s.b.f.s.DefaultListableBeanFactory - Creating shared instance of singleton bean 'classPathRestartStrategy'
2025-11-13 12:23:28.969 [restartedMain] DEBUG o.s.b.f.s.DefaultListableBeanFactory - Autowiring by type from bean name 'classPathFileSystemWatcher' via factory method to bean named 'fileSystemWatcherFactory'
2025-11-13 12:23:28.969 [restartedMain] DEBUG o.s.b.f.s.DefaultListableBeanFactory - Autowiring by type from bean name 'classPathFileSystemWatcher' via factory method to bean named 'classPathRestartStrategy'
2025-11-13 12:23:29.023 [restartedMain] DEBUG o.s.b.f.s.DefaultListableBeanFactory - Creating shared instance of singleton bean 'conditionEvaluationDeltaLoggingListener'
2025-11-13 12:23:29.024 [restartedMain] DEBUG o.s.b.f.s.DefaultListableBeanFactory - Creating shared instance of singleton bean 'org.springframework.boot.devtools.autoconfigure.LocalDevToolsAutoConfiguration$LiveReloadConfiguration'
2025-11-13 12:23:29.025 [restartedMain] DEBUG o.s.b.f.s.DefaultListableBeanFactory - Creating shared instance of singleton bean 'optionalLiveReloadServer'
2025-11-13 12:23:29.026 [restartedMain] DEBUG o.s.b.f.s.DefaultListableBeanFactory - Autowiring by type from bean name 'liveReloadServer' via factory method to bean named 'spring.devtools-org.springframework.boot.devtools.autoconfigure.DevToolsProperties'
2025-11-13 12:23:29.029 [restartedMain] DEBUG o.s.b.f.s.DefaultListableBeanFactory - Autowiring by type from bean name 'optionalLiveReloadServer' via factory method to bean named 'liveReloadServer'
2025-11-13 12:23:29.031 [restartedMain] DEBUG o.s.b.d.livereload.LiveReloadServer - Starting live reload server on port 35729
2025-11-13 12:23:29.034 [restartedMain] INFO  o.s.b.d.a.OptionalLiveReloadServer - LiveReload server is running on port 35729
2025-11-13 12:23:29.034 [restartedMain] DEBUG o.s.b.f.s.DefaultListableBeanFactory - Creating shared instance of singleton bean 'liveReloadServerEventListener'
2025-11-13 12:23:29.035 [restartedMain] DEBUG o.s.b.f.s.DefaultListableBeanFactory - Autowiring by type from bean name 'liveReloadServerEventListener' via factory method to bean named 'optionalLiveReloadServer'
2025-11-13 12:23:29.036 [restartedMain] DEBUG o.s.b.f.s.DefaultListableBeanFactory - Creating shared instance of singleton bean 'org.springframework.boot.devtools.autoconfigure.LocalDevToolsAutoConfiguration'
2025-11-13 12:23:29.088 [restartedMain] DEBUG o.s.c.s.DefaultLifecycleProcessor - Starting beans in phase -2147483647
2025-11-13 12:23:29.088 [restartedMain] DEBUG o.s.c.s.DefaultLifecycleProcessor - Successfully started bean 'springBootLoggingLifecycle'
2025-11-13 12:23:29.088 [restartedMain] DEBUG o.s.c.s.DefaultLifecycleProcessor - Starting beans in phase 0
2025-11-13 12:23:29.104 [restartedMain] DEBUG o.s.c.s.DefaultLifecycleProcessor - Successfully started bean 'reactorResourceFactory'
2025-11-13 12:23:29.104 [restartedMain] DEBUG o.s.c.s.DefaultLifecycleProcessor - Starting beans in phase 1073741823
2025-11-13 12:23:29.104 [restartedMain] DEBUG o.s.c.s.DefaultLifecycleProcessor - Starting beans in phase 2147481599
2025-11-13 12:23:29.104 [restartedMain] INFO  o.a.coyote.http11.Http11NioProtocol - Starting ProtocolHandler ["http-nio-8080"]
2025-11-13 12:23:29.155 [restartedMain] INFO  o.s.b.w.e.tomcat.TomcatWebServer - Tomcat started on port 8080 (http) with context path '/'
2025-11-13 12:23:29.158 [restartedMain] DEBUG o.s.c.s.DefaultLifecycleProcessor - Successfully started bean 'webServerStartStop'
2025-11-13 12:23:29.158 [restartedMain] DEBUG o.s.c.s.DefaultLifecycleProcessor - Starting beans in phase 2147482623
2025-11-13 12:23:29.158 [restartedMain] DEBUG o.s.c.s.DefaultLifecycleProcessor - Successfully started bean 'webServerGracefulShutdown'
2025-11-13 12:23:29.188 [restartedMain] DEBUG o.s.b.a.l.ConditionEvaluationReportLogger - 


============================
CONDITIONS EVALUATION REPORT
============================


Positive matches:
-----------------

   AopAutoConfiguration matched:
      - @ConditionalOnProperty (spring.aop.auto=true) matched (OnPropertyCondition)

   AopAutoConfiguration.AspectJAutoProxyingConfiguration matched:
      - @ConditionalOnClass found required class 'org.aspectj.weaver.Advice' (OnClassCondition)

   AopAutoConfiguration.AspectJAutoProxyingConfiguration.CglibAutoProxyConfiguration matched:
      - @ConditionalOnProperty (spring.aop.proxy-target-class=true) matched (OnPropertyCondition)

   ApplicationAvailabilityAutoConfiguration#applicationAvailability matched:
      - @ConditionalOnMissingBean (types: org.springframework.boot.availability.ApplicationAvailability; SearchStrategy: all) did not find any beans (OnBeanCondition)

   ClientHttpConnectorAutoConfiguration matched:
      - @ConditionalOnClass found required class 'org.springframework.web.reactive.function.client.WebClient' (OnClassCondition)

   ClientHttpConnectorAutoConfiguration#webClientHttpConnector matched:
      - @ConditionalOnMissingBean (types: org.springframework.http.client.reactive.ClientHttpConnector; SearchStrategy: all) did not find any beans (OnBeanCondition)

   ClientHttpConnectorAutoConfiguration#webClientHttpConnectorCustomizer matched:
      - @ConditionalOnBean (types: org.springframework.http.client.reactive.ClientHttpConnector; SearchStrategy: all) found bean 'webClientHttpConnector' (OnBeanCondition)

   ClientHttpConnectorFactoryConfiguration.ReactorNetty matched:
      - @ConditionalOnClass found required class 'reactor.netty.http.client.HttpClient' (OnClassCondition)
      - @ConditionalOnMissingBean (types: org.springframework.boot.autoconfigure.web.reactive.function.client.ClientHttpConnectorFactory; SearchStrategy: all) did not find any beans (OnBeanCondition)

   CodecsAutoConfiguration matched:
      - @ConditionalOnClass found required classes 'org.springframework.http.codec.CodecConfigurer', 'org.springframework.web.reactive.function.client.WebClient' (OnClassCondition)

   CodecsAutoConfiguration.JacksonCodecConfiguration matched:
      - @ConditionalOnClass found required class 'com.fasterxml.jackson.databind.ObjectMapper' (OnClassCondition)

   CodecsAutoConfiguration.JacksonCodecConfiguration#jacksonCodecCustomizer matched:
      - @ConditionalOnBean (types: com.fasterxml.jackson.databind.ObjectMapper; SearchStrategy: all) found bean 'jacksonObjectMapper' (OnBeanCondition)

   DataSourceAutoConfiguration matched:
      - @ConditionalOnClass found required classes 'javax.sql.DataSource', 'org.springframework.jdbc.datasource.embedded.EmbeddedDatabaseType' (OnClassCondition)
      - @ConditionalOnMissingBean (types: io.r2dbc.spi.ConnectionFactory; SearchStrategy: all) did not find any beans (OnBeanCondition)

   DataSourceAutoConfiguration.PooledDataSourceConfiguration matched:
      - AnyNestedCondition 1 matched 1 did not; NestedCondition on DataSourceAutoConfiguration.PooledDataSourceCondition.PooledDataSourceAvailable PooledDataSource found supported DataSource; NestedCondition on DataSourceAutoConfiguration.PooledDataSourceCondition.ExplicitType @ConditionalOnProperty (spring.datasource.type) did not find property 'type' (DataSourceAutoConfiguration.PooledDataSourceCondition)
      - @ConditionalOnMissingBean (types: javax.sql.DataSource,javax.sql.XADataSource; SearchStrategy: all) did not find any beans (OnBeanCondition)

   DataSourceAutoConfiguration.PooledDataSourceConfiguration#jdbcConnectionDetails matched:
      - @ConditionalOnMissingBean (types: org.springframework.boot.autoconfigure.jdbc.JdbcConnectionDetails; SearchStrategy: all) did not find any beans (OnBeanCondition)

   DataSourceConfiguration.Hikari matched:
      - @ConditionalOnClass found required class 'com.zaxxer.hikari.HikariDataSource' (OnClassCondition)
      - @ConditionalOnProperty (spring.datasource.type=com.zaxxer.hikari.HikariDataSource) matched (OnPropertyCondition)
      - @ConditionalOnMissingBean (types: javax.sql.DataSource; SearchStrategy: all) did not find any beans (OnBeanCondition)

   DataSourceInitializationConfiguration matched:
      - @ConditionalOnClass found required class 'org.springframework.jdbc.datasource.init.DatabasePopulator' (OnClassCondition)
      - @ConditionalOnSingleCandidate (types: javax.sql.DataSource; SearchStrategy: all) found a single bean 'dataSource'; @ConditionalOnMissingBean (types: org.springframework.boot.autoconfigure.sql.init.SqlDataSourceScriptDatabaseInitializer,org.springframework.boot.autoconfigure.sql.init.SqlR2dbcScriptDatabaseInitializer; SearchStrategy: all) did not find any beans (OnBeanCondition)

   DataSourceJmxConfiguration matched:
      - @ConditionalOnProperty (spring.jmx.enabled=true) matched (OnPropertyCondition)

   DataSourceJmxConfiguration.Hikari matched:
      - @ConditionalOnClass found required class 'com.zaxxer.hikari.HikariDataSource' (OnClassCondition)
      - @ConditionalOnSingleCandidate (types: javax.sql.DataSource; SearchStrategy: all) found a single bean 'dataSource' (OnBeanCondition)

   DataSourcePoolMetadataProvidersConfiguration.HikariPoolDataSourceMetadataProviderConfiguration matched:
      - @ConditionalOnClass found required class 'com.zaxxer.hikari.HikariDataSource' (OnClassCondition)

   DataSourceTransactionManagerAutoConfiguration matched:
      - @ConditionalOnClass found required classes 'javax.sql.DataSource', 'org.springframework.jdbc.core.JdbcTemplate', 'org.springframework.transaction.TransactionManager' (OnClassCondition)

   DataSourceTransactionManagerAutoConfiguration.JdbcTransactionManagerConfiguration matched:
      - @ConditionalOnSingleCandidate (types: javax.sql.DataSource; SearchStrategy: all) found a single bean 'dataSource' (OnBeanCondition)

   DevToolsDataSourceAutoConfiguration matched:
      - @ConditionalOnClass found required class 'javax.sql.DataSource' (OnClassCondition)
      - Devtools devtools enabled. (OnEnabledDevToolsCondition)
      - DevTools DataSource Condition found auto-configured DataSource (DevToolsDataSourceAutoConfiguration.DevToolsDataSourceCondition)

   DevToolsDataSourceAutoConfiguration.DatabaseShutdownExecutorEntityManagerFactoryDependsOnPostProcessor matched:
      - @ConditionalOnClass found required class 'org.springframework.orm.jpa.LocalContainerEntityManagerFactoryBean' (OnClassCondition)
      - @ConditionalOnBean (types: org.springframework.orm.jpa.AbstractEntityManagerFactoryBean; SearchStrategy: all) found bean '&entityManagerFactory' (OnBeanCondition)

   DispatcherServletAutoConfiguration matched:
      - @ConditionalOnClass found required class 'org.springframework.web.servlet.DispatcherServlet' (OnClassCondition)
      - found 'session' scope (OnWebApplicationCondition)

   DispatcherServletAutoConfiguration.DispatcherServletConfiguration matched:
      - @ConditionalOnClass found required class 'jakarta.servlet.ServletRegistration' (OnClassCondition)
      - Default DispatcherServlet did not find dispatcher servlet beans (DispatcherServletAutoConfiguration.DefaultDispatcherServletCondition)

   DispatcherServletAutoConfiguration.DispatcherServletRegistrationConfiguration matched:
      - @ConditionalOnClass found required class 'jakarta.servlet.ServletRegistration' (OnClassCondition)
      - DispatcherServlet Registration did not find servlet registration bean (DispatcherServletAutoConfiguration.DispatcherServletRegistrationCondition)

   DispatcherServletAutoConfiguration.DispatcherServletRegistrationConfiguration#dispatcherServletRegistration matched:
      - @ConditionalOnBean (names: dispatcherServlet types: org.springframework.web.servlet.DispatcherServlet; SearchStrategy: all) found bean 'dispatcherServlet' (OnBeanCondition)

   EmbeddedWebServerFactoryCustomizerAutoConfiguration matched:
      - @ConditionalOnWebApplication (required) found 'session' scope (OnWebApplicationCondition)
      - @ConditionalOnWarDeployment the application is not deployed as a WAR file. (OnWarDeploymentCondition)

   EmbeddedWebServerFactoryCustomizerAutoConfiguration.NettyWebServerFactoryCustomizerConfiguration matched:
      - @ConditionalOnClass found required class 'reactor.netty.http.server.HttpServer' (OnClassCondition)

   EmbeddedWebServerFactoryCustomizerAutoConfiguration.TomcatWebServerFactoryCustomizerConfiguration matched:
      - @ConditionalOnClass found required classes 'org.apache.catalina.startup.Tomcat', 'org.apache.coyote.UpgradeProtocol' (OnClassCondition)

   ErrorMvcAutoConfiguration matched:
      - @ConditionalOnClass found required classes 'jakarta.servlet.Servlet', 'org.springframework.web.servlet.DispatcherServlet' (OnClassCondition)
      - found 'session' scope (OnWebApplicationCondition)

   ErrorMvcAutoConfiguration#basicErrorController matched:
      - @ConditionalOnMissingBean (types: org.springframework.boot.web.servlet.error.ErrorController; SearchStrategy: current) did not find any beans (OnBeanCondition)

   ErrorMvcAutoConfiguration#errorAttributes matched:
      - @ConditionalOnMissingBean (types: org.springframework.boot.web.servlet.error.ErrorAttributes; SearchStrategy: current) did not find any beans (OnBeanCondition)

   ErrorMvcAutoConfiguration.DefaultErrorViewResolverConfiguration#conventionErrorViewResolver matched:
      - @ConditionalOnBean (types: org.springframework.web.servlet.DispatcherServlet; SearchStrategy: all) found bean 'dispatcherServlet'; @ConditionalOnMissingBean (types: org.springframework.boot.autoconfigure.web.servlet.error.ErrorViewResolver; SearchStrategy: all) did not find any beans (OnBeanCondition)

   ErrorMvcAutoConfiguration.WhitelabelErrorViewConfiguration matched:
      - @ConditionalOnProperty (server.error.whitelabel.enabled) matched (OnPropertyCondition)
      - ErrorTemplate Missing did not find error template view (ErrorMvcAutoConfiguration.ErrorTemplateMissingCondition)

   ErrorMvcAutoConfiguration.WhitelabelErrorViewConfiguration#beanNameViewResolver matched:
      - @ConditionalOnMissingBean (types: org.springframework.web.servlet.view.BeanNameViewResolver; SearchStrategy: all) did not find any beans (OnBeanCondition)

   ErrorMvcAutoConfiguration.WhitelabelErrorViewConfiguration#defaultErrorView matched:
      - @ConditionalOnMissingBean (names: error; SearchStrategy: all) did not find any beans (OnBeanCondition)

   FlywayAutoConfiguration matched:
      - @ConditionalOnClass found required class 'org.flywaydb.core.Flyway' (OnClassCondition)
      - @ConditionalOnProperty (spring.flyway.enabled) matched (OnPropertyCondition)
      - AnyNestedCondition 2 matched 1 did not; NestedCondition on FlywayAutoConfiguration.FlywayDataSourceCondition.FlywayUrlCondition @ConditionalOnProperty (spring.flyway.url) did not find property 'url'; NestedCondition on FlywayAutoConfiguration.FlywayDataSourceCondition.JdbcConnectionDetailsCondition @ConditionalOnBean (types: org.springframework.boot.autoconfigure.jdbc.JdbcConnectionDetails; SearchStrategy: all) found bean 'jdbcConnectionDetails'; NestedCondition on FlywayAutoConfiguration.FlywayDataSourceCondition.DataSourceBeanCondition @ConditionalOnBean (types: javax.sql.DataSource; SearchStrategy: all) found bean 'dataSource' (FlywayAutoConfiguration.FlywayDataSourceCondition)

   FlywayAutoConfiguration.FlywayConfiguration matched:
      - @ConditionalOnClass found required class 'org.springframework.jdbc.support.JdbcUtils' (OnClassCondition)
      - @ConditionalOnMissingBean (types: org.flywaydb.core.Flyway; SearchStrategy: all) did not find any beans (OnBeanCondition)

   FlywayAutoConfiguration.FlywayConfiguration#flywayConnectionDetails matched:
      - @ConditionalOnMissingBean (types: org.springframework.boot.autoconfigure.flyway.FlywayConnectionDetails; SearchStrategy: all) did not find any beans (OnBeanCondition)

   FlywayAutoConfiguration.FlywayConfiguration#flywayInitializer matched:
      - @ConditionalOnMissingBean (types: org.springframework.boot.autoconfigure.flyway.FlywayMigrationInitializer; SearchStrategy: all) did not find any beans (OnBeanCondition)

   FlywayAutoConfiguration.FlywayConfiguration#postgresqlFlywayConfigurationCustomizer matched:
      - @ConditionalOnClass found required class 'org.flywaydb.database.postgresql.PostgreSQLConfigurationExtension' (OnClassCondition)

   GenericCacheConfiguration matched:
      - Cache org.springframework.boot.autoconfigure.cache.GenericCacheConfiguration automatic cache type (CacheCondition)

   HibernateJpaAutoConfiguration matched:
      - @ConditionalOnClass found required classes 'org.springframework.orm.jpa.LocalContainerEntityManagerFactoryBean', 'jakarta.persistence.EntityManager', 'org.hibernate.engine.spi.SessionImplementor' (OnClassCondition)

   HibernateJpaConfiguration matched:
      - @ConditionalOnSingleCandidate (types: javax.sql.DataSource; SearchStrategy: all) found a single bean 'dataSource' (OnBeanCondition)

   HttpClientAutoConfiguration matched:
      - @ConditionalOnClass found required class 'org.springframework.http.client.ClientHttpRequestFactory' (OnClassCondition)
      - NoneNestedConditions 0 matched 1 did not; NestedCondition on NotReactiveWebApplicationCondition.ReactiveWebApplication not a reactive web application (NotReactiveWebApplicationCondition)

   HttpClientAutoConfiguration#clientHttpRequestFactoryBuilder matched:
      - @ConditionalOnMissingBean (types: org.springframework.boot.http.client.ClientHttpRequestFactoryBuilder; SearchStrategy: all) did not find any beans (OnBeanCondition)

   HttpClientAutoConfiguration#clientHttpRequestFactorySettings matched:
      - @ConditionalOnMissingBean (types: org.springframework.boot.http.client.ClientHttpRequestFactorySettings; SearchStrategy: all) did not find any beans (OnBeanCondition)

   HttpEncodingAutoConfiguration matched:
      - @ConditionalOnClass found required class 'org.springframework.web.filter.CharacterEncodingFilter' (OnClassCondition)
      - found 'session' scope (OnWebApplicationCondition)
      - @ConditionalOnProperty (server.servlet.encoding.enabled) matched (OnPropertyCondition)

   HttpEncodingAutoConfiguration#characterEncodingFilter matched:
      - @ConditionalOnMissingBean (types: org.springframework.web.filter.CharacterEncodingFilter; SearchStrategy: all) did not find any beans (OnBeanCondition)

   HttpMessageConvertersAutoConfiguration matched:
      - @ConditionalOnClass found required class 'org.springframework.http.converter.HttpMessageConverter' (OnClassCondition)
      - NoneNestedConditions 0 matched 1 did not; NestedCondition on HttpMessageConvertersAutoConfiguration.NotReactiveWebApplicationCondition.ReactiveWebApplication not a reactive web application (HttpMessageConvertersAutoConfiguration.NotReactiveWebApplicationCondition)

   HttpMessageConvertersAutoConfiguration#messageConverters matched:
      - @ConditionalOnMissingBean (types: org.springframework.boot.autoconfigure.http.HttpMessageConverters; SearchStrategy: all) did not find any beans (OnBeanCondition)

   HttpMessageConvertersAutoConfiguration.StringHttpMessageConverterConfiguration matched:
      - @ConditionalOnClass found required class 'org.springframework.http.converter.StringHttpMessageConverter' (OnClassCondition)

   HttpMessageConvertersAutoConfiguration.StringHttpMessageConverterConfiguration#stringHttpMessageConverter matched:
      - @ConditionalOnMissingBean (types: org.springframework.http.converter.StringHttpMessageConverter; SearchStrategy: all) did not find any beans (OnBeanCondition)

   JacksonAutoConfiguration matched:
      - @ConditionalOnClass found required class 'com.fasterxml.jackson.databind.ObjectMapper' (OnClassCondition)

   JacksonAutoConfiguration.Jackson2ObjectMapperBuilderCustomizerConfiguration matched:
      - @ConditionalOnClass found required class 'org.springframework.http.converter.json.Jackson2ObjectMapperBuilder' (OnClassCondition)

   JacksonAutoConfiguration.JacksonObjectMapperBuilderConfiguration matched:
      - @ConditionalOnClass found required class 'org.springframework.http.converter.json.Jackson2ObjectMapperBuilder' (OnClassCondition)

   JacksonAutoConfiguration.JacksonObjectMapperBuilderConfiguration#jacksonObjectMapperBuilder matched:
      - @ConditionalOnMissingBean (types: org.springframework.http.converter.json.Jackson2ObjectMapperBuilder; SearchStrategy: all) did not find any beans (OnBeanCondition)

   JacksonAutoConfiguration.JacksonObjectMapperConfiguration matched:
      - @ConditionalOnClass found required class 'org.springframework.http.converter.json.Jackson2ObjectMapperBuilder' (OnClassCondition)

   JacksonAutoConfiguration.JacksonObjectMapperConfiguration#jacksonObjectMapper matched:
      - @ConditionalOnMissingBean (types: com.fasterxml.jackson.databind.ObjectMapper; SearchStrategy: all) did not find any beans (OnBeanCondition)

   JacksonAutoConfiguration.ParameterNamesModuleConfiguration matched:
      - @ConditionalOnClass found required class 'com.fasterxml.jackson.module.paramnames.ParameterNamesModule' (OnClassCondition)

   JacksonAutoConfiguration.ParameterNamesModuleConfiguration#parameterNamesModule matched:
      - @ConditionalOnMissingBean (types: com.fasterxml.jackson.module.paramnames.ParameterNamesModule; SearchStrategy: all) did not find any beans (OnBeanCondition)

   JacksonHttpMessageConvertersConfiguration.MappingJackson2HttpMessageConverterConfiguration matched:
      - @ConditionalOnClass found required class 'com.fasterxml.jackson.databind.ObjectMapper' (OnClassCondition)
      - @ConditionalOnProperty (spring.mvc.converters.preferred-json-mapper=jackson) matched (OnPropertyCondition)
      - @ConditionalOnBean (types: com.fasterxml.jackson.databind.ObjectMapper; SearchStrategy: all) found bean 'jacksonObjectMapper' (OnBeanCondition)

   JacksonHttpMessageConvertersConfiguration.MappingJackson2HttpMessageConverterConfiguration#mappingJackson2HttpMessageConverter matched:
      - @ConditionalOnMissingBean (types: org.springframework.http.converter.json.MappingJackson2HttpMessageConverter ignored: org.springframework.hateoas.server.mvc.TypeConstrainedMappingJackson2HttpMessageConverter,org.springframework.data.rest.webmvc.alps.AlpsJsonHttpMessageConverter; SearchStrategy: all) did not find any beans (OnBeanCondition)

   JdbcClientAutoConfiguration matched:
      - @ConditionalOnSingleCandidate (types: org.springframework.jdbc.core.namedparam.NamedParameterJdbcTemplate; SearchStrategy: all) found a single bean 'namedParameterJdbcTemplate'; @ConditionalOnMissingBean (types: org.springframework.jdbc.core.simple.JdbcClient; SearchStrategy: all) did not find any beans (OnBeanCondition)

   JdbcTemplateAutoConfiguration matched:
      - @ConditionalOnClass found required classes 'javax.sql.DataSource', 'org.springframework.jdbc.core.JdbcTemplate' (OnClassCondition)
      - @ConditionalOnSingleCandidate (types: javax.sql.DataSource; SearchStrategy: all) found a single bean 'dataSource' (OnBeanCondition)

   JdbcTemplateConfiguration matched:
      - @ConditionalOnMissingBean (types: org.springframework.jdbc.core.JdbcOperations; SearchStrategy: all) did not find any beans (OnBeanCondition)

   JpaBaseConfiguration#entityManagerFactory matched:
      - @ConditionalOnMissingBean (types: org.springframework.orm.jpa.LocalContainerEntityManagerFactoryBean,jakarta.persistence.EntityManagerFactory; SearchStrategy: all) did not find any beans (OnBeanCondition)

   JpaBaseConfiguration#entityManagerFactoryBuilder matched:
      - @ConditionalOnMissingBean (types: org.springframework.boot.orm.jpa.EntityManagerFactoryBuilder; SearchStrategy: all) did not find any beans (OnBeanCondition)

   JpaBaseConfiguration#jpaVendorAdapter matched:
      - @ConditionalOnMissingBean (types: org.springframework.orm.jpa.JpaVendorAdapter; SearchStrategy: all) did not find any beans (OnBeanCondition)

   JpaBaseConfiguration#transactionManager matched:
      - @ConditionalOnMissingBean (types: org.springframework.transaction.TransactionManager; SearchStrategy: all) did not find any beans (OnBeanCondition)

   JpaBaseConfiguration.JpaWebConfiguration matched:
      - @ConditionalOnClass found required class 'org.springframework.web.servlet.config.annotation.WebMvcConfigurer' (OnClassCondition)
      - found 'session' scope (OnWebApplicationCondition)
      - @ConditionalOnProperty (spring.jpa.open-in-view=true) matched (OnPropertyCondition)
      - @ConditionalOnMissingBean (types: org.springframework.orm.jpa.support.OpenEntityManagerInViewInterceptor,org.springframework.orm.jpa.support.OpenEntityManagerInViewFilter; SearchStrategy: all) did not find any beans (OnBeanCondition)

   JpaBaseConfiguration.PersistenceManagedTypesConfiguration matched:
      - @ConditionalOnMissingBean (types: org.springframework.orm.jpa.LocalContainerEntityManagerFactoryBean,jakarta.persistence.EntityManagerFactory; SearchStrategy: all) did not find any beans (OnBeanCondition)

   JpaBaseConfiguration.PersistenceManagedTypesConfiguration#persistenceManagedTypes matched:
      - @ConditionalOnMissingBean (types: org.springframework.orm.jpa.persistenceunit.PersistenceManagedTypes; SearchStrategy: all) did not find any beans (OnBeanCondition)

   JpaRepositoriesAutoConfiguration matched:
      - @ConditionalOnClass found required class 'org.springframework.data.jpa.repository.JpaRepository' (OnClassCondition)
      - @ConditionalOnProperty (spring.data.jpa.repositories.enabled=true) matched (OnPropertyCondition)
      - @ConditionalOnBean (types: javax.sql.DataSource; SearchStrategy: all) found bean 'dataSource'; @ConditionalOnMissingBean (types: org.springframework.data.jpa.repository.support.JpaRepositoryFactoryBean,org.springframework.data.jpa.repository.config.JpaRepositoryConfigExtension; SearchStrategy: all) did not find any beans (OnBeanCondition)

   JtaAutoConfiguration matched:
      - @ConditionalOnClass found required class 'jakarta.transaction.Transaction' (OnClassCondition)
      - @ConditionalOnProperty (spring.jta.enabled) matched (OnPropertyCondition)

   LifecycleAutoConfiguration#defaultLifecycleProcessor matched:
      - @ConditionalOnMissingBean (names: lifecycleProcessor; SearchStrategy: current) did not find any beans (OnBeanCondition)

   LocalDevToolsAutoConfiguration matched:
      - Initialized Restarter Condition available and initialized (OnInitializedRestarterCondition)

   LocalDevToolsAutoConfiguration.LiveReloadConfiguration matched:
      - @ConditionalOnProperty (spring.devtools.livereload.enabled) matched (OnPropertyCondition)

   LocalDevToolsAutoConfiguration.LiveReloadConfiguration#liveReloadServer matched:
      - @ConditionalOnMissingBean (types: org.springframework.boot.devtools.livereload.LiveReloadServer; SearchStrategy: all) did not find any beans (OnBeanCondition)

   LocalDevToolsAutoConfiguration.RestartConfiguration matched:
      - @ConditionalOnProperty (spring.devtools.restart.enabled) matched (OnPropertyCondition)

   LocalDevToolsAutoConfiguration.RestartConfiguration#classPathFileSystemWatcher matched:
      - @ConditionalOnMissingBean (types: org.springframework.boot.devtools.classpath.ClassPathFileSystemWatcher; SearchStrategy: all) did not find any beans (OnBeanCondition)

   LocalDevToolsAutoConfiguration.RestartConfiguration#classPathRestartStrategy matched:
      - @ConditionalOnMissingBean (types: org.springframework.boot.devtools.classpath.ClassPathRestartStrategy; SearchStrategy: all) did not find any beans (OnBeanCondition)

   LocalDevToolsAutoConfiguration.RestartConfiguration#conditionEvaluationDeltaLoggingListener matched:
      - @ConditionalOnProperty (spring.devtools.restart.log-condition-evaluation-delta) matched (OnPropertyCondition)

   MultipartAutoConfiguration matched:
      - @ConditionalOnClass found required classes 'jakarta.servlet.Servlet', 'org.springframework.web.multipart.support.StandardServletMultipartResolver', 'jakarta.servlet.MultipartConfigElement' (OnClassCondition)
      - found 'session' scope (OnWebApplicationCondition)
      - @ConditionalOnProperty (spring.servlet.multipart.enabled) matched (OnPropertyCondition)

   MultipartAutoConfiguration#multipartConfigElement matched:
      - @ConditionalOnMissingBean (types: jakarta.servlet.MultipartConfigElement; SearchStrategy: all) did not find any beans (OnBeanCondition)

   MultipartAutoConfiguration#multipartResolver matched:
      - @ConditionalOnMissingBean (types: org.springframework.web.multipart.MultipartResolver; SearchStrategy: all) did not find any beans (OnBeanCondition)

   NamedParameterJdbcTemplateConfiguration matched:
      - @ConditionalOnSingleCandidate (types: org.springframework.jdbc.core.JdbcTemplate; SearchStrategy: all) found a single bean 'jdbcTemplate'; @ConditionalOnMissingBean (types: org.springframework.jdbc.core.namedparam.NamedParameterJdbcOperations; SearchStrategy: all) did not find any beans (OnBeanCondition)

   NettyAutoConfiguration matched:
      - @ConditionalOnClass found required class 'io.netty.util.NettyRuntime' (OnClassCondition)

   NoOpCacheConfiguration matched:
      - Cache org.springframework.boot.autoconfigure.cache.NoOpCacheConfiguration automatic cache type (CacheCondition)

   PersistenceExceptionTranslationAutoConfiguration matched:
      - @ConditionalOnClass found required class 'org.springframework.dao.annotation.PersistenceExceptionTranslationPostProcessor' (OnClassCondition)

   PersistenceExceptionTranslationAutoConfiguration#persistenceExceptionTranslationPostProcessor matched:
      - @ConditionalOnProperty (spring.dao.exceptiontranslation.enabled) matched (OnPropertyCondition)
      - @ConditionalOnMissingBean (types: org.springframework.dao.annotation.PersistenceExceptionTranslationPostProcessor; SearchStrategy: all) did not find any beans (OnBeanCondition)

   PropertyPlaceholderAutoConfiguration#propertySourcesPlaceholderConfigurer matched:
      - @ConditionalOnMissingBean (types: org.springframework.context.support.PropertySourcesPlaceholderConfigurer; SearchStrategy: current) did not find any beans (OnBeanCondition)

   ReactiveSecurityAutoConfiguration matched:
      - @ConditionalOnClass found required classes 'reactor.core.publisher.Flux', 'org.springframework.security.config.annotation.web.reactive.EnableWebFluxSecurity', 'org.springframework.security.web.server.WebFilterChainProxy', 'org.springframework.web.reactive.config.WebFluxConfigurer' (OnClassCondition)

   ReactorAutoConfiguration matched:
      - @ConditionalOnClass found required class 'reactor.core.publisher.Hooks' (OnClassCondition)

   ReactorNettyConfigurations.ReactorResourceFactoryConfiguration#reactorResourceFactory matched:
      - @ConditionalOnMissingBean (types: org.springframework.http.client.ReactorResourceFactory; SearchStrategy: all) did not find any beans (OnBeanCondition)

   RestClientAutoConfiguration matched:
      - @ConditionalOnClass found required class 'org.springframework.web.client.RestClient' (OnClassCondition)
      - NoneNestedConditions 0 matched 1 did not; NestedCondition on NotReactiveWebApplicationCondition.ReactiveWebApplication not a reactive web application (NotReactiveWebApplicationCondition)

   RestClientAutoConfiguration#httpMessageConvertersRestClientCustomizer matched:
      - @ConditionalOnMissingBean (types: org.springframework.boot.autoconfigure.web.client.HttpMessageConvertersRestClientCustomizer; SearchStrategy: all) did not find any beans (OnBeanCondition)

   RestClientAutoConfiguration#restClientBuilder matched:
      - @ConditionalOnMissingBean (types: org.springframework.web.client.RestClient$Builder; SearchStrategy: all) did not find any beans (OnBeanCondition)

   RestClientAutoConfiguration#restClientBuilderConfigurer matched:
      - @ConditionalOnMissingBean (types: org.springframework.boot.autoconfigure.web.client.RestClientBuilderConfigurer; SearchStrategy: all) did not find any beans (OnBeanCondition)

   RestClientAutoConfiguration#restClientSsl matched:
      - @ConditionalOnBean (types: org.springframework.boot.ssl.SslBundles; SearchStrategy: all) found bean 'sslBundleRegistry'; @ConditionalOnMissingBean (types: org.springframework.boot.autoconfigure.web.client.RestClientSsl; SearchStrategy: all) did not find any beans (OnBeanCondition)

   RestTemplateAutoConfiguration matched:
      - @ConditionalOnClass found required class 'org.springframework.web.client.RestTemplate' (OnClassCondition)
      - NoneNestedConditions 0 matched 1 did not; NestedCondition on NotReactiveWebApplicationCondition.ReactiveWebApplication not a reactive web application (NotReactiveWebApplicationCondition)

   RestTemplateAutoConfiguration#restTemplateBuilder matched:
      - @ConditionalOnMissingBean (types: org.springframework.boot.web.client.RestTemplateBuilder; SearchStrategy: all) did not find any beans (OnBeanCondition)

   SecurityAutoConfiguration matched:
      - @ConditionalOnClass found required class 'org.springframework.security.authentication.DefaultAuthenticationEventPublisher' (OnClassCondition)

   SecurityAutoConfiguration#authenticationEventPublisher matched:
      - @ConditionalOnMissingBean (types: org.springframework.security.authentication.AuthenticationEventPublisher; SearchStrategy: all) did not find any beans (OnBeanCondition)

   SecurityFilterAutoConfiguration matched:
      - @ConditionalOnClass found required classes 'org.springframework.security.web.context.AbstractSecurityWebApplicationInitializer', 'org.springframework.security.config.http.SessionCreationPolicy' (OnClassCondition)
      - found 'session' scope (OnWebApplicationCondition)

   SecurityFilterAutoConfiguration#securityFilterChainRegistration matched:
      - @ConditionalOnBean (names: springSecurityFilterChain; SearchStrategy: all) found bean 'springSecurityFilterChain' (OnBeanCondition)

   ServletWebServerFactoryAutoConfiguration matched:
      - @ConditionalOnClass found required class 'jakarta.servlet.ServletRequest' (OnClassCondition)
      - found 'session' scope (OnWebApplicationCondition)

   ServletWebServerFactoryAutoConfiguration#tomcatServletWebServerFactoryCustomizer matched:
      - @ConditionalOnClass found required class 'org.apache.catalina.startup.Tomcat' (OnClassCondition)

   ServletWebServerFactoryConfiguration.EmbeddedTomcat matched:
      - @ConditionalOnClass found required classes 'jakarta.servlet.Servlet', 'org.apache.catalina.startup.Tomcat', 'org.apache.coyote.UpgradeProtocol' (OnClassCondition)
      - @ConditionalOnMissingBean (types: org.springframework.boot.web.servlet.server.ServletWebServerFactory; SearchStrategy: current) did not find any beans (OnBeanCondition)

   SimpleCacheConfiguration matched:
      - Cache org.springframework.boot.autoconfigure.cache.SimpleCacheConfiguration automatic cache type (CacheCondition)

   SpringBootWebSecurityConfiguration matched:
      - found 'session' scope (OnWebApplicationCondition)

   SpringDataWebAutoConfiguration matched:
      - @ConditionalOnClass found required classes 'org.springframework.data.web.PageableHandlerMethodArgumentResolver', 'org.springframework.web.servlet.config.annotation.WebMvcConfigurer' (OnClassCondition)
      - found 'session' scope (OnWebApplicationCondition)
      - @ConditionalOnMissingBean (types: org.springframework.data.web.PageableHandlerMethodArgumentResolver; SearchStrategy: all) did not find any beans (OnBeanCondition)

   SpringDataWebAutoConfiguration#pageableCustomizer matched:
      - @ConditionalOnMissingBean (types: org.springframework.data.web.config.PageableHandlerMethodArgumentResolverCustomizer; SearchStrategy: all) did not find any beans (OnBeanCondition)

   SpringDataWebAutoConfiguration#sortCustomizer matched:
      - @ConditionalOnMissingBean (types: org.springframework.data.web.config.SortHandlerMethodArgumentResolverCustomizer; SearchStrategy: all) did not find any beans (OnBeanCondition)

   SpringDataWebAutoConfiguration#springDataWebSettings matched:
      - @ConditionalOnMissingBean (types: org.springframework.data.web.config.SpringDataWebSettings; SearchStrategy: all) did not find any beans (OnBeanCondition)

   SpringDocConfigProperties matched:
      - @ConditionalOnProperty (springdoc.api-docs.enabled) matched (OnPropertyCondition)
      - @ConditionalOnBean (types: org.springdoc.core.configuration.SpringDocConfiguration; SearchStrategy: all) found bean 'org.springdoc.core.configuration.SpringDocConfiguration' (OnBeanCondition)

   SpringDocConfiguration matched:
      - @ConditionalOnWebApplication (required) found 'session' scope (OnWebApplicationCondition)
      - @ConditionalOnProperty (springdoc.api-docs.enabled) matched (OnPropertyCondition)

   SpringDocConfiguration#fileSupportConverter matched:
      - @ConditionalOnMissingBean (types: org.springdoc.core.converters.FileSupportConverter; SearchStrategy: all) did not find any beans (OnBeanCondition)

   SpringDocConfiguration#globalOpenApiCustomizer matched:
      - @ConditionalOnMissingBean (names: globalOpenApiCustomizer; SearchStrategy: all) did not find any beans (OnBeanCondition)

   SpringDocConfiguration#oas31ModelConverter matched:
      - @ConditionalOnMissingBean (types: org.springdoc.core.converters.OAS31ModelConverter; SearchStrategy: all) did not find any beans (OnBeanCondition)

   SpringDocConfiguration#openAPIBuilder matched:
      - @ConditionalOnMissingBean (types: org.springdoc.core.service.OpenAPIService; SearchStrategy: all) did not find any beans (OnBeanCondition)

   SpringDocConfiguration#operationBuilder matched:
      - @ConditionalOnMissingBean (types: org.springdoc.core.service.OperationService; SearchStrategy: all) did not find any beans (OnBeanCondition)

   SpringDocConfiguration#parameterBuilder matched:
      - @ConditionalOnMissingBean (types: org.springdoc.core.service.GenericParameterService; SearchStrategy: all) did not find any beans (OnBeanCondition)

   SpringDocConfiguration#parameterObjectNamingStrategyCustomizer matched:
      - @ConditionalOnMissingBean (types: org.springdoc.core.customizers.ParameterObjectNamingStrategyCustomizer; SearchStrategy: all) did not find any beans (OnBeanCondition)

   SpringDocConfiguration#polymorphicModelConverter matched:
      - @ConditionalOnProperty (springdoc.model-converters.polymorphic-converter.enabled) matched (OnPropertyCondition)
      - @ConditionalOnMissingBean (types: org.springdoc.core.converters.PolymorphicModelConverter; SearchStrategy: all) did not find any beans (OnBeanCondition)

   SpringDocConfiguration#requestBodyBuilder matched:
      - @ConditionalOnMissingBean (types: org.springdoc.core.service.RequestBodyService; SearchStrategy: all) did not find any beans (OnBeanCondition)

   SpringDocConfiguration#responseSupportConverter matched:
      - @ConditionalOnMissingBean (types: org.springdoc.core.converters.ResponseSupportConverter; SearchStrategy: all) did not find any beans (OnBeanCondition)

   SpringDocConfiguration#schemaPropertyDeprecatingConverter matched:
      - @ConditionalOnProperty (springdoc.model-converters.deprecating-converter.enabled) matched (OnPropertyCondition)
      - @ConditionalOnMissingBean (types: org.springdoc.core.converters.SchemaPropertyDeprecatingConverter; SearchStrategy: all) did not find any beans (OnBeanCondition)

   SpringDocConfiguration#securityParser matched:
      - @ConditionalOnMissingBean (types: org.springdoc.core.service.SecurityService; SearchStrategy: all) did not find any beans (OnBeanCondition)

   SpringDocConfiguration#springDocCustomizers matched:
      - @ConditionalOnMissingBean (types: org.springdoc.core.customizers.SpringDocCustomizers; SearchStrategy: all) did not find any beans (OnBeanCondition)

   SpringDocConfiguration#springDocProviders matched:
      - @ConditionalOnMissingBean (types: org.springdoc.core.providers.SpringDocProviders; SearchStrategy: all) did not find any beans (OnBeanCondition)

   SpringDocConfiguration#springdocObjectMapperProvider matched:
      - @ConditionalOnMissingBean (types: org.springdoc.core.providers.ObjectMapperProvider; SearchStrategy: all) did not find any beans (OnBeanCondition)

   SpringDocConfiguration.QuerydslProvider matched:
      - @ConditionalOnClass found required class 'org.springframework.data.querydsl.binding.QuerydslBindingsFactory' (OnClassCondition)

   SpringDocConfiguration.QuerydslProvider#queryDslQuerydslPredicateOperationCustomizer matched:
      - @ConditionalOnMissingBean (types: org.springdoc.core.customizers.QuerydslPredicateOperationCustomizer; SearchStrategy: all) did not find any beans (OnBeanCondition)

   SpringDocConfiguration.SpringDocSpringDataWebPropertiesProvider matched:
      - @ConditionalOnClass found required class 'org.springframework.boot.autoconfigure.data.web.SpringDataWebProperties' (OnClassCondition)

   SpringDocConfiguration.SpringDocSpringDataWebPropertiesProvider#springDataWebPropertiesProvider matched:
      - @ConditionalOnMissingBean (types: org.springdoc.core.providers.SpringDataWebPropertiesProvider; SearchStrategy: all) did not find any beans (OnBeanCondition)

   SpringDocConfiguration.SpringDocWebFluxSupportConfiguration matched:
      - @ConditionalOnClass found required class 'reactor.core.publisher.Flux' (OnClassCondition)

   SpringDocConfiguration.SpringDocWebFluxSupportConfiguration#webFluxSupportConverter matched:
      - @ConditionalOnMissingBean (types: org.springdoc.core.converters.WebFluxSupportConverter; SearchStrategy: all) did not find any beans (OnBeanCondition)

   SpringDocConfiguration.WebConversionServiceConfiguration matched:
      - @ConditionalOnClass found required class 'org.springframework.boot.autoconfigure.web.format.WebConversionService' (OnClassCondition)

   SpringDocPageableConfiguration matched:
      - @ConditionalOnClass found required class 'org.springframework.data.domain.Pageable' (OnClassCondition)
      - @ConditionalOnWebApplication (required) found 'session' scope (OnWebApplicationCondition)
      - @ConditionalOnProperty (springdoc.api-docs.enabled) matched (OnPropertyCondition)
      - @ConditionalOnBean (types: org.springdoc.core.configuration.SpringDocConfiguration; SearchStrategy: all) found bean 'org.springdoc.core.configuration.SpringDocConfiguration' (OnBeanCondition)

   SpringDocPageableConfiguration#dataRestDelegatingMethodParameterCustomizer matched:
      - @ConditionalOnMissingBean (types: org.springdoc.core.customizers.DataRestDelegatingMethodParameterCustomizer; SearchStrategy: all) did not find any beans (OnBeanCondition)

   SpringDocPageableConfiguration#pageOpenAPIConverter matched:
      - @ConditionalOnClass found required classes 'org.springframework.data.web.PagedModel', 'org.springframework.data.web.config.SpringDataWebSettings' (OnClassCondition)
      - @ConditionalOnMissingBean (types: org.springdoc.core.converters.PageOpenAPIConverter; SearchStrategy: all) did not find any beans (OnBeanCondition)

   SpringDocPageableConfiguration#pageableOpenAPIConverter matched:
      - @ConditionalOnProperty (springdoc.model-converters.pageable-converter.enabled) matched (OnPropertyCondition)
      - @ConditionalOnMissingBean (types: org.springdoc.core.converters.PageableOpenAPIConverter; SearchStrategy: all) did not find any beans (OnBeanCondition)

   SpringDocSecurityConfiguration matched:
      - @ConditionalOnClass found required class 'org.springframework.security.web.SecurityFilterChain' (OnClassCondition)
      - @ConditionalOnWebApplication (required) found 'session' scope (OnWebApplicationCondition)
      - @ConditionalOnExpression (#{${springdoc.api-docs.enabled:true} and ${springdoc.enable-spring-security:true}}) resulted in true (OnExpressionCondition)
      - @ConditionalOnBean (types: org.springdoc.core.configuration.SpringDocConfiguration; SearchStrategy: all) found bean 'org.springdoc.core.configuration.SpringDocConfiguration' (OnBeanCondition)

   SpringDocSecurityConfiguration.SpringSecurityLoginEndpointConfiguration matched:
      - @ConditionalOnClass found required class 'jakarta.servlet.Filter' (OnClassCondition)

   SpringDocSortConfiguration matched:
      - @ConditionalOnClass found required class 'org.springframework.data.domain.Sort' (OnClassCondition)
      - @ConditionalOnWebApplication (required) found 'session' scope (OnWebApplicationCondition)
      - @ConditionalOnProperty (springdoc.api-docs.enabled) matched (OnPropertyCondition)
      - @ConditionalOnBean (types: org.springdoc.core.configuration.SpringDocConfiguration; SearchStrategy: all) found bean 'org.springdoc.core.configuration.SpringDocConfiguration' (OnBeanCondition)

   SpringDocSortConfiguration#sortOpenAPIConverter matched:
      - @ConditionalOnProperty (springdoc.sort-converter.enabled) matched (OnPropertyCondition)
      - @ConditionalOnMissingBean (types: org.springdoc.core.converters.SortOpenAPIConverter; SearchStrategy: all) did not find any beans (OnBeanCondition)

   SpringDocWebMvcConfiguration matched:
      - found 'session' scope (OnWebApplicationCondition)
      - @ConditionalOnProperty (springdoc.api-docs.enabled) matched (OnPropertyCondition)
      - @ConditionalOnBean (types: org.springdoc.core.configuration.SpringDocConfiguration; SearchStrategy: all) found bean 'org.springdoc.core.configuration.SpringDocConfiguration' (OnBeanCondition)

   SpringDocWebMvcConfiguration#openApiResource matched:
      - @ConditionalOnExpression (#{(${springdoc.use-management-port:false} == false ) and ${springdoc.enable-default-api-docs:true}}) resulted in true (OnExpressionCondition)
      - @ConditionalOnMissingBean (types: org.springdoc.webmvc.api.OpenApiWebMvcResource; SearchStrategy: all) did not find any beans (OnBeanCondition)

   SpringDocWebMvcConfiguration#requestBuilder matched:
      - @ConditionalOnMissingBean (types: org.springdoc.webmvc.core.service.RequestService; SearchStrategy: all) did not find any beans (OnBeanCondition)

   SpringDocWebMvcConfiguration#responseBuilder matched:
      - @ConditionalOnMissingBean (types: org.springdoc.core.service.GenericResponseService; SearchStrategy: all) did not find any beans (OnBeanCondition)

   SpringDocWebMvcConfiguration#springWebProvider matched:
      - @ConditionalOnMissingBean (types: org.springdoc.core.providers.SpringWebProvider; SearchStrategy: all) did not find any beans (OnBeanCondition)

   SpringDocWebMvcConfiguration.SpringDocWebMvcRouterConfiguration matched:
      - @ConditionalOnClass found required class 'org.springframework.web.servlet.function.RouterFunction' (OnClassCondition)

   SpringDocWebMvcConfiguration.SpringDocWebMvcRouterConfiguration#routerFunctionProvider matched:
      - @ConditionalOnMissingBean (types: org.springdoc.webmvc.core.providers.RouterFunctionWebMvcProvider; SearchStrategy: all) did not find any beans (OnBeanCondition)

   SqlInitializationAutoConfiguration matched:
      - @ConditionalOnProperty (spring.sql.init.enabled) matched (OnPropertyCondition)
      - NoneNestedConditions 0 matched 1 did not; NestedCondition on SqlInitializationAutoConfiguration.SqlInitializationModeCondition.ModeIsNever @ConditionalOnProperty (spring.sql.init.mode=never) did not find property 'mode' (SqlInitializationAutoConfiguration.SqlInitializationModeCondition)

   SslAutoConfiguration#sslBundleRegistry matched:
      - @ConditionalOnMissingBean (types: org.springframework.boot.ssl.SslBundleRegistry,org.springframework.boot.ssl.SslBundles; SearchStrategy: all) did not find any beans (OnBeanCondition)

   SwaggerConfig matched:
      - found 'session' scope (OnWebApplicationCondition)
      - @ConditionalOnProperty (springdoc.swagger-ui.enabled) matched (OnPropertyCondition)
      - @ConditionalOnBean (types: org.springdoc.core.configuration.SpringDocConfiguration; SearchStrategy: all) found bean 'org.springdoc.core.configuration.SpringDocConfiguration' (OnBeanCondition)

   SwaggerConfig#indexPageTransformer matched:
      - @ConditionalOnMissingBean (types: org.springdoc.webmvc.ui.SwaggerIndexTransformer; SearchStrategy: all) did not find any beans (OnBeanCondition)

   SwaggerConfig#swaggerConfigResource matched:
      - @ConditionalOnProperty (springdoc.use-management-port=false) matched (OnPropertyCondition)
      - @ConditionalOnMissingBean (types: org.springdoc.webmvc.ui.SwaggerConfigResource; SearchStrategy: all) did not find any beans (OnBeanCondition)

   SwaggerConfig#swaggerResourceResolver matched:
      - @ConditionalOnMissingBean (types: org.springdoc.webmvc.ui.SwaggerResourceResolver; SearchStrategy: all) did not find any beans (OnBeanCondition)

   SwaggerConfig#swaggerWebMvcConfigurer matched:
      - @ConditionalOnMissingBean (types: org.springdoc.webmvc.ui.SwaggerWebMvcConfigurer; SearchStrategy: all) did not find any beans (OnBeanCondition)

   SwaggerConfig#swaggerWelcome matched:
      - @ConditionalOnProperty (springdoc.use-management-port=false) matched (OnPropertyCondition)
      - @ConditionalOnMissingBean (types: org.springdoc.webmvc.ui.SwaggerWelcomeWebMvc; SearchStrategy: all) did not find any beans (OnBeanCondition)

   SwaggerUiConfigProperties matched:
      - @ConditionalOnProperty (springdoc.swagger-ui.enabled) matched (OnPropertyCondition)
      - @ConditionalOnBean (types: org.springdoc.core.configuration.SpringDocConfiguration; SearchStrategy: all) found bean 'org.springdoc.core.configuration.SpringDocConfiguration' (OnBeanCondition)

   SwaggerUiOAuthProperties matched:
      - @ConditionalOnProperty (springdoc.swagger-ui.enabled) matched (OnPropertyCondition)
      - @ConditionalOnBean (types: org.springdoc.core.configuration.SpringDocConfiguration; SearchStrategy: all) found bean 'org.springdoc.core.configuration.SpringDocConfiguration' (OnBeanCondition)

   TaskExecutionAutoConfiguration matched:
      - @ConditionalOnClass found required class 'org.springframework.scheduling.concurrent.ThreadPoolTaskExecutor' (OnClassCondition)

   TaskExecutorConfigurations.SimpleAsyncTaskExecutorBuilderConfiguration#simpleAsyncTaskExecutorBuilder matched:
      - @ConditionalOnMissingBean (types: org.springframework.boot.task.SimpleAsyncTaskExecutorBuilder; SearchStrategy: all) did not find any beans (OnBeanCondition)
      - @ConditionalOnThreading found PLATFORM (OnThreadingCondition)

   TaskExecutorConfigurations.TaskExecutorConfiguration matched:
      - @ConditionalOnMissingBean (types: java.util.concurrent.Executor; SearchStrategy: all) did not find any beans (OnBeanCondition)

   TaskExecutorConfigurations.TaskExecutorConfiguration#applicationTaskExecutor matched:
      - @ConditionalOnThreading found PLATFORM (OnThreadingCondition)

   TaskExecutorConfigurations.ThreadPoolTaskExecutorBuilderConfiguration#threadPoolTaskExecutorBuilder matched:
      - @ConditionalOnMissingBean (types: org.springframework.boot.task.ThreadPoolTaskExecutorBuilder; SearchStrategy: all) did not find any beans (OnBeanCondition)

   TaskSchedulingAutoConfiguration matched:
      - @ConditionalOnClass found required class 'org.springframework.scheduling.concurrent.ThreadPoolTaskScheduler' (OnClassCondition)

   TaskSchedulingConfigurations.SimpleAsyncTaskSchedulerBuilderConfiguration#simpleAsyncTaskSchedulerBuilder matched:
      - @ConditionalOnMissingBean (types: org.springframework.boot.task.SimpleAsyncTaskSchedulerBuilder; SearchStrategy: all) did not find any beans (OnBeanCondition)
      - @ConditionalOnThreading found PLATFORM (OnThreadingCondition)

   TaskSchedulingConfigurations.ThreadPoolTaskSchedulerBuilderConfiguration#threadPoolTaskSchedulerBuilder matched:
      - @ConditionalOnMissingBean (types: org.springframework.boot.task.ThreadPoolTaskSchedulerBuilder; SearchStrategy: all) did not find any beans (OnBeanCondition)

   TransactionAutoConfiguration matched:
      - @ConditionalOnClass found required class 'org.springframework.transaction.PlatformTransactionManager' (OnClassCondition)

   TransactionAutoConfiguration.EnableTransactionManagementConfiguration matched:
      - @ConditionalOnBean (types: org.springframework.transaction.TransactionManager; SearchStrategy: all) found bean 'transactionManager'; @ConditionalOnMissingBean (types: org.springframework.transaction.annotation.AbstractTransactionManagementConfiguration; SearchStrategy: all) did not find any beans (OnBeanCondition)

   TransactionAutoConfiguration.EnableTransactionManagementConfiguration.CglibAutoProxyConfiguration matched:
      - @ConditionalOnProperty (spring.aop.proxy-target-class=true) matched (OnPropertyCondition)

   TransactionAutoConfiguration.TransactionTemplateConfiguration matched:
      - @ConditionalOnSingleCandidate (types: org.springframework.transaction.PlatformTransactionManager; SearchStrategy: all) found a single bean 'transactionManager' (OnBeanCondition)

   TransactionAutoConfiguration.TransactionTemplateConfiguration#transactionTemplate matched:
      - @ConditionalOnMissingBean (types: org.springframework.transaction.support.TransactionOperations; SearchStrategy: all) did not find any beans (OnBeanCondition)

   TransactionManagerCustomizationAutoConfiguration matched:
      - @ConditionalOnClass found required class 'org.springframework.transaction.PlatformTransactionManager' (OnClassCondition)

   TransactionManagerCustomizationAutoConfiguration#platformTransactionManagerCustomizers matched:
      - @ConditionalOnMissingBean (types: org.springframework.boot.autoconfigure.transaction.TransactionManagerCustomizers; SearchStrategy: all) did not find any beans (OnBeanCondition)

   ValidationAutoConfiguration matched:
      - @ConditionalOnClass found required class 'jakarta.validation.executable.ExecutableValidator' (OnClassCondition)
      - @ConditionalOnResource found location classpath:META-INF/services/jakarta.validation.spi.ValidationProvider (OnResourceCondition)

   ValidationAutoConfiguration#defaultValidator matched:
      - @ConditionalOnMissingBean (types: jakarta.validation.Validator; SearchStrategy: all) did not find any beans (OnBeanCondition)

   ValidationAutoConfiguration#methodValidationPostProcessor matched:
      - @ConditionalOnMissingBean (types: org.springframework.validation.beanvalidation.MethodValidationPostProcessor; SearchStrategy: current) did not find any beans (OnBeanCondition)

   WebClientAutoConfiguration matched:
      - @ConditionalOnClass found required class 'org.springframework.web.reactive.function.client.WebClient' (OnClassCondition)

   WebClientAutoConfiguration#webClientBuilder matched:
      - @ConditionalOnMissingBean (types: org.springframework.web.reactive.function.client.WebClient$Builder; SearchStrategy: all) did not find any beans (OnBeanCondition)

   WebClientAutoConfiguration#webClientSsl matched:
      - @ConditionalOnBean (types: org.springframework.boot.ssl.SslBundles; SearchStrategy: all) found bean 'sslBundleRegistry'; @ConditionalOnMissingBean (types: org.springframework.boot.autoconfigure.web.reactive.function.client.WebClientSsl; SearchStrategy: all) did not find any beans (OnBeanCondition)

   WebClientAutoConfiguration.WebClientCodecsConfiguration matched:
      - @ConditionalOnBean (types: org.springframework.boot.web.codec.CodecCustomizer; SearchStrategy: all) found beans 'jacksonCodecCustomizer', 'defaultCodecCustomizer' (OnBeanCondition)

   WebClientAutoConfiguration.WebClientCodecsConfiguration#exchangeStrategiesCustomizer matched:
      - @ConditionalOnMissingBean (types: org.springframework.boot.autoconfigure.web.reactive.function.client.WebClientCodecCustomizer; SearchStrategy: all) did not find any beans (OnBeanCondition)

   WebMvcAutoConfiguration matched:
      - @ConditionalOnClass found required classes 'jakarta.servlet.Servlet', 'org.springframework.web.servlet.DispatcherServlet', 'org.springframework.web.servlet.config.annotation.WebMvcConfigurer' (OnClassCondition)
      - found 'session' scope (OnWebApplicationCondition)
      - @ConditionalOnMissingBean (types: org.springframework.web.servlet.config.annotation.WebMvcConfigurationSupport; SearchStrategy: all) did not find any beans (OnBeanCondition)

   WebMvcAutoConfiguration#formContentFilter matched:
      - @ConditionalOnProperty (spring.mvc.formcontent.filter.enabled) matched (OnPropertyCondition)
      - @ConditionalOnMissingBean (types: org.springframework.web.filter.FormContentFilter; SearchStrategy: all) did not find any beans (OnBeanCondition)

   WebMvcAutoConfiguration.EnableWebMvcConfiguration#flashMapManager matched:
      - @ConditionalOnMissingBean (names: flashMapManager; SearchStrategy: all) did not find any beans (OnBeanCondition)

   WebMvcAutoConfiguration.EnableWebMvcConfiguration#themeResolver matched:
      - @ConditionalOnMissingBean (names: themeResolver; SearchStrategy: all) did not find any beans (OnBeanCondition)

   WebMvcAutoConfiguration.EnableWebMvcConfiguration#viewNameTranslator matched:
      - @ConditionalOnMissingBean (names: viewNameTranslator; SearchStrategy: all) did not find any beans (OnBeanCondition)

   WebMvcAutoConfiguration.ResourceChainCustomizerConfiguration matched:
      - @ConditionalOnEnabledResourceChain found class org.webjars.WebJarVersionLocator (OnEnabledResourceChainCondition)

   WebMvcAutoConfiguration.WebMvcAutoConfigurationAdapter#defaultViewResolver matched:
      - @ConditionalOnMissingBean (types: org.springframework.web.servlet.view.InternalResourceViewResolver; SearchStrategy: all) did not find any beans (OnBeanCondition)

   WebMvcAutoConfiguration.WebMvcAutoConfigurationAdapter#requestContextFilter matched:
      - @ConditionalOnMissingBean (types: org.springframework.web.context.request.RequestContextListener,org.springframework.web.filter.RequestContextFilter; SearchStrategy: all) did not find any beans (OnBeanCondition)

   WebMvcAutoConfiguration.WebMvcAutoConfigurationAdapter#viewResolver matched:
      - @ConditionalOnBean (types: org.springframework.web.servlet.ViewResolver; SearchStrategy: all) found beans 'defaultViewResolver', 'beanNameViewResolver', 'mvcViewResolver'; @ConditionalOnMissingBean (names: viewResolver types: org.springframework.web.servlet.view.ContentNegotiatingViewResolver; SearchStrategy: all) did not find any beans (OnBeanCondition)

   WebSocketServletAutoConfiguration matched:
      - @ConditionalOnClass found required classes 'jakarta.servlet.Servlet', 'jakarta.websocket.server.ServerContainer' (OnClassCondition)
      - found 'session' scope (OnWebApplicationCondition)

   WebSocketServletAutoConfiguration.TomcatWebSocketConfiguration matched:
      - @ConditionalOnClass found required classes 'org.apache.catalina.startup.Tomcat', 'org.apache.tomcat.websocket.server.WsSci' (OnClassCondition)

   WebSocketServletAutoConfiguration.TomcatWebSocketConfiguration#websocketServletWebServerCustomizer matched:
      - @ConditionalOnMissingBean (names: websocketServletWebServerCustomizer; SearchStrategy: all) did not find any beans (OnBeanCondition)


Negative matches:
-----------------

   ActiveMQAutoConfiguration:
      Did not match:
         - @ConditionalOnClass did not find required class 'jakarta.jms.ConnectionFactory' (OnClassCondition)

   AopAutoConfiguration.AspectJAutoProxyingConfiguration.JdkDynamicAutoProxyConfiguration:
      Did not match:
         - @ConditionalOnProperty (spring.aop.proxy-target-class=false) did not find property 'proxy-target-class' (OnPropertyCondition)

   AopAutoConfiguration.ClassProxyingConfiguration:
      Did not match:
         - @ConditionalOnMissingClass found unwanted class 'org.aspectj.weaver.Advice' (OnClassCondition)

   ArtemisAutoConfiguration:
      Did not match:
         - @ConditionalOnClass did not find required class 'jakarta.jms.ConnectionFactory' (OnClassCondition)

   BatchAutoConfiguration:
      Did not match:
         - @ConditionalOnClass did not find required class 'org.springframework.batch.core.launch.JobLauncher' (OnClassCondition)

   Cache2kCacheConfiguration:
      Did not match:
         - @ConditionalOnClass did not find required class 'org.cache2k.Cache2kBuilder' (OnClassCondition)

   CacheAutoConfiguration:
      Did not match:
         - @ConditionalOnBean (types: org.springframework.cache.interceptor.CacheAspectSupport; SearchStrategy: all) did not find any beans of type org.springframework.cache.interceptor.CacheAspectSupport (OnBeanCondition)
      Matched:
         - @ConditionalOnClass found required class 'org.springframework.cache.CacheManager' (OnClassCondition)

   CacheAutoConfiguration.CacheManagerEntityManagerFactoryDependsOnPostProcessor:
      Did not match:
         - Ancestor org.springframework.boot.autoconfigure.cache.CacheAutoConfiguration did not match (ConditionEvaluationReport.AncestorsMatchedCondition)
      Matched:
         - @ConditionalOnClass found required class 'org.springframework.orm.jpa.LocalContainerEntityManagerFactoryBean' (OnClassCondition)

   CaffeineCacheConfiguration:
      Did not match:
         - @ConditionalOnClass did not find required class 'com.github.benmanes.caffeine.cache.Caffeine' (OnClassCondition)

   CassandraAutoConfiguration:
      Did not match:
         - @ConditionalOnClass did not find required class 'com.datastax.oss.driver.api.core.CqlSession' (OnClassCondition)

   CassandraDataAutoConfiguration:
      Did not match:
         - @ConditionalOnClass did not find required class 'com.datastax.oss.driver.api.core.CqlSession' (OnClassCondition)

   CassandraReactiveDataAutoConfiguration:
      Did not match:
         - @ConditionalOnClass did not find required class 'com.datastax.oss.driver.api.core.CqlSession' (OnClassCondition)

   CassandraReactiveRepositoriesAutoConfiguration:
      Did not match:
         - @ConditionalOnClass did not find required class 'org.springframework.data.cassandra.ReactiveSession' (OnClassCondition)

   CassandraRepositoriesAutoConfiguration:
      Did not match:
         - @ConditionalOnClass did not find required class 'com.datastax.oss.driver.api.core.CqlSession' (OnClassCondition)

   ClientHttpConnectorFactoryConfiguration.HttpClient5:
      Did not match:
         - @ConditionalOnClass did not find required class 'org.apache.hc.core5.reactive.ReactiveResponseConsumer' (OnClassCondition)

   ClientHttpConnectorFactoryConfiguration.JdkClient:
      Did not match:
         - @ConditionalOnMissingBean (types: org.springframework.boot.autoconfigure.web.reactive.function.client.ClientHttpConnectorFactory; SearchStrategy: all) found beans of type 'org.springframework.boot.autoconfigure.web.reactive.function.client.ClientHttpConnectorFactory' reactorClientHttpConnectorFactory (OnBeanCondition)
      Matched:
         - @ConditionalOnClass found required class 'java.net.http.HttpClient' (OnClassCondition)

   CouchbaseAutoConfiguration:
      Did not match:
         - @ConditionalOnClass did not find required class 'com.couchbase.client.java.Cluster' (OnClassCondition)

   CouchbaseCacheConfiguration:
      Did not match:
         - @ConditionalOnClass did not find required class 'com.couchbase.client.java.Cluster' (OnClassCondition)

   CouchbaseDataAutoConfiguration:
      Did not match:
         - @ConditionalOnClass did not find required class 'com.couchbase.client.java.Bucket' (OnClassCondition)

   CouchbaseReactiveDataAutoConfiguration:
      Did not match:
         - @ConditionalOnClass did not find required class 'com.couchbase.client.java.Cluster' (OnClassCondition)

   CouchbaseReactiveRepositoriesAutoConfiguration:
      Did not match:
         - @ConditionalOnClass did not find required class 'com.couchbase.client.java.Cluster' (OnClassCondition)

   CouchbaseRepositoriesAutoConfiguration:
      Did not match:
         - @ConditionalOnClass did not find required class 'com.couchbase.client.java.Bucket' (OnClassCondition)

   DataSourceAutoConfiguration.EmbeddedDatabaseConfiguration:
      Did not match:
         - EmbeddedDataSource spring.datasource.url is set (DataSourceAutoConfiguration.EmbeddedDatabaseCondition)

   DataSourceCheckpointRestoreConfiguration:
      Did not match:
         - @ConditionalOnClass did not find required class 'org.crac.Resource' (OnClassCondition)

   DataSourceConfiguration.Dbcp2:
      Did not match:
         - @ConditionalOnClass did not find required class 'org.apache.commons.dbcp2.BasicDataSource' (OnClassCondition)

   DataSourceConfiguration.Generic:
      Did not match:
         - @ConditionalOnProperty (spring.datasource.type) did not find property 'spring.datasource.type' (OnPropertyCondition)

   DataSourceConfiguration.OracleUcp:
      Did not match:
         - @ConditionalOnClass did not find required classes 'oracle.ucp.jdbc.PoolDataSourceImpl', 'oracle.jdbc.OracleConnection' (OnClassCondition)

   DataSourceConfiguration.Tomcat:
      Did not match:
         - @ConditionalOnClass did not find required class 'org.apache.tomcat.jdbc.pool.DataSource' (OnClassCondition)

   DataSourceJmxConfiguration.TomcatDataSourceJmxConfiguration:
      Did not match:
         - @ConditionalOnClass did not find required class 'org.apache.tomcat.jdbc.pool.DataSourceProxy' (OnClassCondition)

   DataSourcePoolMetadataProvidersConfiguration.CommonsDbcp2PoolDataSourceMetadataProviderConfiguration:
      Did not match:
         - @ConditionalOnClass did not find required class 'org.apache.commons.dbcp2.BasicDataSource' (OnClassCondition)

   DataSourcePoolMetadataProvidersConfiguration.OracleUcpPoolDataSourceMetadataProviderConfiguration:
      Did not match:
         - @ConditionalOnClass did not find required classes 'oracle.ucp.jdbc.PoolDataSource', 'oracle.jdbc.OracleConnection' (OnClassCondition)

   DataSourcePoolMetadataProvidersConfiguration.TomcatDataSourcePoolMetadataProviderConfiguration:
      Did not match:
         - @ConditionalOnClass did not find required class 'org.apache.tomcat.jdbc.pool.DataSource' (OnClassCondition)

   DataSourceTransactionManagerAutoConfiguration.JdbcTransactionManagerConfiguration#transactionManager:
      Did not match:
         - @ConditionalOnMissingBean (types: org.springframework.transaction.TransactionManager; SearchStrategy: all) found beans of type 'org.springframework.transaction.TransactionManager' transactionManager (OnBeanCondition)

   DevToolsR2dbcAutoConfiguration:
      Did not match:
         - @ConditionalOnClass did not find required class 'io.r2dbc.spi.ConnectionFactory' (OnClassCondition)

   DispatcherServletAutoConfiguration.DispatcherServletConfiguration#multipartResolver:
      Did not match:
         - @ConditionalOnBean (types: org.springframework.web.multipart.MultipartResolver; SearchStrategy: all) did not find any beans of type org.springframework.web.multipart.MultipartResolver (OnBeanCondition)

   ElasticsearchClientAutoConfiguration:
      Did not match:
         - @ConditionalOnClass did not find required class 'co.elastic.clients.elasticsearch.ElasticsearchClient' (OnClassCondition)

   ElasticsearchDataAutoConfiguration:
      Did not match:
         - @ConditionalOnClass did not find required class 'org.springframework.data.elasticsearch.client.elc.ElasticsearchTemplate' (OnClassCondition)

   ElasticsearchRepositoriesAutoConfiguration:
      Did not match:
         - @ConditionalOnClass did not find required class 'org.springframework.data.elasticsearch.repository.ElasticsearchRepository' (OnClassCondition)

   ElasticsearchRestClientAutoConfiguration:
      Did not match:
         - @ConditionalOnClass did not find required class 'org.elasticsearch.client.RestClientBuilder' (OnClassCondition)

   EmbeddedLdapAutoConfiguration:
      Did not match:
         - @ConditionalOnClass did not find required class 'com.unboundid.ldap.listener.InMemoryDirectoryServer' (OnClassCondition)

   EmbeddedWebServerFactoryCustomizerAutoConfiguration.JettyWebServerFactoryCustomizerConfiguration:
      Did not match:
         - @ConditionalOnClass did not find required classes 'org.eclipse.jetty.server.Server', 'org.eclipse.jetty.util.Loader', 'org.eclipse.jetty.ee10.webapp.WebAppContext' (OnClassCondition)

   EmbeddedWebServerFactoryCustomizerAutoConfiguration.TomcatWebServerFactoryCustomizerConfiguration#tomcatVirtualThreadsProtocolHandlerCustomizer:
      Did not match:
         - @ConditionalOnThreading did not find VIRTUAL (OnThreadingCondition)

   EmbeddedWebServerFactoryCustomizerAutoConfiguration.UndertowWebServerFactoryCustomizerConfiguration:
      Did not match:
         - @ConditionalOnClass did not find required classes 'io.undertow.Undertow', 'org.xnio.SslClientAuthMode' (OnClassCondition)

   ErrorWebFluxAutoConfiguration:
      Did not match:
         - not a reactive web application (OnWebApplicationCondition)
      Matched:
         - @ConditionalOnClass found required class 'org.springframework.web.reactive.config.WebFluxConfigurer' (OnClassCondition)

   FlywayAutoConfiguration.FlywayConfiguration#oracleFlywayConfigurationCustomizer:
      Did not match:
         - @ConditionalOnClass did not find required class 'org.flywaydb.database.oracle.OracleConfigurationExtension' (OnClassCondition)

   FlywayAutoConfiguration.FlywayConfiguration#sqlServerFlywayConfigurationCustomizer:
      Did not match:
         - @ConditionalOnClass did not find required class 'org.flywaydb.database.sqlserver.SQLServerConfigurationExtension' (OnClassCondition)

   FreeMarkerAutoConfiguration:
      Did not match:
         - @ConditionalOnClass did not find required class 'freemarker.template.Configuration' (OnClassCondition)

   GraphQlAutoConfiguration:
      Did not match:
         - @ConditionalOnClass did not find required class 'graphql.GraphQL' (OnClassCondition)

   GraphQlQueryByExampleAutoConfiguration:
      Did not match:
         - @ConditionalOnClass did not find required class 'graphql.GraphQL' (OnClassCondition)

   GraphQlQuerydslAutoConfiguration:
      Did not match:
         - @ConditionalOnClass did not find required class 'com.querydsl.core.Query' (OnClassCondition)

   GraphQlRSocketAutoConfiguration:
      Did not match:
         - @ConditionalOnClass did not find required class 'graphql.GraphQL' (OnClassCondition)

   GraphQlReactiveQueryByExampleAutoConfiguration:
      Did not match:
         - @ConditionalOnClass did not find required class 'graphql.GraphQL' (OnClassCondition)

   GraphQlReactiveQuerydslAutoConfiguration:
      Did not match:
         - @ConditionalOnClass did not find required class 'com.querydsl.core.Query' (OnClassCondition)

   GraphQlWebFluxAutoConfiguration:
      Did not match:
         - @ConditionalOnClass did not find required class 'graphql.GraphQL' (OnClassCondition)

   GraphQlWebFluxSecurityAutoConfiguration:
      Did not match:
         - @ConditionalOnClass did not find required class 'graphql.GraphQL' (OnClassCondition)

   GraphQlWebMvcAutoConfiguration:
      Did not match:
         - @ConditionalOnClass did not find required class 'graphql.GraphQL' (OnClassCondition)

   GraphQlWebMvcSecurityAutoConfiguration:
      Did not match:
         - @ConditionalOnClass did not find required class 'graphql.GraphQL' (OnClassCondition)

   GroovyTemplateAutoConfiguration:
      Did not match:
         - @ConditionalOnClass did not find required class 'groovy.text.markup.MarkupTemplateEngine' (OnClassCondition)

   GsonAutoConfiguration:
      Did not match:
         - @ConditionalOnClass did not find required class 'com.google.gson.Gson' (OnClassCondition)

   GsonHttpMessageConvertersConfiguration:
      Did not match:
         - @ConditionalOnClass did not find required class 'com.google.gson.Gson' (OnClassCondition)

   H2ConsoleAutoConfiguration:
      Did not match:
         - @ConditionalOnClass did not find required class 'org.h2.server.web.JakartaWebServlet' (OnClassCondition)

   HazelcastAutoConfiguration:
      Did not match:
         - @ConditionalOnClass did not find required class 'com.hazelcast.core.HazelcastInstance' (OnClassCondition)

   HazelcastCacheConfiguration:
      Did not match:
         - @ConditionalOnClass did not find required class 'com.hazelcast.core.HazelcastInstance' (OnClassCondition)

   HazelcastJpaDependencyAutoConfiguration:
      Did not match:
         - @ConditionalOnClass did not find required class 'com.hazelcast.core.HazelcastInstance' (OnClassCondition)

   HttpHandlerAutoConfiguration:
      Did not match:
         - not a reactive web application (OnWebApplicationCondition)
      Matched:
         - @ConditionalOnClass found required classes 'org.springframework.web.reactive.DispatcherHandler', 'org.springframework.http.server.reactive.HttpHandler' (OnClassCondition)

   HypermediaAutoConfiguration:
      Did not match:
         - @ConditionalOnClass did not find required class 'org.springframework.hateoas.EntityModel' (OnClassCondition)

   InfinispanCacheConfiguration:
      Did not match:
         - @ConditionalOnClass did not find required class 'org.infinispan.spring.embedded.provider.SpringEmbeddedCacheManager' (OnClassCondition)

   IntegrationAutoConfiguration:
      Did not match:
         - @ConditionalOnClass did not find required class 'org.springframework.integration.config.EnableIntegration' (OnClassCondition)

   JCacheCacheConfiguration:
      Did not match:
         - @ConditionalOnClass did not find required class 'javax.cache.Caching' (OnClassCondition)

   JacksonHttpMessageConvertersConfiguration.MappingJackson2XmlHttpMessageConverterConfiguration:
      Did not match:
         - @ConditionalOnClass did not find required class 'com.fasterxml.jackson.dataformat.xml.XmlMapper' (OnClassCondition)

   JdbcRepositoriesAutoConfiguration:
      Did not match:
         - @ConditionalOnClass did not find required class 'org.springframework.data.jdbc.repository.config.AbstractJdbcConfiguration' (OnClassCondition)

   JerseyAutoConfiguration:
      Did not match:
         - @ConditionalOnClass did not find required class 'org.glassfish.jersey.server.spring.SpringComponentProvider' (OnClassCondition)

   JmsAutoConfiguration:
      Did not match:
         - @ConditionalOnClass did not find required class 'jakarta.jms.Message' (OnClassCondition)

   JmxAutoConfiguration:
      Did not match:
         - @ConditionalOnProperty (spring.jmx.enabled=true) did not find property 'enabled' (OnPropertyCondition)
      Matched:
         - @ConditionalOnClass found required class 'org.springframework.jmx.export.MBeanExporter' (OnClassCondition)

   JndiConnectionFactoryAutoConfiguration:
      Did not match:
         - @ConditionalOnClass did not find required class 'org.springframework.jms.core.JmsTemplate' (OnClassCondition)

   JndiDataSourceAutoConfiguration:
      Did not match:
         - @ConditionalOnProperty (spring.datasource.jndi-name) did not find property 'jndi-name' (OnPropertyCondition)
      Matched:
         - @ConditionalOnClass found required classes 'javax.sql.DataSource', 'org.springframework.jdbc.datasource.embedded.EmbeddedDatabaseType' (OnClassCondition)

   JndiJtaConfiguration:
      Did not match:
         - @ConditionalOnJndi JNDI environment is not available (OnJndiCondition)
      Matched:
         - @ConditionalOnClass found required class 'org.springframework.transaction.jta.JtaTransactionManager' (OnClassCondition)

   JooqAutoConfiguration:
      Did not match:
         - @ConditionalOnClass did not find required class 'org.jooq.DSLContext' (OnClassCondition)

   JpaRepositoriesAutoConfiguration#entityManagerFactoryBootstrapExecutorCustomizer:
      Did not match:
         - AnyNestedCondition 0 matched 2 did not; NestedCondition on JpaRepositoriesAutoConfiguration.BootstrapExecutorCondition.LazyBootstrapMode @ConditionalOnProperty (spring.data.jpa.repositories.bootstrap-mode=lazy) did not find property 'bootstrap-mode'; NestedCondition on JpaRepositoriesAutoConfiguration.BootstrapExecutorCondition.DeferredBootstrapMode @ConditionalOnProperty (spring.data.jpa.repositories.bootstrap-mode=deferred) did not find property 'bootstrap-mode' (JpaRepositoriesAutoConfiguration.BootstrapExecutorCondition)

   JsonbAutoConfiguration:
      Did not match:
         - @ConditionalOnClass did not find required class 'jakarta.json.bind.Jsonb' (OnClassCondition)

   JsonbHttpMessageConvertersConfiguration:
      Did not match:
         - @ConditionalOnClass did not find required class 'jakarta.json.bind.Jsonb' (OnClassCondition)

   KafkaAutoConfiguration:
      Did not match:
         - @ConditionalOnClass did not find required class 'org.springframework.kafka.core.KafkaTemplate' (OnClassCondition)

   LdapAutoConfiguration:
      Did not match:
         - @ConditionalOnClass did not find required class 'org.springframework.ldap.core.ContextSource' (OnClassCondition)

   LdapRepositoriesAutoConfiguration:
      Did not match:
         - @ConditionalOnClass did not find required class 'org.springframework.data.ldap.repository.LdapRepository' (OnClassCondition)

   LiquibaseAutoConfiguration:
      Did not match:
         - @ConditionalOnClass did not find required class 'liquibase.change.DatabaseChange' (OnClassCondition)

   MailSenderAutoConfiguration:
      Did not match:
         - @ConditionalOnClass did not find required class 'jakarta.mail.internet.MimeMessage' (OnClassCondition)

   MailSenderValidatorAutoConfiguration:
      Did not match:
         - @ConditionalOnSingleCandidate did not find required type 'org.springframework.mail.javamail.JavaMailSenderImpl' (OnBeanCondition)

   MessageSourceAutoConfiguration:
      Did not match:
         - ResourceBundle did not find bundle with basename messages (MessageSourceAutoConfiguration.ResourceBundleCondition)

   MongoAutoConfiguration:
      Did not match:
         - @ConditionalOnClass did not find required class 'com.mongodb.client.MongoClient' (OnClassCondition)

   MongoDataAutoConfiguration:
      Did not match:
         - @ConditionalOnClass did not find required class 'com.mongodb.client.MongoClient' (OnClassCondition)

   MongoReactiveAutoConfiguration:
      Did not match:
         - @ConditionalOnClass did not find required class 'com.mongodb.reactivestreams.client.MongoClient' (OnClassCondition)

   MongoReactiveDataAutoConfiguration:
      Did not match:
         - @ConditionalOnClass did not find required class 'com.mongodb.reactivestreams.client.MongoClient' (OnClassCondition)

   MongoReactiveRepositoriesAutoConfiguration:
      Did not match:
         - @ConditionalOnClass did not find required class 'com.mongodb.reactivestreams.client.MongoClient' (OnClassCondition)

   MongoRepositoriesAutoConfiguration:
      Did not match:
         - @ConditionalOnClass did not find required class 'com.mongodb.client.MongoClient' (OnClassCondition)

   MultipleOpenApiSupportConfiguration:
      Did not match:
         - AnyNestedCondition 0 matched 2 did not; NestedCondition on MultipleOpenApiSupportCondition.OnActuatorDifferentPort @ConditionalOnProperty (springdoc.show-actuator) did not find property 'springdoc.show-actuator'; NestedCondition on MultipleOpenApiSupportCondition.OnMultipleOpenApiSupportCondition AnyNestedCondition 0 matched 3 did not; NestedCondition on MultipleOpenApiGroupsCondition.OnListGroupedOpenApiBean @ConditionalOnBean (types: org.springdoc.core.models.GroupedOpenApi; SearchStrategy: all) did not find any beans of type org.springdoc.core.models.GroupedOpenApi; NestedCondition on MultipleOpenApiGroupsCondition.OnGroupConfigProperty @ConditionalOnProperty (springdoc.group-configs[0].group) did not find property 'springdoc.group-configs[0].group'; NestedCondition on MultipleOpenApiGroupsCondition.OnGroupedOpenApiBean @ConditionalOnBean (types: org.springdoc.core.models.GroupedOpenApi; SearchStrategy: all) did not find any beans of type org.springdoc.core.models.GroupedOpenApi (MultipleOpenApiSupportCondition)
      Matched:
         - found 'session' scope (OnWebApplicationCondition)
         - @ConditionalOnProperty (springdoc.api-docs.enabled) matched (OnPropertyCondition)

   MultipleOpenApiSupportConfiguration.SpringDocWebMvcActuatorDifferentConfiguration:
      Did not match:
         - @ConditionalOnClass did not find required class 'org.springframework.boot.actuate.endpoint.web.servlet.WebMvcEndpointHandlerMapping' (OnClassCondition)
         - Ancestor org.springdoc.webmvc.core.configuration.MultipleOpenApiSupportConfiguration did not match (ConditionEvaluationReport.AncestorsMatchedCondition)

   MustacheAutoConfiguration:
      Did not match:
         - @ConditionalOnClass did not find required class 'com.samskivert.mustache.Mustache' (OnClassCondition)

   Neo4jAutoConfiguration:
      Did not match:
         - @ConditionalOnClass did not find required class 'org.neo4j.driver.Driver' (OnClassCondition)

   Neo4jDataAutoConfiguration:
      Did not match:
         - @ConditionalOnClass did not find required class 'org.neo4j.driver.Driver' (OnClassCondition)

   Neo4jReactiveDataAutoConfiguration:
      Did not match:
         - @ConditionalOnClass did not find required class 'org.neo4j.driver.Driver' (OnClassCondition)

   Neo4jReactiveRepositoriesAutoConfiguration:
      Did not match:
         - @ConditionalOnClass did not find required class 'org.neo4j.driver.Driver' (OnClassCondition)

   Neo4jRepositoriesAutoConfiguration:
      Did not match:
         - @ConditionalOnClass did not find required class 'org.neo4j.driver.Driver' (OnClassCondition)

   OAuth2AuthorizationServerAutoConfiguration:
      Did not match:
         - @ConditionalOnClass did not find required class 'org.springframework.security.oauth2.server.authorization.OAuth2Authorization' (OnClassCondition)

   OAuth2AuthorizationServerJwtAutoConfiguration:
      Did not match:
         - @ConditionalOnClass did not find required class 'com.nimbusds.jose.jwk.source.JWKSource' (OnClassCondition)

   OAuth2ClientAutoConfiguration:
      Did not match:
         - @ConditionalOnClass did not find required class 'org.springframework.security.oauth2.client.registration.ClientRegistration' (OnClassCondition)

   OAuth2ResourceServerAutoConfiguration:
      Did not match:
         - @ConditionalOnClass did not find required class 'org.springframework.security.oauth2.server.resource.authentication.BearerTokenAuthenticationToken' (OnClassCondition)

   ProjectInfoAutoConfiguration#buildProperties:
      Did not match:
         - @ConditionalOnResource did not find resource '${spring.info.build.location:classpath:META-INF/build-info.properties}' (OnResourceCondition)

   ProjectInfoAutoConfiguration#gitProperties:
      Did not match:
         - GitResource did not find git info at classpath:git.properties (ProjectInfoAutoConfiguration.GitResourceAvailableCondition)

   PulsarAutoConfiguration:
      Did not match:
         - @ConditionalOnClass did not find required class 'org.apache.pulsar.client.api.PulsarClient' (OnClassCondition)

   PulsarReactiveAutoConfiguration:
      Did not match:
         - @ConditionalOnClass did not find required class 'org.apache.pulsar.client.api.PulsarClient' (OnClassCondition)

   QuartzAutoConfiguration:
      Did not match:
         - @ConditionalOnClass did not find required class 'org.quartz.Scheduler' (OnClassCondition)

   R2dbcAutoConfiguration:
      Did not match:
         - @ConditionalOnClass did not find required class 'io.r2dbc.spi.ConnectionFactory' (OnClassCondition)

   R2dbcDataAutoConfiguration:
      Did not match:
         - @ConditionalOnClass did not find required class 'org.springframework.data.r2dbc.core.R2dbcEntityTemplate' (OnClassCondition)

   R2dbcInitializationConfiguration:
      Did not match:
         - @ConditionalOnClass did not find required classes 'io.r2dbc.spi.ConnectionFactory', 'org.springframework.r2dbc.connection.init.DatabasePopulator' (OnClassCondition)

   R2dbcProxyAutoConfiguration:
      Did not match:
         - @ConditionalOnClass did not find required class 'io.r2dbc.proxy.ProxyConnectionFactory' (OnClassCondition)

   R2dbcRepositoriesAutoConfiguration:
      Did not match:
         - @ConditionalOnClass did not find required class 'io.r2dbc.spi.ConnectionFactory' (OnClassCondition)

   R2dbcTransactionManagerAutoConfiguration:
      Did not match:
         - @ConditionalOnClass did not find required class 'org.springframework.r2dbc.connection.R2dbcTransactionManager' (OnClassCondition)

   RSocketGraphQlClientAutoConfiguration:
      Did not match:
         - @ConditionalOnClass did not find required class 'graphql.GraphQL' (OnClassCondition)

   RSocketMessagingAutoConfiguration:
      Did not match:
         - @ConditionalOnClass did not find required class 'io.rsocket.RSocket' (OnClassCondition)

   RSocketRequesterAutoConfiguration:
      Did not match:
         - @ConditionalOnClass did not find required class 'io.rsocket.RSocket' (OnClassCondition)

   RSocketSecurityAutoConfiguration:
      Did not match:
         - @ConditionalOnClass did not find required class 'org.springframework.security.rsocket.core.SecuritySocketAcceptorInterceptor' (OnClassCondition)

   RSocketServerAutoConfiguration:
      Did not match:
         - @ConditionalOnClass did not find required class 'io.rsocket.core.RSocketServer' (OnClassCondition)

   RSocketStrategiesAutoConfiguration:
      Did not match:
         - @ConditionalOnClass did not find required class 'io.rsocket.RSocket' (OnClassCondition)

   RabbitAutoConfiguration:
      Did not match:
         - @ConditionalOnClass did not find required class 'com.rabbitmq.client.Channel' (OnClassCondition)

   ReactiveElasticsearchClientAutoConfiguration:
      Did not match:
         - @ConditionalOnClass did not find required class 'co.elastic.clients.transport.ElasticsearchTransport' (OnClassCondition)

   ReactiveElasticsearchRepositoriesAutoConfiguration:
      Did not match:
         - @ConditionalOnClass did not find required class 'org.springframework.data.elasticsearch.client.elc.ReactiveElasticsearchClient' (OnClassCondition)

   ReactiveMultipartAutoConfiguration:
      Did not match:
         - not a reactive web application (OnWebApplicationCondition)
      Matched:
         - @ConditionalOnClass found required classes 'org.springframework.http.codec.multipart.DefaultPartHttpMessageReader', 'org.springframework.web.reactive.config.WebFluxConfigurer' (OnClassCondition)

   ReactiveOAuth2ClientAutoConfiguration:
      Did not match:
         - @ConditionalOnClass did not find required class 'org.springframework.security.oauth2.client.registration.ClientRegistration' (OnClassCondition)

   ReactiveOAuth2ResourceServerAutoConfiguration:
      Did not match:
         - not a reactive web application (OnWebApplicationCondition)
      Matched:
         - @ConditionalOnClass found required class 'org.springframework.security.config.annotation.web.reactive.EnableWebFluxSecurity' (OnClassCondition)

   ReactiveSecurityAutoConfiguration.SpringBootWebFluxSecurityConfiguration:
      Did not match:
         - not a reactive web application (OnWebApplicationCondition)

   ReactiveUserDetailsServiceAutoConfiguration:
      Did not match:
         - AnyNestedCondition 0 matched 2 did not; NestedCondition on ReactiveUserDetailsServiceAutoConfiguration.RSocketEnabledOrReactiveWebApplication.ReactiveWebApplicationCondition not a reactive web application; NestedCondition on ReactiveUserDetailsServiceAutoConfiguration.RSocketEnabledOrReactiveWebApplication.RSocketSecurityEnabledCondition @ConditionalOnBean (types: org.springframework.messaging.rsocket.annotation.support.RSocketMessageHandler; SearchStrategy: all) did not find any beans of type org.springframework.messaging.rsocket.annotation.support.RSocketMessageHandler (ReactiveUserDetailsServiceAutoConfiguration.RSocketEnabledOrReactiveWebApplication)
      Matched:
         - @ConditionalOnClass found required class 'org.springframework.security.authentication.ReactiveAuthenticationManager' (OnClassCondition)
         - AnyNestedCondition 1 matched 2 did not; NestedCondition on ReactiveUserDetailsServiceAutoConfiguration.MissingAlternativeOrUserPropertiesConfigured.PasswordConfigured @ConditionalOnProperty (spring.security.user.password) did not find property 'password'; NestedCondition on ReactiveUserDetailsServiceAutoConfiguration.MissingAlternativeOrUserPropertiesConfigured.NameConfigured @ConditionalOnProperty (spring.security.user.name) did not find property 'name'; NestedCondition on ReactiveUserDetailsServiceAutoConfiguration.MissingAlternativeOrUserPropertiesConfigured.MissingAlternative @ConditionalOnMissingClass did not find unwanted classes 'org.springframework.security.oauth2.client.registration.ClientRegistrationRepository', 'org.springframework.security.oauth2.server.resource.introspection.ReactiveOpaqueTokenIntrospector' (ReactiveUserDetailsServiceAutoConfiguration.MissingAlternativeOrUserPropertiesConfigured)

   ReactiveWebServerFactoryAutoConfiguration:
      Did not match:
         - not a reactive web application (OnWebApplicationCondition)
      Matched:
         - @ConditionalOnClass found required class 'org.springframework.http.ReactiveHttpInputMessage' (OnClassCondition)

   RedisAutoConfiguration:
      Did not match:
         - @ConditionalOnClass did not find required class 'org.springframework.data.redis.core.RedisOperations' (OnClassCondition)

   RedisCacheConfiguration:
      Did not match:
         - @ConditionalOnClass did not find required class 'org.springframework.data.redis.connection.RedisConnectionFactory' (OnClassCondition)

   RedisReactiveAutoConfiguration:
      Did not match:
         - @ConditionalOnClass did not find required class 'org.springframework.data.redis.connection.ReactiveRedisConnectionFactory' (OnClassCondition)

   RedisRepositoriesAutoConfiguration:
      Did not match:
         - @ConditionalOnClass did not find required class 'org.springframework.data.redis.repository.configuration.EnableRedisRepositories' (OnClassCondition)

   RemoteDevToolsAutoConfiguration:
      Did not match:
         - @ConditionalOnProperty (spring.devtools.remote.secret) did not find property 'secret' (OnPropertyCondition)
      Matched:
         - @ConditionalOnClass found required classes 'jakarta.servlet.Filter', 'org.springframework.http.server.ServerHttpRequest' (OnClassCondition)

   RepositoryRestMvcAutoConfiguration:
      Did not match:
         - @ConditionalOnClass did not find required class 'org.springframework.data.rest.webmvc.config.RepositoryRestMvcConfiguration' (OnClassCondition)

   Saml2RelyingPartyAutoConfiguration:
      Did not match:
         - @ConditionalOnClass did not find required class 'org.springframework.security.saml2.provider.service.registration.RelyingPartyRegistrationRepository' (OnClassCondition)

   SecurityDataConfiguration:
      Did not match:
         - @ConditionalOnClass did not find required class 'org.springframework.security.data.repository.query.SecurityEvaluationContextExtension' (OnClassCondition)

   SendGridAutoConfiguration:
      Did not match:
         - @ConditionalOnClass did not find required class 'com.sendgrid.SendGrid' (OnClassCondition)

   ServletWebServerFactoryAutoConfiguration.ForwardedHeaderFilterConfiguration:
      Did not match:
         - @ConditionalOnProperty (server.forward-headers-strategy=framework) did not find property 'server.forward-headers-strategy' (OnPropertyCondition)

   ServletWebServerFactoryConfiguration.EmbeddedJetty:
      Did not match:
         - @ConditionalOnClass did not find required classes 'org.eclipse.jetty.server.Server', 'org.eclipse.jetty.util.Loader', 'org.eclipse.jetty.ee10.webapp.WebAppContext' (OnClassCondition)

   ServletWebServerFactoryConfiguration.EmbeddedUndertow:
      Did not match:
         - @ConditionalOnClass did not find required classes 'io.undertow.Undertow', 'org.xnio.SslClientAuthMode' (OnClassCondition)

   SessionAutoConfiguration:
      Did not match:
         - @ConditionalOnClass did not find required class 'org.springframework.session.Session' (OnClassCondition)

   SpringApplicationAdminJmxAutoConfiguration:
      Did not match:
         - @ConditionalOnProperty (spring.application.admin.enabled=true) did not find property 'enabled' (OnPropertyCondition)

   SpringBootWebSecurityConfiguration.SecurityFilterChainConfiguration:
      Did not match:
         - AllNestedConditions 1 matched 1 did not; NestedCondition on DefaultWebSecurityCondition.Beans @ConditionalOnMissingBean (types: org.springframework.security.web.SecurityFilterChain; SearchStrategy: all) found beans of type 'org.springframework.security.web.SecurityFilterChain' securityFilterChain; NestedCondition on DefaultWebSecurityCondition.Classes @ConditionalOnClass found required classes 'org.springframework.security.web.SecurityFilterChain', 'org.springframework.security.config.annotation.web.builders.HttpSecurity' (DefaultWebSecurityCondition)

   SpringBootWebSecurityConfiguration.WebSecurityEnablerConfiguration:
      Did not match:
         - @ConditionalOnMissingBean (names: springSecurityFilterChain; SearchStrategy: all) found beans named springSecurityFilterChain (OnBeanCondition)
      Matched:
         - @ConditionalOnClass found required class 'org.springframework.security.config.annotation.web.configuration.EnableWebSecurity' (OnClassCondition)

   SpringDocConfiguration#propertiesResolverForSchema:
      Did not match:
         - @ConditionalOnProperty (springdoc.api-docs.resolve-schema-properties) did not find property 'springdoc.api-docs.resolve-schema-properties' (OnPropertyCondition)

   SpringDocConfiguration#propertyCustomizingConverter:
      Did not match:
         - @ConditionalOnBean (types: org.springdoc.core.customizers.PropertyCustomizer; SearchStrategy: all) did not find any beans of type org.springdoc.core.customizers.PropertyCustomizer (OnBeanCondition)

   SpringDocConfiguration#springdocBeanFactoryPostProcessor:
      Did not match:
         - AnyNestedCondition 0 matched 2 did not; NestedCondition on CacheOrGroupedOpenApiCondition.OnCacheDisabled found non-matching nested conditions @ConditionalOnProperty (springdoc.cache.disabled) did not find property 'springdoc.cache.disabled'; NestedCondition on CacheOrGroupedOpenApiCondition.OnMultipleOpenApiSupportCondition AnyNestedCondition 0 matched 2 did not; NestedCondition on MultipleOpenApiSupportCondition.OnActuatorDifferentPort @ConditionalOnProperty (springdoc.show-actuator) did not find property 'springdoc.show-actuator'; NestedCondition on MultipleOpenApiSupportCondition.OnMultipleOpenApiSupportCondition AnyNestedCondition 0 matched 3 did not; NestedCondition on MultipleOpenApiGroupsCondition.OnListGroupedOpenApiBean @ConditionalOnBean (types: org.springdoc.core.models.GroupedOpenApi; SearchStrategy: all) did not find any beans of type org.springdoc.core.models.GroupedOpenApi; NestedCondition on MultipleOpenApiGroupsCondition.OnGroupConfigProperty @ConditionalOnProperty (springdoc.group-configs[0].group) did not find property 'springdoc.group-configs[0].group'; NestedCondition on MultipleOpenApiGroupsCondition.OnGroupedOpenApiBean @ConditionalOnBean (types: org.springdoc.core.models.GroupedOpenApi; SearchStrategy: all) did not find any beans of type org.springdoc.core.models.GroupedOpenApi (CacheOrGroupedOpenApiCondition)
      Matched:
         - @ConditionalOnClass found required class 'org.springframework.boot.context.properties.bind.BindResult' (OnClassCondition)

   SpringDocConfiguration#springdocBeanFactoryPostProcessor2:
      Did not match:
         - @ConditionalOnMissingClass found unwanted class 'org.springframework.boot.context.properties.bind.BindResult' (OnClassCondition)

   SpringDocConfiguration.SpringDocActuatorConfiguration:
      Did not match:
         - @ConditionalOnClass did not find required class 'org.springframework.boot.actuate.autoconfigure.endpoint.web.WebEndpointProperties' (OnClassCondition)

   SpringDocConfiguration.SpringDocRepositoryRestConfiguration:
      Did not match:
         - @ConditionalOnClass did not find required class 'org.springframework.data.rest.core.config.RepositoryRestConfiguration' (OnClassCondition)

   SpringDocDataRestConfiguration:
      Did not match:
         - @ConditionalOnClass did not find required class 'org.springframework.data.rest.core.config.RepositoryRestConfiguration' (OnClassCondition)

   SpringDocFunctionCatalogConfiguration:
      Did not match:
         - @ConditionalOnClass did not find required class 'org.springframework.cloud.function.web.function.FunctionEndpointInitializer' (OnClassCondition)

   SpringDocGroovyConfiguration:
      Did not match:
         - @ConditionalOnClass did not find required class 'groovy.lang.MetaClass' (OnClassCondition)

   SpringDocHateoasConfiguration:
      Did not match:
         - @ConditionalOnClass did not find required class 'org.springframework.hateoas.server.LinkRelationProvider' (OnClassCondition)

   SpringDocJacksonKotlinModuleConfiguration:
      Did not match:
         - @ConditionalOnClass did not find required class 'com.fasterxml.jackson.module.kotlin.KotlinModule' (OnClassCondition)

   SpringDocJavadocConfiguration:
      Did not match:
         - @ConditionalOnClass did not find required class 'com.github.therapi.runtimejavadoc.CommentFormatter' (OnClassCondition)

   SpringDocKotlinConfiguration:
      Did not match:
         - @ConditionalOnClass did not find required class 'kotlin.coroutines.Continuation' (OnClassCondition)

   SpringDocKotlinxConfiguration:
      Did not match:
         - @ConditionalOnClass did not find required class 'kotlinx.coroutines.flow.Flow' (OnClassCondition)

   SpringDocSecurityConfiguration.SpringDocSecurityOAuth2ClientConfiguration:
      Did not match:
         - @ConditionalOnClass did not find required class 'org.springframework.security.oauth2.client.annotation.RegisteredOAuth2AuthorizedClient' (OnClassCondition)

   SpringDocSecurityConfiguration.SpringDocSecurityOAuth2Configuration:
      Did not match:
         - @ConditionalOnClass did not find required class 'org.springframework.security.oauth2.server.authorization.OAuth2AuthorizationService' (OnClassCondition)

   SpringDocSecurityConfiguration.SpringSecurityLoginEndpointConfiguration#springSecurityLoginEndpointCustomizer:
      Did not match:
         - @ConditionalOnProperty (springdoc.show-login-endpoint) did not find property 'springdoc.show-login-endpoint' (OnPropertyCondition)

   SpringDocSortConfiguration#dataRestDelegatingMethodParameterCustomizer:
      Did not match:
         - @ConditionalOnMissingBean (types: org.springdoc.core.customizers.DataRestDelegatingMethodParameterCustomizer; SearchStrategy: all) found beans of type 'org.springdoc.core.customizers.DataRestDelegatingMethodParameterCustomizer' dataRestDelegatingMethodParameterCustomizer (OnBeanCondition)

   SpringDocWebMvcConfiguration.SpringDocWebMvcActuatorConfiguration:
      Did not match:
         - @ConditionalOnClass did not find required class 'org.springframework.boot.actuate.endpoint.web.servlet.WebMvcEndpointHandlerMapping' (OnClassCondition)

   SwaggerConfig#springWebProvider:
      Did not match:
         - @ConditionalOnMissingBean (types: org.springdoc.core.providers.SpringWebProvider; SearchStrategy: all) found beans of type 'org.springdoc.core.providers.SpringWebProvider' springWebProvider (OnBeanCondition)

   SwaggerConfig#swaggerUiHome:
      Did not match:
         - @ConditionalOnProperty (springdoc.swagger-ui.use-root-path=true) did not find property 'springdoc.swagger-ui.use-root-path' (OnPropertyCondition)

   SwaggerConfig.SwaggerActuatorWelcomeConfiguration:
      Did not match:
         - @ConditionalOnClass did not find required class 'org.springframework.boot.actuate.endpoint.web.servlet.WebMvcEndpointHandlerMapping' (OnClassCondition)

   TaskExecutorConfigurations.SimpleAsyncTaskExecutorBuilderConfiguration#simpleAsyncTaskExecutorBuilderVirtualThreads:
      Did not match:
         - @ConditionalOnMissingBean (types: org.springframework.boot.task.SimpleAsyncTaskExecutorBuilder; SearchStrategy: all) found beans of type 'org.springframework.boot.task.SimpleAsyncTaskExecutorBuilder' simpleAsyncTaskExecutorBuilder (OnBeanCondition)

   TaskExecutorConfigurations.TaskExecutorConfiguration#applicationTaskExecutorVirtualThreads:
      Did not match:
         - @ConditionalOnThreading did not find VIRTUAL (OnThreadingCondition)

   TaskSchedulingAutoConfiguration#scheduledBeanLazyInitializationExcludeFilter:
      Did not match:
         - @ConditionalOnBean (names: org.springframework.context.annotation.internalScheduledAnnotationProcessor; SearchStrategy: all) did not find any beans named org.springframework.context.annotation.internalScheduledAnnotationProcessor (OnBeanCondition)

   TaskSchedulingConfigurations.SimpleAsyncTaskSchedulerBuilderConfiguration#simpleAsyncTaskSchedulerBuilderVirtualThreads:
      Did not match:
         - @ConditionalOnMissingBean (types: org.springframework.boot.task.SimpleAsyncTaskSchedulerBuilder; SearchStrategy: all) found beans of type 'org.springframework.boot.task.SimpleAsyncTaskSchedulerBuilder' simpleAsyncTaskSchedulerBuilder (OnBeanCondition)

   TaskSchedulingConfigurations.TaskSchedulerConfiguration:
      Did not match:
         - @ConditionalOnBean (names: org.springframework.context.annotation.internalScheduledAnnotationProcessor; SearchStrategy: all) did not find any beans named org.springframework.context.annotation.internalScheduledAnnotationProcessor (OnBeanCondition)

   ThymeleafAutoConfiguration:
      Did not match:
         - @ConditionalOnClass did not find required class 'org.thymeleaf.spring6.SpringTemplateEngine' (OnClassCondition)

   TransactionAutoConfiguration#transactionalOperator:
      Did not match:
         - @ConditionalOnSingleCandidate (types: org.springframework.transaction.ReactiveTransactionManager; SearchStrategy: all) did not find any beans (OnBeanCondition)

   TransactionAutoConfiguration.AspectJTransactionManagementConfiguration:
      Did not match:
         - @ConditionalOnBean (types: org.springframework.transaction.aspectj.AbstractTransactionAspect; SearchStrategy: all) did not find any beans of type org.springframework.transaction.aspectj.AbstractTransactionAspect (OnBeanCondition)

   TransactionAutoConfiguration.EnableTransactionManagementConfiguration.JdkDynamicAutoProxyConfiguration:
      Did not match:
         - @ConditionalOnProperty (spring.aop.proxy-target-class=false) did not find property 'proxy-target-class' (OnPropertyCondition)

   UserDetailsServiceAutoConfiguration:
      Did not match:
         - @ConditionalOnMissingBean (types: org.springframework.security.authentication.AuthenticationManager,org.springframework.security.authentication.AuthenticationProvider,org.springframework.security.core.userdetails.UserDetailsService,org.springframework.security.authentication.AuthenticationManagerResolver,org.springframework.security.oauth2.jwt.JwtDecoder; SearchStrategy: all) found beans of type 'org.springframework.security.authentication.AuthenticationManager' authenticationManager and found beans of type 'org.springframework.security.core.userdetails.UserDetailsService' customUserDetailsService (OnBeanCondition)
      Matched:
         - @ConditionalOnClass found required class 'org.springframework.security.authentication.AuthenticationManager' (OnClassCondition)
         - found 'session' scope (OnWebApplicationCondition)
         - AnyNestedCondition 1 matched 2 did not; NestedCondition on UserDetailsServiceAutoConfiguration.MissingAlternativeOrUserPropertiesConfigured.PasswordConfigured @ConditionalOnProperty (spring.security.user.password) did not find property 'password'; NestedCondition on UserDetailsServiceAutoConfiguration.MissingAlternativeOrUserPropertiesConfigured.NameConfigured @ConditionalOnProperty (spring.security.user.name) did not find property 'name'; NestedCondition on UserDetailsServiceAutoConfiguration.MissingAlternativeOrUserPropertiesConfigured.MissingAlternative @ConditionalOnMissingClass did not find unwanted classes 'org.springframework.security.oauth2.client.registration.ClientRegistrationRepository', 'org.springframework.security.oauth2.server.resource.introspection.OpaqueTokenIntrospector', 'org.springframework.security.saml2.provider.service.registration.RelyingPartyRegistrationRepository' (UserDetailsServiceAutoConfiguration.MissingAlternativeOrUserPropertiesConfigured)

   WebFluxAutoConfiguration:
      Did not match:
         - not a reactive web application (OnWebApplicationCondition)
      Matched:
         - @ConditionalOnClass found required class 'org.springframework.web.reactive.config.WebFluxConfigurer' (OnClassCondition)

   WebMvcAutoConfiguration#hiddenHttpMethodFilter:
      Did not match:
         - @ConditionalOnProperty (spring.mvc.hiddenmethod.filter.enabled) did not find property 'enabled' (OnPropertyCondition)

   WebMvcAutoConfiguration.EnableWebMvcConfiguration#localeResolver:
      Did not match:
         - @ConditionalOnMissingBean (names: localeResolver; SearchStrategy: all) found beans named localeResolver (OnBeanCondition)

   WebMvcAutoConfiguration.ProblemDetailsErrorHandlingConfiguration:
      Did not match:
         - @ConditionalOnProperty (spring.mvc.problemdetails.enabled=true) did not find property 'enabled' (OnPropertyCondition)

   WebMvcAutoConfiguration.WebMvcAutoConfigurationAdapter#beanNameViewResolver:
      Did not match:
         - @ConditionalOnMissingBean (types: org.springframework.web.servlet.view.BeanNameViewResolver; SearchStrategy: all) found beans of type 'org.springframework.web.servlet.view.BeanNameViewResolver' beanNameViewResolver (OnBeanCondition)

   WebServiceTemplateAutoConfiguration:
      Did not match:
         - @ConditionalOnClass did not find required class 'org.springframework.oxm.Marshaller' (OnClassCondition)

   WebServicesAutoConfiguration:
      Did not match:
         - @ConditionalOnClass did not find required class 'org.springframework.ws.transport.http.MessageDispatcherServlet' (OnClassCondition)

   WebSessionIdResolverAutoConfiguration:
      Did not match:
         - not a reactive web application (OnWebApplicationCondition)
      Matched:
         - @ConditionalOnClass found required classes 'org.springframework.web.server.session.WebSessionManager', 'reactor.core.publisher.Mono' (OnClassCondition)

   WebSocketMessagingAutoConfiguration:
      Did not match:
         - @ConditionalOnClass did not find required class 'org.springframework.web.socket.config.annotation.WebSocketMessageBrokerConfigurer' (OnClassCondition)

   WebSocketReactiveAutoConfiguration:
      Did not match:
         - not a reactive web application (OnWebApplicationCondition)
      Matched:
         - @ConditionalOnClass found required classes 'jakarta.servlet.Servlet', 'jakarta.websocket.server.ServerContainer' (OnClassCondition)

   WebSocketServletAutoConfiguration.JettyWebSocketConfiguration:
      Did not match:
         - @ConditionalOnClass did not find required class 'org.eclipse.jetty.ee10.websocket.jakarta.server.config.JakartaWebSocketServletContainerInitializer' (OnClassCondition)

   WebSocketServletAutoConfiguration.UndertowWebSocketConfiguration:
      Did not match:
         - @ConditionalOnClass did not find required class 'io.undertow.websockets.jsr.Bootstrap' (OnClassCondition)

   XADataSourceAutoConfiguration:
      Did not match:
         - @ConditionalOnBean (types: org.springframework.boot.jdbc.XADataSourceWrapper; SearchStrategy: all) did not find any beans of type org.springframework.boot.jdbc.XADataSourceWrapper (OnBeanCondition)
      Matched:
         - @ConditionalOnClass found required classes 'javax.sql.DataSource', 'jakarta.transaction.TransactionManager', 'org.springframework.jdbc.datasource.embedded.EmbeddedDatabaseType' (OnClassCondition)


Exclusions:
-----------

    None


Unconditional classes:
----------------------

    org.springframework.boot.autoconfigure.context.ConfigurationPropertiesAutoConfiguration

    org.springframework.boot.autoconfigure.ssl.SslAutoConfiguration

    org.springframework.boot.autoconfigure.context.PropertyPlaceholderAutoConfiguration

    org.springframework.boot.autoconfigure.context.LifecycleAutoConfiguration

    org.springdoc.core.configuration.SpringDocSpecPropertiesConfiguration

    org.springframework.boot.autoconfigure.availability.ApplicationAvailabilityAutoConfiguration

    org.springframework.boot.autoconfigure.info.ProjectInfoAutoConfiguration



2025-11-13 12:23:29.211 [restartedMain] INFO  c.dailybrief.DailybriefApplication - Started DailybriefApplication in 20.755 seconds (process running for 21.877)
2025-11-13 12:23:29.216 [restartedMain] DEBUG o.s.b.a.ApplicationAvailabilityBean - Application availability state LivenessState changed to CORRECT
2025-11-13 12:23:29.234 [restartedMain] DEBUG o.s.boot.devtools.restart.Restarter - Creating new Restarter for thread Thread[#1,main,5,main]
2025-11-13 12:23:29.234 [restartedMain] DEBUG o.s.boot.devtools.restart.Restarter - Immediately restarting application
2025-11-13 12:23:29.234 [restartedMain] DEBUG o.s.boot.devtools.restart.Restarter - Starting application com.dailybrief.DailybriefApplication with URLs [file:/C:/Xandão/SpringBoot/dailybrief/target/classes/]
2025-11-13 12:23:29.236 [restartedMain] DEBUG o.s.b.a.ApplicationAvailabilityBean - Application availability state ReadinessState changed to ACCEPTING_TRAFFIC
2025-11-13 12:23:42.400 [http-nio-8080-exec-1] INFO  o.a.c.c.C.[Tomcat].[localhost].[/] - Initializing Spring DispatcherServlet 'dispatcherServlet'
2025-11-13 12:23:42.401 [http-nio-8080-exec-1] INFO  o.s.web.servlet.DispatcherServlet - Initializing Servlet 'dispatcherServlet'
2025-11-13 12:23:42.401 [http-nio-8080-exec-1] DEBUG o.s.web.servlet.DispatcherServlet - Detected StandardServletMultipartResolver
2025-11-13 12:23:42.401 [http-nio-8080-exec-1] DEBUG o.s.web.servlet.DispatcherServlet - Detected AcceptHeaderLocaleResolver
2025-11-13 12:23:42.401 [http-nio-8080-exec-1] DEBUG o.s.web.servlet.DispatcherServlet - Detected FixedThemeResolver
2025-11-13 12:23:42.402 [http-nio-8080-exec-1] DEBUG o.s.web.servlet.DispatcherServlet - Detected org.springframework.web.servlet.view.DefaultRequestToViewNameTranslator@67301109
2025-11-13 12:23:42.403 [http-nio-8080-exec-1] DEBUG o.s.web.servlet.DispatcherServlet - Detected org.springframework.web.servlet.support.SessionFlashMapManager@5aa9184a
2025-11-13 12:23:42.403 [http-nio-8080-exec-1] DEBUG o.s.web.servlet.DispatcherServlet - enableLoggingRequestDetails='false': request parameters and headers will be masked to prevent unsafe logging of potentially sensitive data
2025-11-13 12:23:42.403 [http-nio-8080-exec-1] INFO  o.s.web.servlet.DispatcherServlet - Completed initialization in 2 ms
2025-11-13 12:23:42.430 [http-nio-8080-exec-1] DEBUG o.s.security.web.FilterChainProxy - Securing OPTIONS /api/dashboard
2025-11-13 12:23:42.457 [http-nio-8080-exec-2] DEBUG o.s.security.web.FilterChainProxy - Securing GET /api/dashboard
2025-11-13 12:23:42.692 [http-nio-8080-exec-2] DEBUG o.s.o.j.SharedEntityManagerCreator$SharedEntityManagerInvocationHandler - Creating new EntityManager for shared EntityManager invocation
2025-11-13 12:23:42.980 [http-nio-8080-exec-2] DEBUG org.hibernate.SQL - select u1_0.id,u1_0.email,u1_0.password from tbl_users u1_0 where u1_0.email=?
2025-11-13 12:23:43.053 [http-nio-8080-exec-2] DEBUG o.s.security.web.FilterChainProxy - Secured GET /api/dashboard
2025-11-13 12:23:43.061 [http-nio-8080-exec-2] DEBUG o.s.web.servlet.DispatcherServlet - GET "/api/dashboard", parameters={}
2025-11-13 12:23:43.065 [http-nio-8080-exec-2] DEBUG o.s.w.s.m.m.a.RequestMappingHandlerMapping - Mapped to com.dailybrief.controller.DashboardController#getDashboardData()
2025-11-13 12:23:43.070 [http-nio-8080-exec-2] DEBUG o.s.o.j.s.OpenEntityManagerInViewInterceptor - Opening JPA EntityManager in OpenEntityManagerInViewInterceptor
2025-11-13 12:23:43.105 [http-nio-8080-exec-2] DEBUG o.s.orm.jpa.JpaTransactionManager - Found thread-bound EntityManager [SessionImpl(207772975<open>)] for JPA transaction
2025-11-13 12:23:43.106 [http-nio-8080-exec-2] DEBUG o.s.orm.jpa.JpaTransactionManager - Creating new transaction with name [org.springframework.data.jpa.repository.support.SimpleJpaRepository.count]: PROPAGATION_REQUIRED,ISOLATION_DEFAULT,readOnly
2025-11-13 12:23:43.116 [http-nio-8080-exec-2] DEBUG o.s.jdbc.datasource.DataSourceUtils - Setting JDBC Connection [HikariProxyConnection@433764600 wrapping org.postgresql.jdbc.PgConnection@19ead922] read-only
2025-11-13 12:23:43.120 [http-nio-8080-exec-2] DEBUG o.s.orm.jpa.JpaTransactionManager - Exposing JPA transaction as JDBC [org.springframework.orm.jpa.vendor.HibernateJpaDialect$HibernateConnectionHandle@6ca73f5b]
2025-11-13 12:23:43.679 [http-nio-8080-exec-2] DEBUG org.hibernate.SQL - select count(*) from tbl_posts p1_0
2025-11-13 12:23:43.685 [http-nio-8080-exec-2] DEBUG o.s.orm.jpa.JpaTransactionManager - Initiating transaction commit
2025-11-13 12:23:43.687 [http-nio-8080-exec-2] DEBUG o.s.orm.jpa.JpaTransactionManager - Committing JPA transaction on EntityManager [SessionImpl(207772975<open>)]
2025-11-13 12:23:43.688 [http-nio-8080-exec-2] DEBUG o.s.jdbc.datasource.DataSourceUtils - Resetting read-only flag of JDBC Connection [HikariProxyConnection@433764600 wrapping org.postgresql.jdbc.PgConnection@19ead922]
2025-11-13 12:23:43.688 [http-nio-8080-exec-2] DEBUG o.s.orm.jpa.JpaTransactionManager - Not closing pre-bound JPA EntityManager after transaction
2025-11-13 12:23:43.702 [http-nio-8080-exec-2] DEBUG o.s.w.s.m.m.a.ExceptionHandlerExceptionResolver - Using @ExceptionHandler com.dailybrief.exception.GlobalExceptionHandler#handleGenericException(Exception)
2025-11-13 12:23:43.715 [http-nio-8080-exec-2] DEBUG o.s.w.s.m.m.a.HttpEntityMethodProcessor - Using 'application/json', given [application/json, text/plain, */*] and supported [application/json, application/*+json, application/yaml]
2025-11-13 12:23:43.717 [http-nio-8080-exec-2] DEBUG o.s.w.s.m.m.a.HttpEntityMethodProcessor - Writing [{timestamp=2025-11-13T12:23:43.702930200-03:00[America/Sao_Paulo], status=500, error=Internal Server (truncated)...]
2025-11-13 12:23:43.740 [http-nio-8080-exec-2] WARN  o.s.w.s.m.m.a.ExceptionHandlerExceptionResolver - Resolved [org.springframework.dao.InvalidDataAccessApiUsageException: Argument [APPROVED] of type [com.dailybrief.model.PostStatus] did not match parameter type [com.dailybrief.model.Status (n/a)]]
2025-11-13 12:23:43.740 [http-nio-8080-exec-2] DEBUG o.s.o.j.s.OpenEntityManagerInViewInterceptor - Closing JPA EntityManager in OpenEntityManagerInViewInterceptor
2025-11-13 12:23:43.741 [http-nio-8080-exec-2] DEBUG o.s.web.servlet.DispatcherServlet - Completed 500 INTERNAL_SERVER_ERROR
2025-11-13 12:23:49.467 [http-nio-8080-exec-3] DEBUG o.s.security.web.FilterChainProxy - Securing OPTIONS /api/automation/materials/list-all?page=0&size=10
2025-11-13 12:23:49.473 [http-nio-8080-exec-4] DEBUG o.s.security.web.FilterChainProxy - Securing GET /api/automation/materials/list-all?page=0&size=10
2025-11-13 12:23:49.478 [http-nio-8080-exec-4] DEBUG o.s.o.j.SharedEntityManagerCreator$SharedEntityManagerInvocationHandler - Creating new EntityManager for shared EntityManager invocation
2025-11-13 12:23:49.480 [http-nio-8080-exec-4] DEBUG org.hibernate.SQL - select u1_0.id,u1_0.email,u1_0.password from tbl_users u1_0 where u1_0.email=?
2025-11-13 12:23:49.484 [http-nio-8080-exec-4] DEBUG o.s.security.web.FilterChainProxy - Secured GET /api/automation/materials/list-all?page=0&size=10
2025-11-13 12:23:49.485 [http-nio-8080-exec-4] DEBUG o.s.web.servlet.DispatcherServlet - GET "/api/automation/materials/list-all?page=0&size=10", parameters={masked}
2025-11-13 12:23:49.486 [http-nio-8080-exec-4] DEBUG o.s.w.s.m.m.a.RequestMappingHandlerMapping - Mapped to com.dailybrief.controller.AutomationController#getAllMaterials(int, int)
2025-11-13 12:23:49.486 [http-nio-8080-exec-4] DEBUG o.s.o.j.s.OpenEntityManagerInViewInterceptor - Opening JPA EntityManager in OpenEntityManagerInViewInterceptor
2025-11-13 12:23:49.514 [http-nio-8080-exec-4] DEBUG o.s.orm.jpa.JpaTransactionManager - Found thread-bound EntityManager [SessionImpl(1279237111<open>)] for JPA transaction
2025-11-13 12:23:49.514 [http-nio-8080-exec-4] DEBUG o.s.orm.jpa.JpaTransactionManager - Creating new transaction with name [org.springframework.data.jpa.repository.support.SimpleJpaRepository.findAll]: PROPAGATION_REQUIRED,ISOLATION_DEFAULT,readOnly
2025-11-13 12:23:49.514 [http-nio-8080-exec-4] DEBUG o.s.jdbc.datasource.DataSourceUtils - Setting JDBC Connection [HikariProxyConnection@1133021337 wrapping org.postgresql.jdbc.PgConnection@19ead922] read-only
2025-11-13 12:23:49.514 [http-nio-8080-exec-4] DEBUG o.s.orm.jpa.JpaTransactionManager - Exposing JPA transaction as JDBC [org.springframework.orm.jpa.vendor.HibernateJpaDialect$HibernateConnectionHandle@20adefb4]
2025-11-13 12:23:49.520 [http-nio-8080-exec-4] DEBUG org.hibernate.SQL - select m1_0.task_id,m1_0.content_type,m1_0.created_at,m1_0.post_id,m1_0.raw_material_ids,m1_0.source_urls,m1_0.status_id,m1_0.suggested_image_prompt,m1_0.theme,m1_0.updated_at,m1_0.user_id from tbl_materials m1_0 offset ? rows fetch first ? rows only
2025-11-13 12:23:49.662 [http-nio-8080-exec-4] DEBUG o.s.orm.jpa.JpaTransactionManager - Initiating transaction commit
2025-11-13 12:23:49.663 [http-nio-8080-exec-4] DEBUG o.s.orm.jpa.JpaTransactionManager - Committing JPA transaction on EntityManager [SessionImpl(1279237111<open>)]
2025-11-13 12:23:49.664 [http-nio-8080-exec-4] DEBUG o.s.jdbc.datasource.DataSourceUtils - Resetting read-only flag of JDBC Connection [HikariProxyConnection@1133021337 wrapping org.postgresql.jdbc.PgConnection@19ead922]
2025-11-13 12:23:49.664 [http-nio-8080-exec-4] DEBUG o.s.orm.jpa.JpaTransactionManager - Not closing pre-bound JPA EntityManager after transaction
2025-11-13 12:23:49.670 [http-nio-8080-exec-4] DEBUG org.hibernate.SQL - select s1_0.id,s1_0.bg_class,s1_0.display_name,s1_0.name,s1_0.text_class from tbl_status s1_0 where s1_0.id=?
2025-11-13 12:23:49.681 [http-nio-8080-exec-4] DEBUG org.hibernate.SQL - select s1_0.id,s1_0.bg_class,s1_0.display_name,s1_0.name,s1_0.text_class from tbl_status s1_0 where s1_0.id=?
2025-11-13 12:23:49.692 [http-nio-8080-exec-4] WARN  o.s.d.w.c.SpringDataJacksonConfiguration$PageModule$WarningLoggingModifier - Serializing PageImpl instances as-is is not supported, meaning that there is no guarantee about the stability of the resulting JSON structure!
	For a stable JSON structure, please use Spring Data's PagedModel (globally via @EnableSpringDataWebSupport(pageSerializationMode = VIA_DTO))
	or Spring HATEOAS and Spring Data's PagedResourcesAssembler as documented in https://docs.spring.io/spring-data/commons/reference/repositories/core-extensions.html#core.web.pageables.

2025-11-13 12:23:49.701 [http-nio-8080-exec-4] DEBUG o.s.w.s.m.m.a.HttpEntityMethodProcessor - Using 'application/json', given [application/json, text/plain, */*] and supported [application/json, application/*+json, application/yaml]
2025-11-13 12:23:49.702 [http-nio-8080-exec-4] DEBUG o.s.w.s.m.m.a.HttpEntityMethodProcessor - Writing [Page 1 of 1 containing com.dailybrief.dto.MaterialResponseDTO instances]
2025-11-13 12:23:49.726 [http-nio-8080-exec-4] DEBUG o.s.o.j.s.OpenEntityManagerInViewInterceptor - Closing JPA EntityManager in OpenEntityManagerInViewInterceptor
2025-11-13 12:23:49.726 [http-nio-8080-exec-4] DEBUG o.s.web.servlet.DispatcherServlet - Completed 200 OK
2025-11-13 12:45:46.040 [http-nio-8080-exec-6] DEBUG o.s.security.web.FilterChainProxy - Securing OPTIONS /api/automation/materials/list-all?page=0&size=10
2025-11-13 12:45:46.051 [http-nio-8080-exec-7] DEBUG o.s.security.web.FilterChainProxy - Securing GET /api/automation/materials/list-all?page=0&size=10
2025-11-13 12:45:46.063 [http-nio-8080-exec-7] DEBUG o.s.o.j.SharedEntityManagerCreator$SharedEntityManagerInvocationHandler - Creating new EntityManager for shared EntityManager invocation
2025-11-13 12:45:46.078 [http-nio-8080-exec-7] DEBUG org.hibernate.SQL - select u1_0.id,u1_0.email,u1_0.password from tbl_users u1_0 where u1_0.email=?
2025-11-13 12:45:46.087 [http-nio-8080-exec-7] DEBUG o.s.security.web.FilterChainProxy - Secured GET /api/automation/materials/list-all?page=0&size=10
2025-11-13 12:45:46.087 [http-nio-8080-exec-7] DEBUG o.s.web.servlet.DispatcherServlet - GET "/api/automation/materials/list-all?page=0&size=10", parameters={masked}
2025-11-13 12:45:46.087 [http-nio-8080-exec-7] DEBUG o.s.w.s.m.m.a.RequestMappingHandlerMapping - Mapped to com.dailybrief.controller.AutomationController#getAllMaterials(int, int)
2025-11-13 12:45:46.087 [http-nio-8080-exec-7] DEBUG o.s.o.j.s.OpenEntityManagerInViewInterceptor - Opening JPA EntityManager in OpenEntityManagerInViewInterceptor
2025-11-13 12:45:46.087 [http-nio-8080-exec-7] DEBUG o.s.orm.jpa.JpaTransactionManager - Found thread-bound EntityManager [SessionImpl(1327902861<open>)] for JPA transaction
2025-11-13 12:45:46.087 [http-nio-8080-exec-7] DEBUG o.s.orm.jpa.JpaTransactionManager - Creating new transaction with name [org.springframework.data.jpa.repository.support.SimpleJpaRepository.findAll]: PROPAGATION_REQUIRED,ISOLATION_DEFAULT,readOnly
2025-11-13 12:45:46.087 [http-nio-8080-exec-7] DEBUG o.s.jdbc.datasource.DataSourceUtils - Setting JDBC Connection [HikariProxyConnection@1642501520 wrapping org.postgresql.jdbc.PgConnection@19ead922] read-only
2025-11-13 12:45:46.087 [http-nio-8080-exec-7] DEBUG o.s.orm.jpa.JpaTransactionManager - Exposing JPA transaction as JDBC [org.springframework.orm.jpa.vendor.HibernateJpaDialect$HibernateConnectionHandle@1f449372]
2025-11-13 12:45:46.087 [http-nio-8080-exec-7] DEBUG org.hibernate.SQL - select m1_0.task_id,m1_0.content_type,m1_0.created_at,m1_0.post_id,m1_0.raw_material_ids,m1_0.source_urls,m1_0.status_id,m1_0.suggested_image_prompt,m1_0.theme,m1_0.updated_at,m1_0.user_id from tbl_materials m1_0 offset ? rows fetch first ? rows only
2025-11-13 12:45:46.107 [http-nio-8080-exec-7] DEBUG o.s.orm.jpa.JpaTransactionManager - Initiating transaction commit
2025-11-13 12:45:46.107 [http-nio-8080-exec-7] DEBUG o.s.orm.jpa.JpaTransactionManager - Committing JPA transaction on EntityManager [SessionImpl(1327902861<open>)]
2025-11-13 12:45:46.111 [http-nio-8080-exec-7] DEBUG o.s.jdbc.datasource.DataSourceUtils - Resetting read-only flag of JDBC Connection [HikariProxyConnection@1642501520 wrapping org.postgresql.jdbc.PgConnection@19ead922]
2025-11-13 12:45:46.111 [http-nio-8080-exec-7] DEBUG o.s.orm.jpa.JpaTransactionManager - Not closing pre-bound JPA EntityManager after transaction
2025-11-13 12:45:46.111 [http-nio-8080-exec-7] DEBUG org.hibernate.SQL - select s1_0.id,s1_0.bg_class,s1_0.display_name,s1_0.name,s1_0.text_class from tbl_status s1_0 where s1_0.id=?
2025-11-13 12:45:46.111 [http-nio-8080-exec-7] DEBUG org.hibernate.SQL - select s1_0.id,s1_0.bg_class,s1_0.display_name,s1_0.name,s1_0.text_class from tbl_status s1_0 where s1_0.id=?
2025-11-13 12:45:46.117 [http-nio-8080-exec-7] DEBUG o.s.w.s.m.m.a.HttpEntityMethodProcessor - Using 'application/json', given [application/json, text/plain, */*] and supported [application/json, application/*+json, application/yaml]
2025-11-13 12:45:46.118 [http-nio-8080-exec-7] DEBUG o.s.w.s.m.m.a.HttpEntityMethodProcessor - Writing [Page 1 of 1 containing com.dailybrief.dto.MaterialResponseDTO instances]
2025-11-13 12:45:46.124 [http-nio-8080-exec-7] DEBUG o.s.o.j.s.OpenEntityManagerInViewInterceptor - Closing JPA EntityManager in OpenEntityManagerInViewInterceptor
2025-11-13 12:45:46.125 [http-nio-8080-exec-7] DEBUG o.s.web.servlet.DispatcherServlet - Completed 200 OK
2025-11-13 12:46:07.007 [http-nio-8080-exec-8] DEBUG o.s.security.web.FilterChainProxy - Securing OPTIONS /api/automation/materials/list-all?page=0&size=10
2025-11-13 12:46:07.014 [http-nio-8080-exec-9] DEBUG o.s.security.web.FilterChainProxy - Securing GET /api/automation/materials/list-all?page=0&size=10
2025-11-13 12:46:07.020 [http-nio-8080-exec-9] DEBUG o.s.o.j.SharedEntityManagerCreator$SharedEntityManagerInvocationHandler - Creating new EntityManager for shared EntityManager invocation
2025-11-13 12:46:07.022 [http-nio-8080-exec-9] DEBUG org.hibernate.SQL - select u1_0.id,u1_0.email,u1_0.password from tbl_users u1_0 where u1_0.email=?
2025-11-13 12:46:07.025 [http-nio-8080-exec-9] DEBUG o.s.security.web.FilterChainProxy - Secured GET /api/automation/materials/list-all?page=0&size=10
2025-11-13 12:46:07.026 [http-nio-8080-exec-9] DEBUG o.s.web.servlet.DispatcherServlet - GET "/api/automation/materials/list-all?page=0&size=10", parameters={masked}
2025-11-13 12:46:07.026 [http-nio-8080-exec-9] DEBUG o.s.w.s.m.m.a.RequestMappingHandlerMapping - Mapped to com.dailybrief.controller.AutomationController#getAllMaterials(int, int)
2025-11-13 12:46:07.026 [http-nio-8080-exec-9] DEBUG o.s.o.j.s.OpenEntityManagerInViewInterceptor - Opening JPA EntityManager in OpenEntityManagerInViewInterceptor
2025-11-13 12:46:07.027 [http-nio-8080-exec-9] DEBUG o.s.orm.jpa.JpaTransactionManager - Found thread-bound EntityManager [SessionImpl(733638542<open>)] for JPA transaction
2025-11-13 12:46:07.027 [http-nio-8080-exec-9] DEBUG o.s.orm.jpa.JpaTransactionManager - Creating new transaction with name [org.springframework.data.jpa.repository.support.SimpleJpaRepository.findAll]: PROPAGATION_REQUIRED,ISOLATION_DEFAULT,readOnly
2025-11-13 12:46:07.028 [http-nio-8080-exec-9] DEBUG o.s.jdbc.datasource.DataSourceUtils - Setting JDBC Connection [HikariProxyConnection@860930763 wrapping org.postgresql.jdbc.PgConnection@19ead922] read-only
2025-11-13 12:46:07.028 [http-nio-8080-exec-9] DEBUG o.s.orm.jpa.JpaTransactionManager - Exposing JPA transaction as JDBC [org.springframework.orm.jpa.vendor.HibernateJpaDialect$HibernateConnectionHandle@6c55d7b4]
2025-11-13 12:46:07.029 [http-nio-8080-exec-9] DEBUG org.hibernate.SQL - select m1_0.task_id,m1_0.content_type,m1_0.created_at,m1_0.post_id,m1_0.raw_material_ids,m1_0.source_urls,m1_0.status_id,m1_0.suggested_image_prompt,m1_0.theme,m1_0.updated_at,m1_0.user_id from tbl_materials m1_0 offset ? rows fetch first ? rows only
2025-11-13 12:46:07.036 [http-nio-8080-exec-9] DEBUG o.s.orm.jpa.JpaTransactionManager - Initiating transaction commit
2025-11-13 12:46:07.036 [http-nio-8080-exec-9] DEBUG o.s.orm.jpa.JpaTransactionManager - Committing JPA transaction on EntityManager [SessionImpl(733638542<open>)]
2025-11-13 12:46:07.037 [http-nio-8080-exec-9] DEBUG o.s.jdbc.datasource.DataSourceUtils - Resetting read-only flag of JDBC Connection [HikariProxyConnection@860930763 wrapping org.postgresql.jdbc.PgConnection@19ead922]
2025-11-13 12:46:07.037 [http-nio-8080-exec-9] DEBUG o.s.orm.jpa.JpaTransactionManager - Not closing pre-bound JPA EntityManager after transaction
2025-11-13 12:46:07.037 [http-nio-8080-exec-9] DEBUG org.hibernate.SQL - select s1_0.id,s1_0.bg_class,s1_0.display_name,s1_0.name,s1_0.text_class from tbl_status s1_0 where s1_0.id=?
2025-11-13 12:46:07.039 [http-nio-8080-exec-9] DEBUG org.hibernate.SQL - select s1_0.id,s1_0.bg_class,s1_0.display_name,s1_0.name,s1_0.text_class from tbl_status s1_0 where s1_0.id=?
2025-11-13 12:46:07.040 [http-nio-8080-exec-9] DEBUG o.s.w.s.m.m.a.HttpEntityMethodProcessor - Using 'application/json', given [application/json, text/plain, */*] and supported [application/json, application/*+json, application/yaml]
2025-11-13 12:46:07.040 [http-nio-8080-exec-9] DEBUG o.s.w.s.m.m.a.HttpEntityMethodProcessor - Writing [Page 1 of 1 containing com.dailybrief.dto.MaterialResponseDTO instances]
2025-11-13 12:46:07.042 [http-nio-8080-exec-9] DEBUG o.s.o.j.s.OpenEntityManagerInViewInterceptor - Closing JPA EntityManager in OpenEntityManagerInViewInterceptor
2025-11-13 12:46:07.043 [http-nio-8080-exec-9] DEBUG o.s.web.servlet.DispatcherServlet - Completed 200 OK
2025-11-13 12:47:57.841 [http-nio-8080-exec-1] DEBUG o.s.security.web.FilterChainProxy - Securing OPTIONS /api/automation/materials/list-all?page=0&size=10
2025-11-13 12:47:57.847 [http-nio-8080-exec-2] DEBUG o.s.security.web.FilterChainProxy - Securing GET /api/automation/materials/list-all?page=0&size=10
2025-11-13 12:47:57.852 [http-nio-8080-exec-2] DEBUG o.s.o.j.SharedEntityManagerCreator$SharedEntityManagerInvocationHandler - Creating new EntityManager for shared EntityManager invocation
2025-11-13 12:47:57.853 [http-nio-8080-exec-2] DEBUG org.hibernate.SQL - select u1_0.id,u1_0.email,u1_0.password from tbl_users u1_0 where u1_0.email=?
2025-11-13 12:47:57.856 [http-nio-8080-exec-2] DEBUG o.s.security.web.FilterChainProxy - Secured GET /api/automation/materials/list-all?page=0&size=10
2025-11-13 12:47:57.856 [http-nio-8080-exec-2] DEBUG o.s.web.servlet.DispatcherServlet - GET "/api/automation/materials/list-all?page=0&size=10", parameters={masked}
2025-11-13 12:47:57.856 [http-nio-8080-exec-2] DEBUG o.s.w.s.m.m.a.RequestMappingHandlerMapping - Mapped to com.dailybrief.controller.AutomationController#getAllMaterials(int, int)
2025-11-13 12:47:57.856 [http-nio-8080-exec-2] DEBUG o.s.o.j.s.OpenEntityManagerInViewInterceptor - Opening JPA EntityManager in OpenEntityManagerInViewInterceptor
2025-11-13 12:47:57.857 [http-nio-8080-exec-2] DEBUG o.s.orm.jpa.JpaTransactionManager - Found thread-bound EntityManager [SessionImpl(2111594482<open>)] for JPA transaction
2025-11-13 12:47:57.857 [http-nio-8080-exec-2] DEBUG o.s.orm.jpa.JpaTransactionManager - Creating new transaction with name [org.springframework.data.jpa.repository.support.SimpleJpaRepository.findAll]: PROPAGATION_REQUIRED,ISOLATION_DEFAULT,readOnly
2025-11-13 12:47:57.857 [http-nio-8080-exec-2] DEBUG o.s.jdbc.datasource.DataSourceUtils - Setting JDBC Connection [HikariProxyConnection@1039801633 wrapping org.postgresql.jdbc.PgConnection@19ead922] read-only
2025-11-13 12:47:57.857 [http-nio-8080-exec-2] DEBUG o.s.orm.jpa.JpaTransactionManager - Exposing JPA transaction as JDBC [org.springframework.orm.jpa.vendor.HibernateJpaDialect$HibernateConnectionHandle@719781be]
2025-11-13 12:47:57.859 [http-nio-8080-exec-2] DEBUG org.hibernate.SQL - select m1_0.task_id,m1_0.content_type,m1_0.created_at,m1_0.post_id,m1_0.raw_material_ids,m1_0.source_urls,m1_0.status_id,m1_0.suggested_image_prompt,m1_0.theme,m1_0.updated_at,m1_0.user_id from tbl_materials m1_0 offset ? rows fetch first ? rows only
2025-11-13 12:47:57.869 [http-nio-8080-exec-2] DEBUG o.s.orm.jpa.JpaTransactionManager - Initiating transaction commit
2025-11-13 12:47:57.870 [http-nio-8080-exec-2] DEBUG o.s.orm.jpa.JpaTransactionManager - Committing JPA transaction on EntityManager [SessionImpl(2111594482<open>)]
2025-11-13 12:47:57.871 [http-nio-8080-exec-2] DEBUG o.s.jdbc.datasource.DataSourceUtils - Resetting read-only flag of JDBC Connection [HikariProxyConnection@1039801633 wrapping org.postgresql.jdbc.PgConnection@19ead922]
2025-11-13 12:47:57.871 [http-nio-8080-exec-2] DEBUG o.s.orm.jpa.JpaTransactionManager - Not closing pre-bound JPA EntityManager after transaction
2025-11-13 12:47:57.871 [http-nio-8080-exec-2] DEBUG org.hibernate.SQL - select s1_0.id,s1_0.bg_class,s1_0.display_name,s1_0.name,s1_0.text_class from tbl_status s1_0 where s1_0.id=?
2025-11-13 12:47:57.877 [http-nio-8080-exec-2] DEBUG org.hibernate.SQL - select s1_0.id,s1_0.bg_class,s1_0.display_name,s1_0.name,s1_0.text_class from tbl_status s1_0 where s1_0.id=?
2025-11-13 12:47:57.880 [http-nio-8080-exec-2] DEBUG o.s.w.s.m.m.a.HttpEntityMethodProcessor - Using 'application/json', given [application/json, text/plain, */*] and supported [application/json, application/*+json, application/yaml]
2025-11-13 12:47:57.880 [http-nio-8080-exec-2] DEBUG o.s.w.s.m.m.a.HttpEntityMethodProcessor - Writing [Page 1 of 1 containing com.dailybrief.dto.MaterialResponseDTO instances]
2025-11-13 12:47:57.883 [http-nio-8080-exec-2] DEBUG o.s.o.j.s.OpenEntityManagerInViewInterceptor - Closing JPA EntityManager in OpenEntityManagerInViewInterceptor
2025-11-13 12:47:57.883 [http-nio-8080-exec-2] DEBUG o.s.web.servlet.DispatcherServlet - Completed 200 OK
2025-11-13 13:04:57.382 [http-nio-8080-exec-4] DEBUG o.s.security.web.FilterChainProxy - Securing OPTIONS /api/automation/materials/list-all?page=0&size=10
2025-11-13 13:04:57.393 [http-nio-8080-exec-5] DEBUG o.s.security.web.FilterChainProxy - Securing GET /api/automation/materials/list-all?page=0&size=10
2025-11-13 13:04:57.406 [http-nio-8080-exec-5] DEBUG o.s.o.j.SharedEntityManagerCreator$SharedEntityManagerInvocationHandler - Creating new EntityManager for shared EntityManager invocation
2025-11-13 13:04:57.420 [http-nio-8080-exec-5] DEBUG org.hibernate.SQL - select u1_0.id,u1_0.email,u1_0.password from tbl_users u1_0 where u1_0.email=?
2025-11-13 13:04:57.546 [http-nio-8080-exec-5] DEBUG o.s.security.web.FilterChainProxy - Secured GET /api/automation/materials/list-all?page=0&size=10
2025-11-13 13:04:57.554 [http-nio-8080-exec-5] DEBUG o.s.web.servlet.DispatcherServlet - GET "/api/automation/materials/list-all?page=0&size=10", parameters={masked}
2025-11-13 13:04:57.561 [http-nio-8080-exec-5] DEBUG o.s.w.s.m.m.a.RequestMappingHandlerMapping - Mapped to com.dailybrief.controller.AutomationController#getAllMaterials(int, int)
2025-11-13 13:04:57.564 [http-nio-8080-exec-5] DEBUG o.s.o.j.s.OpenEntityManagerInViewInterceptor - Opening JPA EntityManager in OpenEntityManagerInViewInterceptor
2025-11-13 13:04:57.570 [http-nio-8080-exec-5] DEBUG o.s.orm.jpa.JpaTransactionManager - Found thread-bound EntityManager [SessionImpl(905158055<open>)] for JPA transaction
2025-11-13 13:04:57.571 [http-nio-8080-exec-5] DEBUG o.s.orm.jpa.JpaTransactionManager - Creating new transaction with name [org.springframework.data.jpa.repository.support.SimpleJpaRepository.findAll]: PROPAGATION_REQUIRED,ISOLATION_DEFAULT,readOnly
2025-11-13 13:04:57.571 [http-nio-8080-exec-5] DEBUG o.s.jdbc.datasource.DataSourceUtils - Setting JDBC Connection [HikariProxyConnection@340366484 wrapping org.postgresql.jdbc.PgConnection@68d4cbf4] read-only
2025-11-13 13:04:57.572 [http-nio-8080-exec-5] DEBUG o.s.orm.jpa.JpaTransactionManager - Exposing JPA transaction as JDBC [org.springframework.orm.jpa.vendor.HibernateJpaDialect$HibernateConnectionHandle@180a7cf6]
2025-11-13 13:04:57.576 [http-nio-8080-exec-5] DEBUG org.hibernate.SQL - select m1_0.task_id,m1_0.content_type,m1_0.created_at,m1_0.post_id,m1_0.raw_material_ids,m1_0.source_urls,m1_0.status_id,m1_0.suggested_image_prompt,m1_0.theme,m1_0.updated_at,m1_0.user_id from tbl_materials m1_0 offset ? rows fetch first ? rows only
2025-11-13 13:04:57.624 [http-nio-8080-exec-5] DEBUG o.s.orm.jpa.JpaTransactionManager - Initiating transaction commit
2025-11-13 13:04:57.624 [http-nio-8080-exec-5] DEBUG o.s.orm.jpa.JpaTransactionManager - Committing JPA transaction on EntityManager [SessionImpl(905158055<open>)]
2025-11-13 13:04:57.625 [http-nio-8080-exec-5] DEBUG o.s.jdbc.datasource.DataSourceUtils - Resetting read-only flag of JDBC Connection [HikariProxyConnection@340366484 wrapping org.postgresql.jdbc.PgConnection@68d4cbf4]
2025-11-13 13:04:57.625 [http-nio-8080-exec-5] DEBUG o.s.orm.jpa.JpaTransactionManager - Not closing pre-bound JPA EntityManager after transaction
2025-11-13 13:04:57.625 [http-nio-8080-exec-5] DEBUG org.hibernate.SQL - select s1_0.id,s1_0.bg_class,s1_0.display_name,s1_0.name,s1_0.text_class from tbl_status s1_0 where s1_0.id=?
2025-11-13 13:04:57.641 [http-nio-8080-exec-5] DEBUG org.hibernate.SQL - select s1_0.id,s1_0.bg_class,s1_0.display_name,s1_0.name,s1_0.text_class from tbl_status s1_0 where s1_0.id=?
2025-11-13 13:04:57.643 [http-nio-8080-exec-5] DEBUG o.s.w.s.m.m.a.HttpEntityMethodProcessor - Using 'application/json', given [application/json, text/plain, */*] and supported [application/json, application/*+json, application/yaml]
2025-11-13 13:04:57.646 [http-nio-8080-exec-5] DEBUG o.s.w.s.m.m.a.HttpEntityMethodProcessor - Writing [Page 1 of 1 containing com.dailybrief.dto.MaterialResponseDTO instances]
2025-11-13 13:04:57.655 [http-nio-8080-exec-5] DEBUG o.s.o.j.s.OpenEntityManagerInViewInterceptor - Closing JPA EntityManager in OpenEntityManagerInViewInterceptor
2025-11-13 13:04:57.657 [http-nio-8080-exec-5] DEBUG o.s.web.servlet.DispatcherServlet - Completed 200 OK
2025-11-13 13:50:34.776 [http-nio-8080-exec-7] DEBUG o.s.security.web.FilterChainProxy - Securing OPTIONS /api/automation/materials/list-all?page=0&size=10
2025-11-13 13:50:34.795 [http-nio-8080-exec-8] DEBUG o.s.security.web.FilterChainProxy - Securing GET /api/automation/materials/list-all?page=0&size=10
2025-11-13 13:50:34.810 [http-nio-8080-exec-8] DEBUG o.s.o.j.SharedEntityManagerCreator$SharedEntityManagerInvocationHandler - Creating new EntityManager for shared EntityManager invocation
2025-11-13 13:50:34.814 [http-nio-8080-exec-8] DEBUG org.hibernate.SQL - select u1_0.id,u1_0.email,u1_0.password from tbl_users u1_0 where u1_0.email=?
2025-11-13 13:50:34.836 [http-nio-8080-exec-8] DEBUG o.s.security.web.FilterChainProxy - Secured GET /api/automation/materials/list-all?page=0&size=10
2025-11-13 13:50:34.838 [http-nio-8080-exec-8] DEBUG o.s.web.servlet.DispatcherServlet - GET "/api/automation/materials/list-all?page=0&size=10", parameters={masked}
2025-11-13 13:50:34.839 [http-nio-8080-exec-8] DEBUG o.s.w.s.m.m.a.RequestMappingHandlerMapping - Mapped to com.dailybrief.controller.AutomationController#getAllMaterials(int, int)
2025-11-13 13:50:34.842 [http-nio-8080-exec-8] DEBUG o.s.o.j.s.OpenEntityManagerInViewInterceptor - Opening JPA EntityManager in OpenEntityManagerInViewInterceptor
2025-11-13 13:50:34.852 [http-nio-8080-exec-8] DEBUG o.s.orm.jpa.JpaTransactionManager - Found thread-bound EntityManager [SessionImpl(707488805<open>)] for JPA transaction
2025-11-13 13:50:34.852 [http-nio-8080-exec-8] DEBUG o.s.orm.jpa.JpaTransactionManager - Creating new transaction with name [org.springframework.data.jpa.repository.support.SimpleJpaRepository.findAll]: PROPAGATION_REQUIRED,ISOLATION_DEFAULT,readOnly
2025-11-13 13:50:34.853 [http-nio-8080-exec-8] DEBUG o.s.jdbc.datasource.DataSourceUtils - Setting JDBC Connection [HikariProxyConnection@1171185979 wrapping org.postgresql.jdbc.PgConnection@68d4cbf4] read-only
2025-11-13 13:50:34.853 [http-nio-8080-exec-8] DEBUG o.s.orm.jpa.JpaTransactionManager - Exposing JPA transaction as JDBC [org.springframework.orm.jpa.vendor.HibernateJpaDialect$HibernateConnectionHandle@6e9e979b]
2025-11-13 13:50:34.859 [http-nio-8080-exec-8] DEBUG org.hibernate.SQL - select m1_0.task_id,m1_0.content_type,m1_0.created_at,m1_0.post_id,m1_0.raw_material_ids,m1_0.source_urls,m1_0.status_id,m1_0.suggested_image_prompt,m1_0.theme,m1_0.updated_at,m1_0.user_id from tbl_materials m1_0 offset ? rows fetch first ? rows only
2025-11-13 13:50:34.877 [http-nio-8080-exec-8] DEBUG o.s.orm.jpa.JpaTransactionManager - Initiating transaction commit
2025-11-13 13:50:34.879 [http-nio-8080-exec-8] DEBUG o.s.orm.jpa.JpaTransactionManager - Committing JPA transaction on EntityManager [SessionImpl(707488805<open>)]
2025-11-13 13:50:34.879 [http-nio-8080-exec-8] DEBUG o.s.jdbc.datasource.DataSourceUtils - Resetting read-only flag of JDBC Connection [HikariProxyConnection@1171185979 wrapping org.postgresql.jdbc.PgConnection@68d4cbf4]
2025-11-13 13:50:34.879 [http-nio-8080-exec-8] DEBUG o.s.orm.jpa.JpaTransactionManager - Not closing pre-bound JPA EntityManager after transaction
2025-11-13 13:50:34.879 [http-nio-8080-exec-8] DEBUG org.hibernate.SQL - select s1_0.id,s1_0.bg_class,s1_0.display_name,s1_0.name,s1_0.text_class from tbl_status s1_0 where s1_0.id=?
2025-11-13 13:50:34.881 [http-nio-8080-exec-8] DEBUG org.hibernate.SQL - select s1_0.id,s1_0.bg_class,s1_0.display_name,s1_0.name,s1_0.text_class from tbl_status s1_0 where s1_0.id=?
2025-11-13 13:50:34.884 [http-nio-8080-exec-8] DEBUG o.s.w.s.m.m.a.HttpEntityMethodProcessor - Using 'application/json', given [application/json, text/plain, */*] and supported [application/json, application/*+json, application/yaml]
2025-11-13 13:50:34.885 [http-nio-8080-exec-8] DEBUG o.s.w.s.m.m.a.HttpEntityMethodProcessor - Writing [Page 1 of 1 containing com.dailybrief.dto.MaterialResponseDTO instances]
2025-11-13 13:50:34.889 [http-nio-8080-exec-8] DEBUG o.s.o.j.s.OpenEntityManagerInViewInterceptor - Closing JPA EntityManager in OpenEntityManagerInViewInterceptor
2025-11-13 13:50:34.890 [http-nio-8080-exec-8] DEBUG o.s.web.servlet.DispatcherServlet - Completed 200 OK
2025-11-13 13:50:42.701 [HikariPool-1 housekeeper] WARN  com.zaxxer.hikari.pool.HikariPool - HikariPool-1 - Thread starvation or clock leap detected (housekeeper delta=30m21s493ms753µs500ns).
2025-11-13 13:53:07.883 [http-nio-8080-exec-10] DEBUG o.s.security.web.FilterChainProxy - Securing OPTIONS /api/automation/materials/list-all?page=0&size=10
2025-11-13 13:53:07.891 [http-nio-8080-exec-1] DEBUG o.s.security.web.FilterChainProxy - Securing GET /api/automation/materials/list-all?page=0&size=10
2025-11-13 13:53:07.895 [http-nio-8080-exec-1] DEBUG o.s.o.j.SharedEntityManagerCreator$SharedEntityManagerInvocationHandler - Creating new EntityManager for shared EntityManager invocation
2025-11-13 13:53:07.897 [http-nio-8080-exec-1] DEBUG org.hibernate.SQL - select u1_0.id,u1_0.email,u1_0.password from tbl_users u1_0 where u1_0.email=?
2025-11-13 13:53:07.927 [http-nio-8080-exec-1] DEBUG o.s.security.web.FilterChainProxy - Secured GET /api/automation/materials/list-all?page=0&size=10
2025-11-13 13:53:07.927 [http-nio-8080-exec-1] DEBUG o.s.web.servlet.DispatcherServlet - GET "/api/automation/materials/list-all?page=0&size=10", parameters={masked}
2025-11-13 13:53:07.927 [http-nio-8080-exec-1] DEBUG o.s.w.s.m.m.a.RequestMappingHandlerMapping - Mapped to com.dailybrief.controller.AutomationController#getAllMaterials(int, int)
2025-11-13 13:53:07.927 [http-nio-8080-exec-1] DEBUG o.s.o.j.s.OpenEntityManagerInViewInterceptor - Opening JPA EntityManager in OpenEntityManagerInViewInterceptor
2025-11-13 13:53:07.927 [http-nio-8080-exec-1] DEBUG o.s.orm.jpa.JpaTransactionManager - Found thread-bound EntityManager [SessionImpl(628662738<open>)] for JPA transaction
2025-11-13 13:53:07.927 [http-nio-8080-exec-1] DEBUG o.s.orm.jpa.JpaTransactionManager - Creating new transaction with name [org.springframework.data.jpa.repository.support.SimpleJpaRepository.findAll]: PROPAGATION_REQUIRED,ISOLATION_DEFAULT,readOnly
2025-11-13 13:53:07.927 [http-nio-8080-exec-1] DEBUG o.s.jdbc.datasource.DataSourceUtils - Setting JDBC Connection [HikariProxyConnection@376370877 wrapping org.postgresql.jdbc.PgConnection@5dd62eb6] read-only
2025-11-13 13:53:07.927 [http-nio-8080-exec-1] DEBUG o.s.orm.jpa.JpaTransactionManager - Exposing JPA transaction as JDBC [org.springframework.orm.jpa.vendor.HibernateJpaDialect$HibernateConnectionHandle@72dc8a6a]
2025-11-13 13:53:07.927 [http-nio-8080-exec-1] DEBUG org.hibernate.SQL - select m1_0.task_id,m1_0.content_type,m1_0.created_at,m1_0.post_id,m1_0.raw_material_ids,m1_0.source_urls,m1_0.status_id,m1_0.suggested_image_prompt,m1_0.theme,m1_0.updated_at,m1_0.user_id from tbl_materials m1_0 offset ? rows fetch first ? rows only
2025-11-13 13:53:07.980 [http-nio-8080-exec-1] DEBUG o.s.orm.jpa.JpaTransactionManager - Initiating transaction commit
2025-11-13 13:53:07.980 [http-nio-8080-exec-1] DEBUG o.s.orm.jpa.JpaTransactionManager - Committing JPA transaction on EntityManager [SessionImpl(628662738<open>)]
2025-11-13 13:53:07.980 [http-nio-8080-exec-1] DEBUG o.s.jdbc.datasource.DataSourceUtils - Resetting read-only flag of JDBC Connection [HikariProxyConnection@376370877 wrapping org.postgresql.jdbc.PgConnection@5dd62eb6]
2025-11-13 13:53:07.980 [http-nio-8080-exec-1] DEBUG o.s.orm.jpa.JpaTransactionManager - Not closing pre-bound JPA EntityManager after transaction
2025-11-13 13:53:07.980 [http-nio-8080-exec-1] DEBUG org.hibernate.SQL - select s1_0.id,s1_0.bg_class,s1_0.display_name,s1_0.name,s1_0.text_class from tbl_status s1_0 where s1_0.id=?
2025-11-13 13:53:07.980 [http-nio-8080-exec-1] DEBUG org.hibernate.SQL - select s1_0.id,s1_0.bg_class,s1_0.display_name,s1_0.name,s1_0.text_class from tbl_status s1_0 where s1_0.id=?
2025-11-13 13:53:07.980 [http-nio-8080-exec-1] DEBUG o.s.w.s.m.m.a.HttpEntityMethodProcessor - Using 'application/json', given [application/json, text/plain, */*] and supported [application/json, application/*+json, application/yaml]
2025-11-13 13:53:07.980 [http-nio-8080-exec-1] DEBUG o.s.w.s.m.m.a.HttpEntityMethodProcessor - Writing [Page 1 of 1 containing com.dailybrief.dto.MaterialResponseDTO instances]
2025-11-13 13:53:07.980 [http-nio-8080-exec-1] DEBUG o.s.o.j.s.OpenEntityManagerInViewInterceptor - Closing JPA EntityManager in OpenEntityManagerInViewInterceptor
2025-11-13 13:53:07.980 [http-nio-8080-exec-1] DEBUG o.s.web.servlet.DispatcherServlet - Completed 200 OK
2025-11-13 13:55:51.339 [http-nio-8080-exec-3] DEBUG o.s.security.web.FilterChainProxy - Securing OPTIONS /api/automation/materials/list-all?page=0&size=10
2025-11-13 13:55:51.345 [http-nio-8080-exec-4] DEBUG o.s.security.web.FilterChainProxy - Securing GET /api/automation/materials/list-all?page=0&size=10
2025-11-13 13:55:51.349 [http-nio-8080-exec-4] DEBUG o.s.o.j.SharedEntityManagerCreator$SharedEntityManagerInvocationHandler - Creating new EntityManager for shared EntityManager invocation
2025-11-13 13:55:51.351 [http-nio-8080-exec-4] DEBUG org.hibernate.SQL - select u1_0.id,u1_0.email,u1_0.password from tbl_users u1_0 where u1_0.email=?
2025-11-13 13:55:51.353 [http-nio-8080-exec-4] DEBUG o.s.security.web.FilterChainProxy - Secured GET /api/automation/materials/list-all?page=0&size=10
2025-11-13 13:55:51.354 [http-nio-8080-exec-4] DEBUG o.s.web.servlet.DispatcherServlet - GET "/api/automation/materials/list-all?page=0&size=10", parameters={masked}
2025-11-13 13:55:51.355 [http-nio-8080-exec-4] DEBUG o.s.w.s.m.m.a.RequestMappingHandlerMapping - Mapped to com.dailybrief.controller.AutomationController#getAllMaterials(int, int)
2025-11-13 13:55:51.355 [http-nio-8080-exec-4] DEBUG o.s.o.j.s.OpenEntityManagerInViewInterceptor - Opening JPA EntityManager in OpenEntityManagerInViewInterceptor
2025-11-13 13:55:51.356 [http-nio-8080-exec-4] DEBUG o.s.orm.jpa.JpaTransactionManager - Found thread-bound EntityManager [SessionImpl(1558454164<open>)] for JPA transaction
2025-11-13 13:55:51.357 [http-nio-8080-exec-4] DEBUG o.s.orm.jpa.JpaTransactionManager - Creating new transaction with name [org.springframework.data.jpa.repository.support.SimpleJpaRepository.findAll]: PROPAGATION_REQUIRED,ISOLATION_DEFAULT,readOnly
2025-11-13 13:55:51.357 [http-nio-8080-exec-4] DEBUG o.s.jdbc.datasource.DataSourceUtils - Setting JDBC Connection [HikariProxyConnection@2049635221 wrapping org.postgresql.jdbc.PgConnection@5dd62eb6] read-only
2025-11-13 13:55:51.357 [http-nio-8080-exec-4] DEBUG o.s.orm.jpa.JpaTransactionManager - Exposing JPA transaction as JDBC [org.springframework.orm.jpa.vendor.HibernateJpaDialect$HibernateConnectionHandle@19a71b4e]
2025-11-13 13:55:51.360 [http-nio-8080-exec-4] DEBUG org.hibernate.SQL - select m1_0.task_id,m1_0.content_type,m1_0.created_at,m1_0.post_id,m1_0.raw_material_ids,m1_0.source_urls,m1_0.status_id,m1_0.suggested_image_prompt,m1_0.theme,m1_0.updated_at,m1_0.user_id from tbl_materials m1_0 offset ? rows fetch first ? rows only
2025-11-13 13:55:51.370 [http-nio-8080-exec-4] DEBUG o.s.orm.jpa.JpaTransactionManager - Initiating transaction commit
2025-11-13 13:55:51.370 [http-nio-8080-exec-4] DEBUG o.s.orm.jpa.JpaTransactionManager - Committing JPA transaction on EntityManager [SessionImpl(1558454164<open>)]
2025-11-13 13:55:51.370 [http-nio-8080-exec-4] DEBUG o.s.jdbc.datasource.DataSourceUtils - Resetting read-only flag of JDBC Connection [HikariProxyConnection@2049635221 wrapping org.postgresql.jdbc.PgConnection@5dd62eb6]
2025-11-13 13:55:51.370 [http-nio-8080-exec-4] DEBUG o.s.orm.jpa.JpaTransactionManager - Not closing pre-bound JPA EntityManager after transaction
2025-11-13 13:55:51.370 [http-nio-8080-exec-4] DEBUG org.hibernate.SQL - select s1_0.id,s1_0.bg_class,s1_0.display_name,s1_0.name,s1_0.text_class from tbl_status s1_0 where s1_0.id=?
2025-11-13 13:55:51.370 [http-nio-8080-exec-4] DEBUG org.hibernate.SQL - select s1_0.id,s1_0.bg_class,s1_0.display_name,s1_0.name,s1_0.text_class from tbl_status s1_0 where s1_0.id=?
2025-11-13 13:55:51.370 [http-nio-8080-exec-4] DEBUG o.s.w.s.m.m.a.HttpEntityMethodProcessor - Using 'application/json', given [application/json, text/plain, */*] and supported [application/json, application/*+json, application/yaml]
2025-11-13 13:55:51.370 [http-nio-8080-exec-4] DEBUG o.s.w.s.m.m.a.HttpEntityMethodProcessor - Writing [Page 1 of 1 containing com.dailybrief.dto.MaterialResponseDTO instances]
2025-11-13 13:55:51.370 [http-nio-8080-exec-4] DEBUG o.s.o.j.s.OpenEntityManagerInViewInterceptor - Closing JPA EntityManager in OpenEntityManagerInViewInterceptor
2025-11-13 13:55:51.370 [http-nio-8080-exec-4] DEBUG o.s.web.servlet.DispatcherServlet - Completed 200 OK
2025-11-13 13:57:39.465 [http-nio-8080-exec-6] DEBUG o.s.security.web.FilterChainProxy - Securing OPTIONS /api/automation/materials/list-all?page=0&size=10
2025-11-13 13:57:39.474 [http-nio-8080-exec-7] DEBUG o.s.security.web.FilterChainProxy - Securing GET /api/automation/materials/list-all?page=0&size=10
2025-11-13 13:57:39.479 [http-nio-8080-exec-7] DEBUG o.s.o.j.SharedEntityManagerCreator$SharedEntityManagerInvocationHandler - Creating new EntityManager for shared EntityManager invocation
2025-11-13 13:57:39.482 [http-nio-8080-exec-7] DEBUG org.hibernate.SQL - select u1_0.id,u1_0.email,u1_0.password from tbl_users u1_0 where u1_0.email=?
2025-11-13 13:57:39.486 [http-nio-8080-exec-7] DEBUG o.s.security.web.FilterChainProxy - Secured GET /api/automation/materials/list-all?page=0&size=10
2025-11-13 13:57:39.487 [http-nio-8080-exec-7] DEBUG o.s.web.servlet.DispatcherServlet - GET "/api/automation/materials/list-all?page=0&size=10", parameters={masked}
2025-11-13 13:57:39.488 [http-nio-8080-exec-7] DEBUG o.s.w.s.m.m.a.RequestMappingHandlerMapping - Mapped to com.dailybrief.controller.AutomationController#getAllMaterials(int, int)
2025-11-13 13:57:39.488 [http-nio-8080-exec-7] DEBUG o.s.o.j.s.OpenEntityManagerInViewInterceptor - Opening JPA EntityManager in OpenEntityManagerInViewInterceptor
2025-11-13 13:57:39.491 [http-nio-8080-exec-7] DEBUG o.s.orm.jpa.JpaTransactionManager - Found thread-bound EntityManager [SessionImpl(855141509<open>)] for JPA transaction
2025-11-13 13:57:39.491 [http-nio-8080-exec-7] DEBUG o.s.orm.jpa.JpaTransactionManager - Creating new transaction with name [org.springframework.data.jpa.repository.support.SimpleJpaRepository.findAll]: PROPAGATION_REQUIRED,ISOLATION_DEFAULT,readOnly
2025-11-13 13:57:39.491 [http-nio-8080-exec-7] DEBUG o.s.jdbc.datasource.DataSourceUtils - Setting JDBC Connection [HikariProxyConnection@663362520 wrapping org.postgresql.jdbc.PgConnection@5dd62eb6] read-only
2025-11-13 13:57:39.492 [http-nio-8080-exec-7] DEBUG o.s.orm.jpa.JpaTransactionManager - Exposing JPA transaction as JDBC [org.springframework.orm.jpa.vendor.HibernateJpaDialect$HibernateConnectionHandle@542de48f]
2025-11-13 13:57:39.494 [http-nio-8080-exec-7] DEBUG org.hibernate.SQL - select m1_0.task_id,m1_0.content_type,m1_0.created_at,m1_0.post_id,m1_0.raw_material_ids,m1_0.source_urls,m1_0.status_id,m1_0.suggested_image_prompt,m1_0.theme,m1_0.updated_at,m1_0.user_id from tbl_materials m1_0 offset ? rows fetch first ? rows only
2025-11-13 13:57:39.501 [http-nio-8080-exec-7] DEBUG o.s.orm.jpa.JpaTransactionManager - Initiating transaction commit
2025-11-13 13:57:39.502 [http-nio-8080-exec-7] DEBUG o.s.orm.jpa.JpaTransactionManager - Committing JPA transaction on EntityManager [SessionImpl(855141509<open>)]
2025-11-13 13:57:39.503 [http-nio-8080-exec-7] DEBUG o.s.jdbc.datasource.DataSourceUtils - Resetting read-only flag of JDBC Connection [HikariProxyConnection@663362520 wrapping org.postgresql.jdbc.PgConnection@5dd62eb6]
2025-11-13 13:57:39.503 [http-nio-8080-exec-7] DEBUG o.s.orm.jpa.JpaTransactionManager - Not closing pre-bound JPA EntityManager after transaction
2025-11-13 13:57:39.503 [http-nio-8080-exec-7] DEBUG org.hibernate.SQL - select s1_0.id,s1_0.bg_class,s1_0.display_name,s1_0.name,s1_0.text_class from tbl_status s1_0 where s1_0.id=?
2025-11-13 13:57:39.505 [http-nio-8080-exec-7] DEBUG org.hibernate.SQL - select s1_0.id,s1_0.bg_class,s1_0.display_name,s1_0.name,s1_0.text_class from tbl_status s1_0 where s1_0.id=?
2025-11-13 13:57:39.506 [http-nio-8080-exec-7] DEBUG o.s.w.s.m.m.a.HttpEntityMethodProcessor - Using 'application/json', given [application/json, text/plain, */*] and supported [application/json, application/*+json, application/yaml]
2025-11-13 13:57:39.507 [http-nio-8080-exec-7] DEBUG o.s.w.s.m.m.a.HttpEntityMethodProcessor - Writing [Page 1 of 1 containing com.dailybrief.dto.MaterialResponseDTO instances]
2025-11-13 13:57:39.508 [http-nio-8080-exec-7] DEBUG o.s.o.j.s.OpenEntityManagerInViewInterceptor - Closing JPA EntityManager in OpenEntityManagerInViewInterceptor
2025-11-13 13:57:39.509 [http-nio-8080-exec-7] DEBUG o.s.web.servlet.DispatcherServlet - Completed 200 OK
2025-11-13 14:03:29.896 [http-nio-8080-exec-9] DEBUG o.s.security.web.FilterChainProxy - Securing OPTIONS /api/automation/raw-materials/9ae8f963-dd8f-4ad7-aca4-5339bd9f4c74
2025-11-13 14:03:29.929 [http-nio-8080-exec-10] DEBUG o.s.security.web.FilterChainProxy - Securing GET /api/automation/raw-materials/9ae8f963-dd8f-4ad7-aca4-5339bd9f4c74
2025-11-13 14:03:29.960 [http-nio-8080-exec-10] DEBUG o.s.o.j.SharedEntityManagerCreator$SharedEntityManagerInvocationHandler - Creating new EntityManager for shared EntityManager invocation
2025-11-13 14:03:29.979 [http-nio-8080-exec-10] DEBUG org.hibernate.SQL - select u1_0.id,u1_0.email,u1_0.password from tbl_users u1_0 where u1_0.email=?
2025-11-13 14:03:30.011 [http-nio-8080-exec-10] DEBUG o.s.security.web.FilterChainProxy - Secured GET /api/automation/raw-materials/9ae8f963-dd8f-4ad7-aca4-5339bd9f4c74
2025-11-13 14:03:30.027 [http-nio-8080-exec-10] DEBUG o.s.web.servlet.DispatcherServlet - GET "/api/automation/raw-materials/9ae8f963-dd8f-4ad7-aca4-5339bd9f4c74", parameters={}
2025-11-13 14:03:30.028 [http-nio-8080-exec-10] DEBUG o.s.w.s.m.m.a.RequestMappingHandlerMapping - Mapped to com.dailybrief.controller.AutomationController#getRawMaterialContentById(String)
2025-11-13 14:03:30.028 [http-nio-8080-exec-10] DEBUG o.s.o.j.s.OpenEntityManagerInViewInterceptor - Opening JPA EntityManager in OpenEntityManagerInViewInterceptor
2025-11-13 14:03:30.178 [http-nio-8080-exec-10] DEBUG o.s.orm.jpa.JpaTransactionManager - Found thread-bound EntityManager [SessionImpl(1173922410<open>)] for JPA transaction
2025-11-13 14:03:30.178 [http-nio-8080-exec-10] DEBUG o.s.orm.jpa.JpaTransactionManager - Creating new transaction with name [org.springframework.data.jpa.repository.support.SimpleJpaRepository.findById]: PROPAGATION_REQUIRED,ISOLATION_DEFAULT,readOnly
2025-11-13 14:03:30.178 [http-nio-8080-exec-10] DEBUG o.s.jdbc.datasource.DataSourceUtils - Setting JDBC Connection [HikariProxyConnection@322455380 wrapping org.postgresql.jdbc.PgConnection@5dd62eb6] read-only
2025-11-13 14:03:30.178 [http-nio-8080-exec-10] DEBUG o.s.orm.jpa.JpaTransactionManager - Exposing JPA transaction as JDBC [org.springframework.orm.jpa.vendor.HibernateJpaDialect$HibernateConnectionHandle@3451a94e]
2025-11-13 14:03:30.212 [http-nio-8080-exec-10] DEBUG org.hibernate.SQL - select rm1_0.id,rm1_0.content,rm1_0.created_at,rm1_0.task_id,rm1_0.url,rm1_0.user_id from tbl_raw_materials rm1_0 where rm1_0.id=?
2025-11-13 14:03:30.246 [http-nio-8080-exec-10] DEBUG o.s.orm.jpa.JpaTransactionManager - Initiating transaction commit
2025-11-13 14:03:30.246 [http-nio-8080-exec-10] DEBUG o.s.orm.jpa.JpaTransactionManager - Committing JPA transaction on EntityManager [SessionImpl(1173922410<open>)]
2025-11-13 14:03:30.246 [http-nio-8080-exec-10] DEBUG o.s.jdbc.datasource.DataSourceUtils - Resetting read-only flag of JDBC Connection [HikariProxyConnection@322455380 wrapping org.postgresql.jdbc.PgConnection@5dd62eb6]
2025-11-13 14:03:30.246 [http-nio-8080-exec-10] DEBUG o.s.orm.jpa.JpaTransactionManager - Not closing pre-bound JPA EntityManager after transaction
2025-11-13 14:03:30.269 [http-nio-8080-exec-10] DEBUG o.s.w.s.m.m.a.HttpEntityMethodProcessor - Using 'application/json', given [application/json, text/plain, */*] and supported [application/json, application/*+json, application/yaml]
2025-11-13 14:03:30.296 [http-nio-8080-exec-10] DEBUG o.s.w.s.m.m.a.HttpEntityMethodProcessor - Writing [RawMaterialResponseDTO[id=9ae8f963-dd8f-4ad7-aca4-5339bd9f4c74, userId=admin_py@dailybrief.com, task (truncated)...]
2025-11-13 14:03:30.296 [http-nio-8080-exec-10] DEBUG o.s.o.j.s.OpenEntityManagerInViewInterceptor - Closing JPA EntityManager in OpenEntityManagerInViewInterceptor
2025-11-13 14:03:30.296 [http-nio-8080-exec-10] DEBUG o.s.web.servlet.DispatcherServlet - Completed 200 OK
2025-11-13 14:07:09.005 [http-nio-8080-exec-2] DEBUG o.s.security.web.FilterChainProxy - Securing OPTIONS /api/dashboard
2025-11-13 14:07:09.010 [http-nio-8080-exec-3] DEBUG o.s.security.web.FilterChainProxy - Securing GET /api/dashboard
2025-11-13 14:07:09.013 [http-nio-8080-exec-3] DEBUG o.s.o.j.SharedEntityManagerCreator$SharedEntityManagerInvocationHandler - Creating new EntityManager for shared EntityManager invocation
2025-11-13 14:07:09.015 [http-nio-8080-exec-3] DEBUG org.hibernate.SQL - select u1_0.id,u1_0.email,u1_0.password from tbl_users u1_0 where u1_0.email=?
2025-11-13 14:07:09.020 [http-nio-8080-exec-3] DEBUG o.s.security.web.FilterChainProxy - Secured GET /api/dashboard
2025-11-13 14:07:09.020 [http-nio-8080-exec-3] DEBUG o.s.web.servlet.DispatcherServlet - GET "/api/dashboard", parameters={}
2025-11-13 14:07:09.020 [http-nio-8080-exec-3] DEBUG o.s.w.s.m.m.a.RequestMappingHandlerMapping - Mapped to com.dailybrief.controller.DashboardController#getDashboardData()
2025-11-13 14:07:09.021 [http-nio-8080-exec-3] DEBUG o.s.o.j.s.OpenEntityManagerInViewInterceptor - Opening JPA EntityManager in OpenEntityManagerInViewInterceptor
2025-11-13 14:07:09.023 [http-nio-8080-exec-3] DEBUG o.s.orm.jpa.JpaTransactionManager - Found thread-bound EntityManager [SessionImpl(288919680<open>)] for JPA transaction
2025-11-13 14:07:09.023 [http-nio-8080-exec-3] DEBUG o.s.orm.jpa.JpaTransactionManager - Creating new transaction with name [org.springframework.data.jpa.repository.support.SimpleJpaRepository.count]: PROPAGATION_REQUIRED,ISOLATION_DEFAULT,readOnly
2025-11-13 14:07:09.024 [http-nio-8080-exec-3] DEBUG o.s.jdbc.datasource.DataSourceUtils - Setting JDBC Connection [HikariProxyConnection@2007654954 wrapping org.postgresql.jdbc.PgConnection@5dd62eb6] read-only
2025-11-13 14:07:09.024 [http-nio-8080-exec-3] DEBUG o.s.orm.jpa.JpaTransactionManager - Exposing JPA transaction as JDBC [org.springframework.orm.jpa.vendor.HibernateJpaDialect$HibernateConnectionHandle@62e57f32]
2025-11-13 14:07:09.033 [http-nio-8080-exec-3] DEBUG org.hibernate.SQL - select count(*) from tbl_posts p1_0
2025-11-13 14:07:09.040 [http-nio-8080-exec-3] DEBUG o.s.orm.jpa.JpaTransactionManager - Initiating transaction commit
2025-11-13 14:07:09.042 [http-nio-8080-exec-3] DEBUG o.s.orm.jpa.JpaTransactionManager - Committing JPA transaction on EntityManager [SessionImpl(288919680<open>)]
2025-11-13 14:07:09.042 [http-nio-8080-exec-3] DEBUG o.s.jdbc.datasource.DataSourceUtils - Resetting read-only flag of JDBC Connection [HikariProxyConnection@2007654954 wrapping org.postgresql.jdbc.PgConnection@5dd62eb6]
2025-11-13 14:07:09.042 [http-nio-8080-exec-3] DEBUG o.s.orm.jpa.JpaTransactionManager - Not closing pre-bound JPA EntityManager after transaction
2025-11-13 14:07:09.052 [http-nio-8080-exec-3] DEBUG o.s.w.s.m.m.a.ExceptionHandlerExceptionResolver - Using @ExceptionHandler com.dailybrief.exception.GlobalExceptionHandler#handleGenericException(Exception)
2025-11-13 14:07:09.052 [http-nio-8080-exec-3] DEBUG o.s.w.s.m.m.a.HttpEntityMethodProcessor - Using 'application/json', given [application/json, text/plain, */*] and supported [application/json, application/*+json, application/yaml]
2025-11-13 14:07:09.060 [http-nio-8080-exec-3] DEBUG o.s.w.s.m.m.a.HttpEntityMethodProcessor - Writing [{timestamp=2025-11-13T14:07:09.052032700-03:00[America/Sao_Paulo], status=500, error=Internal Server (truncated)...]
2025-11-13 14:07:09.060 [http-nio-8080-exec-3] WARN  o.s.w.s.m.m.a.ExceptionHandlerExceptionResolver - Resolved [org.springframework.dao.InvalidDataAccessApiUsageException: Argument [APPROVED] of type [com.dailybrief.model.PostStatus] did not match parameter type [com.dailybrief.model.Status (n/a)]]
2025-11-13 14:07:09.060 [http-nio-8080-exec-3] DEBUG o.s.o.j.s.OpenEntityManagerInViewInterceptor - Closing JPA EntityManager in OpenEntityManagerInViewInterceptor
2025-11-13 14:07:09.060 [http-nio-8080-exec-3] DEBUG o.s.web.servlet.DispatcherServlet - Completed 500 INTERNAL_SERVER_ERROR
2025-11-13 14:07:50.388 [http-nio-8080-exec-4] DEBUG o.s.security.web.FilterChainProxy - Securing OPTIONS /api/dashboard
2025-11-13 14:07:50.402 [http-nio-8080-exec-5] DEBUG o.s.security.web.FilterChainProxy - Securing GET /api/dashboard
2025-11-13 14:07:50.408 [http-nio-8080-exec-5] DEBUG o.s.o.j.SharedEntityManagerCreator$SharedEntityManagerInvocationHandler - Creating new EntityManager for shared EntityManager invocation
2025-11-13 14:07:50.410 [http-nio-8080-exec-5] DEBUG org.hibernate.SQL - select u1_0.id,u1_0.email,u1_0.password from tbl_users u1_0 where u1_0.email=?
2025-11-13 14:07:50.416 [http-nio-8080-exec-5] DEBUG o.s.security.web.FilterChainProxy - Secured GET /api/dashboard
2025-11-13 14:07:50.416 [http-nio-8080-exec-5] DEBUG o.s.web.servlet.DispatcherServlet - GET "/api/dashboard", parameters={}
2025-11-13 14:07:50.417 [http-nio-8080-exec-5] DEBUG o.s.w.s.m.m.a.RequestMappingHandlerMapping - Mapped to com.dailybrief.controller.DashboardController#getDashboardData()
2025-11-13 14:07:50.417 [http-nio-8080-exec-5] DEBUG o.s.o.j.s.OpenEntityManagerInViewInterceptor - Opening JPA EntityManager in OpenEntityManagerInViewInterceptor
2025-11-13 14:07:50.418 [http-nio-8080-exec-5] DEBUG o.s.orm.jpa.JpaTransactionManager - Found thread-bound EntityManager [SessionImpl(558610339<open>)] for JPA transaction
2025-11-13 14:07:50.418 [http-nio-8080-exec-5] DEBUG o.s.orm.jpa.JpaTransactionManager - Creating new transaction with name [org.springframework.data.jpa.repository.support.SimpleJpaRepository.count]: PROPAGATION_REQUIRED,ISOLATION_DEFAULT,readOnly
2025-11-13 14:07:50.418 [http-nio-8080-exec-5] DEBUG o.s.jdbc.datasource.DataSourceUtils - Setting JDBC Connection [HikariProxyConnection@1979736538 wrapping org.postgresql.jdbc.PgConnection@5dd62eb6] read-only
2025-11-13 14:07:50.419 [http-nio-8080-exec-5] DEBUG o.s.orm.jpa.JpaTransactionManager - Exposing JPA transaction as JDBC [org.springframework.orm.jpa.vendor.HibernateJpaDialect$HibernateConnectionHandle@78e909da]
2025-11-13 14:07:50.421 [http-nio-8080-exec-5] DEBUG org.hibernate.SQL - select count(*) from tbl_posts p1_0
2025-11-13 14:07:50.423 [http-nio-8080-exec-5] DEBUG o.s.orm.jpa.JpaTransactionManager - Initiating transaction commit
2025-11-13 14:07:50.424 [http-nio-8080-exec-5] DEBUG o.s.orm.jpa.JpaTransactionManager - Committing JPA transaction on EntityManager [SessionImpl(558610339<open>)]
2025-11-13 14:07:50.426 [http-nio-8080-exec-5] DEBUG o.s.jdbc.datasource.DataSourceUtils - Resetting read-only flag of JDBC Connection [HikariProxyConnection@1979736538 wrapping org.postgresql.jdbc.PgConnection@5dd62eb6]
2025-11-13 14:07:50.426 [http-nio-8080-exec-5] DEBUG o.s.orm.jpa.JpaTransactionManager - Not closing pre-bound JPA EntityManager after transaction
2025-11-13 14:07:50.427 [http-nio-8080-exec-5] DEBUG o.s.w.s.m.m.a.ExceptionHandlerExceptionResolver - Using @ExceptionHandler com.dailybrief.exception.GlobalExceptionHandler#handleGenericException(Exception)
2025-11-13 14:07:50.428 [http-nio-8080-exec-5] DEBUG o.s.w.s.m.m.a.HttpEntityMethodProcessor - Using 'application/json', given [application/json, text/plain, */*] and supported [application/json, application/*+json, application/yaml]
2025-11-13 14:07:50.429 [http-nio-8080-exec-5] DEBUG o.s.w.s.m.m.a.HttpEntityMethodProcessor - Writing [{timestamp=2025-11-13T14:07:50.427875200-03:00[America/Sao_Paulo], status=500, error=Internal Server (truncated)...]
2025-11-13 14:07:50.430 [http-nio-8080-exec-5] WARN  o.s.w.s.m.m.a.ExceptionHandlerExceptionResolver - Resolved [org.springframework.dao.InvalidDataAccessApiUsageException: Argument [APPROVED] of type [com.dailybrief.model.PostStatus] did not match parameter type [com.dailybrief.model.Status (n/a)]]
2025-11-13 14:07:50.431 [http-nio-8080-exec-5] DEBUG o.s.o.j.s.OpenEntityManagerInViewInterceptor - Closing JPA EntityManager in OpenEntityManagerInViewInterceptor
2025-11-13 14:07:50.431 [http-nio-8080-exec-5] DEBUG o.s.web.servlet.DispatcherServlet - Completed 500 INTERNAL_SERVER_ERROR
2025-11-13 14:09:13.355 [http-nio-8080-exec-6] DEBUG o.s.security.web.FilterChainProxy - Securing OPTIONS /api/dashboard
2025-11-13 14:09:13.361 [http-nio-8080-exec-7] DEBUG o.s.security.web.FilterChainProxy - Securing GET /api/dashboard
2025-11-13 14:09:13.366 [http-nio-8080-exec-7] DEBUG o.s.o.j.SharedEntityManagerCreator$SharedEntityManagerInvocationHandler - Creating new EntityManager for shared EntityManager invocation
2025-11-13 14:09:13.369 [http-nio-8080-exec-7] DEBUG org.hibernate.SQL - select u1_0.id,u1_0.email,u1_0.password from tbl_users u1_0 where u1_0.email=?
2025-11-13 14:09:13.372 [http-nio-8080-exec-7] DEBUG o.s.security.web.FilterChainProxy - Secured GET /api/dashboard
2025-11-13 14:09:13.372 [http-nio-8080-exec-7] DEBUG o.s.web.servlet.DispatcherServlet - GET "/api/dashboard", parameters={}
2025-11-13 14:09:13.373 [http-nio-8080-exec-7] DEBUG o.s.w.s.m.m.a.RequestMappingHandlerMapping - Mapped to com.dailybrief.controller.DashboardController#getDashboardData()
2025-11-13 14:09:13.373 [http-nio-8080-exec-7] DEBUG o.s.o.j.s.OpenEntityManagerInViewInterceptor - Opening JPA EntityManager in OpenEntityManagerInViewInterceptor
2025-11-13 14:09:13.373 [http-nio-8080-exec-7] DEBUG o.s.orm.jpa.JpaTransactionManager - Found thread-bound EntityManager [SessionImpl(1124265224<open>)] for JPA transaction
2025-11-13 14:09:13.373 [http-nio-8080-exec-7] DEBUG o.s.orm.jpa.JpaTransactionManager - Creating new transaction with name [org.springframework.data.jpa.repository.support.SimpleJpaRepository.count]: PROPAGATION_REQUIRED,ISOLATION_DEFAULT,readOnly
2025-11-13 14:09:13.373 [http-nio-8080-exec-7] DEBUG o.s.jdbc.datasource.DataSourceUtils - Setting JDBC Connection [HikariProxyConnection@90067323 wrapping org.postgresql.jdbc.PgConnection@5dd62eb6] read-only
2025-11-13 14:09:13.373 [http-nio-8080-exec-7] DEBUG o.s.orm.jpa.JpaTransactionManager - Exposing JPA transaction as JDBC [org.springframework.orm.jpa.vendor.HibernateJpaDialect$HibernateConnectionHandle@7619c58c]
2025-11-13 14:09:13.374 [http-nio-8080-exec-7] DEBUG org.hibernate.SQL - select count(*) from tbl_posts p1_0
2025-11-13 14:09:13.375 [http-nio-8080-exec-7] DEBUG o.s.orm.jpa.JpaTransactionManager - Initiating transaction commit
2025-11-13 14:09:13.375 [http-nio-8080-exec-7] DEBUG o.s.orm.jpa.JpaTransactionManager - Committing JPA transaction on EntityManager [SessionImpl(1124265224<open>)]
2025-11-13 14:09:13.375 [http-nio-8080-exec-7] DEBUG o.s.jdbc.datasource.DataSourceUtils - Resetting read-only flag of JDBC Connection [HikariProxyConnection@90067323 wrapping org.postgresql.jdbc.PgConnection@5dd62eb6]
2025-11-13 14:09:13.375 [http-nio-8080-exec-7] DEBUG o.s.orm.jpa.JpaTransactionManager - Not closing pre-bound JPA EntityManager after transaction
2025-11-13 14:09:13.376 [http-nio-8080-exec-7] DEBUG o.s.w.s.m.m.a.ExceptionHandlerExceptionResolver - Using @ExceptionHandler com.dailybrief.exception.GlobalExceptionHandler#handleGenericException(Exception)
2025-11-13 14:09:13.377 [http-nio-8080-exec-7] DEBUG o.s.w.s.m.m.a.HttpEntityMethodProcessor - Using 'application/json', given [application/json, text/plain, */*] and supported [application/json, application/*+json, application/yaml]
2025-11-13 14:09:13.377 [http-nio-8080-exec-7] DEBUG o.s.w.s.m.m.a.HttpEntityMethodProcessor - Writing [{timestamp=2025-11-13T14:09:13.376431400-03:00[America/Sao_Paulo], status=500, error=Internal Server (truncated)...]
2025-11-13 14:09:13.378 [http-nio-8080-exec-7] WARN  o.s.w.s.m.m.a.ExceptionHandlerExceptionResolver - Resolved [org.springframework.dao.InvalidDataAccessApiUsageException: Argument [APPROVED] of type [com.dailybrief.model.PostStatus] did not match parameter type [com.dailybrief.model.Status (n/a)]]
2025-11-13 14:09:13.379 [http-nio-8080-exec-7] DEBUG o.s.o.j.s.OpenEntityManagerInViewInterceptor - Closing JPA EntityManager in OpenEntityManagerInViewInterceptor
2025-11-13 14:09:13.379 [http-nio-8080-exec-7] DEBUG o.s.web.servlet.DispatcherServlet - Completed 500 INTERNAL_SERVER_ERROR
2025-11-13 14:10:01.040 [http-nio-8080-exec-8] DEBUG o.s.security.web.FilterChainProxy - Securing OPTIONS /api/posts
2025-11-13 14:10:01.049 [http-nio-8080-exec-9] DEBUG o.s.security.web.FilterChainProxy - Securing GET /api/posts
2025-11-13 14:10:01.058 [http-nio-8080-exec-9] DEBUG o.s.o.j.SharedEntityManagerCreator$SharedEntityManagerInvocationHandler - Creating new EntityManager for shared EntityManager invocation
2025-11-13 14:10:01.062 [http-nio-8080-exec-9] DEBUG org.hibernate.SQL - select u1_0.id,u1_0.email,u1_0.password from tbl_users u1_0 where u1_0.email=?
2025-11-13 14:10:01.067 [http-nio-8080-exec-9] DEBUG o.s.security.web.FilterChainProxy - Secured GET /api/posts
2025-11-13 14:10:01.068 [http-nio-8080-exec-9] DEBUG o.s.web.servlet.DispatcherServlet - GET "/api/posts", parameters={}
2025-11-13 14:10:01.068 [http-nio-8080-exec-9] DEBUG o.s.w.s.m.m.a.RequestMappingHandlerMapping - Mapped to com.dailybrief.controller.PostController#getAllPosts(Pageable)
2025-11-13 14:10:01.069 [http-nio-8080-exec-9] DEBUG o.s.o.j.s.OpenEntityManagerInViewInterceptor - Opening JPA EntityManager in OpenEntityManagerInViewInterceptor
2025-11-13 14:10:01.122 [http-nio-8080-exec-9] DEBUG o.s.orm.jpa.JpaTransactionManager - Found thread-bound EntityManager [SessionImpl(1155253837<open>)] for JPA transaction
2025-11-13 14:10:01.123 [http-nio-8080-exec-9] DEBUG o.s.orm.jpa.JpaTransactionManager - Creating new transaction with name [org.springframework.data.jpa.repository.support.SimpleJpaRepository.findAll]: PROPAGATION_REQUIRED,ISOLATION_DEFAULT,readOnly
2025-11-13 14:10:01.123 [http-nio-8080-exec-9] DEBUG o.s.jdbc.datasource.DataSourceUtils - Setting JDBC Connection [HikariProxyConnection@953041552 wrapping org.postgresql.jdbc.PgConnection@5dd62eb6] read-only
2025-11-13 14:10:01.123 [http-nio-8080-exec-9] DEBUG o.s.orm.jpa.JpaTransactionManager - Exposing JPA transaction as JDBC [org.springframework.orm.jpa.vendor.HibernateJpaDialect$HibernateConnectionHandle@39ab5d2f]
2025-11-13 14:10:01.129 [http-nio-8080-exec-9] DEBUG org.hibernate.SQL - select p1_0.id,p1_0.author,p1_0.category_id,p1_0.created_at,p1_0.published_at,p1_0.read_time,p1_0.status_id,p1_0.updated_at from tbl_posts p1_0 offset ? rows fetch first ? rows only
2025-11-13 14:10:01.211 [http-nio-8080-exec-9] DEBUG o.s.orm.jpa.JpaTransactionManager - Initiating transaction commit
2025-11-13 14:10:01.212 [http-nio-8080-exec-9] DEBUG o.s.orm.jpa.JpaTransactionManager - Committing JPA transaction on EntityManager [SessionImpl(1155253837<open>)]
2025-11-13 14:10:01.213 [http-nio-8080-exec-9] DEBUG o.s.jdbc.datasource.DataSourceUtils - Resetting read-only flag of JDBC Connection [HikariProxyConnection@953041552 wrapping org.postgresql.jdbc.PgConnection@5dd62eb6]
2025-11-13 14:10:01.213 [http-nio-8080-exec-9] DEBUG o.s.orm.jpa.JpaTransactionManager - Not closing pre-bound JPA EntityManager after transaction
2025-11-13 14:10:01.224 [http-nio-8080-exec-9] DEBUG org.hibernate.SQL - select i1_0.post_id,i1_0.id,i1_0.public_id,i1_0.url from tbl_images i1_0 where i1_0.post_id=?
2025-11-13 14:10:01.237 [http-nio-8080-exec-9] DEBUG org.hibernate.SQL - select c1_0.id,c1_0.description,c1_0.name,c1_0.target_audience from tbl_categories c1_0 where c1_0.id=?
2025-11-13 14:10:01.246 [http-nio-8080-exec-9] DEBUG org.hibernate.SQL - select s1_0.id,s1_0.bg_class,s1_0.display_name,s1_0.name,s1_0.text_class from tbl_status s1_0 where s1_0.id=?
2025-11-13 14:10:01.249 [http-nio-8080-exec-9] DEBUG o.s.w.s.m.m.a.HttpEntityMethodProcessor - Using 'application/json', given [application/json, text/plain, */*] and supported [application/json, application/*+json, application/yaml]
2025-11-13 14:10:01.249 [http-nio-8080-exec-9] DEBUG o.s.w.s.m.m.a.HttpEntityMethodProcessor - Writing [Page 1 of 1 containing com.dailybrief.dto.PostResponseDTO instances]
2025-11-13 14:10:01.264 [http-nio-8080-exec-9] DEBUG org.hibernate.SQL - select t1_0.post_id,t1_0.lang,t1_0.title from tbl_post_title t1_0 where t1_0.post_id=?
2025-11-13 14:10:01.278 [http-nio-8080-exec-9] DEBUG org.hibernate.SQL - select e1_0.post_id,e1_0.lang,e1_0.excerpt from tbl_post_excerpt e1_0 where e1_0.post_id=?
2025-11-13 14:10:01.284 [http-nio-8080-exec-9] DEBUG org.hibernate.SQL - select c1_0.post_id,c1_0.lang,c1_0.content from tbl_post_content c1_0 where c1_0.post_id=?
2025-11-13 14:10:01.298 [http-nio-8080-exec-9] DEBUG org.hibernate.SQL - select t1_0.post_id,t1_0.tags from tbl_post_tags t1_0 where t1_0.post_id=?
2025-11-13 14:10:01.304 [http-nio-8080-exec-9] DEBUG org.hibernate.SQL - select md1_0.post_id,md1_0.lang,md1_0.meta_description from tbl_post_meta_description md1_0 where md1_0.post_id=?
2025-11-13 14:10:01.310 [http-nio-8080-exec-9] DEBUG org.hibernate.SQL - select al1_0.post_id,al1_0.lang,al1_0.affiliate_link from tbl_post_affiliate_link al1_0 where al1_0.post_id=?
2025-11-13 14:10:01.317 [http-nio-8080-exec-9] DEBUG o.s.o.j.s.OpenEntityManagerInViewInterceptor - Closing JPA EntityManager in OpenEntityManagerInViewInterceptor
2025-11-13 14:10:01.320 [http-nio-8080-exec-9] DEBUG o.s.web.servlet.DispatcherServlet - Completed 200 OK
2025-11-13 14:10:10.661 [http-nio-8080-exec-10] DEBUG o.s.security.web.FilterChainProxy - Securing OPTIONS /api/dashboard
2025-11-13 14:10:10.668 [http-nio-8080-exec-1] DEBUG o.s.security.web.FilterChainProxy - Securing GET /api/dashboard
2025-11-13 14:10:10.671 [http-nio-8080-exec-1] DEBUG o.s.o.j.SharedEntityManagerCreator$SharedEntityManagerInvocationHandler - Creating new EntityManager for shared EntityManager invocation
2025-11-13 14:10:10.673 [http-nio-8080-exec-1] DEBUG org.hibernate.SQL - select u1_0.id,u1_0.email,u1_0.password from tbl_users u1_0 where u1_0.email=?
2025-11-13 14:10:10.675 [http-nio-8080-exec-1] DEBUG o.s.security.web.FilterChainProxy - Secured GET /api/dashboard
2025-11-13 14:10:10.676 [http-nio-8080-exec-1] DEBUG o.s.web.servlet.DispatcherServlet - GET "/api/dashboard", parameters={}
2025-11-13 14:10:10.676 [http-nio-8080-exec-1] DEBUG o.s.w.s.m.m.a.RequestMappingHandlerMapping - Mapped to com.dailybrief.controller.DashboardController#getDashboardData()
2025-11-13 14:10:10.677 [http-nio-8080-exec-1] DEBUG o.s.o.j.s.OpenEntityManagerInViewInterceptor - Opening JPA EntityManager in OpenEntityManagerInViewInterceptor
2025-11-13 14:10:10.678 [http-nio-8080-exec-1] DEBUG o.s.orm.jpa.JpaTransactionManager - Found thread-bound EntityManager [SessionImpl(1394118993<open>)] for JPA transaction
2025-11-13 14:10:10.678 [http-nio-8080-exec-1] DEBUG o.s.orm.jpa.JpaTransactionManager - Creating new transaction with name [org.springframework.data.jpa.repository.support.SimpleJpaRepository.count]: PROPAGATION_REQUIRED,ISOLATION_DEFAULT,readOnly
2025-11-13 14:10:10.678 [http-nio-8080-exec-1] DEBUG o.s.jdbc.datasource.DataSourceUtils - Setting JDBC Connection [HikariProxyConnection@300011789 wrapping org.postgresql.jdbc.PgConnection@5dd62eb6] read-only
2025-11-13 14:10:10.678 [http-nio-8080-exec-1] DEBUG o.s.orm.jpa.JpaTransactionManager - Exposing JPA transaction as JDBC [org.springframework.orm.jpa.vendor.HibernateJpaDialect$HibernateConnectionHandle@4d3172d2]
2025-11-13 14:10:10.679 [http-nio-8080-exec-1] DEBUG org.hibernate.SQL - select count(*) from tbl_posts p1_0
2025-11-13 14:10:10.682 [http-nio-8080-exec-1] DEBUG o.s.orm.jpa.JpaTransactionManager - Initiating transaction commit
2025-11-13 14:10:10.682 [http-nio-8080-exec-1] DEBUG o.s.orm.jpa.JpaTransactionManager - Committing JPA transaction on EntityManager [SessionImpl(1394118993<open>)]
2025-11-13 14:10:10.683 [http-nio-8080-exec-1] DEBUG o.s.jdbc.datasource.DataSourceUtils - Resetting read-only flag of JDBC Connection [HikariProxyConnection@300011789 wrapping org.postgresql.jdbc.PgConnection@5dd62eb6]
2025-11-13 14:10:10.683 [http-nio-8080-exec-1] DEBUG o.s.orm.jpa.JpaTransactionManager - Not closing pre-bound JPA EntityManager after transaction
2025-11-13 14:10:10.684 [http-nio-8080-exec-1] DEBUG o.s.w.s.m.m.a.ExceptionHandlerExceptionResolver - Using @ExceptionHandler com.dailybrief.exception.GlobalExceptionHandler#handleGenericException(Exception)
2025-11-13 14:10:10.685 [http-nio-8080-exec-1] DEBUG o.s.w.s.m.m.a.HttpEntityMethodProcessor - Using 'application/json', given [application/json, text/plain, */*] and supported [application/json, application/*+json, application/yaml]
2025-11-13 14:10:10.686 [http-nio-8080-exec-1] DEBUG o.s.w.s.m.m.a.HttpEntityMethodProcessor - Writing [{timestamp=2025-11-13T14:10:10.684302300-03:00[America/Sao_Paulo], status=500, error=Internal Server (truncated)...]
2025-11-13 14:10:10.687 [http-nio-8080-exec-1] WARN  o.s.w.s.m.m.a.ExceptionHandlerExceptionResolver - Resolved [org.springframework.dao.InvalidDataAccessApiUsageException: Argument [APPROVED] of type [com.dailybrief.model.PostStatus] did not match parameter type [com.dailybrief.model.Status (n/a)]]
2025-11-13 14:10:10.687 [http-nio-8080-exec-1] DEBUG o.s.o.j.s.OpenEntityManagerInViewInterceptor - Closing JPA EntityManager in OpenEntityManagerInViewInterceptor
2025-11-13 14:10:10.688 [http-nio-8080-exec-1] DEBUG o.s.web.servlet.DispatcherServlet - Completed 500 INTERNAL_SERVER_ERROR
2025-11-13 14:10:16.350 [http-nio-8080-exec-2] DEBUG o.s.security.web.FilterChainProxy - Securing OPTIONS /api/dashboard
2025-11-13 14:10:16.357 [http-nio-8080-exec-3] DEBUG o.s.security.web.FilterChainProxy - Securing GET /api/dashboard
2025-11-13 14:10:16.362 [http-nio-8080-exec-3] DEBUG o.s.o.j.SharedEntityManagerCreator$SharedEntityManagerInvocationHandler - Creating new EntityManager for shared EntityManager invocation
2025-11-13 14:10:16.364 [http-nio-8080-exec-3] DEBUG org.hibernate.SQL - select u1_0.id,u1_0.email,u1_0.password from tbl_users u1_0 where u1_0.email=?
2025-11-13 14:10:16.367 [http-nio-8080-exec-3] DEBUG o.s.security.web.FilterChainProxy - Secured GET /api/dashboard
2025-11-13 14:10:16.367 [http-nio-8080-exec-3] DEBUG o.s.web.servlet.DispatcherServlet - GET "/api/dashboard", parameters={}
2025-11-13 14:10:16.367 [http-nio-8080-exec-3] DEBUG o.s.w.s.m.m.a.RequestMappingHandlerMapping - Mapped to com.dailybrief.controller.DashboardController#getDashboardData()
2025-11-13 14:10:16.368 [http-nio-8080-exec-3] DEBUG o.s.o.j.s.OpenEntityManagerInViewInterceptor - Opening JPA EntityManager in OpenEntityManagerInViewInterceptor
2025-11-13 14:10:16.368 [http-nio-8080-exec-3] DEBUG o.s.orm.jpa.JpaTransactionManager - Found thread-bound EntityManager [SessionImpl(1576198065<open>)] for JPA transaction
2025-11-13 14:10:16.368 [http-nio-8080-exec-3] DEBUG o.s.orm.jpa.JpaTransactionManager - Creating new transaction with name [org.springframework.data.jpa.repository.support.SimpleJpaRepository.count]: PROPAGATION_REQUIRED,ISOLATION_DEFAULT,readOnly
2025-11-13 14:10:16.368 [http-nio-8080-exec-3] DEBUG o.s.jdbc.datasource.DataSourceUtils - Setting JDBC Connection [HikariProxyConnection@1049916056 wrapping org.postgresql.jdbc.PgConnection@5dd62eb6] read-only
2025-11-13 14:10:16.368 [http-nio-8080-exec-3] DEBUG o.s.orm.jpa.JpaTransactionManager - Exposing JPA transaction as JDBC [org.springframework.orm.jpa.vendor.HibernateJpaDialect$HibernateConnectionHandle@35f61764]
2025-11-13 14:10:16.369 [http-nio-8080-exec-3] DEBUG org.hibernate.SQL - select count(*) from tbl_posts p1_0
2025-11-13 14:10:16.370 [http-nio-8080-exec-3] DEBUG o.s.orm.jpa.JpaTransactionManager - Initiating transaction commit
2025-11-13 14:10:16.371 [http-nio-8080-exec-3] DEBUG o.s.orm.jpa.JpaTransactionManager - Committing JPA transaction on EntityManager [SessionImpl(1576198065<open>)]
2025-11-13 14:10:16.372 [http-nio-8080-exec-3] DEBUG o.s.jdbc.datasource.DataSourceUtils - Resetting read-only flag of JDBC Connection [HikariProxyConnection@1049916056 wrapping org.postgresql.jdbc.PgConnection@5dd62eb6]
2025-11-13 14:10:16.372 [http-nio-8080-exec-3] DEBUG o.s.orm.jpa.JpaTransactionManager - Not closing pre-bound JPA EntityManager after transaction
2025-11-13 14:10:16.373 [http-nio-8080-exec-3] DEBUG o.s.w.s.m.m.a.ExceptionHandlerExceptionResolver - Using @ExceptionHandler com.dailybrief.exception.GlobalExceptionHandler#handleGenericException(Exception)
2025-11-13 14:10:16.374 [http-nio-8080-exec-3] DEBUG o.s.w.s.m.m.a.HttpEntityMethodProcessor - Using 'application/json', given [application/json, text/plain, */*] and supported [application/json, application/*+json, application/yaml]
2025-11-13 14:10:16.375 [http-nio-8080-exec-3] DEBUG o.s.w.s.m.m.a.HttpEntityMethodProcessor - Writing [{timestamp=2025-11-13T14:10:16.374735400-03:00[America/Sao_Paulo], status=500, error=Internal Server (truncated)...]
2025-11-13 14:10:16.376 [http-nio-8080-exec-3] WARN  o.s.w.s.m.m.a.ExceptionHandlerExceptionResolver - Resolved [org.springframework.dao.InvalidDataAccessApiUsageException: Argument [APPROVED] of type [com.dailybrief.model.PostStatus] did not match parameter type [com.dailybrief.model.Status (n/a)]]
2025-11-13 14:10:16.377 [http-nio-8080-exec-3] DEBUG o.s.o.j.s.OpenEntityManagerInViewInterceptor - Closing JPA EntityManager in OpenEntityManagerInViewInterceptor
2025-11-13 14:10:16.377 [http-nio-8080-exec-3] DEBUG o.s.web.servlet.DispatcherServlet - Completed 500 INTERNAL_SERVER_ERROR
2025-11-13 14:10:24.248 [http-nio-8080-exec-4] DEBUG o.s.security.web.FilterChainProxy - Securing OPTIONS /api/automation/materials/list-all?page=0&size=10
2025-11-13 14:10:24.256 [http-nio-8080-exec-5] DEBUG o.s.security.web.FilterChainProxy - Securing GET /api/automation/materials/list-all?page=0&size=10
2025-11-13 14:10:24.259 [http-nio-8080-exec-5] DEBUG o.s.o.j.SharedEntityManagerCreator$SharedEntityManagerInvocationHandler - Creating new EntityManager for shared EntityManager invocation
2025-11-13 14:10:24.264 [http-nio-8080-exec-5] DEBUG org.hibernate.SQL - select u1_0.id,u1_0.email,u1_0.password from tbl_users u1_0 where u1_0.email=?
2025-11-13 14:10:24.267 [http-nio-8080-exec-5] DEBUG o.s.security.web.FilterChainProxy - Secured GET /api/automation/materials/list-all?page=0&size=10
2025-11-13 14:10:24.268 [http-nio-8080-exec-5] DEBUG o.s.web.servlet.DispatcherServlet - GET "/api/automation/materials/list-all?page=0&size=10", parameters={masked}
2025-11-13 14:10:24.269 [http-nio-8080-exec-5] DEBUG o.s.w.s.m.m.a.RequestMappingHandlerMapping - Mapped to com.dailybrief.controller.AutomationController#getAllMaterials(int, int)
2025-11-13 14:10:24.269 [http-nio-8080-exec-5] DEBUG o.s.o.j.s.OpenEntityManagerInViewInterceptor - Opening JPA EntityManager in OpenEntityManagerInViewInterceptor
2025-11-13 14:10:24.272 [http-nio-8080-exec-5] DEBUG o.s.orm.jpa.JpaTransactionManager - Found thread-bound EntityManager [SessionImpl(311487014<open>)] for JPA transaction
2025-11-13 14:10:24.272 [http-nio-8080-exec-5] DEBUG o.s.orm.jpa.JpaTransactionManager - Creating new transaction with name [org.springframework.data.jpa.repository.support.SimpleJpaRepository.findAll]: PROPAGATION_REQUIRED,ISOLATION_DEFAULT,readOnly
2025-11-13 14:10:24.272 [http-nio-8080-exec-5] DEBUG o.s.jdbc.datasource.DataSourceUtils - Setting JDBC Connection [HikariProxyConnection@2124094443 wrapping org.postgresql.jdbc.PgConnection@5dd62eb6] read-only
2025-11-13 14:10:24.272 [http-nio-8080-exec-5] DEBUG o.s.orm.jpa.JpaTransactionManager - Exposing JPA transaction as JDBC [org.springframework.orm.jpa.vendor.HibernateJpaDialect$HibernateConnectionHandle@43cfc8f3]
2025-11-13 14:10:24.275 [http-nio-8080-exec-5] DEBUG org.hibernate.SQL - select m1_0.task_id,m1_0.content_type,m1_0.created_at,m1_0.post_id,m1_0.raw_material_ids,m1_0.source_urls,m1_0.status_id,m1_0.suggested_image_prompt,m1_0.theme,m1_0.updated_at,m1_0.user_id from tbl_materials m1_0 offset ? rows fetch first ? rows only
2025-11-13 14:10:24.286 [http-nio-8080-exec-5] DEBUG o.s.orm.jpa.JpaTransactionManager - Initiating transaction commit
2025-11-13 14:10:24.286 [http-nio-8080-exec-5] DEBUG o.s.orm.jpa.JpaTransactionManager - Committing JPA transaction on EntityManager [SessionImpl(311487014<open>)]
2025-11-13 14:10:24.288 [http-nio-8080-exec-5] DEBUG o.s.jdbc.datasource.DataSourceUtils - Resetting read-only flag of JDBC Connection [HikariProxyConnection@2124094443 wrapping org.postgresql.jdbc.PgConnection@5dd62eb6]
2025-11-13 14:10:24.288 [http-nio-8080-exec-5] DEBUG o.s.orm.jpa.JpaTransactionManager - Not closing pre-bound JPA EntityManager after transaction
2025-11-13 14:10:24.288 [http-nio-8080-exec-5] DEBUG org.hibernate.SQL - select s1_0.id,s1_0.bg_class,s1_0.display_name,s1_0.name,s1_0.text_class from tbl_status s1_0 where s1_0.id=?
2025-11-13 14:10:24.290 [http-nio-8080-exec-5] DEBUG org.hibernate.SQL - select s1_0.id,s1_0.bg_class,s1_0.display_name,s1_0.name,s1_0.text_class from tbl_status s1_0 where s1_0.id=?
2025-11-13 14:10:24.294 [http-nio-8080-exec-5] DEBUG o.s.w.s.m.m.a.HttpEntityMethodProcessor - Using 'application/json', given [application/json, text/plain, */*] and supported [application/json, application/*+json, application/yaml]
2025-11-13 14:10:24.294 [http-nio-8080-exec-5] DEBUG o.s.w.s.m.m.a.HttpEntityMethodProcessor - Writing [Page 1 of 1 containing com.dailybrief.dto.MaterialResponseDTO instances]
2025-11-13 14:10:24.295 [http-nio-8080-exec-5] DEBUG o.s.o.j.s.OpenEntityManagerInViewInterceptor - Closing JPA EntityManager in OpenEntityManagerInViewInterceptor
2025-11-13 14:10:24.296 [http-nio-8080-exec-5] DEBUG o.s.web.servlet.DispatcherServlet - Completed 200 OK
